game_id,game_date,home_team_name,home_days_rest,home_off_rtg_roll5,home_def_rtg_roll5,home_net_rtg_roll5,home_pace_roll5,home_trb_pct_roll5,home_off_rtg_roll10,home_def_rtg_roll10,home_net_rtg_roll10,home_pace_roll10,home_trb_pct_roll10,away_team_name,away_days_rest,away_off_rtg_roll5,away_def_rtg_roll5,away_net_rtg_roll5,away_pace_roll5,away_trb_pct_roll5,away_off_rtg_roll10,away_def_rtg_roll10,away_net_rtg_roll10,away_pace_roll10,away_trb_pct_roll10,Point_Differential,rest_advantage
401230464,2020-07-28,SUN,2.0,80.98591549295774,90.37558685446008,-9.389671361502337,85.2,47.368421052631575,80.98591549295774,90.37558685446008,-9.389671361502337,85.2,47.368421052631575,MYSTICS,3.0,121.98067632850243,91.78743961352657,30.193236714975853,82.8,59.42028985507246,121.98067632850243,91.78743961352657,30.193236714975853,82.8,59.42028985507246,-5,-1.0
401230465,2020-07-28,SKY,2.0,98.69896814715119,96.45580978017048,2.2431583669807083,89.16,44.0,98.69896814715119,96.45580978017048,2.2431583669807083,89.16,44.0,SPARKS,3.0,117.1875,89.9621212121212,27.225378787878796,84.48,49.2063492063492,117.1875,89.9621212121212,27.225378787878796,84.48,49.2063492063492,18,-1.0
401230466,2020-07-28,STORM,3.0,98.1941309255079,80.13544018058691,18.058690744920995,88.6,51.94805194805194,98.1941309255079,80.13544018058691,18.058690744920995,88.6,51.94805194805194,LYNX,2.0,92.50360403652091,82.89283998077848,9.610764055742436,83.24,52.63157894736842,92.50360403652091,82.89283998077848,9.610764055742436,83.24,52.63157894736842,24,1.0
401230467,2020-07-29,FEVER,4.0,89.83451536643027,119.38534278959811,-29.550827423167846,84.6,40.57971014492754,89.83451536643027,119.38534278959811,-29.550827423167846,84.6,40.57971014492754,MERCURY,4.0,87.11600183402109,113.48005502063275,-26.364053186611656,87.24,50.79365079365079,87.11600183402109,113.48005502063275,-26.364053186611656,87.24,50.79365079365079,6,0.0
401230468,2020-07-29,WINGS,3.0,104.62555066079295,115.63876651982379,-11.013215859030836,90.8,46.03174603174603,104.62555066079295,115.63876651982379,-11.013215859030836,90.8,46.03174603174603,LIBERTY,4.0,79.17038358608384,97.01159678858161,-17.84121320249777,89.68,48.05194805194805,79.17038358608384,97.01159678858161,-17.84121320249777,89.68,48.05194805194805,13,-1.0
401230469,2020-07-29,ACES,3.0,93.1139021221308,95.2793417063664,-2.1654395842355996,92.36,56.00000000000001,93.1139021221308,95.2793417063664,-2.1654395842355996,92.36,56.00000000000001,DREAM,3.0,118.03057553956833,106.78956834532374,11.241007194244588,88.96000000000001,53.96825396825397,118.03057553956833,106.78956834532374,11.241007194244588,88.96000000000001,53.96825396825397,30,0.0
401230470,2020-07-30,MYSTICS,2.0,113.65730365058022,95.75925095871308,17.89805269186713,86.02,54.3580322514799,113.65730365058022,95.75925095871308,17.89805269186713,86.02,54.3580322514799,STORM,2.0,108.52654248335617,83.64933657206842,24.87720591128776,82.16,45.32886468370339,108.52654248335617,83.64933657206842,24.87720591128776,82.16,45.32886468370339,18,0.0
401230471,2020-07-30,LYNX,2.0,90.11145114106748,101.25503243058063,-11.14358128951315,79.24,56.96095076400679,90.11145114106748,101.25503243058063,-11.14358128951315,79.24,56.96095076400679,SKY,2.0,106.38370460589499,94.56820907259475,11.815495533300236,86.66,49.94117647058823,106.38370460589499,94.56820907259475,11.815495533300236,86.66,49.94117647058823,2,0.0
401230472,2020-07-30,SPARKS,2.0,104.15449766355141,101.0558269612008,3.09867070235061,85.03999999999999,46.66199813258636,104.15449766355141,101.0558269612008,3.09867070235061,85.03999999999999,46.66199813258636,SUN,2.0,90.38085012316049,97.8783763868713,-7.49752626371081,87.2,49.036323202372124,90.38085012316049,97.8783763868713,-7.49752626371081,87.2,49.036323202372124,5,0.0
401230753,2020-07-31,DREAM,2.0,100.11439533201997,112.10779497585585,-11.9933996438359,87.06,44.345238095238095,100.11439533201997,112.10779497585585,-11.9933996438359,87.06,44.345238095238095,LIBERTY,2.0,87.6159314664329,104.3415332646078,-16.725601798174914,86.48,53.755703755703756,87.6159314664329,104.3415332646078,-16.725601798174914,86.48,53.755703755703756,6,0.0
401230754,2020-07-31,WINGS,2.0,107.3553889667601,105.16786810839673,2.1875208583633707,87.64,43.286143286143286,107.3553889667601,105.16786810839673,2.1875208583633707,87.64,43.286143286143286,FEVER,2.0,107.35835099141494,118.59936319498756,-11.241012203572616,84.74,49.07773386034256,107.35835099141494,118.59936319498756,-11.241012203572616,84.74,49.07773386034256,3,0.0
401230755,2020-07-31,MERCURY,2.0,103.42390130015232,120.19788191644665,-16.77398061629433,85.38,46.60894660894661,103.42390130015232,120.19788191644665,-16.77398061629433,85.38,46.60894660894661,ACES,2.0,103.73901876463356,87.66711824568091,16.071900518952653,89.9,60.6388888888889,103.73901876463356,87.66711824568091,16.071900518952653,89.9,60.6388888888889,7,0.0
401230756,2020-08-01,SUN,2.0,89.60206196038935,96.53121292643443,-6.929150966045081,86.90666666666668,51.20940065343327,89.60206196038935,96.53121292643443,-6.929150966045081,86.90666666666668,51.20940065343327,LYNX,2.0,95.2378323655244,101.81957254395935,-6.58174017843496,79.05333333333333,55.13082992110257,95.2378323655244,101.81957254395935,-6.58174017843496,79.05333333333333,55.13082992110257,-9,0.0
401230757,2020-08-01,SKY,2.0,103.65767827266585,96.58895800442623,7.068720268239602,85.26666666666667,49.470588235294116,103.65767827266585,96.58895800442623,7.068720268239602,85.26666666666667,49.470588235294116,MYSTICS,2.0,113.8252385206023,94.19694890320909,19.628289617393207,83.33333333333333,52.45490438386948,113.8252385206023,94.19694890320909,19.628289617393207,83.33333333333333,52.45490438386948,2,0.0
401230758,2020-08-01,STORM,2.0,102.08302162206995,93.03590612342249,9.047115498647448,81.30666666666666,47.33636023958604,102.08302162206995,93.03590612342249,9.047115498647448,81.30666666666666,47.33636023958604,SPARKS,2.0,99.91037240775512,95.96347832025877,3.9468940874963465,86.22666666666667,45.922813569872396,99.91037240775512,95.96347832025877,3.9468940874963465,86.22666666666667,45.922813569872396,6,0.0
401230761,2020-08-02,ACES,2.0,105.42442448104903,97.38198782419344,8.04243665685559,89.04,56.81936854887675,105.42442448104903,97.38198782419344,8.04243665685559,89.04,56.81936854887675,WINGS,2.0,104.4706922116063,101.7136436739961,2.757048537610212,84.09333333333333,45.92092092092091,104.4706922116063,101.7136436739961,2.757048537610212,84.09333333333333,45.92092092092091,9,0.0
401230760,2020-08-02,FEVER,2.0,102.23419635986802,110.9882851407444,-8.754088780876364,82.94666666666666,48.98833051006964,102.23419635986802,110.9882851407444,-8.754088780876364,82.94666666666666,48.98833051006964,DREAM,2.0,99.06056641709917,104.74776359424555,-5.687197177146373,86.92,48.423141186299084,99.06056641709917,104.74776359424555,-5.687197177146373,86.92,48.423141186299084,16,0.0
401230759,2020-08-02,LIBERTY,2.0,88.47537583423616,101.93845048352823,-13.463074649292063,86.48,50.310820047662155,88.47537583423616,101.93845048352823,-13.463074649292063,86.48,50.310820047662155,MERCURY,2.0,108.78057025133553,117.22970322077386,-8.449132969438333,85.37333333333333,48.01252178301359,108.78057025133553,117.22970322077386,-8.449132969438333,85.37333333333333,48.01252178301359,-29,0.0
401230762,2020-08-04,SKY,3.0,103.30087952234325,97.41848430257619,5.882395219767066,85.47,49.60294117647059,103.30087952234325,97.41848430257619,5.882395219767066,85.47,49.60294117647059,WINGS,2.0,99.62185727246262,100.28863576959527,-0.6667784971326434,83.64,45.1549764049764,99.62185727246262,100.28863576959527,-0.6667784971326434,83.64,45.1549764049764,3,1.0
401230763,2020-08-04,DREAM,2.0,98.50317129169763,107.79875026107652,-9.295578969378898,85.07,47.524252441448446,98.50317129169763,107.79875026107652,-9.295578969378898,85.07,47.524252441448446,MERCURY,2.0,109.98107368944818,107.74007202040767,2.2410016690405143,85.16,50.51556417676636,109.98107368944818,107.74007202040767,2.2410016690405143,85.16,50.51556417676636,-7,0.0
401230764,2020-08-04,STORM,3.0,101.45164674752591,92.82265230643118,8.628994441094733,81.32,48.545748440559095,101.45164674752591,92.82265230643118,8.628994441094733,81.32,48.545748440559095,SUN,3.0,88.35162003576528,96.30718850796953,-7.955568472204238,85.57,48.48167735574659,88.35162003576528,96.30718850796953,-7.955568472204238,85.57,48.48167735574659,13,0.0
401230765,2020-08-05,LIBERTY,3.0,85.22764498969245,103.49304471257858,-18.26539972288613,87.05000000000001,48.226942196240444,85.22764498969245,103.49304471257858,-18.26539972288613,87.05000000000001,48.226942196240444,LYNX,4.0,95.67004508468531,97.80923435575669,-2.13918927107137,79.4,56.27349557515528,95.67004508468531,97.80923435575669,-2.13918927107137,79.4,56.27349557515528,-26,-1.0
401230766,2020-08-05,MYSTICS,4.0,109.31102243165441,95.14659809166072,14.16442433999368,84.94999999999999,51.84117828790211,109.31102243165441,95.14659809166072,14.16442433999368,84.94999999999999,51.84117828790211,ACES,3.0,102.33646162186123,93.65383299821106,8.682628623650174,88.0,56.90024069737184,102.33646162186123,93.65383299821106,8.682628623650174,88.0,56.90024069737184,-6,1.0
401230767,2020-08-05,SPARKS,4.0,97.32886148450721,96.16037749318022,1.1684839913269904,85.6,46.398631916534725,97.32886148450721,96.16037749318022,1.1684839913269904,85.6,46.398631916534725,FEVER,3.0,105.29455421229395,106.93643788313092,-1.6418836708369824,82.52,50.534351330828095,105.29455421229395,106.93643788313092,-1.6418836708369824,82.52,50.534351330828095,11,1.0
401230770,2020-08-06,MERCURY,2.0,107.11570448769457,103.66962020489487,3.4460842827997253,85.064,50.11833369435426,107.11570448769457,103.66962020489487,3.4460842827997253,85.064,50.11833369435426,SKY,2.0,103.86223570897191,98.3799220176303,5.482313691341602,83.832,50.94995857497929,103.86223570897191,98.3799220176303,5.482313691341602,83.832,50.94995857497929,10,0.0
401230769,2020-08-06,WINGS,2.0,99.65706136117373,100.94844272381164,-1.291381362637901,82.744,44.85637549017831,99.65706136117373,100.94844272381164,-1.291381362637901,82.744,44.85637549017831,SUN,2.0,89.58778555339507,99.27365065307976,-9.6858650996847,84.112,49.39140249065788,89.58778555339507,99.27365065307976,-9.6858650996847,84.112,49.39140249065788,-23,0.0
401230768,2020-08-06,DREAM,2.0,96.06805266564928,105.13774029285563,-9.069687627206338,85.2,48.31351960021758,96.06805266564928,105.13774029285563,-9.069687627206338,85.2,48.31351960021758,STORM,2.0,104.70027843698176,94.27976686678997,10.420511570191806,79.84,48.23053814638667,104.70027843698176,94.27976686678997,10.420511570191806,79.84,48.23053814638667,-1,0.0
401230771,2020-08-07,LYNX,2.0,99.61681880733681,94.80534031952757,4.811478487809239,79.464,56.19526704835952,99.61681880733681,94.80534031952757,4.811478487809239,79.464,56.19526704835952,FEVER,2.0,102.79999980547873,106.83627901937602,-4.036279213897307,82.176,50.42748106466247,102.79999980547873,106.83627901937602,-4.036279213897307,82.176,50.42748106466247,7,0.0
401230772,2020-08-07,MYSTICS,2.0,106.26602224639878,96.4007584342279,9.865263812170895,84.328,50.29647204208639,106.26602224639878,96.4007584342279,9.865263812170895,84.328,50.29647204208639,LIBERTY,2.0,84.31114824981847,105.27732922069825,-20.966180970879773,86.00800000000001,47.40508316875706,84.31114824981847,105.27732922069825,-20.966180970879773,86.00800000000001,47.40508316875706,-8,0.0
401230773,2020-08-07,ACES,2.0,102.82876525708495,94.36751084301329,8.461254414071657,86.24,56.696663146132764,102.82876525708495,94.36751084301329,8.461254414071657,86.24,56.696663146132764,SPARKS,2.0,98.80804778478064,95.19425425952225,3.6137935252583757,84.904,47.11890553322778,98.80804778478064,95.19425425952225,3.6137935252583757,84.904,47.11890553322778,4,0.0
401230774,2020-08-08,WINGS,2.0,94.9301408431171,99.49767846224803,-4.567537619130922,81.376,45.32744563866781,96.54604247939642,102.18785980517733,-5.6418173257809086,82.94666666666667,45.44482903751418,DREAM,2.0,93.66009423976325,105.2083980523623,-11.548303812599034,84.768,48.09129737799536,97.72184112306411,105.47192643452253,-7.75008531145843,85.46666666666665,49.070790143038465,10,0.0
401230775,2020-08-08,STORM,2.0,106.22667755911732,99.19032107008996,7.036356489027364,79.696,47.26949918534771,104.88791978684908,96.01450758850613,8.873412198342969,81.17999999999999,48.049257979131745,MERCURY,2.0,111.1594093087258,100.20437843153755,10.955030877188245,85.50399999999999,48.81206255201755,107.15217472960835,102.41699119638675,4.735183533221594,85.79333333333334,49.14232725895642,6,0.0
401230776,2020-08-08,SUN,2.0,95.72737221425368,97.88974584968896,-2.1623736354352845,83.36800000000001,50.24029892529286,93.27046276070435,96.63738601715083,-3.36692325644646,83.67333333333333,49.76165261318264,SKY,2.0,104.58888662975585,101.93502374555624,2.6538628841996257,82.808,53.29749955858584,103.60723354932173,101.02182141799193,2.585412131329806,83.86666666666666,51.747916298821536,-7,0.0
401230779,2020-08-09,SPARKS,2.0,94.55632223494442,97.32349590385516,-2.7671736689107407,85.104,46.07763569195794,98.328185195787,96.0966001218995,2.2315850738875156,85.0,46.599087944356484,LYNX,2.0,105.30964638712939,100.47371336897811,4.835933018151297,77.2,55.66895125888584,103.17530599536133,97.54356780427817,5.631738191083154,78.20666666666666,55.1627225402996,16,0.0
401230777,2020-08-09,LIBERTY,2.0,87.31617540225548,102.67745385483526,-15.36127845257981,83.784,49.669693558367456,85.95854343289353,101.73314434379301,-15.774600910899471,84.76666666666667,49.40006930729755,ACES,2.0,104.196686831729,94.3725444078302,9.824142423898788,84.976,56.69666314613278,102.34955604679595,94.52367729091957,7.825878755876391,86.20666666666666,56.580552621777315,-2,0.0
401230778,2020-08-09,FEVER,2.0,105.15829998422518,105.06286899804176,0.09543098618341901,80.99999999999999,52.31153903567697,102.60433588125937,107.44994796330116,-4.845612082041792,81.6,50.35623422055206,MYSTICS,2.0,97.81191596620555,95.91766664678829,1.8942493194172698,84.328,46.5374140710719,101.84004269325503,95.229295474578,6.610747218677034,84.07333333333334,48.684560035071996,7,0.0
401230780,2020-08-10,DREAM,2.0,96.52050268167285,103.59658539346246,-7.07608271178961,83.28,50.00399579069377,97.54732915320061,106.02835955986059,-8.481030406659979,84.36,48.38720787770644,SUN,2.0,97.09271044927567,99.73877630636434,-2.646065857088658,82.976,48.49945385487032,95.17503607038563,99.20723347222346,-4.032197401837844,84.18285714285715,48.652845097013696,-11,0.0
401230781,2020-08-10,WINGS,2.0,95.1063068768223,100.1405299536635,-5.034223076841187,79.79999999999998,48.362194673416845,98.60604461680454,101.57691228358728,-2.9708676667827416,82.03999999999999,46.91189427705297,MERCURY,2.0,103.22812216536074,92.24940435632047,10.978717809040262,85.784,48.93832517828018,103.28405906101547,100.23468365921367,3.049375401801807,85.66857142857143,48.27278844418487,-12,0.0
401230782,2020-08-10,STORM,2.0,100.27762278170496,98.13532380300617,2.14229897869877,81.16,50.91645259036564,102.63445698217673,93.99647030845254,8.637986673724196,81.44571428571429,49.31999890274785,SKY,2.0,105.00939916032253,105.00670876400223,0.0026903963202840942,83.19200000000001,53.72102897035055,105.40205785905752,102.02428028074294,3.3777775783145563,84.18285714285715,52.6410711132756,18,0.0
401230783,2020-08-11,LYNX,2.0,107.84511246929068,100.5958806883899,7.249231780900783,78.288,51.4108867427568,102.77835208979833,100.78420975758726,1.9941423322110876,78.55999999999999,52.9966193202568,MYSTICS,2.0,97.1038306926628,98.02671351707963,-0.922882824416817,82.984,45.53540199863729,101.83339439492491,97.37886707183203,4.454527323092882,83.85142857142857,48.056153499449465,20,0.0
401230784,2020-08-11,FEVER,2.0,103.3253011146584,102.86336623524001,0.4619348794183679,79.752,51.93924466338259,104.47760107944598,107.35936536659645,-2.8817642871504847,81.17714285714285,51.1216701482283,ACES,2.0,101.70003529889107,98.21527495971304,3.484760339178024,82.8,53.641107590577214,102.28260200338892,95.201515898561,7.081086104827918,84.82857142857142,55.640473675809126,-19,0.0
401230785,2020-08-11,SPARKS,2.0,100.80225525832304,95.32749450811593,5.474760750207116,83.84,49.25410628019324,101.760038802674,96.96416092328302,4.7958778793909715,84.18285714285715,48.513503952305555,LIBERTY,2.0,87.33464876366831,100.08000201197164,-12.745353248303326,82.936,47.777801666475554,87.41501525017247,101.29758236986768,-13.882567119695208,83.94857142857143,49.48577369196933,15,0.0
401230786,2020-08-12,SUN,2.0,103.08787423601184,101.78358184636895,1.304292389642896,81.47200000000001,48.13461140047563,98.03069463265341,99.81394350139351,-1.7832488687400954,83.51,49.28765737033474,WINGS,2.0,94.5781093933719,103.30984118717706,-8.731731793805158,80.848,47.3132886245108,98.2878279502098,102.7112671197342,-4.423439169524395,82.065,46.791150735664594,4,0.0
401230787,2020-08-12,SKY,2.0,102.39465293596349,106.22354324985682,-3.8288903138933135,83.376,53.83332843559119,102.86828743722688,102.61057378282035,0.2577136544065297,84.08500000000001,52.197300860479785,MERCURY,2.0,100.98569465170745,88.79130634702692,12.194388304680526,85.52000000000001,49.585201562861485,103.90877300156798,99.45570517468202,4.453067826885954,85.465,48.99544664541852,18,0.0
401230788,2020-08-12,STORM,2.0,103.95680204358496,92.93985905178393,11.016942991801036,81.784,50.82800050191354,103.25413438551683,92.97587670364838,10.27825768186844,81.605,49.51863540354073,DREAM,2.0,96.19082287031152,107.20889738904268,-11.018074518731172,83.16,47.94193766029314,97.26697670035689,106.28597221599377,-9.018995515636872,84.57,48.122388982545374,37,0.0
401230789,2020-08-13,LIBERTY,2.0,87.20213193785403,102.003407286651,-14.801275348796953,83.06400000000001,50.56900097622534,87.67959839899734,101.97904848547995,-14.299450086482619,84.345,50.472183128014144,FEVER,2.0,104.13084610658211,107.53123911619726,-3.4003930096151493,80.336,51.294986960301365,103.41960245156433,108.82763137540243,-5.4080289238381045,81.315,50.42999079146447,-7,0.0
401230790,2020-08-13,MYSTICS,2.0,87.69442783247982,98.82790451389667,-11.133476681416852,81.696,44.298822953839064,97.49348184052575,97.09129615988883,0.4021856806369204,82.31,47.35735349010047,SPARKS,2.0,103.27675945051911,95.58245258615527,7.694306864363838,84.03999999999999,48.88980755523877,102.01436430948262,95.72533723644408,6.289027073038529,84.86,47.77718481072638,-17,0.0
401230791,2020-08-13,ACES,2.0,102.81680510957912,93.29363918064954,9.523165928929577,82.47200000000001,54.68739495798319,103.79466237388034,94.82676992197851,8.967892451901832,84.935,55.486885054568276,LYNX,2.0,105.22525437596826,93.04962839511612,12.175625980852152,77.27199999999999,52.62361841076647,101.47997112205181,96.33835745093232,5.141613671119485,77.94,53.56382272714251,10,0.0
401230794,2020-08-14,MERCURY,2.0,96.59648812456922,95.91074128784244,0.6857468367267756,84.112,46.10526329125654,102.54519282007098,101.16822161342698,1.3769712066439928,84.57777777777778,48.065397018149795,DREAM,2.0,92.88785873157805,109.31575064524486,-16.42789191366682,82.94399999999999,48.35142041891383,95.3835532027423,108.64152825228115,-13.257975049538855,83.88888888888889,47.983790206707,16,0.0
401230793,2020-08-14,WINGS,2.0,96.89520058953607,104.61092662592777,-7.7157260363917315,78.048,49.4085267197489,98.10704800417008,102.68990846755779,-4.582860463387693,80.53333333333333,47.51805991318334,STORM,2.0,109.77869957454475,90.71532411280776,19.06337546173698,81.05600000000001,51.018217893217894,106.07778720698082,91.65191442108484,14.425872785895983,81.17333333333333,49.91934258092509,-18,0.0
401230792,2020-08-14,SKY,2.0,104.82773365958045,104.49405863101715,0.33367502856327463,81.72,55.70832843559119,104.14913182080835,101.34935892948783,2.799772891320515,83.38666666666667,52.994822987093144,SUN,2.0,105.2830529587288,100.6794970809441,4.6035558777847,79.80799999999999,49.40824324127165,97.75797165963391,98.73624882628873,-0.9782771666548279,82.36888888888888,48.99643618103829,-3,0.0
401230795,2020-08-15,FEVER,2.0,103.02994254962671,108.59533358902004,-5.565391039393324,79.872,51.64939309056956,104.03643662192326,107.85804660862487,-3.821609986701617,81.04888888888888,51.15381897512891,SPARKS,2.0,106.42073614126375,92.87290321039141,13.547832930872335,82.68,49.62762046696473,102.37990296048308,94.33400289163089,8.045900068852182,83.97777777777777,48.19251444455139,-14,0.0
401230796,2020-08-15,LYNX,2.0,104.50311074402347,96.9900077152569,7.5131030287666025,77.67999999999999,50.380289600273485,100.57730378431764,97.35410844436791,3.2231953399497257,78.44444444444444,52.99949225577651,LIBERTY,2.0,92.24802574036946,102.29962977202888,-10.051604031659412,81.00000000000001,50.78505035894139,89.12785651784635,102.83003641227319,-13.702179894426841,83.6888888888889,49.648113397740964,30,0.0
401230797,2020-08-15,ACES,2.0,106.44155430440053,96.48279206146384,9.9587622429367,81.144,53.56185383244207,104.61706866771641,95.22547692224038,9.391591745476022,84.19111111111111,55.04558132796641,MYSTICS,2.0,84.66165980052523,99.63181805251874,-14.970158251993505,79.616,43.99579265080877,95.61693208102707,97.63838695880406,-2.021454877776978,81.98666666666666,47.48263071173914,15,0.0
401230820,2020-08-16,DREAM,2.0,94.89016583531769,113.53839784448746,-18.648232009169767,82.408,48.82653354108578,95.47910925048349,109.33806906867153,-13.858959818188055,83.804,48.57002657065168,SKY,2.0,102.70790523394518,103.92502111275292,-1.217115878807732,81.76000000000002,53.85248750767073,103.28507047145854,101.15247156519162,2.132598906266935,82.796,52.40122304132501,-25,0.0
401230821,2020-08-16,SUN,2.0,105.02966420913977,96.37795382338724,8.65171038575252,80.664,49.39041792932869,97.30872488126741,97.8258022382335,-0.5170773569660895,82.388,49.39091020999329,STORM,2.0,106.89678184071063,86.87088167951515,20.025900161195477,82.34400000000001,52.7086158486761,105.79853013884619,90.57532427315256,15.223205865693643,81.092,50.46957699753138,-23,0.0
401230822,2020-08-16,MERCURY,2.0,101.13428164168761,98.15704457698573,2.9772370647018676,83.4,45.630150169084594,104.1249930646911,100.9133323909403,3.2116606737507967,84.232,47.87424193171943,WINGS,2.0,93.33320325016693,104.83183853191952,-11.49863528175258,78.072,49.59179500415412,96.49513230567034,102.89014062786558,-6.395008322195241,80.40799999999999,47.224085247166215,-6,0.0
401230823,2020-08-18,SUN,2.0,100.81065992528093,103.59212625840237,-2.7814663331214375,80.264,50.05375277712515,98.26901606976732,100.74093605404568,-2.471919984278361,81.816,50.147025851209,FEVER,3.0,103.89298897696884,110.31433984547391,-6.421350868505073,79.35999999999999,53.72486478868277,103.34649439122377,108.57530943242496,-5.22881504120119,80.768,52.07617292667262,22,-1.0
401230824,2020-08-18,SKY,2.0,104.87925595932157,97.56497790123385,7.314278058087709,81.208,54.450978270095916,104.73407129453872,99.75000082339503,4.984070471143667,82.00800000000001,53.87423891434088,ACES,3.0,107.87381585116592,95.61341123025095,12.260404620914954,81.024,50.914795008912655,105.35129055412543,94.99046103663213,10.360829517493306,83.63199999999999,53.80572907752271,2,-1.0
401230825,2020-08-18,STORM,2.0,110.63978935990244,84.81105800328604,25.828731356616412,80.024,52.294128927146915,108.43323345950989,92.00068953668799,16.43254392282189,79.85999999999999,49.78181405624731,LIBERTY,3.0,91.23472328863467,102.01796447444026,-10.783241185805593,81.56800000000001,50.81866380431954,87.77293576922656,103.64764684756926,-15.874711078342681,83.788,49.1118734865383,41,-1.0
401230798,2020-08-19,MYSTICS,4.0,83.5371360617379,100.6765009612268,-17.139364899488896,79.752,46.64285147433817,94.90157915406834,98.53862969772734,-3.637050543659001,82.03999999999999,48.46966175821229,DREAM,3.0,89.65959733250835,114.03546988588744,-24.375872553379086,81.832,46.509073223625464,91.6598457861358,109.62193396912487,-17.96208818298906,83.3,47.30018530081041,7,1.0
401230826,2020-08-19,LYNX,4.0,103.05141221980539,95.1582398780337,7.893172341771688,79.12,50.346676154895334,101.3341155135711,94.98179009878064,6.352325414790464,79.292,53.27097160162742,WINGS,3.0,101.04039863858134,105.5504207024021,-4.510022063820782,77.176,50.217405952345715,97.98526974084922,102.52404958232508,-4.5387798414758525,79.276,47.77242579550676,7,1.0
401230827,2020-08-19,SPARKS,4.0,109.01134239764538,94.48142793286104,14.529914464784335,81.55199999999999,47.552148768851524,103.90969509121301,94.83784109619164,9.071853995021355,83.228,47.33552715103965,MERCURY,3.0,101.78467267651621,102.53462524681292,-0.7499525702967247,81.608,46.47466084966085,106.47204099262099,101.36950183917523,5.102539153445759,83.556,47.6433617008392,9,1.0
401230800,2020-08-20,ACES,2.0,107.05094928921585,96.18785294267408,10.86309634654177,80.928,49.411764705882355,105.62381806047242,95.28019867525214,10.34361938522028,82.952,53.05421392600756,SUN,2.0,101.67716949394446,97.04298517465867,4.634184319285788,77.96000000000001,53.65375277712515,99.38493997161007,98.3908807405115,0.994059231098565,80.468,51.07660331599773,21,0.0
401230828,2020-08-20,FEVER,2.0,99.68005183720243,110.04020313841038,-10.360151301207946,79.00800000000001,51.72486478868277,102.4191759107138,107.55153606822607,-5.132360157512264,80.00399999999999,52.01820191217987,STORM,2.0,116.07801921299063,82.6115212164281,33.466497996562524,81.47200000000001,51.168397932994864,108.1778209973478,90.37342250971714,17.804398487630646,81.316,51.04242526168025,6,0.0
401230799,2020-08-20,LIBERTY,2.0,87.04763407099554,109.25398202104843,-22.20634795005289,83.328,48.6805059095827,87.18190473662551,105.96571793794185,-18.78381320131635,83.55600000000001,49.175099733975074,SKY,2.0,101.83736290813482,95.66870967132249,6.168653236812327,80.632,53.15400857312623,103.42338103422867,100.33770921766236,3.0856718165663053,81.912,53.43751877173838,-16,0.0
401230830,2020-08-21,WINGS,2.0,100.98740855254471,109.95341512399122,-8.966006571446533,77.03200000000001,48.626787615458724,98.0468577146835,105.04697253882736,-7.00011482414386,78.416,48.49449114443779,MYSTICS,2.0,91.8525328188049,105.3268573012086,-13.474324482403713,79.352,47.406740363227065,94.83222439250522,100.62226197399846,-5.7900375814932215,81.84,46.97207721714948,9,0.0
401230831,2020-08-21,MERCURY,2.0,104.17755986562952,105.75322372873211,-1.5756638631025965,80.704,48.286084949817344,103.70284101549514,99.00131404252629,4.701526972968833,83.244,48.61220506404876,LYNX,2.0,102.55578049937526,94.78629883242746,7.7694816669478115,80.096,50.794437348925186,103.93271344325235,97.63000610070279,6.302707342549555,78.648,53.23169430390551,-10,0.0
401230829,2020-08-21,DREAM,2.0,94.5359539422188,118.19820999821744,-23.662256055998643,81.34400000000001,48.76304147759372,95.52822831194581,110.89739769583994,-15.369169383894127,82.312,49.38351863414374,SPARKS,2.0,109.58747270938636,91.97880966515152,17.608663044234838,81.256,48.32961355758392,102.07189747216538,94.65115278450334,7.420744687662048,83.17999999999999,47.20362462477093,-8,0.0
401230801,2020-08-22,ACES,2.0,110.27992395521878,94.93214057256182,15.347783382656957,82.392,51.1577964519141,105.98997962705494,96.57370776613743,9.41627186091749,82.596,52.39945202124566,STORM,2.0,115.0474488492599,87.39639643461935,27.65105241464055,81.328,48.88131659328195,109.50212544642243,90.16812774320165,19.333997703220795,81.55600000000001,49.854658547597744,8,0.0
401230832,2020-08-22,SKY,2.0,107.12649439569775,93.10616403836356,14.020330357334206,82.056,52.56659598571364,104.7605736658306,99.66485364411018,5.095720021720446,82.71600000000001,53.199962210652416,FEVER,2.0,97.42797828599628,108.17563642347656,-10.747658137480286,80.51199999999999,52.68727080372035,100.37663970032733,105.51950132935829,-5.142861629030959,80.13199999999999,52.313257733551474,11,0.0
401230833,2020-08-22,SUN,2.0,96.48670631394994,99.60190724940594,-3.1152009354560164,79.144,51.161452374376985,99.78729027498089,100.69274454788744,-0.9054542729065602,80.30799999999999,49.648031887426306,LIBERTY,2.0,87.10873955652228,112.440426343384,-25.33168678686173,85.144,49.44973667881347,87.2216941600953,106.26021417767784,-19.038520017582528,84.03999999999999,48.61376917264451,17,0.0
401230834,2020-08-23,LYNX,2.0,105.14647995700807,90.89182003819856,14.254659918809503,79.84,53.58808814257598,106.49579621314938,95.74385036329423,10.751945849855144,79.064,52.49948744266639,DREAM,2.0,92.66065656504085,115.38343102688914,-22.722774461848296,83.92,49.22359584859585,94.42573971767618,111.29616420796592,-16.870424490289736,83.53999999999999,48.5827667544445,-3,0.0
401230835,2020-08-23,SPARKS,2.0,104.86246355052347,89.59161364834634,15.270849902177124,84.24000000000001,46.615327843298196,102.83235940442326,92.45955407823114,10.37280532619212,84.03999999999999,47.934717061745715,WINGS,2.0,104.50261902300808,108.5251351364594,-4.0225161134513145,78.36,47.04323222908643,99.54036420819,105.91748816181823,-6.377123953628237,79.604,47.178260426798616,3,0.0
401230836,2020-08-23,MYSTICS,2.0,92.75076350594914,106.60801201819652,-13.857248512247375,80.16,50.94396370326731,94.92729709930596,102.31736276763806,-7.390065668332096,81.572,48.2396828509523,MERCURY,2.0,102.09067737280856,108.96830814943942,-6.8776307766308635,80.24800000000002,46.68162334535574,101.53818601225801,98.87980724823316,2.6583787640248318,82.884,48.13341245410861,-1,0.0
401230839,2020-08-25,STORM,3.0,106.10170569569921,89.78689403734981,16.314811658349413,83.416,46.97426531123067,107.94020263512198,90.25110907507879,17.689093560043197,82.236,48.99624160222428,FEVER,3.0,97.7024470587259,106.65079606512973,-8.948349006403816,79.664,53.56962374489683,100.91664658265401,107.09101759066348,-6.174371008009483,80.0,52.4323053525991,13,0.0
401230838,2020-08-25,WINGS,2.0,106.11151214452427,109.73797671766074,-3.626464573136451,80.176,47.00156556241976,101.50335636703018,107.17445167179426,-5.6710953047640915,79.112,48.205046141084324,ACES,3.0,106.25468167439843,93.50292520825519,12.751756466143226,82.65599999999999,51.55749479278891,104.53574339198876,93.39828219445236,11.137461197536402,82.564,53.12244487538605,-4,-1.0
401230837,2020-08-25,SKY,3.0,106.57791250035193,94.36142287611422,12.21648962423771,82.08,50.69159598571363,105.70282307996618,99.42774075356569,6.275082326400492,81.9,53.199962210652416,LIBERTY,3.0,86.2270236883785,112.56777728505945,-26.34075359668095,82.99199999999999,47.97432684274789,86.71457781311626,107.28559228585523,-20.571014472738955,83.02799999999999,49.27166390948661,-2,0.0
401230843,2020-08-28,DREAM,5.0,96.52588545220358,109.04821834484217,-12.522332892638591,83.888,50.007326007326,94.70687209189082,109.18198449504352,-14.475112403152703,83.41600000000001,49.179373213119916,LYNX,5.0,105.83020171391192,97.77680370885683,8.053398005055087,80.776,51.922508668777326,105.52772804494009,95.41321605198648,10.11451199295362,79.024,52.2730635397719,-9,0.0
401230844,2020-08-28,SUN,6.0,97.22619028849115,97.31746775366207,-0.0912774651709242,81.01599999999999,51.82811904104365,101.25462162360998,98.9984824173031,2.256139206306888,80.412,50.61818114115765,SPARKS,5.0,106.16235850850667,93.45190776599341,12.71045074251326,81.55199999999999,47.46573767936377,104.71955897951288,94.51718017607433,10.202378803438549,82.796,48.17777261730127,-4,1.0
401230845,2020-08-28,MERCURY,5.0,105.88503627968228,107.864924100931,-1.979887821248741,80.66400000000002,49.60139946475873,101.24076220212575,101.88783269438673,-0.6470704922609827,82.388,47.85333137800764,MYSTICS,5.0,99.89532060052765,108.3961345688494,-8.50081396832176,82.776,51.40603689893281,93.79487421650373,103.61201954137304,-9.817145324869305,82.236,47.85242992638594,22,0.0
401230805,2020-08-29,FEVER,4.0,94.68995095009184,108.7117406443605,-14.021789694268676,79.64,52.94996562523871,98.85994674985928,108.65353711669027,-9.793590366831001,79.756,52.29967935790414,WINGS,4.0,112.48621116841255,112.56190694115735,-0.07569577274479969,80.47999999999999,47.822745017080514,102.90970720928973,108.69687273653842,-5.787165527248691,79.276,48.707270010617314,-4,0.0
401230806,2020-08-29,SKY,4.0,111.99329650205183,99.49770818631778,12.495588315734059,82.73599999999999,52.07348207348207,107.35060086799851,101.71136464953534,5.6392362184631635,82.248,52.9629847905764,STORM,4.0,107.78672710551837,92.61328672377911,15.173440381739255,82.92,45.12069719260231,107.34175447311449,89.74208420164713,17.599670271467364,82.632,48.9146565206392,-14,0.0
401230807,2020-08-29,ACES,4.0,108.86013836761182,97.62942243291192,11.230715934699916,82.46399999999998,51.51762238449545,107.65084633600618,97.05610724718788,10.594739088818308,81.804,52.53973810846876,LIBERTY,4.0,90.80279054492001,114.86926420960347,-24.066473664683464,83.648,48.56956493798599,91.52540814264475,108.58444699081618,-17.059038848171436,82.324,49.67730764846369,17,0.0
401230847,2020-08-30,LYNX,2.0,107.86489105036426,95.26901572460397,12.59587532576029,81.28,53.03634978261844,106.18400089719387,96.12951171993043,10.054489177263445,79.47999999999999,51.70831969144596,MERCURY,2.0,107.41746961248683,107.4440072848812,-0.0265376723943632,79.36,52.29370715706642,104.27587562708723,102.80052593093346,1.4753496961537522,81.38000000000001,48.961928663075504,-4,0.0
401230846,2020-08-30,MYSTICS,2.0,101.68486156071413,111.37619647593866,-9.691334915224521,82.976,49.785990278886196,93.17326068061968,105.50400726422868,-12.330746583609013,81.296,46.890891464847485,SUN,2.0,97.32000613885236,99.12470761246743,-1.8047014736150657,80.72,52.66845517549742,101.17483517399606,97.75133071792735,3.423504456068727,80.692,51.02943655241306,-13,0.0
401230808,2020-08-30,SPARKS,2.0,104.90349627282913,95.62312332748715,9.28037294534197,82.328,45.73413594776204,105.66211620704644,94.24801326893927,11.414102938107153,82.50399999999999,47.68087820736339,DREAM,2.0,95.62161455252793,106.38243310716537,-10.760818554637442,84.488,48.42728442728443,95.25589019392282,109.96041547582642,-14.704525281903605,83.44800000000001,48.62690898418511,5,0.0
401241306,2020-08-31,FEVER,2.0,94.09403046277006,105.50280509560514,-11.408774632835051,80.56,49.73163678426836,98.99350971986946,107.90857247053953,-8.915062750670062,79.96000000000001,51.72825078647556,SKY,2.0,108.05181249477862,105.24493895187581,2.8068735429027982,82.312,49.44509738627386,106.46553422705009,101.40495842655483,5.060575800495253,81.75999999999999,51.94803782818489,-23,0.0
401241307,2020-08-31,LYNX,1.0,105.2353258345128,100.5043506884249,4.730975146087905,80.52799999999999,50.3441968651134,104.14336902715908,97.83129528322931,6.312073743929797,79.824,50.345436510004376,SPARKS,1.0,101.64798936229533,94.82155797692984,6.82643138536549,83.6,46.4172025825841,105.32966587997035,94.65149295489545,10.678172925074913,82.576,46.98467567571782,18,0.0
401230848,2020-09-01,LIBERTY,3.0,91.58009807461451,112.84967076896842,-21.269572694353897,82.568,49.827364609578765,91.4074106816246,107.43381762170434,-16.026406940079745,82.06800000000001,50.32301420694915,SUN,2.0,99.21277252213412,91.80700033506956,7.405772187064554,80.01599999999999,51.9766573295985,100.01171622370752,97.69956329673596,2.312152926971558,80.14,51.015205053361825,-5,1.0
401230849,2020-09-01,DREAM,2.0,98.91292447179816,104.93460533685268,-6.021680865054506,84.112,51.56572123660732,94.28626090215326,109.48503761137006,-15.198776709216796,82.97200000000001,49.03739723011638,FEVER,1.0,96.48248515780816,107.70019340543938,-11.217708247631233,81.816,52.43586213638103,98.08126849750529,108.87019827192489,-10.78892977441959,80.41199999999999,52.080363462531906,12,1.0
401230850,2020-09-01,ACES,3.0,105.97096247997308,94.4127205944244,11.558241885548691,83.152,52.87326809105393,106.92238916556948,95.01306591233768,11.909323253231822,82.088,51.89403154998329,MERCURY,2.0,106.36616323753856,103.88641880560456,2.4797444319339776,79.024,54.14603323474461,104.07541795702737,103.21052202620874,0.8648959308186264,80.316,50.31034704220273,-7,1.0
401230851,2020-09-02,SKY,2.0,111.44441046284828,103.69377784882792,7.750632614020361,82.632,48.43784173113088,106.64088668549155,99.6812437600752,6.959642925416344,81.632,50.79592515212855,LYNX,2.0,107.34386078074935,99.59709262390876,7.746768156840593,80.048,50.21901631624485,104.94982064006231,97.19169572816811,7.758124911894202,80.072,50.50672683258502,-3,0.0
401230852,2020-09-02,STORM,4.0,104.52138655651194,91.93517303024161,12.586213526270331,83.928,46.98896562673652,107.5805879582072,88.37311551676382,19.20747244144337,81.976,49.64154727694172,MYSTICS,3.0,100.71192622135612,110.21788498637372,-9.505958765017606,81.54400000000001,48.02128439653326,92.12453114154701,105.44719297380027,-13.322661832253251,80.648,47.33206793543572,7,1.0
401230809,2020-09-02,WINGS,4.0,107.65059360775665,108.30587061199454,-0.6552770042378739,81.78399999999999,48.66257185690735,104.34549612316899,106.92814565719831,-2.582649534029328,79.48,49.43998890462653,SPARKS,2.0,102.76402892587237,102.89844183539829,-0.13441290952591203,81.744,46.51715714869043,106.17575081762936,97.4386257502749,8.737125067354462,81.5,47.42338535313717,-8,2.0
401230810,2020-09-03,LIBERTY,2.0,92.80497643676695,105.90940170730218,-13.104425270535245,81.47200000000001,49.1814315952247,89.92630525388124,107.58169186417531,-17.655386610294066,82.4,48.9309687524037,DREAM,2.0,99.71203059704679,100.93569197546519,-1.2236613784183958,85.39200000000001,49.86637483137855,97.1239922696328,109.5669509868413,-12.44295871720852,83.36800000000001,49.314708154486134,-6,0.0
401230811,2020-09-03,SUN,2.0,93.86888615083659,91.0709162768377,2.797969873998889,81.49600000000001,50.88574823868941,97.77302782239052,94.05695072574818,3.7160770966423384,79.728,52.26975050790728,ACES,2.0,107.2260006613056,96.88213430411867,10.343866357186936,82.688,54.176298394084235,107.13847497526073,96.53499362339637,10.603481351864353,81.80799999999999,51.79403154998329,-15,0.0
401230812,2020-09-03,MERCURY,2.0,110.59599831412413,104.15500696715901,6.440991346965123,79.2,52.723498023477,107.38677908987681,104.95411534794555,2.4326637419312633,79.95200000000001,50.50479148664717,FEVER,2.0,97.6067758326006,113.15266248403887,-15.545886651438284,80.936,50.918834272603945,97.51737705929844,110.66414945375773,-13.146772394459285,80.724,51.80305253816216,24,0.0
401230813,2020-09-04,SPARKS,2.0,106.25680395303513,106.04682974368026,0.20997420935487127,78.568,46.09445656160628,105.5596337517793,97.81922169601332,7.740412055765998,81.404,46.35489220245224,STORM,2.0,100.53295053144431,95.1294817726894,5.4034687587549115,80.608,49.37286655552909,108.30548487221748,88.87050149455875,19.43498337765872,81.03999999999999,50.27063224426198,-1,0.0
401230853,2020-09-04,MYSTICS,2.0,93.94083927659608,107.09203961495135,-13.151200338355263,80.024,46.485336684114955,92.8966860477005,106.20944845807999,-13.312762410379488,79.688,46.946038523671014,SKY,2.0,108.44020766332608,104.92270447657225,3.5175031867538396,81.72,49.93171018152107,107.78335102951192,99.0144342574679,8.768916772044022,81.888,51.24915308361735,10,0.0
401230854,2020-09-04,WINGS,2.0,106.19830839696836,107.00258489718324,-0.8042765002148912,82.65599999999999,49.24731935230706,103.59285847475653,108.47800001058724,-4.885141535830712,79.84400000000001,48.93705348388289,LYNX,2.0,104.87111130813123,98.93867870930974,5.932432598821492,81.2,48.70072784143463,105.00879563256964,94.91524937375414,10.093546258815497,80.52000000000001,51.144407992005306,-13,0.0
401230855,2020-09-05,FEVER,2.0,96.5386755576833,114.72004051861322,-18.18136496092992,82.928,51.21295191966277,97.1205613082046,110.68541829187147,-13.564856983666868,81.296,52.391287832279794,SUN,2.0,95.51701681218726,91.61956454739342,3.8974522647938414,80.104,55.44427998472115,96.0018615630686,95.61073589839968,0.3911256646689125,79.624,53.30286617954907,-19,0.0
401230815,2020-09-05,MERCURY,2.0,114.91187700832931,100.56519306410891,14.346683944220413,80.43199999999999,53.22303117006898,108.50127719056893,104.76675060677417,3.734526583794775,80.34,49.952327257712355,LIBERTY,2.0,86.77067747804674,97.66414558273377,-10.893468104687022,80.744,48.2038674926606,86.93970851728452,105.05228596305888,-18.112577445774377,82.944,48.82680208573703,16,0.0
401230814,2020-09-05,DREAM,2.0,97.12152964628898,95.31529298463161,1.8062366616573597,82.6,50.36042245042618,94.89109310566491,105.34936200576037,-10.458268900095469,83.26000000000002,49.79200914951101,ACES,2.0,106.22658695619316,97.24378714104174,8.982799815151404,82.36800000000001,49.617766648052495,108.25325545570597,96.08796385680179,12.16529159890418,82.38000000000001,50.387781549983295,-10,0.0
401230856,2020-09-06,MYSTICS,2.0,94.47100088412763,102.7848588818398,-8.313857997712153,77.216,44.424303820265195,93.61088219503839,104.69643545001816,-11.085553254979764,78.68799999999999,47.68413376176625,WINGS,2.0,102.69194802233531,108.8530518505931,-6.161103828257796,80.488,48.61138251918713,103.5972835226717,108.68909349352626,-5.0918099708545554,79.424,47.82730737413678,-7,0.0
401230857,2020-09-06,LYNX,2.0,108.2040162072245,98.18199591888619,10.022020288338334,81.19200000000001,51.889761030467824,107.01710896056822,97.97939981387151,9.03770914669671,80.98400000000001,51.906134849622575,STORM,2.0,101.84747123479089,94.73833977987412,7.109131454916758,80.72,52.38722062251475,108.44746004202541,91.06736810724675,17.380091934778655,81.024,50.63426860789834,-15,0.0
401230858,2020-09-06,SPARKS,2.0,106.71822333860314,107.54910069254565,-0.8308773539425118,79.144,45.81036565251537,106.4402909235549,100.50050422926952,5.939786694285374,80.348,46.63805166593957,SKY,2.0,104.73812190000235,106.7438113547571,-2.0056894547547586,80.952,49.59837684818773,105.65801720017711,100.55261711543565,5.1054000847414756,81.51599999999999,50.14498641695069,6,0.0
401241308,2020-09-07,MERCURY,2.0,112.75172778935658,94.8084226014561,17.94330518790048,81.152,51.136588383999324,109.31838203451943,101.33667335119355,7.98170868332587,80.90799999999999,50.368993924379026,SUN,2.0,100.7014188932234,95.96452950348275,4.736889389740637,78.92,55.75677998472115,98.96380459085728,96.64099862857242,2.322805962284856,79.96799999999999,53.7924495128824,-15,0.0
401230859,2020-09-08,LIBERTY,3.0,87.02300413787123,97.58971732279625,-10.566713184925012,80.98400000000001,49.245534159327256,86.62501391312485,105.07874730392784,-18.453733390802984,81.98800000000001,48.60993050103758,SPARKS,2.0,108.4917574406335,108.80746536493862,-0.31570792430511574,78.928,47.50920735135706,106.69762685673132,102.21529434621289,4.482332510518427,80.62800000000001,46.62167164955956,-26,1.0
401230860,2020-09-08,MYSTICS,2.0,95.22848888145036,104.89396203836156,-9.665473156911201,77.928,46.183365653953885,97.56190474098901,106.64504830360549,-9.083143562616481,80.352,48.794701276443355,LYNX,2.0,109.16233867949259,104.950727636093,4.211611043399586,80.44000000000001,52.803088150691494,108.51361486492843,100.1098716803485,8.403743184579938,80.86,52.91971896665497,3,0.0
401230861,2020-09-08,ACES,3.0,108.53625950936024,99.01498428141592,9.52127522794429,81.792,49.5121859542365,107.3954705918793,96.25895474483556,11.136515847043757,82.224,50.53484037351271,FEVER,3.0,97.21121950260756,116.89349632231863,-19.68227681971108,83.0,50.131221150432005,95.9505852263497,112.80261848333957,-16.852033256989877,81.32000000000001,51.54059338783536,6,0.0
401230816,2020-09-09,STORM,3.0,110.01136282020994,97.45362840239274,12.55773441781719,79.6,51.94513397353154,108.05653425795458,93.62026121987127,14.4362730380833,81.50800000000001,49.4596996423811,WINGS,3.0,105.15219071133167,108.91582781324571,-3.763637101914031,82.28,47.272096804901416,105.63185142792797,109.32690226545321,-3.6950508375252413,81.228,47.13683118366059,12,0.0
401230862,2020-09-09,SUN,2.0,102.78783560100172,93.38779580062815,9.400039800373559,79.024,54.91644385026738,100.05392086992704,96.25625170654779,3.797669163379247,79.872,53.7924495128824,MERCURY,2.0,105.24529645486481,96.99182338812554,8.25347306673929,82.05600000000001,48.62527616680475,106.33138303367582,102.21791533650337,4.113467697172463,80.708,50.45949166193558,-5,0.0
401230863,2020-09-09,SKY,3.0,99.40568651101782,102.3549301862892,-2.949243675271364,81.48,48.53445578426667,105.69949150653483,100.92631918630347,4.773172320231348,82.10799999999999,50.303968928874376,DREAM,4.0,95.86919064620321,97.19349948345804,-1.3243088372548328,83.864,49.02522170346073,96.19753804920339,103.1208589141501,-6.923320864946712,83.876,49.516273855393365,-8,-1.0
401230864,2020-09-10,FEVER,2.0,99.22316902224173,119.39392171997474,-20.17075269773301,82.936,49.27407829328915,96.65859974250591,112.44836340778993,-15.789763665284033,81.748,49.502857538778755,LIBERTY,2.0,80.24397118339905,97.96341024430718,-17.71943906090813,80.248,49.16199197052192,85.52338086415952,106.41633722695533,-20.892956362795797,81.94800000000001,48.865778454253956,10,0.0
401230865,2020-09-10,LYNX,2.0,113.77621891116526,109.42633013475975,4.349888776405493,78.376,55.33277608220213,109.50577237283903,104.96534041159234,4.540431961246699,79.452,52.83848647365777,ACES,2.0,106.66856198948878,96.6839819504136,9.984580039075192,82.352,51.249028059499665,107.7643501785503,97.15670219166276,10.607647986887553,82.40799999999999,51.38332522199755,-15,0.0
401230866,2020-09-10,SPARKS,2.0,111.74111126231669,106.89141647314628,4.849694789170423,78.67999999999999,49.77880539710435,106.694550312306,100.85648722503807,5.838063087267956,81.14,48.09800398984423,MYSTICS,2.0,102.17837631578706,105.53322382996222,-3.3548475141751624,76.16799999999999,47.12605042016806,101.9316189382506,108.45471015295043,-6.523091214699842,79.572,48.45602034952713,-8,0.0
401230868,2020-09-11,WINGS,2.0,103.97082257451798,109.47163339380377,-5.500810819285772,83.72,46.458331622715185,108.22851687146526,111.01677016748053,-2.7882532960152857,82.1,47.14053831989785,SKY,2.0,101.47465755721286,102.75330349332053,-1.2786459361076736,82.792,48.62733504123261,104.76323502599573,103.99912122259818,0.7641138033975622,82.55199999999999,49.036216213753235,-7,0.0
401230869,2020-09-11,MERCURY,2.0,105.45590235182995,97.15382792425255,8.302074427577391,85.096,45.37385273258239,105.91103279468425,100.52012336492855,5.390909429755685,82.05999999999999,49.7599429836635,STORM,2.0,112.07623241183319,100.11974115680809,11.956491255025096,81.56,53.79128781968539,109.93147975867578,96.3665139402936,13.564965818382177,82.24000000000001,49.45599250614384,-23,0.0
401230867,2020-09-11,SUN,2.0,103.38467901327829,98.49209204514091,4.892586968137385,82.272,56.324453862783024,101.2987257677062,95.14954619010523,6.14917957760097,81.14399999999999,54.150555596190756,DREAM,2.0,100.46965396136318,97.8079731954736,2.6616807658895794,83.55199999999999,50.62550619848206,98.04563425694555,102.09520315131948,-4.049568894373931,84.02000000000001,49.526395312883245,-7,0.0
401230817,2020-09-12,LIBERTY,2.0,81.21244463874174,96.8914877621113,-15.679043123369564,82.184,48.76133515607199,86.39627135667813,104.87057926553985,-18.47430790886173,82.376,49.29434988282539,MYSTICS,2.0,106.71261621506756,104.49195905990914,2.2206571551584036,76.152,45.705882352941174,103.71227121821184,107.35492202314144,-3.642650804929602,78.848,46.86358337473722,-17,0.0
401230818,2020-09-12,FEVER,2.0,100.08463500309244,112.45129404075533,-12.366659037662888,83.848,48.855567226890756,98.2835600804503,110.07574372309736,-11.792183642647062,82.832,50.6457146816359,LYNX,2.0,109.37428870278343,113.4706132113009,-4.096324508517474,80.128,54.438766865612266,108.3590747417664,106.53385291760485,1.8252218241615594,80.088,52.32889159092856,-12,0.0
401230819,2020-09-12,SPARKS,2.0,110.10421450498026,102.57442673801397,7.529787766966305,78.704,51.81567175655135,106.43412171542631,102.73643428670611,3.6976874287201964,80.224,49.16641445262089,ACES,2.0,111.89246144542146,102.48586744148031,9.406594003941155,82.768,51.93539915966387,108.93171196269728,98.44929401795235,10.482417944744922,82.96000000000001,52.4043336253589,-14,0.0
401241309,2020-09-13,LIBERTY,1.0,80.1088577886093,98.89670842846422,-18.78785063985493,81.512,49.52958099474037,86.45691711268812,102.4030550678832,-15.946137955195088,81.492,49.35550629498253,WINGS,2.0,107.04499071393585,115.2374835125992,-8.192492798663356,82.41600000000001,44.59083679869862,107.34779216084625,111.77167706229686,-4.423884901450615,82.1,46.62670432780298,-3,-1.0
401241310,2020-09-13,STORM,2.0,111.05958267914227,96.83057306648138,14.22900961266088,81.39200000000001,53.49717017262657,107.7904846178271,94.3828730483615,13.407611569465605,82.66,50.24306789968155,ACES,1.0,112.6389426656785,98.02223914553079,14.616703520147698,81.992,52.278682741753414,109.93247166349204,97.45218672482471,12.480284938667317,82.34,53.22749056791882,-2,1.0
401241311,2020-09-13,DREAM,2.0,100.67894199772743,95.1364253020827,5.542516695644733,83.99199999999999,50.00233190442169,99.79593323476281,100.03551531946769,-0.2395820847048867,84.05199999999999,50.7840265705145,MYSTICS,1.0,108.74736018664427,100.18935596441301,8.558004222231276,76.88,48.49378624689312,101.34409973162018,103.64069778968216,-2.2965980580619942,78.452,47.48956146550404,-7,1.0
401244169,2020-09-15,SKY,4.0,102.85034044123908,107.71431341806696,-4.8639729768278865,81.056,50.056198074504714,107.14737545204369,105.70404563344746,1.443329818596237,81.844,49.2470199028178,SUN,4.0,105.10591706586123,103.1490832495549,1.956833816306323,81.80799999999999,54.64613218446135,99.4874016083489,97.1099997631963,2.377401845152606,81.652,52.765940211575376,-13,0.0
401244170,2020-09-15,MERCURY,4.0,98.33802430334751,97.7076924243768,0.630331878970722,84.304,45.78561743846475,104.46701130873582,100.9313496957679,3.5356616129679224,81.752,49.25455773097087,MYSTICS,2.0,110.59764183193624,102.85089016893146,7.746751663004778,76.76,46.2201544060971,102.53432135803196,102.81787452538563,-0.28355316735368774,76.988,45.322229113181145,1,2.0
401244171,2020-09-17,LYNX,5.0,115.92373787731438,117.4495093451645,-1.525771467850126,77.752,55.00467438804153,110.39742459272281,108.19409402723711,2.2033305654856834,79.476,51.85270111473808,MERCURY,2.0,96.78583215618463,101.35226588412642,-4.56643372794179,81.944,46.079735085523566,105.84885458225699,100.95872947411767,4.890125108139311,81.188,49.65138312779627,1,3.0
401244172,2020-09-17,SPARKS,5.0,103.67697543356803,101.55224036304449,2.124735070523525,79.696,50.609374475831665,104.9668896933016,103.79953505336239,1.167354639939198,79.13199999999999,48.35191551871897,SUN,2.0,109.2211434033098,100.06266349646849,9.158479906841302,81.808,54.948386282822,102.36908010774853,95.84111402193096,6.527966085817572,80.956,55.196333133771574,-14,3.0
401244173,2020-09-20,ACES,7.0,111.03955691340431,99.5804201419924,11.45913677141192,81.912,55.3689605195312,108.63307193479872,98.41210364151708,10.220968293281661,82.14,52.49336358379183,SUN,3.0,102.8044687522287,95.03022015919618,7.774248593032522,82.152,54.49095874659012,101.75294382272605,95.49737483133946,6.255568991386579,80.536,55.123869365655636,-25,4.0
401244175,2020-09-22,STORM,9.0,111.83478551719057,99.98321145113644,11.851574066054127,83.41600000000001,50.57233357131937,106.18386802431743,97.55634661191291,8.62752141240452,82.012,49.97260006342423,LYNX,5.0,113.46893051207265,118.06730936237685,-4.598378850304198,78.072,51.1807205640877,110.83647335964858,108.12465264063151,2.711820719017068,79.632,51.535240797277766,2,4.0
401244176,2020-09-22,ACES,2.0,104.48128798014186,101.2876015702237,3.1936864099181577,82.072,52.72190169600178,106.50877374475104,100.15129292581982,6.357480818931224,81.932,51.11704382511914,SUN,2.0,104.07479395548073,93.62538993442334,10.44940402105739,81.576,55.37331168776659,103.43131477824122,93.50659286752574,9.924721910715474,80.3,55.144877769016986,8,0.0
401244177,2020-09-24,SUN,2.0,102.19868741559978,92.66268669406283,9.536000721536956,79.152,53.835118454421625,102.79168321443903,95.57738936960186,7.2142938448371705,80.71200000000002,55.079786158602325,ACES,2.0,101.66947394383803,98.03065443572555,3.6388195081124763,82.52,50.55796726977227,104.1690179666634,97.35731819306957,6.811699773593834,82.436,50.90349766463597,9,0.0
401244178,2020-09-24,STORM,2.0,110.94500746431234,98.86039628917105,12.084611175141285,83.736,50.74016573915154,106.39623934955162,96.79936803452259,9.596871315029022,82.228,51.56369318083314,LYNX,2.0,112.96614300969804,114.363885658139,-1.3977426484409563,78.08,48.37965955613014,111.06424084459532,109.657306647116,1.4069341974793148,79.26,50.591373853410815,10,0.0
401244180,2020-09-27,LYNX,3.0,110.44190555106377,113.68543911893467,-3.2435335678708865,78.49600000000001,46.014652014652015,112.1090622311145,111.5558846268472,0.553177604267303,78.436,50.67371404842707,STORM,3.0,109.1343827137409,98.08338846467203,11.050994249068893,82.608,53.848919054801414,109.57287276697541,97.76850843353239,11.804364333443042,81.104,52.89702651416648,-21,0.0
401244179,2020-09-27,SUN,3.0,103.22720629802238,89.66845597328083,13.558750324741549,78.71200000000002,54.6043492236524,104.16656168194181,96.40876961141787,7.757792070523936,80.26,54.62524070405688,ACES,3.0,94.1930197083507,96.40363903191378,-2.2106193235630855,81.464,49.9865386983437,103.04274057688608,99.44475323669704,3.5979873401890345,82.116,50.96096892900378,-9,0.0
401248413,2020-09-29,ACES,2.0,93.89841636069471,97.4006809738108,-3.502264613116094,81.68800000000002,48.489408962408,103.26867951318658,97.7114600596708,5.557219453515802,81.84,50.38404585208071,SUN,2.0,98.33045722103908,90.42895297413773,7.901504246901354,78.72,51.64344127913789,103.77580031217444,95.2458082353031,8.529992076871327,80.264,53.295913780979944,3,0.0
401244183,2020-10-02,ACES,3.0,89.6688830920503,92.89708487710126,-3.2282017850509646,81.048,48.98086195386099,100.35422000272732,96.23875250954683,4.1154674931804776,81.47999999999999,52.1749112366961,STORM,5.0,107.24335638563461,93.7900876797236,13.453268705911018,81.416,51.96118516706751,109.65979439873391,96.95491441826584,12.704879980468057,81.488,52.87623649337645,-13,-2.0
401244184,2020-10-04,ACES,2.0,94.39057625708656,94.87098017156424,-0.48040391447769365,80.624,50.714608083891946,99.4359321186142,98.07929087089397,1.356641247720232,81.348,51.71825488994686,STORM,2.0,108.98363620742536,98.11957014041879,10.86406606700659,81.952,51.10979197821303,110.02160944328382,97.47507160345009,12.546537839833736,81.672,52.3034810754198,-13,0.0
401244185,2020-10-06,STORM,2.0,115.06655677685967,100.45883208258786,14.607724694271795,81.112,50.054236422657475,113.4506711470251,100.22102176686215,13.229649380162959,82.264,50.31328499698842,ACES,2.0,97.20516529616539,102.91203209016719,-5.706866794001797,80.0,52.21187584345479,99.43731962000172,100.47134326294636,-1.0340236429446605,81.26,51.38492155661354,33,0.0
401320565,2021-05-14,LIBERTY,14.0,86.00744109989873,104.10228627286361,-18.09484517296488,81.112,49.592986791841824,86.38905928897273,100.88321592779869,-14.49415663882595,80.928,48.89842714225121,FEVER,14.0,101.162427331271,113.81600719350021,-12.653579862229199,82.39200000000001,48.42606209150326,99.38460158193581,113.48433483876954,-14.09973325683374,81.664,49.67244818205361,3,0.0
401320566,2021-05-14,DREAM,14.0,96.86457809439094,96.15943477807335,0.7051433163176085,82.4,52.53086570600202,98.28830434571887,98.54756337676926,-0.25925903105039366,83.896,51.19862026869029,SUN,14.0,95.46588718091698,91.886186693038,3.579700487878989,79.032,51.019138046139005,99.13517796657284,93.45820342611708,5.676974540455755,80.592,52.755048396364565,-11,0.0
401320567,2021-05-14,LYNX,14.0,106.32073370837293,111.0687402997042,-4.748006591331253,78.296,47.3968913968914,107.84751120557819,112.26967675550254,-4.4221655499243635,79.212,50.917829131251835,MERCURY,14.0,96.23463160498407,104.89476942662998,-8.660137821645886,81.592,47.91505254584103,104.49317969717033,99.85159601404304,4.641583683127297,81.372,49.52582046492017,-2,0.0
401320568,2021-05-14,SPARKS,14.0,96.90686599429569,98.26641429432019,-1.359548300024494,78.872,51.663392921154454,101.81254466644943,102.90775749343292,-1.0952128269835029,79.00800000000001,48.73687928683491,WINGS,14.0,105.95552488579884,111.43698252988766,-5.4814576440888345,83.104,44.59877803356064,106.0769166413836,109.21978371353546,-3.142867072151863,82.88000000000001,46.923048692933854,-23,0.0
401320569,2021-05-15,MYSTICS,14.0,110.34653610162609,101.2626407332933,9.083895368332772,75.07199999999999,45.505868691811386,102.78751249153822,103.07830138582744,-0.2907888942892143,76.5,45.84461717288264,SKY,14.0,105.41909768613758,113.09668693668868,-7.677589250551117,78.672,46.216806294984636,106.92965267473183,109.00969570663047,-2.0800430318986387,80.196,48.07425823825285,-14,0.0
401320570,2021-05-15,STORM,14.0,117.07379001565695,94.72012478247287,22.35366523318408,80.336,50.1773133457344,114.00939873998463,96.79026053582194,17.219138204162682,82.03599999999999,50.45873954244298,ACES,14.0,94.18562215212529,105.568862939215,-11.3832407870897,80.816,51.01187584345479,94.18932093023798,100.9862509855644,-6.796930055326394,81.14000000000001,50.49920727089925,14,0.0
401320572,2021-05-16,SUN,2.0,93.18937658535856,93.16516586564619,0.024210719712371542,79.024,51.90149098731548,98.63208527041965,93.39527790003476,5.236807370384881,80.3,53.63740133754103,MERCURY,2.0,97.01407884516348,101.40266142090869,-4.388582575745201,82.44,49.27251860918945,101.12968765001415,99.19724240451711,1.932445245497044,82.248,48.9488973879971,8,0.0
401320571,2021-05-16,FEVER,2.0,103.05198317906297,110.95097092319097,-7.898987744127981,81.936,50.46071156773211,99.79532936837315,112.83550572090209,-13.040176352528949,82.43199999999999,50.836831743697445,LIBERTY,2.0,89.92691438021448,103.18937415365158,-13.262459773437078,82.584,46.222553001887476,88.47495925904286,100.38954573822392,-11.914586479181045,81.784,47.73404358060738,-8,0.0
401320573,2021-05-18,LIBERTY,2.0,88.46595148915786,93.2592925725211,-4.793341083363228,84.696,46.843335727933365,84.35496133627846,95.61135140841414,-11.256390072135678,82.47200000000001,48.002663849227645,LYNX,4.0,96.9834795696324,105.47084788465835,-8.487368315025975,80.872,46.78639078639078,106.45360872347337,111.46017861491143,-5.00656989143805,79.312,50.89553258721615,11,-2.0
401320574,2021-05-18,MYSTICS,3.0,99.42348313606051,94.66189715203468,4.76158598402584,76.824,47.486260848674135,100.8009297259238,100.09756049099845,0.7033692349253385,76.49600000000001,47.3061556344211,MERCURY,2.0,95.5949169090366,103.08398914981626,-7.489072240779646,79.352,49.82710528515736,100.52540963043327,100.1189085370344,0.4065010933988731,82.224,47.600479008869875,-21,1.0
401320575,2021-05-18,STORM,3.0,116.86430645900971,93.80105255859101,23.06325390041871,81.87199999999999,50.22126938969045,112.99934458637532,95.94222051163152,17.057124074743804,82.24,52.035094222245924,ACES,3.0,92.77616146782583,109.67928483560402,-16.90312336777818,81.77600000000001,49.73715056872952,93.33728891426026,103.5399829047074,-10.202693990447136,81.732,49.11327976556875,-16,0.0
401320576,2021-05-19,DREAM,5.0,99.39626388228967,102.91541088519845,-3.519147002908761,81.056,49.969591196198095,98.25889676428933,99.11535193491503,-0.8564551706257006,81.828,50.16500682331213,SKY,4.0,104.23824499582838,105.7265188233182,-1.4882738274898486,79.90400000000001,45.55013962831797,104.48818344791535,106.23516508903768,-1.7469816411223036,80.428,47.57425823825285,-8,1.0
401320577,2021-05-19,SUN,3.0,95.99040630176134,91.96518907728682,4.025217224474514,78.984,52.88509754469253,99.09454685868056,92.31393788567483,6.7806089730057355,79.06800000000001,53.36010799955708,FEVER,3.0,96.95021950850901,101.69218838193919,-4.741968873430187,85.576,51.029621824142374,97.08071950555828,109.29284235212893,-12.212122846570633,84.288,50.58042148728718,21,0.0
401320578,2021-05-20,LYNX,2.0,94.63207865459476,105.96428759426627,-11.332208939671492,81.86399999999999,47.053725790567896,104.05050458333372,112.01579847832156,-7.965293894987845,79.96799999999999,49.1172231773278,STORM,2.0,113.79419332741104,99.75959913057959,14.034594196831453,81.98400000000001,50.22126938969045,110.51877485652282,96.77484340515159,13.743931451371234,81.7,51.09122727837898,-12,0.0
401320582,2021-05-21,ACES,3.0,99.72648189325369,113.43766488848344,-13.711182995229748,82.224,49.77873061030956,94.69768249265199,103.16737488279234,-8.469692390140356,81.636,49.37979628208527,SPARKS,7.0,90.57394508196558,98.3765033414941,-7.80255825952853,81.56,48.53597979374133,99.53285126129954,103.59198435321636,-4.059133091916823,80.244,48.0225935725492,28,-4.0
401320581,2021-05-21,MERCURY,3.0,103.11297436547277,99.3362893063251,3.776685059147667,79.688,52.32010248403691,100.72549933441015,98.52199086535094,2.2035084690591944,81.99600000000001,49.05285996125083,SUN,2.0,101.15836384807335,93.51438784411371,7.643976003959622,77.47999999999999,53.899590298315715,102.19278507304787,91.59142190869728,10.601363164350586,78.09599999999999,54.25196976098406,-17,1.0
401320580,2021-05-21,MYSTICS,3.0,95.61715504276336,98.21526467963254,-2.5981096368691796,77.816,47.295784658197945,101.16488562891546,101.35361186977084,-0.18872624085538803,76.984,46.50083350556956,LIBERTY,3.0,91.36547010955567,91.38303622465821,-0.01756611510254231,84.312,47.65536580312134,86.2889573741487,94.13726199338475,-7.848304619236053,83.248,48.20835047959666,29,0.0
401320579,2021-05-21,FEVER,2.0,94.4528993328166,103.49094910588198,-9.038049773065392,83.67999999999999,52.01512907051919,96.83803417752917,111.44243541292835,-14.6044012353992,83.30799999999999,50.644603681904165,DREAM,2.0,97.18016660283563,100.04537994716244,-2.8652133443268184,82.84799999999998,49.68264715028705,96.52467862451942,98.61943971531024,-2.0947610907908256,83.356,49.353934426873884,-4,0.0
401320583,2021-05-22,WINGS,8.0,107.24072073560244,104.37310156491958,2.867619170682846,85.832,50.48622392100653,104.96633437896885,106.61307670775633,-1.6467423287874752,83.16,49.548803220096836,STORM,2.0,112.90738456470729,99.13533168053648,13.772052884170813,82.112,51.09048789048789,110.94551038606633,98.62745091047762,12.3180594755887,82.03200000000001,51.10013993435046,-3,6.0
401320584,2021-05-23,SKY,4.0,102.79148921180786,101.17146503663136,1.620024175176468,82.392,47.283824532734585,101.09858786141284,101.7631976114603,-0.6646097500474483,81.936,47.90914015850062,LIBERTY,2.0,94.35240074867839,97.19328859705017,-2.8408878483717728,84.824,45.79621087354387,87.23062926864385,98.04499851275719,-10.814369244113351,83.168,47.66289593414213,-8,2.0
401320585,2021-05-23,FEVER,2.0,94.19129281545474,106.47436490493291,-12.2830720894782,82.664,52.69715672028876,97.13796390927358,109.46282947284412,-12.324865563570544,83.256,50.776361973589765,MYSTICS,2.0,100.58685791837726,100.57773855685154,0.009119361525711156,78.944,49.15493958777541,104.66710905251077,100.38354726063227,4.283561791878493,77.912,48.82436291733426,12,0.0
401320586,2021-05-23,ACES,2.0,102.68117511776377,106.82139332743347,-4.140218209669686,83.08000000000001,51.73779493779493,98.53587568742516,100.84618674949886,-2.3103110620736897,81.852,51.22620151084344,SUN,2.0,104.7290831109359,90.14689048054373,14.582192630392177,76.624,57.07907747780289,101.52977016598749,90.28792172734073,11.241848438646766,77.672,54.36125937847039,-7,0.0
401320588,2021-05-24,LIBERTY,1.0,96.47770621070566,96.76048136495231,-0.2827751542466331,85.808,46.607805076442425,91.24257365530221,100.43138381890796,-9.188810163605757,83.46000000000001,48.10039593414213,WINGS,2.0,104.91721550215235,104.32335891766824,0.5938565844840753,86.976,52.02403904705695,105.034703106742,106.61959336545699,-1.584890258714978,84.62800000000001,49.64806792597919,7,-1.0
401320587,2021-05-25,FEVER,2.0,93.0406456989314,99.14279633854656,-6.1021506396151635,83.992,53.26306424271803,97.1015365151012,106.4794017660234,-9.37786525092218,83.192,50.84456316711065,MYSTICS,2.0,96.32542669103916,101.28254225026923,-4.957115559230059,80.45599999999999,50.37060041407868,103.46153426148771,102.06671620960034,1.3948180518873599,78.60799999999999,48.295377410087895,-16,0.0
401320589,2021-05-25,SKY,2.0,100.99942118300977,99.29856906302962,1.7008521199801465,83.168,47.40663155027844,101.23703937011132,101.02593627817507,0.21110309193623636,82.98,48.01698329575553,DREAM,4.0,96.04676691686493,99.75384180136997,-3.707074884505039,81.16,47.925431530592654,98.25821043911404,98.78090749842178,-0.5226970593077297,82.356,49.27546886453736,-7,-2.0
401320590,2021-05-25,STORM,3.0,109.02862270914554,97.8553447409431,11.173277968202452,84.168,51.600291812056525,112.04758974300259,99.15708841176547,12.890501331237123,82.64,50.827264117357,SUN,2.0,106.68773960453704,89.63273084166917,17.05500876286786,76.88799999999999,60.41973681846224,101.07681339272702,90.75945876735359,10.317354625373424,77.96000000000001,55.719437432300616,3,1.0
401320591,2021-05-26,MERCURY,5.0,99.09583587705114,100.2292421329604,-1.1334062559092473,79.096,48.98676915070357,97.94083401661788,100.79075400854342,-2.849919991925519,80.52000000000001,47.53325211811357,ACES,3.0,96.7527937171893,99.44649004487016,-2.693696327680854,82.48800000000001,47.83303303303303,96.97897950667735,101.17926106751868,-4.200281560841326,81.244,50.02245443824391,-6,2.0
401320592,2021-05-27,DREAM,2.0,99.07858078201214,102.69757399510215,-3.618993213090036,80.312,45.92332404903311,99.87876138986978,98.91699964859244,0.9617617412773484,82.152,47.962827976727404,WINGS,3.0,103.40563214252734,101.8197532026099,1.5858789399174356,85.512,53.25021585532331,103.68822735852265,105.64569329820684,-1.9574659396841683,84.616,49.854273739019256,6,-1.0
401320593,2021-05-28,SUN,3.0,106.52605278466743,92.94529961889853,13.580753165768892,78.848,57.93346230865832,99.857714685013,93.05523274227235,6.802481942740632,78.936,54.917476647986895,MYSTICS,3.0,97.72654955283758,98.20222120063039,-0.4756716477928052,79.64000000000001,49.184159736112576,104.03654282723183,99.73243096696186,4.304111860269984,77.356,47.34501421396198,5,0.0
401320594,2021-05-28,SKY,3.0,96.20404157932533,98.04307099262061,-1.839029413295276,84.408,47.91487058144778,99.52719101028221,102.87869220534378,-3.3515011950615814,82.732,48.985534327976254,SPARKS,7.0,82.9798681902389,103.6214881714538,-20.641619981214895,82.55999999999999,45.43656458906297,97.36048972627779,105.25645232230004,-7.895962596022235,80.62,47.60768499308365,-15,-4.0
401320595,2021-05-28,STORM,3.0,107.03907449997068,103.38934782317851,3.6497266767921586,85.31199999999998,50.53362514538985,112.05643225781382,99.0547363028257,13.001695954988119,82.824,50.355469245562126,LYNX,8.0,91.14971844871388,104.70965634520321,-13.559937896489327,83.256,47.52458826143037,102.05793072920596,109.5367710016711,-7.478840272465142,80.66799999999999,47.95212390878025,10,-5.0
401320596,2021-05-28,ACES,2.0,103.6454704594372,96.88863409326672,6.756836366170506,82.0,49.46781564172868,98.91554630578125,101.22874851624086,-2.3132022104595977,81.408,50.23984574259174,FEVER,3.0,91.2903860388227,100.99365861081084,-9.703272571988132,81.728,52.120737797396465,97.17118460894285,105.9723147670009,-8.801130158058056,81.832,51.29072468256429,36,-1.0
401320598,2021-05-29,WINGS,2.0,104.37605179239259,102.48857744583563,1.8874743465569452,86.05600000000001,52.28654184817104,105.71052125316422,108.8630304792174,-3.152509226053205,84.236,48.438689323434836,MERCURY,3.0,99.33725776026408,101.71750108390592,-2.380243323641838,78.896,47.75833574835713,97.78594468262408,103.30613525526795,-5.5201905726438625,80.244,47.83669414709908,-4,-1.0
401320597,2021-05-29,LIBERTY,5.0,98.47580371001725,97.62010775275107,0.8556959572661753,84.0,48.78731846838681,94.20135904511588,100.40474095320133,-6.2033819080854515,83.292,47.504935735137146,DREAM,2.0,101.26463344243908,101.5975865126336,-0.3329530701945146,82.872,45.67133722988212,99.06460576841502,98.87851064535347,0.186095123061547,82.636,49.101101467942065,-3,3.0
401320599,2021-05-30,SKY,2.0,89.73580090311656,91.85300779801295,-2.11720689489639,85.43199999999999,51.50581515599892,97.57744929462706,102.47484736735082,-4.897398072723753,82.05199999999999,48.86131072549178,SPARKS,2.0,81.85130870598296,96.78020133850761,-14.92889263252466,84.376,43.24608839858678,95.97776160548162,99.67731403826079,-3.699552432779177,81.53999999999999,47.530880077569066,-3,0.0
401320600,2021-05-30,ACES,2.0,108.97175490498664,91.03341550969058,17.93833939529605,83.176,50.59335676726981,100.87395818640624,100.3563501726473,0.5176080137589366,82.476,50.165253667999664,FEVER,2.0,95.52581957462002,111.8086396187864,-16.28282004416639,79.768,52.16735784401651,96.23801954156451,106.7504140003628,-10.512394458798287,82.672,51.598489834079444,23,0.0
401320601,2021-05-30,LYNX,2.0,88.0785746941745,101.47150094474135,-13.392926250566848,84.256,48.4614424520159,99.26024012261914,107.57847003183801,-8.318229909218868,81.376,47.23804723333396,SUN,2.0,107.2044981386488,94.33542716559047,12.869070973058333,78.36,56.6320751712056,101.59745222020507,93.15030812143866,8.447144098766424,78.672,54.75858635794907,5,0.0
401320602,2021-06-01,SUN,2.0,100.14701455656729,94.38295094767577,5.764063608891533,80.864,54.102430902430896,100.65268920232032,93.94866939589474,6.704019806425578,79.172,54.001010600373306,ACES,2.0,109.54683065798501,90.02884677963388,19.517983878351124,83.61600000000001,50.37078125057665,104.63665627561934,101.73325583405867,2.903400441560687,82.92,50.0747559304431,7,0.0
401320603,2021-06-01,SKY,2.0,89.98527649069075,96.2640578021225,-6.278781311431734,87.24,54.04427669446045,97.11176074325957,100.99528831272036,-3.8835275694607914,83.572,49.797208161389214,MERCURY,3.0,105.43522910407789,107.19095664604431,-1.7557275419664051,76.712,48.880996871018255,101.2246539746207,104.29680903347648,-3.0721550588558033,79.576,49.07675774010385,-1,-1.0
401320604,2021-06-01,WINGS,3.0,105.590509930573,105.39948472190997,0.1910252086630379,85.65599999999999,50.24972242004726,105.77301740818591,108.41823362589881,-2.6452162177128984,84.38000000000001,47.42425022680395,SPARKS,2.0,82.88215121281134,93.79615055383832,-10.913999341026976,86.104,43.05091044221479,93.27956332318969,97.6741954584414,-4.394632135251726,82.9,46.83014245902323,10,1.0
401320605,2021-06-01,STORM,4.0,104.73137487432082,101.8762503256639,2.85512454865692,84.296,49.55281491084828,110.79784066666528,97.83865144212744,12.959189224537818,83.084,49.88704215026936,FEVER,2.0,95.78657808402195,111.80576552699941,-16.019187442977454,81.92800000000001,52.59361530352205,95.11973870841928,107.64835731644071,-12.528618608021423,82.804,52.30437218702061,15,2.0
401320606,2021-06-03,LIBERTY,5.0,100.46074585858754,102.0475913017897,-1.5868454432021566,85.128,47.932617613685956,94.4633486738727,97.6534419371554,-3.190093263282692,84.912,47.387976670809664,ACES,2.0,104.38650374886943,93.08783974952466,11.298663999344772,81.856,47.35490823470363,103.53383943331661,99.95461653847906,3.5792228948375424,82.46799999999999,49.54635158624929,-12,3.0
401320607,2021-06-03,MERCURY,2.0,106.11569260603737,105.59026149269725,0.5254311133401159,77.36,51.13964896573593,100.855304757537,104.33712532125676,-3.481820563719765,78.35600000000001,50.48337712544664,SKY,2.0,91.59469934385318,99.77602997018815,-8.181330626334972,85.232,51.469750949203004,97.19309427783051,100.47374750340977,-3.2806532255792518,83.812,49.376787740968794,3,0.0
401320608,2021-06-03,SPARKS,2.0,84.98916059424677,94.75383184590527,-9.764671251658498,86.576,40.29059829059829,90.94801329427123,96.51012307011273,-5.562109775841496,82.724,45.976995605876375,FEVER,2.0,94.67515503353448,113.4236266566733,-18.748471623138816,81.61600000000001,51.48502829761564,94.43322392449461,109.94899578080313,-15.515771856308508,82.14000000000001,52.0910925089522,35,0.0
401320609,2021-06-04,LYNX,5.0,90.39820279983773,97.43845763035873,-7.040254830520984,83.944,49.165783156356596,98.35946825410534,104.25359896503146,-5.8941307109261185,81.11999999999999,48.281337276624,DREAM,6.0,102.59559633233343,99.50143005330105,3.0941662790323647,86.728,49.13538951746382,100.99593010731155,101.20842046924975,-0.2124903619381982,83.89200000000001,49.55249035683096,2,-1.0
401320610,2021-06-04,STORM,3.0,107.40724920794915,96.89222662506265,10.515022582886505,83.752,50.50447079208162,110.60072126768009,98.32591287782112,12.274808389858979,82.868,50.362870090886034,WINGS,3.0,105.36160912032685,107.62130080570827,-2.2596916853814206,82.90400000000001,50.00796417828902,106.30116492796465,105.99720118531393,0.30396374265071274,84.36800000000001,50.24709404964778,3,0.0
401320611,2021-06-05,MYSTICS,8.0,104.05953759314271,102.30213993469548,1.757397658447232,79.55199999999999,48.33800588995873,101.74151036460161,98.48201854336506,3.259491821236536,78.18800000000002,47.912133369316436,ACES,2.0,109.00405904608667,93.10283691699513,15.901222129091556,83.96,49.9263368061322,102.878426381638,96.27466348093265,6.603762900705351,83.224,48.87968491958262,-3,6.0
401320612,2021-06-05,SPARKS,2.0,95.25411535853088,90.97120646450796,4.282908894022924,83.312,42.00020016413459,92.91403022024822,94.67385490300103,-1.759824682752803,82.43599999999999,45.26808997893796,SKY,2.0,90.41850285515667,97.53561991727808,-7.117117062121406,83.94399999999999,52.2662877457398,95.70896201908322,98.41709449015386,-2.7081324710706296,83.556,49.836459648009125,5,0.0
401320613,2021-06-05,SUN,4.0,96.73907439908156,93.76040147679278,2.978672922288797,81.384,51.56274836274836,100.73407875500874,91.95364597866825,8.780432776340486,79.00399999999999,54.320912920275624,LIBERTY,2.0,99.7783576753012,106.6847729252534,-6.906415249952218,84.912,47.40630182421227,95.57191389242844,99.03390457495581,-3.46199068252738,84.612,47.5308338136668,21,2.0
401320615,2021-06-06,STORM,2.0,107.85736016553403,99.57973298044992,8.27762718508412,86.144,49.422219709830536,110.38237236512066,99.3575323304932,11.024840034627466,84.128,50.25635380015922,WINGS,2.0,104.62685634552352,106.83298223937155,-2.206125893848042,84.552,49.660625242714794,104.77203592383792,105.57817057851992,-0.8061346546819834,85.76400000000001,50.84233214488587,-1,0.0
401320614,2021-06-06,LYNX,2.0,93.82206538108193,99.91357153418286,-6.091506153100932,83.224,49.77628376685722,95.40277247535717,102.69220970942061,-7.2894372340634535,82.048,48.281337276624,DREAM,2.0,104.84381121486656,100.48494669900369,4.358864515862871,85.976,50.75753431034032,101.0119889088511,100.26516332308306,0.7468255857680262,84.412,50.220090730313686,20,0.0
401320616,2021-06-08,MYSTICS,3.0,106.97089982867776,100.63594761847426,6.334952210203525,81.776,49.10352728839152,101.29402743572055,99.4256061490534,1.8684212866671728,79.796,48.199655973294725,LYNX,2.0,101.591634608304,99.99715144426241,1.594483164041597,81.976,50.14875340248474,98.11185663144938,102.98071951926434,-4.868862887814947,81.91999999999999,48.60123959652633,4,1.0
401320619,2021-06-08,MERCURY,5.0,100.68174169935637,104.78689522597733,-4.10515352662099,79.056,49.10501693110389,101.89735803241457,102.06159226615122,-0.1642342337366614,79.372,50.7125597075704,WINGS,2.0,101.60723959567444,101.82723704442671,-0.21999744875227806,84.36,50.56400309031888,102.5064358691009,101.82349512351831,0.6829407455825788,84.936,51.90710947282109,-4,3.0
401320617,2021-06-09,DREAM,3.0,103.69571901716078,105.55956317201876,-1.8638441548579663,86.24,51.87912239967035,99.87124296701286,102.65670248669434,-2.7854595196815026,83.7,49.90227696513149,STORM,3.0,102.7585665530232,95.40451249531084,7.35405405771238,83.792,49.19311754264787,105.89359463108437,96.62992861812697,9.263666012957417,83.97999999999999,50.39670467735219,-24,0.0
401320618,2021-06-09,SKY,4.0,86.80610526493675,93.53625724149688,-6.73015197656012,82.704,51.65069498402831,91.50507342213103,95.78966411705873,-4.284590694927698,83.556,49.782782782738046,FEVER,6.0,88.28023183589279,118.62499311364004,-30.34476127774725,81.6,51.907931600062774,90.66043876741209,108.88389472609329,-18.223455958681207,82.796,52.5854979213904,16,-2.0
401320620,2021-06-10,MYSTICS,2.0,102.32138402494277,102.08473275813633,0.23665126680644732,82.416,46.02660421146844,101.45412097166002,101.33123565749393,0.12288531416607924,80.68,47.59077189962193,SPARKS,5.0,96.48182945072077,84.4704189601216,12.011410490599172,81.84,43.605138435739526,89.73084882047985,94.0459535657877,-4.315104745307861,82.2,44.52085151240125,18,-3.0
401320621,2021-06-11,DREAM,2.0,98.15701858715599,107.50425977975883,-9.347241192602828,86.984,54.733620733620725,98.61779968458407,105.1009168874305,-6.483117202846432,83.648,50.328472391326926,STORM,2.0,105.56646492941641,92.91308379105831,12.653381138358105,82.60000000000001,47.438162587692915,106.30276971469354,98.15121580711842,8.151553907575131,83.956,48.98589386654138,-11,0.0
401320622,2021-06-11,MERCURY,3.0,103.64790803853995,104.15668543665159,-0.5087773981116271,79.648,51.788999615086574,101.37187195779555,102.19296378480598,-0.8210918270104373,79.372,50.38788438289507,WINGS,3.0,100.36627602690865,98.09708338283285,2.2691926440757952,83.46400000000001,52.90166542798122,102.37116390965062,100.29283041433425,2.0783334953163703,84.76,52.59410363807613,-18,0.0
401320623,2021-06-12,FEVER,3.0,88.40506341233727,118.37995335247123,-29.97488994013397,83.00000000000001,50.208670409276166,89.84772472557998,109.68680598164106,-19.839081256061053,82.364,51.16470410333631,SKY,3.0,94.91166352441175,93.76204312621068,1.1496203982010484,82.52000000000001,51.68732502065835,92.32373221376415,92.80752546211183,-0.4837932483476706,83.976,51.59657008832865,-4,0.0
401320624,2021-06-12,LYNX,4.0,101.71477529354804,98.27955806755752,3.4352172259905274,82.52799999999999,51.83173708546842,96.43224687113097,101.49460720638037,-5.0623603352494,82.892,49.6781626734494,SPARKS,2.0,95.83122036338816,91.82159828580455,4.009622077583614,81.32000000000001,42.45970729030839,88.84126453468556,94.30089981215608,-5.459635277470523,82.848,42.85289784444758,16,2.0
401320625,2021-06-13,SUN,8.0,101.28550386910133,94.52900997446027,6.756493894641062,80.4,51.65798645798645,103.98662173681919,92.08087040806473,11.90575132875446,78.644,56.038861638224354,STORM,2.0,107.56239633055336,94.53089163761157,13.031504692941786,81.904,48.07148247474415,106.14688560243708,98.20357098163774,7.943314620799353,83.1,48.812148692796214,-23,6.0
401320626,2021-06-13,DREAM,2.0,93.63511683312183,107.13036475444258,-13.495247921320749,85.61600000000001,51.96422796422796,97.44987513778047,104.3639756335381,-6.914100495757632,84.244,48.817782597055036,MYSTICS,3.0,105.00790940471047,97.289558173909,7.7183512308014715,82.656,48.37286351424948,100.66666804787482,99.28605021208912,1.3806178357857064,81.556,49.371731964164084,23,-1.0
401320627,2021-06-13,ACES,8.0,108.77762055037397,93.71442641353785,15.063194136836122,86.24000000000001,50.63079470376566,106.2115455049056,95.30153025340228,10.910015251503314,84.11999999999999,50.049305172747175,WINGS,2.0,99.2263163552811,91.37881595137182,7.8475004039092795,82.78399999999999,56.38776021842383,102.40841314292706,98.3891503366409,4.019262806286159,84.22,53.31874131923555,7,6.0
401320628,2021-06-13,MERCURY,2.0,99.31288533275423,103.0020226136947,-3.6891372809404714,78.976,50.6295793252315,99.32507154650915,102.3597618488003,-3.0346903022911547,78.936,49.193957536794315,LIBERTY,8.0,100.3983621128101,106.18236530747313,-5.7840031946630095,82.624,46.73963515754561,97.37538143074426,101.68782695226164,-4.312445521517391,83.724,46.26792301554474,-2,-6.0
401320630,2021-06-15,LYNX,3.0,103.63693673714518,93.71118111632912,9.925755620816066,82.592,54.56521256521256,95.85775571565985,97.59134103053523,-1.7335853148753912,83.424,51.51332750861424,SKY,3.0,96.74394267263017,93.98110279308818,2.762839879541974,81.664,49.45920830978302,93.36460958166046,95.12258029760534,-1.75797071594488,84.452,51.751742502121736,-16,0.0
401320629,2021-06-15,FEVER,3.0,90.89846585924388,113.667199770818,-22.76873391157411,81.22400000000002,50.595295278659655,93.21214271693195,112.73791969480219,-19.525776977870247,80.49600000000001,51.38132656133807,STORM,2.0,108.14480878271372,93.01669621585314,15.128112566860583,81.672,47.42216282805043,107.77602899533144,94.95446142045789,12.821567574873544,82.71200000000002,48.963316810066026,-17,1.0
401320631,2021-06-15,ACES,2.0,103.42794831728352,94.66185725008316,8.766091067200358,85.49600000000001,51.583175656146615,106.19985161113507,92.84763637988688,13.352215231248204,84.336,51.08826621170821,LIBERTY,2.0,99.07932125500362,106.22428397880171,-7.144962723798099,82.176,45.30373772164817,97.77851373285463,101.49238267187701,-3.7138689390223663,83.99199999999999,45.9557713990453,22,0.0
401320632,2021-06-16,SPARKS,4.0,94.34117747879323,95.07218654254999,-0.7310090637567697,78.592,41.71245454305564,88.61166434580228,94.43416854819415,-5.822504202391873,82.348,42.381682492635214,MERCURY,3.0,93.92714100001393,99.18296136243649,-5.255820362422545,81.792,49.506918202570375,99.68118505204592,103.18695900424038,-3.5057739521944753,79.252,49.193957536794315,5,1.0
401320633,2021-06-17,FEVER,2.0,90.11236956098982,111.72236449151576,-21.60999493052593,80.168,50.32638771563444,92.9494738225059,111.76406500925756,-18.81459118675169,81.048,51.46000150957824,STORM,2.0,108.0413765946168,89.27490319843756,18.766473396179236,78.46400000000001,48.75549616138376,107.94936838007543,94.42731808944373,13.522050290631677,82.304,49.08885793560715,-10,0.0
401320634,2021-06-17,MYSTICS,4.0,102.67765648854822,105.12995374055569,-2.4522972520074804,83.01599999999999,49.55930419221558,100.2021030206929,101.66608747059304,-1.4639844499001426,81.328,49.371731964164084,DREAM,4.0,99.44454381792397,108.02886081572441,-8.584316997800434,82.76,50.85311685311685,101.0200700751287,103.76514543451273,-2.7450753593840345,84.744,49.99425318529033,3,0.0
401320635,2021-06-17,SKY,2.0,101.80387576603606,95.08873528147382,6.715140484562246,81.71199999999999,50.24773877573284,96.69928755494462,97.43238262583097,-0.7330950708863625,83.47200000000001,50.85874486246792,SUN,4.0,99.09885630726605,97.7553447585348,1.3435115487312346,77.808,52.299794367590984,102.81245454596672,95.35032218871666,7.462132357250063,78.328,55.11662833812464,6,-2.0
401320636,2021-06-17,WINGS,4.0,97.3279968047428,93.69661888417514,3.631377920567658,84.176,53.12302495368857,101.34480296253483,100.6589598449417,0.6858431175931188,83.54,51.5654945659888,LYNX,2.0,103.19847242021126,97.95871735936423,5.239755060847014,85.048,53.37264169522234,96.7983376100245,97.69858749486147,-0.9002498848369853,84.496,51.26921242578946,-12,2.0
401320637,2021-06-17,ACES,2.0,102.10367582676662,93.81660516946265,8.287070657303966,86.28,52.99494036202897,105.82525324237581,91.92272597454826,13.902527267827542,84.94800000000001,51.6828608063028,LIBERTY,2.0,94.79847963821831,109.12308738834058,-14.324607750122269,83.496,43.452991452991455,96.63714167411777,103.37159757054583,-6.734455896428047,83.748,46.120154960689135,27,0.0
401320638,2021-06-18,SPARKS,2.0,99.5693143609225,96.3543740745309,3.214940286391621,77.86399999999999,43.91688025433066,92.27923747758464,95.55410296021807,-3.2748654826334387,82.22,42.10373927246447,MERCURY,2.0,94.35360427650258,101.16419595311888,-6.810591676616295,80.696,48.80676599556885,100.23464844126998,103.37722872290806,-3.1425802816380894,79.028,49.97320748065239,-14,0.0
401320639,2021-06-19,SKY,2.0,104.11609332155054,95.18987912641111,8.926214195139433,81.19200000000001,50.67342420141827,97.26729808835361,96.36274952184459,0.904548566509014,82.568,51.46985597357904,SUN,2.0,95.66627975648944,97.11634390187791,-1.4500641453884555,78.296,51.89808496588157,101.43538894756912,95.7258855337342,5.709503413834939,78.328,54.26508006854359,10,0.0
401320640,2021-06-19,MYSTICS,2.0,104.78500859590034,105.28675389735585,-0.5017453014555286,84.19200000000001,48.52310509719296,104.4222730945215,103.79444691602566,0.6278261784958517,81.872,48.430555493575845,FEVER,2.0,89.05988391653108,109.42806676195713,-20.36818284542605,80.23200000000001,49.35612167494587,91.8675194750328,111.42584670931521,-19.558327234282434,80.924,50.420574986280755,5,0.0
401320641,2021-06-19,WINGS,2.0,94.5922896838612,93.25694307821666,1.335346605644523,80.704,51.83602366668729,99.60957301469234,100.0449626587941,-0.4353896441017596,82.628,50.748324454701034,LYNX,2.0,103.31141804202824,95.59903737036747,7.712380671660756,84.768,54.342182664763314,98.56674171155508,97.75630445227516,0.8104372592799123,83.996,52.059233215810266,18,0.0
401320642,2021-06-20,SPARKS,2.0,91.27616370500598,100.8226009071366,-9.546437202130619,77.832,44.244749106789676,93.26513953176843,95.89690368582228,-2.6317641540538474,80.572,43.12247463546213,LIBERTY,3.0,92.61604473846373,112.08804185926788,-19.471997120804136,83.32000000000001,42.74592074592074,96.53839529852563,107.06781658052878,-10.529421282003145,84.224,45.33926917980335,-3,-1.0
401320643,2021-06-22,SUN,3.0,97.76733145218792,100.46621112383366,-2.6988796716457473,77.93599999999999,53.90503975972162,98.95717300437761,97.4245810357547,1.5325919686228928,79.4,54.00373533107626,WINGS,3.0,102.48005969402281,96.66870040533216,5.811359288690648,79.992,52.90460420895204,102.04364964484863,99.24796872487943,2.7956809199691848,82.176,51.73430364963546,10,0.0
401320644,2021-06-22,LIBERTY,2.0,91.67582833098777,107.63983872099297,-15.964010390005217,82.888,44.43822843822844,95.72709300314449,107.16230582312319,-11.435212819978718,83.9,45.92226513122036,SKY,3.0,110.24523610863858,97.51278429424968,12.732451814388886,82.01599999999999,49.56433697211246,98.52567068678766,95.52452076787327,3.0011499189143835,82.36,50.607515978070396,-20,-1.0
401320645,2021-06-22,STORM,5.0,109.78780032745817,88.37296604862264,21.414834278835535,79.56,50.919238851442245,106.2731834402407,91.88873927196673,14.384444168273959,81.676,50.05617819704506,MYSTICS,3.0,104.07141338511754,102.71852441906601,1.3528889660515204,82.61600000000001,50.188661392995755,105.52115660689765,101.67723601877013,3.843920588127523,82.196,49.64609434069364,-4,2.0
401320646,2021-06-23,DREAM,6.0,102.8160753631749,111.66720877478505,-8.851133411610167,81.648,51.57673963556316,103.82994328902073,106.07607773689438,-2.246134447873648,83.812,51.167136972951745,LYNX,4.0,96.5970838830577,98.35804716100995,-1.76096327795224,85.48799999999999,52.37481669739734,99.09435924568086,99.17759930263618,-0.08324005695532151,83.732,51.26178504994105,-2,2.0
401320648,2021-06-24,LIBERTY,2.0,90.0709831760624,104.66380915501313,-14.592825978950739,86.128,45.75354375354375,95.23467264443624,105.42308723124313,-10.188414586806875,84.376,46.24658945554468,SKY,2.0,107.70368588889309,94.50125010431461,13.202435784578473,83.912,50.4028678106433,101.30767470665242,94.13164661526267,7.17602809138976,83.216,51.045096415650825,-23,0.0
401320649,2021-06-24,SPARKS,4.0,91.83156134177861,103.36814277821277,-11.53658143643417,78.464,43.16972536509927,94.15669539624969,93.91928086916718,0.23741452708250108,80.152,43.3874319004194,MYSTICS,2.0,107.6802783147372,106.18292904884245,1.4973492658947294,80.32000000000001,51.66558446991884,105.00083116983997,104.13383090348938,0.8670002663505884,81.36800000000001,48.84609434069364,7,2.0
401320647,2021-06-24,FEVER,5.0,92.96627615846727,105.96001350582802,-12.99373734736073,79.85600000000001,47.68226490186562,90.62325399718002,112.29250330973403,-21.66924931255399,80.728,49.7950982509642,WINGS,2.0,99.8585932241643,97.82684504120594,2.0317481829583586,78.99199999999999,50.692753559601385,100.11243462553648,97.96196421201941,2.150470413517077,81.228,51.7972094937913,-25,3.0
401320650,2021-06-25,LYNX,2.0,101.21756649323103,101.58394497453664,-0.3663784813055912,82.80799999999999,52.58821620111943,101.46617089338955,99.93175152104708,1.5344193723424682,82.66799999999999,52.20997664329393,ACES,8.0,108.60949122479674,92.34130830523029,16.268182919566456,88.06400000000001,55.606772973861574,106.49799748683309,92.71457402737747,13.783423459455614,84.96000000000001,51.480840604282605,1,-6.0
401320651,2021-06-26,WINGS,2.0,102.86656221287521,99.06263991123782,3.8039223016373827,79.03200000000001,49.89220145470146,101.04643928407816,95.22072793130482,5.825711352773331,80.908,53.13998083656264,MYSTICS,2.0,104.88472659458405,109.49418655552438,-4.609459960940333,81.208,52.71062951496388,104.94631799964728,103.39187236471669,1.554445634930569,81.932,50.541746514606686,11,0.0
401320652,2021-06-26,DREAM,3.0,103.25681253271196,107.4343330200066,-4.1775204872946405,82.272,50.132570901071844,103.47626577493638,106.49694809601267,-3.020682321076303,84.256,51.0058466503711,LIBERTY,2.0,85.75513106303166,106.10988386195604,-20.35475279892438,86.48,46.8005523005523,92.41722615901763,106.16708392037887,-13.749857761361238,84.328,46.05214501110024,-23,1.0
401320653,2021-06-27,MERCURY,9.0,97.6264072219775,101.46942527842603,-3.843018056448537,78.52799999999999,49.75630825658652,99.15407446066693,103.1281602522017,-3.974085791534763,78.792,49.43066259384521,SPARKS,3.0,95.9193191490959,101.33403009272908,-5.414710943633182,78.72,42.124680320054225,95.87526975624203,96.57781418926682,-0.7025444330247836,80.02000000000001,42.2921938051813,9,6.0
401320654,2021-06-27,SUN,5.0,98.94290339231502,100.90366473749847,-1.9607613451834567,78.232,54.67388896607082,97.8409888956983,97.33203310714563,0.5089557885526702,79.808,53.11831866440959,SKY,3.0,109.10343695767388,91.55238923521998,17.551047722453895,84.304,50.814745205279316,102.92368981515202,92.7667460141541,10.156943800997935,82.984,50.13697675753117,16,2.0
401320655,2021-06-27,ACES,2.0,105.94948987377248,92.66114262160117,13.2883472521713,89.44000000000001,56.338480290934754,107.47677445992959,92.88198976929814,14.594784690631428,86.7,53.132408548533476,STORM,5.0,108.39754230622646,94.05671545017388,14.340826856052582,78.40799999999999,52.14086047306387,106.98200361782145,93.48489962061609,13.497103997205343,80.50399999999999,49.78951153037839,3,-3.0
401320657,2021-06-29,MYSTICS,3.0,103.22161697692897,104.63824704049395,-1.4166300635649862,81.736,51.59951840385277,102.9496367327386,104.88410039052482,-1.934463657786233,82.376,50.579411298034174,SUN,2.0,95.81127251197518,99.13579112082505,-3.3245186088498713,78.43199999999999,52.56277785495971,98.54838819053825,96.83240054764265,1.7159876428955954,79.416,52.11038215647309,-19,1.0
401320656,2021-06-29,DREAM,3.0,104.35943144349487,108.1300949578895,-3.7706635143946103,82.8,46.70767059092564,101.25822501532545,107.81717736882415,-6.55895235349872,84.892,50.720645662273185,LIBERTY,3.0,91.08533404099796,100.58457692244805,-9.499242881450098,86.648,50.60383098907689,92.94190683960814,104.85383215539431,-11.911925315786183,85.072,47.028411221034176,4,0.0
401320658,2021-06-30,WINGS,4.0,105.74830468637397,97.54361932648739,8.204685359886586,78.048,51.652663215163216,101.53815074555838,95.62011910533126,5.918031640227122,81.112,52.3878440844259,SKY,3.0,99.94329282399386,90.3175443167828,9.625748507211037,82.312,50.58177029488505,100.87358429501495,92.70313979912831,8.170444495886642,82.012,50.414754535308944,-10,1.0
401320659,2021-06-30,MERCURY,3.0,97.43722215867986,98.07202933147042,-0.6348071727905534,79.99199999999999,52.13899223927051,100.54256509860991,101.11435738406098,-0.5717922854510903,79.82,51.963995927178544,LYNX,5.0,100.58240633663517,104.7223204957636,-4.139914159128409,85.40799999999999,49.57079459833197,102.10967153689019,99.21675080604636,2.892920730843828,84.0,52.06800358177227,-6,-2.0
401320660,2021-06-30,SPARKS,3.0,98.24388357261769,101.6983644637389,-3.4544808911212015,79.98400000000001,42.67706127243518,96.29253052570546,98.38527550314446,-2.0927449774389855,79.28799999999998,42.194757907745405,ACES,3.0,105.02743664531378,91.76133290892881,13.266103736384995,90.08800000000001,54.173598758964616,106.90252859784388,92.73787966123334,14.164648936610558,88.164,52.40219673136513,-24,0.0
401320661,2021-07-01,FEVER,7.0,89.97933199505252,105.16931639160148,-15.189984396548956,79.896,47.40143462103535,89.19219770369489,111.77463487203636,-22.582437168341464,81.44800000000001,48.80505251515576,SUN,2.0,101.72123234142653,94.01701931773121,7.704213023695322,78.72,58.05430327868853,100.41004432434627,95.886182038133,4.523862286213278,78.26399999999998,55.17704882313975,-6,5.0
401320663,2021-07-02,SPARKS,2.0,91.73685317021557,101.85433148085708,-10.117478310641497,83.352,41.3858925169703,95.65308376556905,99.10435277769398,-3.451269012124938,80.60799999999999,42.651386385650476,ACES,2.0,106.79375984718031,89.98736583168804,16.80639401549228,91.272,55.22637576918843,105.11085408223191,92.3246115408856,12.786242541346319,88.384,53.404775712667515,-8,0.0
401320665,2021-07-02,STORM,5.0,105.36066964235772,94.55162648823524,10.809043154122495,81.992,52.0854204176238,106.46153298645557,94.5412590629234,11.92027392353214,81.94800000000001,50.078451446183976,DREAM,3.0,104.00579015770396,104.00326374640387,0.002526411300067366,82.672,47.50303738629243,98.82045349541289,105.56681425042322,-6.746360755010341,84.14399999999999,49.733632675260196,3,2.0
401320662,2021-07-02,WINGS,2.0,106.132975871802,97.25516951279039,8.877806359011595,79.47200000000001,52.330140692640704,100.36263277783159,95.25605629550353,5.106576482328059,80.088,52.08308217966398,SKY,2.0,100.6673908047949,90.24183799728304,10.42555280751186,83.672,50.15954807266283,102.39174206317273,92.71585856184707,9.675883501325647,82.432,50.41648613704054,9,0.0
401320666,2021-07-03,FEVER,2.0,89.97831113479398,105.65754281023992,-15.679231675445937,80.096,45.76838322220645,90.43838849701895,109.66237129052897,-19.22398279351002,80.66,48.18183925043305,SUN,2.0,104.87065305587403,94.13435493359763,10.736298122276391,78.43199999999999,59.55325506065917,100.26846640618174,95.62534941773778,4.6431169884439685,78.364,55.72567001327038,6,0.0
401320667,2021-07-03,LIBERTY,4.0,93.3029310048681,98.09049824864132,-4.78756724377323,82.896,52.707727092972995,92.95948787166591,105.0892700539546,-12.129782182288682,83.10799999999999,47.72682391944687,MYSTICS,4.0,99.11470998788097,106.119987122337,-7.005277134456011,80.12,46.481871345029234,101.94985929189065,105.70337050984642,-3.75351121795577,82.15599999999999,47.5024882211111,3,0.0
401320664,2021-07-03,MERCURY,3.0,101.45892596279074,98.94755349657152,2.51137246621922,80.304,50.9463098919196,100.38590564777249,100.97478805513312,-0.5888824073606258,79.64,50.78794460857554,LYNX,3.0,103.29622809813509,102.38998269768904,0.9062454004460563,81.824,52.03509919907233,103.24735025917316,100.17435002852663,3.073000230646535,83.436,52.70387044714734,-31,0.0
401320668,2021-07-04,ACES,2.0,100.71290008392016,86.91352204686227,13.799378037057892,89.48800000000001,53.375629500531716,101.40828795534338,90.36506360816244,11.043224347180928,87.884,53.18528493128034,DREAM,2.0,100.81140785182019,107.05346157716974,-6.242053725349533,82.728,47.19053738629243,100.12797583487209,107.54116119644706,-7.413185361574984,82.744,49.02182711970464,23,0.0
401320669,2021-07-04,SPARKS,2.0,90.11385352359032,98.73033060583394,-8.61647708224363,82.896,42.05631091677456,90.69500861429815,99.77646575648527,-9.081457142187125,80.364,43.15053001178212,STORM,2.0,105.21484284361641,99.52946789748114,5.685374946135283,82.44800000000001,52.90639499389499,106.67982581316508,96.27308205666714,10.406743756497933,82.06,50.16427891097271,-10,0.0
401320670,2021-07-05,LIBERTY,2.0,95.57266944917183,100.32958702694327,-4.756917577771435,82.208,51.70035090751461,93.6242488900798,103.98471287396812,-10.360463983888327,82.548,48.06928967287153,WINGS,3.0,106.68269218872142,100.2370290082459,6.445663180475515,79.92800000000001,50.02024932614555,104.5813759413721,98.45286470678903,6.1285112345830814,79.96,51.4624267675488,3,-1.0
401320671,2021-07-07,LYNX,4.0,106.44926754610064,100.95389266336204,5.495374882738602,82.02399999999999,53.463094358410764,104.88034279406443,98.27646501686476,6.6038777771996795,83.39599999999999,53.90263851158704,WINGS,2.0,110.12580245719508,101.63908410737282,8.48671834982224,82.304,51.91608265947889,104.99219784067968,99.73296457428937,5.259233266390299,80.648,51.30441810954013,6,2.0
401320672,2021-07-07,ACES,3.0,104.74961883728042,91.75143393389737,12.998184903383057,89.112,53.67012373868793,106.67955503103857,92.04637111956383,14.633183911474756,88.588,54.63844835627475,MERCURY,4.0,99.17121900987118,103.90130302896569,-4.730084019094511,79.096,47.938273152539566,96.54918000494254,101.54213219570107,-4.992952190758528,80.444,48.72259567755497,-9,-1.0
401320673,2021-07-07,STORM,3.0,105.64600213962622,101.57584590678822,4.070156232838002,81.6,52.52544261294262,106.84368936712151,95.42537455261288,11.41831481450862,80.032,50.64046938716319,SPARKS,3.0,91.49711058711061,101.96674363569194,-10.46963304858133,81.912,43.27242813289177,91.66433596444462,102.66744320695236,-11.003107242507749,80.18800000000002,43.221076748995515,9,0.0
401320677,2021-07-09,ACES,2.0,105.83890646282421,94.63696343604934,11.201943026774856,88.296,52.71114369434203,105.89419816829835,93.64905302882525,12.245145139473077,88.86800000000001,54.52481199263839,LYNX,2.0,108.82861366994182,97.46049085415885,11.368122815782986,81.688,55.281276176592584,102.71284877649978,97.9092690075844,4.803579768915372,83.588,53.82804643699497,-10,0.0
401320676,2021-07-09,MERCURY,2.0,100.76838987227654,102.13715304110093,-1.3687631688243784,81.38399999999999,47.75458697570271,97.56099707438956,101.6506744971099,-4.089677422720337,81.03999999999999,48.28067648563578,STORM,2.0,105.61942053409726,101.54926430125924,4.070156232837999,79.928,52.79894688644689,107.70361043077772,94.96111517494094,12.742495255836769,79.744,51.85909286894456,8,0.0
401320675,2021-07-09,FEVER,6.0,92.19046804926546,101.89525522313416,-9.704787173868695,78.96,46.888683974086156,91.15141880512763,106.80880985732495,-15.657391052197312,79.564,48.6075358448603,LIBERTY,4.0,102.50416991515506,101.88286444228966,0.6213054728654072,81.744,52.71836892553264,96.28757654560873,103.2733367986514,-6.985760253042666,83.93599999999999,49.23595633953819,13,2.0
401320674,2021-07-09,SUN,6.0,103.22343364969463,91.66816401251972,11.555269637174911,76.83200000000001,58.79829388723381,100.49538255094127,96.0671875681767,4.428194982764582,77.38399999999999,56.35166682347771,DREAM,5.0,100.81438798032335,111.6905415280572,-10.876153547733875,83.088,44.19550838877794,101.81523167174912,111.67887515142115,-9.863643479672021,82.36800000000001,47.88612401217055,12,1.0
401320678,2021-07-10,SKY,8.0,102.30398289916918,96.77608347037739,5.527899428791787,82.59200000000001,50.84003059663437,106.27460950390389,97.14443388231355,9.130175621590336,82.304,50.20218378437342,MYSTICS,7.0,98.72818403270396,107.66270343845144,-8.934519405747471,79.832,45.27062404870624,101.39979870891075,105.19061392875872,-3.7908152198479756,81.22400000000002,47.729642720851004,-4,1.0
401320679,2021-07-11,WINGS,4.0,107.56712648275871,106.97973113341993,0.5873953493387802,82.31199999999998,51.425462168858395,105.21684434781696,103.02118552232886,2.1956588254880813,80.672,50.658831811779926,ACES,2.0,102.74921839478111,94.6982188282195,8.050999566561611,85.14399999999999,54.645875629073956,103.88832752004745,93.22977586857415,10.658551651473303,87.61600000000001,54.409737194019286,-16,2.0
401320680,2021-07-11,LIBERTY,2.0,103.54038365490642,100.76998891077531,2.7703947441310985,80.904,53.29773400489771,94.64775735896903,103.43993638636569,-8.79217902739664,83.692,50.04914315272501,SUN,2.0,103.67863510220108,91.69014817357828,11.988486928622809,77.256,58.750945402385334,101.31076924725805,96.29690645553838,5.013862791719676,77.744,56.71241718422807,-17,0.0
401320681,2021-07-11,DREAM,2.0,97.51290972116541,110.86234240595813,-13.349432684792708,83.152,43.970679454271576,100.38486112693869,109.14833771298235,-8.763476586043675,82.712,47.05162517767172,FEVER,2.0,96.08712980675196,100.03448136870931,-3.9473515619573476,78.40799999999999,47.142652228054416,92.57350686164152,104.73127406533322,-12.157767203691698,79.32000000000001,48.24938695150014,-11,0.0
401320682,2021-07-11,STORM,2.0,102.4544076108311,99.3002698690096,3.154137741821498,81.12800000000001,52.79894688644689,105.42597495852878,96.67849265959174,8.74748229893704,79.768,52.469903679755376,MERCURY,2.0,101.28059183640035,104.28971462879042,-3.0091227923900816,81.952,47.33491484455517,99.45349952918892,102.87956995360824,-3.426070424419309,80.24,48.54561155057085,7,0.0
401320683,2021-07-11,SPARKS,4.0,85.88577712513884,100.3639501066207,-14.478172981481858,80.95200000000001,44.55447941494306,90.90254813711735,100.84899009967488,-9.94644196255752,79.836,43.33957986749864,LYNX,2.0,105.89960414364664,92.51529967576917,13.38430446787747,81.96799999999999,53.08186268685652,103.55858531843883,97.04962232515291,6.508962993285939,82.388,52.83503944398798,-25,2.0
401353913,2021-08-12,STORM,14.0,105.02179550581452,99.3382183597981,5.683577146016395,77.144,52.07633616383616,105.19123257408611,96.94492242401668,8.246310150069444,79.56800000000001,52.08087829072999,SUN,14.0,103.77807031021953,91.32153765596621,12.456532654253333,76.55199999999999,59.24802142577714,99.79467141109735,95.22866438839563,4.566007022701731,77.49199999999999,55.90539964036843,22,0.0
401320684,2021-08-15,SKY,14.0,100.70799566706702,100.65205246262545,0.05594320444158427,82.592,48.34943873895391,104.20584077798007,97.57665128347003,6.629189494510028,83.252,49.3761532747986,STORM,3.0,102.39290495040933,91.903056989268,10.489847961141313,76.864,50.15093293802971,103.80387389701286,95.71626244337457,8.0876114536383,79.65599999999999,51.52866396596236,2,11.0
401320685,2021-08-15,WINGS,14.0,105.49056610446368,111.5399276960043,-6.049361591540597,82.792,49.95290527461476,105.61943539541883,104.54177351124584,1.0776618841729941,80.41999999999999,50.80278424488899,SUN,3.0,94.37359525314389,92.25214101542137,2.1214542377225087,77.464,54.860924651583595,98.0474137972852,93.13458016657628,4.912833630708915,78.092,56.457613965136055,-21,11.0
401320686,2021-08-15,ACES,14.0,104.94000695202654,98.08950886076474,6.850498091261807,82.71200000000002,53.30519375263202,105.86688339960342,94.03843734622639,11.828446053377043,86.99199999999999,54.26578476091022,MYSTICS,14.0,94.92484837881226,104.0545326929572,-9.129684314144919,83.112,46.00986455503535,101.30256334677472,105.11873087089982,-3.8161675241250945,81.716,48.837724512477095,1,0.0
401320687,2021-08-15,MERCURY,14.0,98.92822056278499,105.84370752687637,-6.915486964091383,81.272,45.298551208191526,98.18272136073242,101.95786842917339,-3.775147068440968,80.63199999999999,48.71877172373102,DREAM,14.0,95.87411201333414,106.55400946419988,-10.679897450865747,82.44,43.36889485165693,100.1167717284145,107.34205221104469,-7.225280482630178,82.61999999999999,45.03828272129128,11,0.0
401320688,2021-08-15,LYNX,14.0,109.34590758995009,89.56234672281622,19.783560867133872,78.44000000000001,55.94471754491328,104.96415696329264,97.1423336092899,7.821823354002731,81.924,52.75775607162264,LIBERTY,14.0,93.79704169119114,101.11251417668682,-7.315472485495673,79.136,50.44182373742576,92.44118786609455,100.84854554956743,-8.407357683472885,82.892,50.522827363251324,10,0.0
401320689,2021-08-15,SPARKS,14.0,83.16153703888503,102.0497073496645,-18.888170310779465,79.328,44.15666520729278,90.70271030575137,101.87403590670169,-11.171325600950333,79.656,43.416863239863986,FEVER,14.0,95.56862219785566,95.61608436508013,-0.04746216722444387,79.264,50.07403130866734,94.26744917816147,100.78804893545406,-6.520599757292587,79.56,48.87814810526648,5,0.0
401320690,2021-08-17,SUN,2.0,94.81737194106391,88.35326620037586,6.464105740688052,76.08,56.06038556802564,99.84401249846897,91.24381056698675,8.600201931482221,77.256,57.8068203143424,LYNX,2.0,109.9624600034527,89.22351570619222,20.73894429726048,79.09599999999999,54.06692320810256,106.62934405079389,95.80674920194062,10.822594848853267,80.46000000000001,53.051011203587436,12,0.0
401320691,2021-08-17,SKY,2.0,98.59371172631394,103.39503097877892,-4.801319252464981,83.696,48.29754618706136,103.84857434199391,97.47371010699945,6.374864234994457,84.0,49.55614569617033,WINGS,2.0,103.74305594255816,113.35312085342625,-9.610064910868081,79.31199999999998,47.943381465090944,104.93801590718007,105.30414518310832,-0.3661292759282432,79.392,50.136761078865824,-4,0.0
401320692,2021-08-17,ACES,2.0,108.7223937810613,103.67384262444762,5.048551156613678,83.336,53.860165373401415,104.71764693249074,95.29368233565495,9.423964596835784,86.412,53.617897436966565,MYSTICS,2.0,95.91171341842448,103.64068236435382,-7.728968945929358,82.47999999999999,42.638972536256006,100.39822000650426,106.56743445993911,-6.169214453434845,81.84400000000001,47.67480102560994,10,0.0
401320693,2021-08-17,MERCURY,2.0,101.63100564577176,104.38441328931462,-2.7534076435428774,82.248,48.673671748210815,101.54496580428125,101.66598339294308,-0.12101758866182877,81.276,49.8099908200652,FEVER,2.0,97.33000471696501,92.49627712014825,4.833727596816766,78.992,51.13083999705497,93.65466835600877,98.83279675587487,-5.178128399866095,79.444,49.26613730904516,4,0.0
401320694,2021-08-17,SPARKS,2.0,85.29586255231442,97.6314880852755,-12.335625532961098,77.264,45.595634972130405,88.51635786126499,99.7429097830663,-11.226551921801297,80.308,43.49076374455036,DREAM,2.0,96.00603500657039,110.22449070068214,-14.218455694111753,84.048,43.066373843253565,100.00591258213717,107.113877223543,-7.107964641405843,83.36,45.284705614773,5,0.0
401320695,2021-08-18,LIBERTY,3.0,95.60030825393144,104.44620571636469,-8.845897462433232,79.584,49.24701854262056,94.45161962939979,101.268351982503,-6.816732353103231,81.24,50.97737281779678,STORM,3.0,98.7512096104841,91.34909033033111,7.4021192801529905,80.03200000000001,50.00441279150957,102.19860587505516,96.46246811855966,5.736137756495497,80.816,51.26492770222609,4,0.0
401320696,2021-08-19,SUN,2.0,94.87881385102958,83.75225460321535,11.12655924781422,77.128,57.86200500122402,99.05112375036211,87.71020930786754,11.340914442494565,76.97999999999999,58.330149444228915,LYNX,2.0,101.43138238912769,91.35233746676268,10.07904492236501,78.08,50.28965569949177,103.94032496761415,96.15311506506237,7.7872099025518065,80.05199999999999,51.87637502895126,11,0.0
401320697,2021-08-19,MERCURY,2.0,105.08123450517348,99.16187256467026,5.919361940503234,82.66400000000002,50.50151881425048,102.12622675752233,101.53158779681797,0.5946389607043614,80.88000000000001,49.21989598339503,MYSTICS,2.0,97.72359346991334,105.15029744365106,-7.426703973737733,82.824,42.537962435245916,100.47260522342114,104.89427224207252,-4.42166701865136,82.28,47.068740419549336,13,0.0
401320698,2021-08-19,SPARKS,2.0,87.90574949942592,97.02017358641525,-9.114424086989326,81.06400000000001,44.95837184954111,89.00980151150813,97.8752520961246,-8.865450584616479,81.97999999999999,43.50734138315783,DREAM,2.0,92.33967845464618,106.92764586809407,-14.587967413447908,85.72800000000001,44.16539069718615,96.57554315323318,106.9905537226319,-10.41501056939872,84.228,45.677964041739294,2,0.0
401320699,2021-08-20,LIBERTY,2.0,95.83891115777955,104.43642386405331,-8.597512706273758,79.59200000000001,49.439280018227386,95.7057903034757,102.3830054454983,-6.677215142022597,80.9,50.569815462871006,STORM,2.0,98.37944064509995,94.3064340124375,4.0730066326624295,82.06400000000001,47.74260442443804,101.99943058959859,97.92784915684838,4.0715814327502144,80.99600000000001,50.27077565544246,-16,0.0
401320700,2021-08-20,WINGS,3.0,97.853703771297,108.77812410306879,-10.92442033177178,79.94399999999999,49.82037239868565,102.2681979800092,104.50757655565735,-2.239378575648132,79.936,49.920310862415604,FEVER,3.0,98.44735168831625,93.16748340793852,5.2798682803777215,78.152,52.48519512757965,94.21283141155511,99.41251310908922,-5.199681697534108,79.124,49.12678917489306,-2,0.0
401320702,2021-08-21,SKY,4.0,103.47372206333652,105.128264506377,-1.6545424430404665,83.584,47.16479005430522,101.70850744366518,97.72290441157989,3.9856030320852853,82.94800000000001,48.87328017459514,LYNX,2.0,99.1410131984363,93.4707938372928,5.6702193611434835,77.064,48.8945727949749,103.98481343418905,95.46564234572583,8.519171088463235,79.376,52.087924485783745,-6,2.0
401320701,2021-08-21,DREAM,2.0,87.08132161966223,96.84870085389043,-9.767379234228205,83.736,46.58109705655448,93.94785479999278,104.26962119097384,-10.32176639098104,83.412,45.38830272266621,MERCURY,2.0,102.85779074726102,95.55577400359437,7.302016743666644,80.256,51.55629736902904,101.81309030976878,98.84646352234765,2.966626787421133,80.82000000000001,49.65544217236587,-15,0.0
401320703,2021-08-22,LIBERTY,2.0,92.28742985617683,105.48871462008374,-13.201284763906912,79.36000000000001,48.05832763727501,97.39579988566595,103.6857895311867,-6.289989645520753,80.55199999999999,50.38834828140382,SPARKS,3.0,86.52692445909813,92.52298031190956,-5.996055852811432,80.464,45.13153202270128,89.01201752310438,97.24486197380077,-8.23284445069638,81.188,44.201980077796534,-3,-1.0
401320704,2021-08-22,MYSTICS,3.0,95.14684571253072,100.87204048976396,-5.725194777233233,83.592,47.25591115319463,97.13077785020585,103.49601380605047,-6.365235955844622,81.85600000000001,46.86889124911193,STORM,2.0,104.14617742925861,94.04788831753098,10.098289111727638,81.88,49.856890138723756,103.30029252004485,96.67407909327031,6.626213426774568,81.504,51.32791851258533,-7,1.0
401320705,2021-08-24,LYNX,3.0,102.9945452712138,98.46900892767947,4.525536343534324,78.568,51.5893779897801,104.44707470743022,95.49215430172431,8.954920405705897,80.268,52.3356203383183,STORM,2.0,101.7542403181038,91.91967084376921,9.834569474334605,84.28,49.6743417634043,103.38801791195917,95.62894460178367,7.7590733101755,80.712,50.87533896362023,6,1.0
401320706,2021-08-24,DREAM,3.0,86.83467953314079,97.45244436629568,-10.617764833154885,83.28,44.856811951987694,92.17379462715311,104.15739338612691,-11.983598758973796,83.216,44.413745703129635,SKY,3.0,104.38947297908744,109.70701908513156,-5.317546106044134,83.584,45.2457424352576,102.52843189194118,99.9744285412073,2.5540033507338635,83.628,47.70264525396021,-7,0.0
401320707,2021-08-24,SUN,5.0,94.30505569749218,83.43903332875475,10.86602236873745,77.184,58.04496669361968,98.99184539984664,87.5645907511665,11.42725464868013,77.22,58.39795604800249,ACES,7.0,103.9908158995321,101.86824892498831,2.122566974543807,82.49600000000001,52.9596105291846,104.37021736840627,96.80984142944284,7.560375938963432,85.804,53.31486713393626,14,-2.0
401320708,2021-08-24,MYSTICS,2.0,93.6071661510708,100.19119664656606,-6.5840304954952416,84.792,47.8203607323331,96.16767509188739,103.92695004250875,-7.759274950621356,82.312,46.54549239051967,SPARKS,2.0,91.47254535226139,94.42646754146544,-2.9539221892040444,81.376,45.040737571251086,88.67916123870012,97.39520882404307,-8.716047585342952,81.164,44.79760849309707,10,0.0
401320709,2021-08-25,LIBERTY,3.0,94.27311059325734,105.00602572754045,-10.732915134283086,80.6,48.676594616197725,98.90674712408187,102.88800731915788,-3.9812601950759943,80.752,50.98716431054772,MERCURY,4.0,102.82107522805879,93.71923047165352,9.101844756405267,80.096,54.39573398874734,102.05083353222957,99.00447255022198,3.046360982007593,81.024,50.865324416651255,-27,-1.0
401320710,2021-08-26,DREAM,2.0,91.20998003454886,101.01381533957681,-9.803835305027956,81.91199999999999,47.672834147236514,93.5420460239415,103.78391240188834,-10.241866377946852,82.176,45.52086449944672,ACES,2.0,100.33818109074693,99.91931615256597,0.41886493818094267,79.664,51.88253543037037,103.08854377678556,97.27813979430766,5.810403982477899,83.97999999999999,52.2968395623562,-7,0.0
401320711,2021-08-26,SUN,2.0,95.26557233282286,85.28465294689684,9.980919385926006,77.47200000000001,58.296682940759254,99.5218213215212,88.30309530143153,11.21872602008967,77.012,58.7723521832682,SPARKS,2.0,92.6060896427515,91.5349177422602,1.0711719004912965,82.0,46.38241142802417,87.88381334081826,96.79231254596236,-8.908499205144084,80.664,45.26953831765847,4,0.0
401320712,2021-08-26,MYSTICS,2.0,94.09459522199248,98.98031661884971,-4.885721396857241,82.16799999999999,47.47059391021451,94.50972180040237,101.51742465590345,-7.00770285550108,82.64,46.74022923262493,WINGS,6.0,96.78173291254649,107.53083621584724,-10.749103303300748,78.00800000000001,49.83186665155922,103.45376768487077,104.58496016161003,-1.131192476739254,80.15599999999999,50.87397465551905,-5,-4.0
401320713,2021-08-27,LIBERTY,2.0,100.21770811189866,113.37321699764115,-13.155508885742478,81.16,48.77032208555605,97.0073749015449,107.24286558716399,-10.235490685619075,80.148,49.6060729114909,MERCURY,2.0,110.26621629388951,92.74528562589458,17.52093066799493,80.28,55.657668401366685,104.59721842833726,99.29449657638548,5.302721851951773,80.77600000000001,50.47810980477911,-16,0.0
401320714,2021-08-27,STORM,3.0,99.09177293155581,96.28717273673087,2.8046001948249426,84.64,51.80006550203126,100.74233894098258,94.09511486299945,6.647224077983128,80.75200000000001,50.975499220030486,SKY,3.0,101.52801257546923,102.69392074946725,-1.1659081739980082,84.648,44.646104285864986,101.9159977373192,99.7350021099223,2.1809956273968893,83.62,47.74306744124968,-4,0.0
401320715,2021-08-28,FEVER,8.0,101.71593684533714,97.52112851290367,4.194808332433476,77.82399999999998,51.877209646635926,96.95320244730131,99.70819186801891,-2.7549894207176093,78.39200000000001,49.382946810361034,ACES,2.0,102.80793915526306,98.13194022204489,4.675998933218162,79.912,52.14227569011062,102.77857877502208,96.4150795251322,6.363499249889887,82.52799999999999,53.394075659592296,-16,6.0
401320716,2021-08-28,SUN,2.0,101.28127400112511,84.85027455735084,16.43099944377426,76.36800000000001,58.00453443193394,97.82743462713451,88.55120778638612,9.276226840748384,76.91600000000001,56.43272954175876,SPARKS,2.0,93.05264198776877,94.29337103259279,-1.2407290448240331,81.0,45.32481460577988,89.17425227004159,95.96242955893415,-6.788177288892565,79.132,45.460224788955145,15,0.0
401320717,2021-08-28,MYSTICS,2.0,94.67414622248052,100.6686599982619,-5.994513775781388,80.56,46.50815259566052,95.29292982045249,102.15467118130788,-6.8617413608553735,81.52000000000001,44.57356256595826,WINGS,2.0,97.79349168698704,105.72566214502149,-7.93217045803446,77.82399999999998,51.195503015195584,102.68030908487287,106.35269663922072,-3.67238755434784,80.068,51.310482592026986,1,0.0
401320718,2021-08-29,STORM,2.0,96.81114387489194,94.51549322810983,2.2956506467820956,83.272,50.785463665511614,97.78117674268802,92.93229177922046,4.848884963467543,81.652,50.39493822851059,SKY,2.0,99.67938759501664,98.97268827148845,0.7066993235281785,83.76,46.47027629904342,100.19369163104183,99.81237036705696,0.3813212639848814,83.176,47.40985751899866,-32,0.0
401320719,2021-08-31,FEVER,3.0,98.03236196611009,101.0051334616488,-2.9727714955387143,78.64,51.71985975015558,97.05974588643102,100.51980741517906,-3.4600615287480307,78.524,49.431255989105,SPARKS,3.0,91.81464973846963,98.297344040908,-6.4826943024383725,76.70400000000001,42.53990288828389,89.86019961894777,97.65875881366163,-7.798559194713849,78.88399999999999,43.7491373689125,2,0.0
401320720,2021-08-31,MYSTICS,3.0,92.7471082501305,96.05497161189474,-3.307863361764248,80.752,45.57741666492459,95.23535086002191,100.6026345277729,-5.367283667750991,81.78800000000001,44.05768955008524,SUN,3.0,98.44718441214862,84.03262705874548,14.414557353403149,77.624,59.433105860505364,96.63227817660626,86.19294662956067,10.439331547045601,76.852,57.7467457142655,-10,0.0
401320721,2021-08-31,LYNX,7.0,98.999392312586,99.60686233601658,-0.6074700234305851,79.656,48.945409935975974,104.17264995126804,94.5846045294164,9.588045421851643,79.048,52.44506374044463,LIBERTY,4.0,95.3821909249172,109.80149099803717,-14.419300073119965,82.34400000000001,49.13887245410642,95.49124958942433,107.12384835720093,-11.632598767776598,80.96400000000001,49.192945498363486,8,3.0
401320722,2021-08-31,MERCURY,4.0,107.57672628397025,88.82081388628691,18.755912397683336,80.11999999999999,55.60997364778958,104.603865964871,96.60261358780078,8.001252377070228,81.184,52.141822698000205,SKY,2.0,108.71458678661415,100.11141809970293,8.603168686911223,80.63199999999999,49.213739732162026,103.65414925646405,101.7532245392409,1.9009247172231212,82.164,48.75564295961169,20,2.0
401320723,2021-09-02,WINGS,5.0,98.08994123064397,102.39647069538321,-4.306529464739265,76.752,53.699805941185254,101.79025366755383,106.96819919569376,-5.177945528139931,79.772,51.826355607900005,DREAM,7.0,90.008357906598,99.0014669918776,-8.993109085279608,80.816,47.09223827252299,93.00719645658418,104.61297884627986,-11.60578238969568,82.43199999999999,45.07930605788828,4,-2.0
401320724,2021-09-02,LYNX,2.0,94.21632862618111,95.46524410203021,-1.2489154758490912,80.72,48.65360297750235,102.0893943148169,92.34437990411121,9.745014410705695,79.90799999999999,51.36026309280246,SPARKS,2.0,93.65698850463971,101.22021799598204,-7.56322949134231,76.52799999999999,39.62259420826335,90.09195648186892,96.8715991539458,-6.7796426720768705,78.496,42.377063115482315,9,0.0
401320725,2021-09-02,ACES,5.0,100.45391712004387,95.8484613933481,4.605455726695775,80.208,52.795322660601286,102.69696203603522,96.96898512705643,5.727976908978791,81.46000000000001,53.05025820661665,SKY,2.0,109.97922071986594,105.47136917431415,4.507851545551793,81.048,50.45429022644386,106.72647139160124,105.29981684034556,1.4266545512556632,82.316,48.809540140374544,7,3.0
401320726,2021-09-02,STORM,4.0,97.25893703799917,102.11140960060654,-4.852472562607363,82.024,49.24886354451948,97.81918884154956,98.20892180652203,-0.3897329649724668,82.04400000000001,48.49573398447876,LIBERTY,2.0,90.54759533554257,107.8785470212274,-17.330951685684834,82.96000000000001,47.64439552103299,93.19325324666106,106.15748544264036,-12.964232195979298,81.276,48.54183776963019,10,2.0
401320728,2021-09-04,LYNX,2.0,96.67102612248036,92.348620038059,4.3224060844213685,79.952,52.136508960408335,99.05120425580402,91.85047875241084,7.20072550339319,79.01599999999999,51.21308232995004,MYSTICS,4.0,97.34534841114653,100.17100230345267,-2.82565389230613,79.224,43.756019671113805,96.24609706183864,100.52152139660832,-4.275424334769681,81.408,45.50596541215422,18,-2.0
401320727,2021-09-04,FEVER,4.0,99.77854496255101,104.82897008548241,-5.05042512293142,76.264,52.53513544206719,97.67358358020334,100.22252722528127,-2.5489436450779324,77.76399999999998,51.30458337536727,MERCURY,4.0,113.21174376689801,90.37941493917376,22.83232882772424,79.464,56.46869374592902,109.14648913603574,94.77064375192201,14.375845384113736,81.064,53.48510628008976,-22,0.0
401320729,2021-09-05,SKY,3.0,108.60323416346701,104.43996930270809,4.163264860758926,79.872,51.25408901920041,106.49635357127723,107.07349419391983,-0.5771406226426038,81.728,48.24991572722901,ACES,3.0,100.95091946603397,94.94458906154979,6.006330404484174,80.96000000000001,53.07701280144636,104.83665662354763,99.30921584299871,5.527440780548926,82.148,53.46858908742388,8,0.0
401320730,2021-09-05,WINGS,3.0,100.78284920627468,98.2553624912616,2.5274867150131,77.432,57.01149425287357,102.26295257441643,105.80424167234392,-3.5412890979274905,78.372,52.47743785898225,DREAM,3.0,90.61039209992751,99.57492069517154,-8.964528595244058,77.53599999999999,45.13689024975925,91.47503527728684,103.25128328163282,-11.776248004345984,81.632,44.6511404734727,-5,0.0
401320731,2021-09-06,FEVER,2.0,99.01466616772399,108.46564732276443,-9.450981155040434,75.8,52.67197754733036,98.1723354423445,100.48096222145634,-2.3086267791118344,77.396,51.90140877219267,MERCURY,2.0,114.74394265157193,89.81489964547043,24.92904300610151,80.232,54.78664246387774,108.80086669941647,92.6853368245324,16.11552987488408,80.244,53.17146991645338,-5,0.0
401320732,2021-09-07,WINGS,2.0,96.93855286704934,96.62298540249503,0.31556746455429163,77.352,55.66801015076877,97.39612831917317,102.70055475278191,-5.304426433608744,78.648,52.744191274727214,SUN,7.0,103.42725088669911,89.31987313833812,14.107377748360985,76.47200000000001,60.99809259790591,99.15303236886436,86.53606387077674,12.616968498087603,76.8,59.43004879956495,-27,-5.0
401320733,2021-09-07,STORM,5.0,93.98195627604427,100.31696737231616,-6.335011096271887,81.84,48.80730510296103,99.06406685265145,97.18242784492358,1.8816390077278755,81.86,49.3320976208424,MYSTICS,3.0,98.03555550003838,103.6892852636013,-5.653729763562936,77.912,43.73951529745479,95.82136082555459,101.94024095508368,-6.118880129529089,81.352,45.77993801489394,34,2.0
401320734,2021-09-08,DREAM,3.0,92.01103634628757,99.129147541214,-7.118111194926437,77.464,44.489032360522046,89.54617898297491,97.98892419755222,-8.44274521457732,80.6,45.535064708538265,MERCURY,2.0,117.90702287085719,95.36557936135262,22.541443509504578,78.52799999999999,51.383271417929926,110.36404904945798,94.54240491650306,15.821644132954921,79.312,52.889502703338636,-1,1.0
401320735,2021-09-08,ACES,3.0,99.10626273259132,97.57344769133519,1.5328150412561143,80.672,51.73155825599181,101.5485393160617,99.72084830816175,1.8276910078999606,81.584,52.34558439258821,LYNX,4.0,101.13472806216876,89.38553205838612,11.749196003782634,80.84,53.97160846932536,100.13787063030253,91.42816294783947,8.709707682463058,78.952,51.433090632150126,21,-1.0
401320736,2021-09-09,SPARKS,7.0,87.48653871459223,98.10145736640784,-10.614918651815628,75.55199999999999,39.153559599884474,89.47954203342681,96.26396245393664,-6.784420420509837,78.464,42.09714858556778,SUN,2.0,104.44098857462032,86.08516603621267,18.355822538407644,75.904,60.77538922642431,99.37302213605626,84.76209968248371,14.610922453572545,76.54400000000001,59.41017796002198,-18,5.0
401320737,2021-09-10,MYSTICS,3.0,94.91138960248787,111.29209430420198,-16.380704701714123,79.11200000000001,41.08563483358324,94.50299241224016,105.13620546152586,-10.633213049285683,80.64000000000001,44.27811437189888,DREAM,2.0,93.56854931581567,97.12107992292879,-3.5525306071131126,77.44,47.56973882151019,90.20161442447824,97.28676214461223,-7.085147720133999,80.36,46.21327538674894,8,1.0
401320738,2021-09-10,LYNX,2.0,97.4955543003956,92.24280989971895,5.252744400676647,79.976,52.32288048498094,100.2450497858047,95.35590941369921,4.889140372105485,79.272,51.956129237380516,FEVER,4.0,99.792038605752,109.53962034145673,-9.747581735704722,75.448,52.42495306945027,99.11969514703412,101.35355187469762,-2.2338567276635004,76.8,52.45507409851497,17,-2.0
401320739,2021-09-11,WINGS,4.0,90.17748401852245,96.49361881982455,-6.316134801302115,77.44,53.847772728496295,93.47960846553447,102.0122275178359,-8.532619052301431,77.724,51.83981969002775,LIBERTY,9.0,89.4180552756799,105.40040906703044,-15.982353791350544,82.256,48.08595396259143,90.85274256592837,105.44456184355708,-14.59181927762873,80.808,48.07214079993322,1,-5.0
401320740,2021-09-11,MERCURY,3.0,110.74027113888806,94.61853785344154,16.121733285446528,78.32000000000001,50.583097467071035,110.50324371638881,93.68191173966805,16.821331976720728,79.3,53.12038293421887,SUN,2.0,104.31390816598432,84.86212371417216,19.451784451812152,75.8,62.020061008180484,99.78974024940358,85.07338833053451,14.71635191886908,76.636,60.158371974469866,-9,1.0
401320741,2021-09-12,SKY,7.0,111.0050694969494,106.51362282553794,4.491446671411478,79.26400000000001,51.798381256643324,106.26654103620933,104.6037717875026,1.662769248706735,81.95599999999999,48.22224277125416,MYSTICS,2.0,95.27764261868917,108.23728114080559,-12.959638522116407,79.8,43.32701414392807,94.97589442058485,104.45297056953375,-9.477076148948898,80.18,44.91758336979429,-8,5.0
401320742,2021-09-12,LYNX,2.0,100.79092068213077,92.80683534886029,7.984085333270471,79.912,52.549986712087176,99.89515649735839,96.20684884243845,3.688307654919943,79.78399999999999,50.747698324031575,FEVER,2.0,95.23076206212137,109.96460487219517,-14.7338428100738,76.56800000000001,53.05549494137146,98.47334945372924,103.74286669254941,-5.269517238820161,77.196,52.466352294003684,10,0.0
401320743,2021-09-12,SPARKS,3.0,86.26970846087374,99.38320015608004,-13.113491695206298,74.0,37.39401367625187,89.43789905181262,95.45905894917011,-6.021159897357501,78.0,41.88821255213802,STORM,5.0,99.82097392479245,99.49449549582226,0.3264784289701879,81.03999999999999,50.55122995491121,100.78760712144813,95.70708316979574,5.080523951652397,82.66,50.11278585915775,28,-2.0
401320744,2021-09-13,ACES,5.0,106.06587114810327,96.00080406998212,10.065067078121155,83.024,52.8989197807089,103.20202611942508,97.96006011127405,5.241966008151048,81.344,52.39072760553963,WINGS,2.0,89.21109042982431,96.55396779078686,-7.342877360962541,77.19200000000001,51.91794816709279,93.50229105840567,101.13981496790419,-7.6375239094985,77.50800000000001,51.556725591144186,10,3.0
401320745,2021-09-14,DREAM,4.0,91.85997530668263,95.63341409913689,-3.773438792454263,77.752,46.58406727372245,91.53497767061575,98.32361471935685,-6.78863704874111,79.83200000000001,47.12845071047948,FEVER,2.0,98.9251932901412,112.39982551096386,-13.47463222082266,75.36,52.23325300111709,98.47877762812564,106.70247948630633,-8.223701858180686,77.0,51.976556375636335,7,2.0
401320746,2021-09-15,SUN,4.0,105.31998887355758,84.43327381163806,20.88671506191951,75.072,60.699306291199356,103.30063143734132,84.64177418449445,18.658857252846886,75.72,59.351920361566634,LIBERTY,4.0,91.61724437333427,107.19940874169126,-15.582164368356993,79.04,46.8737020212627,92.94517748329581,106.10271723461585,-13.157539751320039,79.82000000000001,47.77514831873022,29,0.0
401320747,2021-09-16,DREAM,2.0,96.36523101721426,96.61885982381851,-0.25362880660425163,76.952,47.45878079549479,93.18679446190613,97.81016340784807,-4.623368945941929,78.88399999999999,47.27550953400889,SPARKS,4.0,89.29020886687142,93.67227284336505,-4.382063976493623,73.576,40.09938377784839,91.17142542732009,93.98282193797891,-2.8113965106588283,77.288,42.712099191814126,-6,-2.0
401320748,2021-09-17,FEVER,3.0,98.14120725302092,113.96052525201176,-15.819317998990835,76.728,49.307031665125066,98.95987610778596,109.3947476687471,-10.434871560961128,76.49600000000001,50.92108355359613,LYNX,5.0,107.18193562176279,98.43454885724444,8.74738676451835,78.136,53.76943745534744,100.69913212397196,96.94989647963732,3.7492356443346297,79.428,51.21152021642489,-19,-2.0
401320749,2021-09-17,LIBERTY,2.0,86.7056532466618,101.82883070016594,-15.123177453504141,81.352,44.95125019864835,93.46168067928025,107.60102384890354,-14.139343169623311,81.256,46.86078614210221,MYSTICS,5.0,97.0437998969717,108.20636507435401,-11.16256517738231,78.944,46.075931892845816,94.89545407355111,102.13066834312438,-7.235214269573279,79.848,45.82667427888521,11,-3.0
401320750,2021-09-17,SKY,5.0,110.87581030047542,109.30576273625726,1.5700475642181657,78.928,50.507389143733405,105.27759894774604,104.13922550387288,1.138373443873172,81.344,48.48883272138842,ACES,4.0,108.43904879834406,97.55471720612363,10.884331592220423,82.55199999999999,50.7711845022887,105.62349397680354,97.84332871408427,7.780165262719292,81.232,51.45673009619966,-33,1.0
401320751,2021-09-17,STORM,5.0,96.932807363816,102.72261956478708,-5.789812200971076,79.56800000000001,48.65379405747531,98.0122901476859,99.50489615075897,-1.4926060030730668,82.104,50.22692977975329,MERCURY,6.0,110.27243191522572,100.55768248353084,9.714749431694893,75.976,50.0425569265305,108.92457909959799,94.68924818490889,14.235330914689115,78.048,52.82626528716004,9,-1.0
401320756,2021-09-19,SKY,2.0,99.96668090927118,114.71207590103863,-14.74539499176747,80.088,43.851171797860886,104.34063384794266,107.41174700037077,-3.071113152428123,80.36,46.532455765011456,FEVER,2.0,98.85495046793372,113.55557323943694,-14.700622771503225,77.928,48.7700453637552,98.93480831782885,111.01061028110068,-12.07580196327183,76.864,50.72101145554277,11,0.0
401320755,2021-09-19,WINGS,6.0,88.6987044849649,98.31092605760855,-9.612221572643628,77.608,50.73399513382469,93.39432285780444,100.35369837649588,-6.959375518691447,77.17999999999999,52.21690053750497,SPARKS,3.0,91.27212881319626,89.94679303334686,1.325335779849405,74.816,42.92454369256054,91.54338927583294,94.12206853712743,-2.5786792612944835,75.76,42.73222329042221,3,3.0
401320754,2021-09-19,MYSTICS,2.0,96.77161212478396,107.98130234929131,-11.209690224507355,80.144,48.211638233224015,97.05848026796524,104.076152326372,-7.017672058406743,79.684,45.98382895216891,LYNX,2.0,110.6643736807587,99.93333259551747,10.73104108524122,80.6,51.96197931227285,103.66769990161951,96.14097631678823,7.526723584831293,80.276,52.0492441363406,-6,0.0
401320753,2021-09-19,MERCURY,2.0,108.64387808259453,106.55333389060714,2.090544191987385,74.08,50.62927849112134,110.92781092474627,98.46637441489045,12.461436509855812,76.772,53.54898611852518,ACES,2.0,112.16558082676288,97.21508479101952,14.950496035743356,82.648,53.99911599108975,106.30974897340336,96.53177309218381,9.777975881219565,81.428,53.397219325845526,-1,0.0
401320752,2021-09-19,SUN,4.0,108.24947217701144,84.5704717904431,23.679000386568354,76.96000000000001,60.00923365197417,103.34832829458003,84.30154942459428,19.04677886998575,77.292,59.721169756239775,DREAM,3.0,95.90967332271902,96.65276687911107,-0.7430935563920571,77.34400000000001,49.373880621042375,93.26003271132326,98.11384378714132,-4.853811075818058,77.44,47.25538543540081,20,1.0
401370430,2021-09-23,SKY,4.0,102.31523840947096,109.24126554381016,-6.9260271343391935,81.08,44.904993597951346,106.14722956466844,107.35631735906216,-1.2090877943937002,81.064,47.6796419121976,WINGS,4.0,91.9665098553954,101.8651124977267,-9.898602642331294,78.072,49.18054858037814,96.37467953083504,100.06023749449415,-3.6855579636590976,77.752,53.09602141662585,17,0.0
401370431,2021-09-23,MERCURY,4.0,108.50134019752507,112.2029934053729,-3.701653207847835,73.44800000000001,51.02927849112134,111.6226414245485,101.00894652542166,10.613694899126838,76.84,52.907960477499536,LIBERTY,6.0,94.59653388119743,103.02970048717532,-8.433166605977883,80.384,46.459532674672765,94.98936240305731,106.41559574260623,-11.426233339548924,81.364,47.79920256438959,1,-2.0
401370432,2021-09-26,LYNX,7.0,108.61714045342333,100.85901909396239,7.758121359460932,80.256,53.16827659299255,104.87593425779603,95.12227557617425,9.753658681621783,80.548,53.56994253115895,SKY,3.0,102.66885514872013,103.52661804756742,-0.857762898847281,80.416,47.35432372505544,105.63604465609357,103.98329367513774,1.6527509809558225,80.144,49.30420637212792,-13,4.0
401370433,2021-09-26,STORM,9.0,105.28245404066854,107.76185116651865,-2.479397125850119,77.904,48.304242805703936,101.04679895778024,101.13867219731426,-0.09187323953401147,80.58800000000001,49.54485323560778,MERCURY,3.0,106.14291424290741,111.00292960489794,-4.860015361990511,74.4,51.79927352341146,112.0249685568823,103.18425448312527,8.840714073757033,76.464,51.59127247067069,-5,6.0
401370434,2021-09-28,SUN,9.0,107.086459030753,80.89012656942191,26.19633246133111,77.55199999999999,58.95397814719644,105.25685495872608,85.10499985388002,20.151855104846046,77.012,59.976035372551166,SKY,2.0,100.83963695719144,100.554266870541,0.2853700866504397,81.152,48.43311160384331,105.92235322707043,103.53394484803948,2.3884083790309587,80.208,50.11574643024332,-6,7.0
401370435,2021-09-28,ACES,9.0,112.63859477461006,99.07742560363323,13.56116917097683,81.168,53.01320049813201,106.79475712032202,97.0110073325915,9.783749787730503,81.064,53.04510664978918,MERCURY,2.0,106.99299293309832,110.93448809185614,-3.9414951587578257,75.52799999999999,52.67502612330198,108.86663203599319,102.77651297264883,6.090119063344351,76.924,51.62906179518651,6,7.0
401370437,2021-09-30,ACES,2.0,114.46595193595233,97.4647697295402,17.001182206412125,81.99199999999999,53.771533831465334,106.7861073342718,97.5191087104377,9.26699862383412,81.33200000000001,52.75154604372858,MERCURY,2.0,111.17420951500324,114.1167373012056,-2.9425277862023678,76.944,52.05002612330198,110.72332071511448,107.33720989236822,3.386110822746262,76.46000000000001,51.04629152491624,-26,0.0
401370436,2021-09-30,SUN,2.0,104.83468403545143,86.85334137633244,17.981342659119004,81.848,57.47856831113086,104.63783630503588,86.46925370627255,18.168582598763326,78.876,59.12697876877759,SKY,2.0,103.39026408279476,99.95880743034454,3.431456652450211,85.08,49.03917220990392,107.1330371916351,104.6322850833009,2.5007521083341886,82.00399999999999,49.77328067681866,11,0.0
401370438,2021-10-03,MERCURY,3.0,114.16813726690506,108.45426213339161,5.713875133513485,80.096,53.21893319518976,111.4060076747498,107.50379801199935,3.9022096627504355,77.08800000000001,51.92410584315555,ACES,3.0,113.3427965739558,107.5266460945757,5.816150479380113,80.89599999999999,51.70513030232672,109.70433386102954,101.76372508227891,7.940608778750634,81.96000000000001,52.30202504151782,27,0.0
401370439,2021-10-03,SKY,3.0,105.00826735473342,96.59254686735126,8.41572048738217,83.208,51.28159645232815,102.4874741320023,105.65231138419497,-3.164837252192649,81.648,47.56638412509452,SUN,3.0,106.43805948857451,90.25512120232966,16.182938286244845,81.48,56.92954870328772,105.3759838272794,87.55862245825091,17.817361369028497,78.64,59.474804855734114,3,0.0
401370440,2021-10-06,MERCURY,3.0,113.22395283763073,100.79822593194224,12.425726905688498,81.56000000000002,56.552266528523106,110.8626465175779,106.50060966865756,4.362036848920331,77.50399999999999,53.79077250982222,ACES,3.0,106.12856831273136,109.39985969657735,-3.2712913838459854,81.784,49.330701078582436,107.28380855553772,103.47728845135047,3.8065201041872188,82.168,50.05094279043557,-17,0.0
401370441,2021-10-06,SKY,3.0,104.09173647042,97.54456632125934,6.547170149160675,81.768,51.44476661549832,103.20348743994548,103.39291593253475,-0.18942849258925917,81.424,48.174880106724835,SUN,3.0,105.82509917412165,92.86682381403226,12.95827536008938,83.288,56.160317934056955,105.5725440238396,88.65004881283517,16.922495211004446,79.17999999999999,58.429812112628156,10,0.0
401370442,2021-10-08,ACES,2.0,104.08431626847933,111.13766788599844,-7.053351617519124,81.52000000000001,45.366054613935965,108.1249485476211,104.17637633850897,3.948572209112116,82.08399999999999,49.68258530251286,MERCURY,2.0,108.74962849551257,100.54618106422916,8.203447431283411,83.768,55.66842814468472,107.44627136921,105.77455533456354,1.6717160346464497,79.084,53.733850834048084,-3,0.0
401370395,2021-10-10,MERCURY,2.0,109.98678988382812,102.22431086818195,7.7624790156461785,83.144,53.29066180397448,108.48989140846322,106.57939948001903,1.9104919284441764,79.336,52.98284396363823,SKY,4.0,104.67030790687818,99.7763173058797,4.893990600998469,80.96799999999999,49.8320982500087,103.66958152779917,101.65146767672356,2.0181138510755945,80.69200000000001,48.59321098753206,-14,-2.0
401370396,2021-10-13,MERCURY,3.0,106.82862370595524,101.14791327396966,5.6807104319855855,83.008,53.12201101032368,109.00141661047924,107.63232528758763,1.3690913228916088,79.976,52.58601856681283,SKY,3.0,106.02189990060992,100.7486087796314,5.2732911209785245,80.376,49.41362783153828,103.43076842890068,100.65143782508619,2.779330603814482,80.764,48.9233697176908,5,0.0
401370397,2021-10-15,SKY,2.0,105.44741023314445,102.48605498298738,2.9613552501570637,77.88000000000001,50.04653922394334,104.41883715796959,101.22243120666596,3.1964059513036376,81.47999999999999,49.542855716923626,MERCURY,2.0,99.96566254155044,99.23693937717636,0.728723164374091,83.664,50.28570978741014,107.06689990422777,103.84560075528398,3.221299148943788,81.88000000000001,51.75232149129996,36,0.0
401370398,2021-10-17,SKY,2.0,109.92005976781113,94.31538560002473,15.6046741677864,78.16,52.19579295528663,107.46416356127229,95.45396623368799,12.010197327584285,80.684,51.73869470380739,MERCURY,2.0,92.85076968486473,108.413561599654,-15.562791914789264,81.55199999999999,46.80312272273353,103.03736126124772,104.60589376579813,-1.568532504550383,81.556,51.67769462562832,6,0.0
401391650,2022-05-06,MYSTICS,14.0,98.0653594773691,106.39209973179884,-8.326740254429742,79.47999999999999,47.005340952504326,98.05045748870374,105.04069249770009,-6.990235008996339,78.696,45.37242812497956,FEVER,14.0,97.8639908153821,113.86128926536942,-15.997298449987335,79.768,48.00005033146509,98.82801471056705,111.70045480341307,-12.872440092846029,77.60799999999999,50.21250170045768,14,0.0
401391651,2022-05-06,SKY,14.0,106.91788612465473,90.62276988456367,16.295116240091073,79.232,51.712276471770146,105.50481129753737,94.0836681029115,11.421143194625873,80.5,51.57852154363424,SPARKS,14.0,93.1683319635373,92.06599722787709,1.1023347356602073,75.75200000000001,46.52949806022677,93.4126602340885,96.64310761192955,-3.230447377841051,76.14,43.07604613424506,-7,0.0
401391652,2022-05-06,MERCURY,14.0,92.84610079476884,105.88691390943174,-13.040813114662893,81.104,46.79518621479703,100.7978646451407,103.21654748683045,-2.4186828416897415,82.436,51.23180717974087,ACES,14.0,102.97272904291029,111.01730895171063,-8.044579908800348,82.35999999999999,46.70933819602552,107.80566190876019,105.04736727767192,2.758294631088242,81.764,49.86126934707876,-18,0.0
401391653,2022-05-06,STORM,14.0,104.10336997068359,99.6084932405932,4.494876730090394,80.08000000000001,49.68355315053152,100.68115350434138,100.85995142059987,-0.17879791625848468,81.05199999999999,49.4662083475255,LYNX,14.0,106.61647379129177,96.77775434066139,9.838719450630382,80.98400000000001,51.819169079501464,102.05601404584368,94.51028212019017,7.545731925653515,80.47999999999999,52.0710247822412,23,0.0
401391654,2022-05-07,LIBERTY,14.0,100.62773037653771,107.41065277087895,-6.782922394341244,78.704,46.47075601922944,95.58766285604014,107.64459989605318,-12.05693704001304,80.83200000000001,47.057575770131216,SUN,14.0,102.6320838231602,99.11543100821054,3.5166528149496656,80.16,53.42821573319685,105.44077800008581,91.84295139932681,13.597826600759012,78.56,56.71872469258551,2,0.0
401391655,2022-05-07,WINGS,14.0,93.27873680336373,106.48156475337964,-13.20282795001592,76.824,47.3723063600249,95.10864483520653,101.55227507793735,-6.443630242730814,77.088,51.52015825539684,DREAM,14.0,94.99128594752413,102.46336337521112,-7.472077427686972,76.99199999999999,47.67051543616493,93.50116114690584,100.79625545821256,-7.295094311306704,77.228,46.07977389834349,-7,0.0
401391656,2022-05-08,FEVER,2.0,97.18360687792261,112.36809767107916,-15.184490793156552,79.904,49.2211853608193,96.20718447002199,111.16635127163715,-14.959166801615174,78.236,51.13834015109538,SPARKS,2.0,99.87094143460314,94.91570624369348,4.955235190909659,78.56,49.22021116138764,93.67874007459767,96.50858180505067,-2.829841730452985,77.056,44.186885380636056,-10,0.0
401391657,2022-05-08,ACES,2.0,104.73514998840878,110.02176667005217,-5.286616681643375,82.784,47.95933819602552,109.60055096218056,103.74326819979618,5.857282762384375,82.388,50.86543601374543,STORM,2.0,105.91743676716165,98.40327230400035,7.514164463161308,80.912,47.198704665683046,99.94969652160296,99.36011983815827,0.5895766834447101,81.376,48.00300488432204,11,0.0
401391658,2022-05-08,LYNX,2.0,101.41375364600553,101.02391954598109,0.38983410002445285,82.408,53.31700457733697,101.10233716406815,96.9153774474207,4.186959716647462,81.16,52.93349564471207,MYSTICS,2.0,102.37509414131486,99.00287127135115,3.372222869963713,78.544,47.36289841709685,98.64324187190138,105.14748278777658,-6.504240915875205,78.828,44.22426662534005,-12,0.0
401391659,2022-05-10,MYSTICS,2.0,100.26508194743369,96.0242538418456,4.24082810558807,79.41600000000001,47.058456043688956,97.77136228306144,102.1307674913256,-4.359405208264168,79.60799999999999,45.192735093808516,ACES,2.0,102.29434343398813,98.64695882984131,3.6473846041468194,83.584,52.16272802653399,107.81857000397197,103.0868024622085,4.731767541763466,82.24000000000001,51.93392916443035,13,0.0
401391660,2022-05-10,FEVER,2.0,93.42016253741141,108.21740823609635,-14.797245698684932,82.584,49.97683897361576,96.17267791377631,110.3086168735301,-14.135938959753792,78.97200000000001,51.10504598736643,LYNX,2.0,93.67184694455861,98.93482096533064,-5.262974020772023,83.608,51.20999961318914,100.4268912831607,98.68468491128753,1.7422063718731635,80.872,52.489718534268285,6,0.0
401391661,2022-05-11,DREAM,4.0,91.44672924907715,97.01042168838049,-5.563692439303329,78.248,48.759478153034635,92.50763928244642,97.06575080565463,-4.558111523208221,77.84400000000001,48.16460848727242,SPARKS,3.0,103.82011220640177,91.57583683001288,12.244275376388904,81.75200000000001,52.850311850311854,95.04491033363776,95.47951849304646,-0.4346081594086968,77.876,45.12216276328186,2,1.0
401391662,2022-05-11,SKY,5.0,104.65025716002776,92.51644769529067,12.133809464737094,83.52000000000001,51.11526154639701,104.66028253345296,96.14638250058519,8.513900032867783,82.244,50.47367989820285,LIBERTY,4.0,102.85054353884979,106.57202360282145,-3.72148006397166,78.184,46.59594230835016,96.13429940726483,105.98621633492594,-9.851916927661103,80.22,47.340948135470796,33,1.0
401391663,2022-05-11,MERCURY,5.0,92.60280992863265,110.63885040119814,-18.036040472565492,81.488,46.26346979688658,101.2947999062304,106.43158063469005,-5.136780728459657,82.316,49.77706580043052,STORM,3.0,97.97283889831347,101.37135992463598,-3.398521026322501,81.272,43.33429788602203,98.89690641155296,100.43292771022911,-1.5360212986761568,81.15599999999999,46.94276392046662,20,2.0
401391665,2022-05-13,DREAM,2.0,90.82897027560193,93.84883277763689,-3.0198625020349565,79.41600000000001,49.73419079671279,91.34447279114228,94.7411234383869,-3.39665064724461,78.58399999999999,48.15912903521762,ACES,3.0,105.8930434191838,98.81264292181639,7.080400497367395,83.83200000000001,54.94050580431177,106.01080586595758,104.10625130919686,1.904554556760705,82.808,52.135603441447095,-23,-1.0
401391666,2022-05-13,LIBERTY,2.0,95.87949763165686,108.49816537601353,-12.618667744356667,78.008,45.5865157568969,93.74837100249557,107.8487870588524,-14.10041605635683,78.524,46.2301088890798,FEVER,3.0,93.13942823412073,104.71555294852678,-11.576124714406053,83.624,48.87191051574613,95.64031774357082,109.33803910026927,-13.697721356698446,80.17600000000002,49.089471090435595,-6,-1.0
401391664,2022-05-13,MYSTICS,3.0,101.71355343924067,96.35918197689654,5.354371462344128,80.216,47.00795099318391,99.37867666810618,102.28277352562529,-2.9040968575190917,79.58,46.54194144301486,WINGS,6.0,91.84414205101373,99.47444638022651,-7.630304329212794,79.328,47.91748363795093,91.01081303476808,97.98403260002554,-6.9732195652574545,78.384,50.882628183223616,-8,-3.0
401391667,2022-05-14,STORM,3.0,101.9187158971743,102.48056482745076,-0.5618489302764601,83.336,43.5067920585162,99.42576163049515,102.60159219611892,-3.175830565623768,81.452,46.08029305799575,MERCURY,3.0,95.93498046877157,105.56001252710784,-9.625032058336274,82.71200000000002,48.26924180265858,101.38180208736341,103.35396290053875,-1.972160813175344,82.86,50.69562640649113,-5,0.0
401391668,2022-05-14,SUN,7.0,100.26772175412262,102.49566662398456,-2.2279448698619744,80.976,52.527563945719066,103.6770903924378,91.69289659670324,11.984193795734566,79.264,55.74077104645776,SPARKS,3.0,100.13160886544247,96.04746189941366,4.084146966028802,83.36800000000001,51.06569646569646,94.71090886615694,94.85986737138936,-0.14895850523241022,78.47200000000001,45.582540121772425,17,4.0
401391669,2022-05-14,LYNX,4.0,89.80806762925627,100.90512703343057,-11.097059404174312,83.728,51.883824122630095,100.23622065500747,100.41922981447401,-0.1830091594665461,82.16400000000002,51.922901717451474,SKY,3.0,103.78659648791434,86.29711496830893,17.48948151960541,82.696,51.06787940946263,104.90424819426212,93.52286187397016,11.381386320291966,81.536,50.240753620500456,-4,1.0
401391670,2022-05-15,LIBERTY,2.0,97.33528646249131,104.61066573402354,-7.27537927153225,80.488,45.80120502243362,92.02046985457655,103.21974821709475,-11.199278362518196,80.92,45.376227610540994,WINGS,2.0,96.70313908931277,102.46543520007042,-5.762296110757643,79.08,47.68883825399926,92.95711475956854,99.50970149542863,-6.552586735860092,78.136,49.80339321054602,-10,0.0
401391671,2022-05-15,FEVER,2.0,94.56351071310858,100.38401749819532,-5.820506785086726,86.39200000000001,51.67556348378266,96.70923059052116,106.96979536881614,-10.260564778294976,82.16,50.222804423768935,DREAM,2.0,86.47827133727412,96.83376308215482,-10.355491744880698,80.52799999999999,50.77457710048803,91.42175117724419,96.72631145298666,-5.304560275742475,78.74000000000001,49.11667894799142,-6,0.0
401391674,2022-05-17,WINGS,2.0,98.55762766162184,99.22014521355453,-0.6625175519327001,78.824,47.54960627555776,93.62816607329337,98.76553563558153,-5.137369562288164,78.216,49.14180070469122,MYSTICS,4.0,103.89281065205492,97.85073548187286,6.0420751701820645,79.728,48.467496207356305,100.33221138841944,102.9160189155821,-2.5838075271626453,79.936,48.339567220290164,-16,-2.0
401391672,2022-05-17,LIBERTY,2.0,92.22054575285895,104.88870672159138,-12.668160968732428,80.47200000000001,44.01379095580221,93.40853981702818,103.95920360438336,-10.550663787355155,80.42800000000001,45.23666181523749,SUN,3.0,100.44038803676798,97.16102565317225,3.2793623835957506,77.096,56.16392758208271,102.63753603610971,92.00718351475234,10.630352521357377,79.472,56.82124794660679,-27,-1.0
401391673,2022-05-17,FEVER,2.0,92.08927034592956,96.6624281432045,-4.573157797274942,86.88,51.78982081115474,94.97663058065582,105.26185870428696,-10.28522812363114,83.324,49.894935571309915,DREAM,2.0,88.87840609869066,96.2766603556599,-7.398254256969236,82.072,50.520111722460136,92.39403971070485,96.46471361738548,-4.070673906680646,79.708,49.94699617175125,-22,0.0
401391675,2022-05-17,ACES,4.0,106.19840025045232,97.75421329085256,8.444186959599772,84.136,53.91645936981759,105.14135825946582,104.44594058842549,0.6954176710403246,82.828,49.64125699187677,MERCURY,3.0,93.25057060681499,102.71123207556847,-9.46066146875349,80.44800000000001,49.272523565434014,96.60811657418272,100.97408572637242,-4.365969152189699,82.056,49.77911667642208,12,1.0
401391676,2022-05-17,SPARKS,3.0,97.25495555770253,99.25966533795915,-2.004709780256627,82.68,48.175601486049246,94.2635421854494,94.603229185653,-0.339687000203611,78.748,45.55007258930489,LYNX,3.0,89.32548083315817,103.02360127392895,-13.69812044077075,83.128,51.92515592515592,98.97131064329075,101.94131018394566,-2.9699995406549093,81.69200000000001,52.54671625907423,-3,0.0
401391677,2022-05-18,STORM,4.0,93.77130964785286,97.98859362036328,-4.2172839725104065,83.584,44.17090444676652,99.52688184426071,102.87522239344098,-3.348340549180263,80.744,46.237573626235225,SKY,4.0,106.33363193530235,86.64799808037223,19.68563385493013,79.904,49.050352632442184,105.89052108422341,94.5670265316798,11.323494552543597,78.89200000000001,49.54844592819276,3,0.0
401391678,2022-05-19,ACES,2.0,107.3120638664243,95.1132325380524,12.198831328371885,83.664,52.23984245439469,105.14239645466728,103.06527074488152,2.0771257097857685,83.012,49.47459032521011,LYNX,2.0,94.110362351984,104.00399721028536,-9.893634858301363,81.43199999999999,55.25848925848926,100.36341807163788,100.39087577547336,-0.027457703835490576,81.208,53.538829168995356,6,0.0
401391679,2022-05-19,MERCURY,2.0,98.41141574111577,101.08406891267269,-2.6726531715569193,81.536,49.75511063011063,95.63109271299025,104.74881525616334,-9.117722543173091,81.54400000000001,48.27911667642208,WINGS,2.0,93.7793814565501,99.30805709445278,-5.528675637902671,78.75999999999999,46.37172166017314,92.87294565597276,100.58658479608974,-7.7136391401169835,78.416,47.77613512027564,-10,0.0
401391681,2022-05-20,DREAM,3.0,95.78076631828023,92.49744150916362,3.2833248091166043,83.968,52.427459423121945,95.38602613290217,97.48040244218737,-2.0943763092851837,80.48,50.04898742964345,MYSTICS,3.0,106.05325037526715,94.31136536747172,11.741885007795432,79.46400000000001,51.37327978944586,102.05930492631812,100.35173254963527,1.7075723766828446,79.47200000000001,49.18931037097509,-5,0.0
401391682,2022-05-20,STORM,2.0,94.46450344683865,96.82266692200521,-2.3581634751665774,81.608,45.97461797461797,99.28393670876112,98.21558008129921,1.0683566274619083,80.844,47.82908556257475,SPARKS,3.0,96.41209171708809,98.38669921732277,-1.9746075002346857,83.32000000000001,45.66977398022174,94.7902118403127,95.22634822259992,-0.43613638228723917,79.536,46.09963602022425,3,-1.0
401391680,2022-05-20,SUN,3.0,100.0888404904072,93.57069064335789,6.518149847049292,79.776,53.79355721171233,103.26344998949085,91.91290592284378,11.35054406664707,80.628,55.36155295750003,FEVER,3.0,92.53925549956284,98.65508136786436,-6.115825868301511,88.44800000000001,50.42381656650878,94.86143118874273,105.51158951947176,-10.650158330729031,84.176,49.82250096366404,9,0.0
401391684,2022-05-21,WINGS,2.0,99.77675449503923,98.31508764820514,1.4616668468340777,80.064,48.539361646432155,96.52774564920148,102.3983262007924,-5.870580551590921,78.444,47.95583400322853,LYNX,2.0,99.09889572043046,105.26176050389697,-6.162864783466506,79.8,54.6346033404857,100.256324683218,103.14284002493903,-2.8865153417210268,81.10400000000001,53.97580395891133,16,0.0
401391683,2022-05-21,ACES,2.0,105.95790828982483,96.44450755490931,9.513400734915535,82.432,49.776607160277045,105.34652913911683,103.23313711248072,2.11339202663608,82.60799999999999,48.86797267815128,MERCURY,2.0,101.7019887206336,105.43754824932944,-3.735559528695839,80.816,49.33659956371224,97.27404475770122,105.6622310793806,-8.388186321679367,80.96000000000001,48.065892889254634,20,0.0
401391685,2022-05-22,FEVER,2.0,95.52461025237665,101.5468033972353,-6.0221931448586385,87.35999999999999,50.433469076161295,94.47238639489403,104.88210581666581,-10.409719421771786,84.97200000000001,50.20515402488853,SUN,2.0,101.11778026137065,91.81148136363814,9.306298897732528,81.048,55.634216552371676,103.47143971774615,92.3391525888352,11.132287128910955,82.16799999999999,55.89726724321431,-22,0.0
401391686,2022-05-22,MYSTICS,2.0,104.32160008092231,94.8773641385915,9.444235942330792,79.632,54.06656978248045,103.3483471111186,96.94011770497134,6.408229406147252,79.088,50.71473409978865,SKY,4.0,101.72444870230603,92.45836239833123,9.266086303974788,80.38399999999999,48.13186813186813,105.82225423505858,93.386873999178,12.435380235880594,79.272,50.163830543577376,-9,-2.0
401391687,2022-05-23,ACES,2.0,109.86960756969513,98.17330675471591,11.696300814979233,82.136,48.070724807335864,106.08197550184164,98.4101327922786,7.671842709563026,82.86,50.11672641693493,SPARKS,3.0,95.38336763790528,99.65222141174404,-4.268853773838757,80.712,44.764775164775166,97.62715453625421,97.28396382771876,0.343190708535451,79.636,46.9924931630814,28,-1.0
401391688,2022-05-24,SUN,2.0,105.49442284872399,87.73930086931807,17.75512197940592,82.28799999999998,56.13012411135097,104.0632533359421,93.4273659387643,10.635887397177793,81.224,54.77916992227391,WINGS,3.0,109.3322385792483,102.36550981757814,6.966728761670157,78.848,51.85054658552408,100.58819031513102,100.91997809890233,-0.33178778377131835,79.088,49.884015111737504,-8,-1.0
401391689,2022-05-24,MYSTICS,2.0,103.29239208063748,99.01163418562336,4.280757895014102,79.456,52.584178300088965,101.77873701403557,97.51794401373449,4.260793000301087,79.436,49.821317171888964,DREAM,4.0,98.87230148057947,98.52168643581626,0.3506150447632109,82.664,50.310786187016305,95.15951536482831,97.76605406209838,-2.6065386972700595,80.45599999999999,49.53513217002547,20,-2.0
401391690,2022-05-24,SKY,2.0,102.85327749052934,92.77437368763199,10.078903802897361,79.896,49.05827505827506,104.88558180759205,91.69857178609783,13.187010021494217,79.564,50.3852757650226,FEVER,2.0,94.35756987383888,107.6137991321277,-13.256229258288812,85.816,50.599118596649525,93.74849905397981,106.16467604032725,-12.416176986347432,84.72,49.73551455619783,5,0.0
401391691,2022-05-24,LYNX,3.0,102.1024125010819,109.26275699893247,-7.16034449785055,79.776,52.52392122980359,97.88712972282028,104.09878898213155,-6.211659259311287,81.69200000000001,51.866960421496366,LIBERTY,7.0,85.86812243369714,104.70460059113657,-18.83647815743943,82.24,44.99022193223318,93.24792640511743,106.05762668100776,-12.80970027589034,80.47200000000001,45.73048897573132,6,-4.0
401391692,2022-05-25,SPARKS,2.0,94.52767583245013,108.06046187841889,-13.53278604596876,79.184,42.33234273234273,99.17389401942594,99.81814935421588,-0.6442553347899278,80.46799999999999,47.59132729132729,MERCURY,4.0,99.93209924819419,104.17350314657062,-4.241403898376416,80.704,50.917481916653415,96.26745458841343,107.40617677388438,-11.138722185470954,81.096,48.59047585677,5,-2.0
401391693,2022-05-26,SUN,2.0,105.67870377555819,89.48849285845282,16.190210917105354,81.73599999999999,54.41115455631584,102.9732127648404,95.9920797412187,6.98113302362169,81.35600000000001,53.46935925101745,WINGS,2.0,106.51042119865599,99.58375373076531,6.926667467890676,79.136,52.91377843564116,101.60678014398438,101.02459446541786,0.5821856785665162,79.10799999999999,50.301308344820214,31,0.0
401391694,2022-05-27,FEVER,3.0,95.33359023093777,110.91718341341166,-15.583593182473885,84.44800000000001,48.18886218639311,94.94855047202319,105.65060045580348,-10.702049983780306,85.42,49.932212835087896,SPARKS,2.0,100.04237116472362,111.86964543280874,-11.827274268085125,79.45599999999999,42.33234273234273,100.08699001508305,103.9585536661112,-3.8715636510281612,81.412,46.69901959901959,5,1.0
401391695,2022-05-27,STORM,7.0,91.66575682954766,98.84517083882619,-7.179414009278529,81.13600000000001,47.34546934546934,98.79159679835466,98.62422157141326,0.1673752269413896,81.024,47.27208700557619,LIBERTY,3.0,83.43274811875293,104.24106325075513,-20.808315132002203,83.576,45.423477201554036,93.14164582880136,105.40654342678829,-12.264897597986932,80.88,46.00970975495209,8,4.0
401391696,2022-05-28,SKY,4.0,106.06386414648262,93.34956500978811,12.714299136694503,77.856,49.54813345858122,105.35706065325519,92.9330063525394,12.424054300715799,80.68800000000002,50.331697502489114,ACES,5.0,117.423457096862,95.71879971232984,21.704657384532148,81.56,49.977631714242776,111.65825025802289,97.26572131707312,14.392528940949774,82.696,52.45906875927727,-7,-1.0
401391697,2022-05-28,SUN,2.0,111.3454946785893,91.5860054348249,19.7594892437644,81.66399999999999,52.7747909199522,105.89294135767864,94.37351554399856,11.519425813680076,79.38000000000001,54.46935925101745,MYSTICS,4.0,100.7331418803254,94.16988071706183,6.563261163263587,77.68,51.1195318354425,101.22334765978304,95.26453134697918,5.958816312803857,78.94800000000001,49.063741414313206,8,-2.0
401391698,2022-05-29,DREAM,5.0,93.99995421168376,99.56988202519719,-5.56992781351344,80.696,50.81987709610721,92.41446224364284,96.70935740141704,-4.294895157774198,80.056,50.27703394641001,MERCURY,4.0,99.8685424690722,110.13425482716306,-10.265712358090866,80.232,50.1053607045322,97.90176146892188,107.84713367713546,-9.94537220821357,81.47200000000001,49.18730125359539,27,1.0
401391699,2022-05-29,STORM,2.0,92.41084939613265,95.10315286238472,-2.692303466252045,81.54400000000001,48.08110152937739,95.19184414722307,98.23725639351034,-3.045412246287273,81.40799999999999,45.70769970769971,LIBERTY,2.0,86.61165596692148,100.17221093287557,-13.560554965954097,85.816,47.4341136743624,91.24557679928917,104.33518815444454,-13.08961135515538,81.912,46.51031471562965,31,0.0
401391700,2022-05-29,LYNX,5.0,104.81951639328709,109.13291030804275,-4.313393914755648,79.048,52.42739613327849,97.31379201127167,105.01901867073666,-7.705226659464979,81.388,52.15561012795429,SPARKS,2.0,106.7442104608374,115.2046845471984,-8.460474086361003,81.38399999999999,46.113633904938254,101.99958300926997,107.23217494257878,-5.232591933308815,82.03200000000001,47.14461769549375,-2,3.0
401391704,2022-05-31,SPARKS,2.0,107.95410779165033,115.16459416987232,-7.210486378221975,80.66399999999999,48.23484602615038,102.18309975436921,106.77564669359754,-4.59254693922833,81.992,46.95231000318606,WINGS,5.0,102.8421885962368,106.30659866680926,-3.464410070572458,79.43199999999999,50.09410630449363,100.69990812892931,102.76337194018188,-2.0634638112525794,79.12800000000001,48.82185629002569,2,-3.0
401391703,2022-05-31,ACES,3.0,113.44500568340796,95.65160358423682,17.793402099171125,82.312,50.72390037095919,109.82170296693013,96.70290843754469,13.118794529385449,83.224,52.320179870388394,SUN,3.0,111.56708399702401,95.88236207184188,15.684721925182123,79.072,56.811827956989234,105.82796224371559,94.7265263575999,11.101435886115707,79.424,55.302692584350794,8,0.0
401391701,2022-05-31,FEVER,4.0,100.37785403376058,113.38959175595387,-13.011737722193283,84.52799999999999,48.535737928849755,96.23356218984506,105.02600994957918,-8.792447759734113,85.704,50.16277937000225,MYSTICS,3.0,97.25749333947425,90.73888777264607,6.518605566828191,77.352,46.96106189008731,100.57515199576459,94.29481162725946,6.280340368505128,78.53999999999999,47.71427904872181,-12,1.0
401391702,2022-05-31,SKY,3.0,101.12254807843405,98.97991471412229,2.1426333643117657,80.408,48.8018648018648,102.4545722831742,92.63851484121561,9.816057441958588,81.55199999999999,49.934872105663715,MERCURY,2.0,95.36062875394765,113.56330272712846,-18.20267397318081,80.976,47.36656928153026,94.30559968038132,108.13726740134845,-13.83166772096715,80.712,48.31954642348213,3,1.0
401391705,2022-06-01,DREAM,3.0,95.35983086348008,89.09278840938336,6.267042454096719,81.19200000000001,52.44202949202238,90.91905110037709,92.9632757457691,-2.0442246453919894,80.86,51.6083032962552,LYNX,3.0,105.35664466771948,109.1184228787578,-3.761778211038333,79.608,51.042780748663105,97.34106275043882,106.07101207634337,-8.729949325904542,81.368,51.48396833690951,8,0.0
401391706,2022-06-01,LIBERTY,3.0,84.90288480943464,105.0436685854387,-20.140783776004064,81.536,48.98966922991796,91.11908563596296,104.82716715973113,-13.708081523768158,81.01199999999999,47.39543712617579,FEVER,1.0,100.39568134316119,111.21720676756709,-10.821525424405909,83.648,46.81594549000617,96.46746842136201,104.93614406771572,-8.46867564635371,86.04799999999999,48.619881028257474,13,2.0
401391707,2022-06-02,ACES,2.0,111.61527103754615,95.06127978086491,16.553991256681265,84.384,51.19056703762586,109.46366745198523,95.08725615945865,14.376411292526575,84.024,51.71520474601027,SUN,2.0,108.70597708683565,96.90548404352201,11.800493043313647,78.976,55.60706605222733,104.91187867410315,94.35848270358007,10.553395970523088,80.012,55.62064130229951,-7,0.0
401391708,2022-06-03,MYSTICS,3.0,96.86475921623615,91.54915081329462,5.315608402941538,78.192,46.97750925850836,101.45900479575167,92.93025809038318,8.528746705368485,78.828,49.17539452397711,LIBERTY,2.0,89.38760871861898,103.56299016355463,-14.175381444935647,81.28,50.64267469439883,90.80407723573896,104.22584844257298,-13.421771206834034,80.876,47.32823282510052,-4,1.0
401391709,2022-06-03,DREAM,2.0,94.43713717225859,87.76613037934236,6.671006792916225,81.80799999999999,50.645878387246896,91.65777163547463,92.02139536750113,-0.36362373202650533,81.94000000000001,50.58299505485352,SKY,3.0,97.3385674701054,95.51992598340499,1.8186414867004288,81.54400000000001,51.41935689880895,101.83609970270388,91.0839620318886,10.75213767081528,80.724,50.23485476562557,-8,-1.0
401391710,2022-06-03,MERCURY,3.0,94.2885957254156,110.19886959170296,-15.910273866287346,81.024,45.80035923586816,96.3500057332657,105.64146925218783,-9.291463518922132,81.28,47.77773493298939,SUN,1.0,108.32814426583195,100.50371564282925,7.824428623002694,80.08800000000001,55.844257703081226,106.91128355727797,94.12150825607367,12.789775301204308,81.188,55.987190907216096,-4,2.0
401391711,2022-06-03,STORM,5.0,97.65181583678154,87.6439072650501,10.007908571731429,80.352,50.40433385260972,99.78526586697792,95.06223604625043,4.723029820727485,81.84400000000001,46.955562955562954,WINGS,3.0,107.97348289708857,107.8332174862901,0.1402654107984745,79.96000000000001,52.59410630449363,100.87643217681934,103.57063729037142,-2.6942051135520986,79.36,49.482913982333386,-17,2.0
401391712,2022-06-05,LIBERTY,2.0,93.3908693883722,100.07781033952634,-6.686940951154128,79.68,49.587372817179144,89.62949591103467,102.39120546533145,-12.76170955429678,80.96,47.288797374706164,LYNX,4.0,100.58001832956263,106.98219302794678,-6.402174698384144,81.296,50.22591645353794,97.34519034077331,105.49309511911606,-8.147904778342753,81.364,52.74220285601359,-7,-2.0
401391713,2022-06-05,DREAM,2.0,86.17513157769244,86.74008356225156,-0.5649519845591101,81.424,50.64179592143754,90.97794894798633,89.61876253570759,1.359186412278747,82.696,51.53462767227975,FEVER,4.0,98.92254607285307,110.88575726319917,-11.963211190346096,82.624,47.054040728101405,97.22357816261487,106.21628033021723,-8.992702167602367,84.99199999999999,48.74375490213135,9,-2.0
401391714,2022-06-05,SKY,2.0,96.98545613406263,92.40820458812068,4.577251545941953,82.28800000000001,52.33351520427161,99.35495241818433,92.43328349322596,6.921668924958371,81.336,50.232691668069876,MYSTICS,2.0,94.96231240467458,91.91296584856323,3.0493465561113453,78.096,46.476000087391576,99.64195624279844,93.39516499357737,6.246791249221069,78.864,50.27128493493602,9,0.0
401391715,2022-06-05,ACES,3.0,109.30371451925177,95.88822373129696,13.415490787954823,85.56800000000001,50.896449390567035,107.6308114045383,96.16636564310313,11.46444576143518,84.0,50.33652827542204,WINGS,2.0,102.59945115684937,100.48899706844502,2.1104540884043588,79.03200000000001,53.39673026744945,101.1881028259443,99.40204235832508,1.7860604676192182,79.548,50.9680459569408,6,1.0
401391716,2022-06-05,MERCURY,2.0,93.29281295834969,107.61468413588759,-14.321871177537897,82.624,44.43561907073945,97.49740083949165,106.52611619260851,-9.02871535311687,81.72,46.886109317225845,SPARKS,5.0,110.81674795474922,116.76270833908741,-5.945960384338181,80.968,47.45607618488053,103.10005779632725,108.20746487541571,-5.107407079088469,80.84,46.11042567482785,7,-3.0
401391717,2022-06-05,STORM,2.0,94.80194878064552,88.0645840928722,6.7373646877733195,79.776,49.26785490791159,94.28662921424919,93.02658885661774,1.2600403576314563,81.67999999999999,46.719379677339056,SUN,2.0,110.32528018941085,99.48781377113448,10.837466418276353,81.416,58.48465179175118,108.00199198248451,94.48815331479365,13.513838667690854,81.576,56.44790317403351,-7,0.0
401391719,2022-06-07,STORM,2.0,97.13191167883366,92.83550646476286,4.296405214070819,80.28799999999998,46.88572091287437,95.79820756283615,94.82908669338403,0.9691208694521208,80.94800000000001,46.43016944374617,DREAM,2.0,84.2365714811871,81.51316807753156,2.7234034036555412,83.712,52.552874280563074,91.5544364808833,90.01742725667393,1.5370092242093762,83.18799999999999,51.4318302337897,12,0.0
401391718,2022-06-07,LIBERTY,2.0,93.89516699148817,100.8910764525427,-6.995909461054552,79.03999999999999,50.015944245750575,88.66395755512056,102.56606985164892,-13.902112296528378,81.30799999999999,47.719710723652305,LYNX,2.0,99.79530051091965,102.93706514800597,-3.1417646370863226,81.32000000000001,49.923395445134574,99.44709811567505,104.09941282595146,-4.652314710276414,80.56,52.278999392810135,19,0.0
401391720,2022-06-08,SUN,3.0,108.70870879596319,103.96360617796138,4.7451026180018,81.48,58.09755501755764,110.02710173727624,97.77480580639315,12.2522959308831,81.572,55.43617296875492,FEVER,3.0,95.11949872147412,103.28141738110908,-8.161918659634974,85.47200000000001,46.97456433726457,94.7385342976565,105.44760825661838,-10.709073958961893,85.64399999999999,48.78684146695705,19,0.0
401391721,2022-06-08,MYSTICS,3.0,96.9901383120203,93.91897283885939,3.0711654731609173,78.256,48.13588249354264,100.14126519632889,96.46530351224138,3.67596168408751,78.85600000000001,50.36003039681581,SKY,3.0,98.18692052996698,93.71825977164534,4.468660758321652,83.064,50.67363279812055,100.52009901024816,93.24631672963866,7.273782280609507,81.47999999999999,49.865953928197804,2,0.0
401391722,2022-06-10,SUN,2.0,108.40660734882358,101.25758772766812,7.149019621155449,83.384,56.14517406517668,109.9868456729238,98.56997489975501,11.416870773168785,81.228,56.47850101108297,SKY,2.0,96.47975913457667,93.68306056761666,2.796698566960006,81.952,50.46850459299234,101.27181164052965,93.51631278870238,7.755498851827255,79.90400000000001,50.008319025786776,-4,0.0
401391723,2022-06-10,FEVER,2.0,91.71921283943013,103.29647260870229,-11.577259769272157,84.12,45.0038683665686,93.52640153518395,107.10682801105698,-13.58042647587302,84.28399999999999,46.59636527648085,LIBERTY,3.0,98.93020267979018,99.22824087010915,-0.29803819031895956,78.328,48.610731359236084,92.77092932335583,99.70022590149236,-6.929296578136528,82.072,48.02242251679924,-14,-1.0
401391724,2022-06-10,WINGS,5.0,98.6039078434267,101.86599894682413,-3.2620911033974322,79.104,52.78048376885001,103.9680732113375,102.11575438220112,1.8523188291363624,78.976,52.315515177187045,STORM,3.0,94.30998045018711,87.78366447213031,6.526315978056781,80.35999999999999,45.84463781296775,92.98786863986739,93.31441765547825,-0.326549015610874,80.748,46.59505357921854,-1,2.0
401391725,2022-06-10,LYNX,3.0,98.25109958680989,102.32769437974741,-4.076594792937513,80.696,52.44519289650949,100.1767560439459,105.79522568933992,-5.618469645394032,80.236,52.48455706315654,MYSTICS,2.0,99.84339918158553,101.68618298378694,-1.8427838022014043,78.896,49.50651186417202,100.28827053095547,97.92803185042438,2.3602386805310913,78.288,50.31302184980726,-17,1.0
401391726,2022-06-10,MERCURY,5.0,94.50048607909906,102.29470160198721,-7.794215522888143,81.824,43.9605059485675,97.21629266364661,103.2341023742789,-6.01780971063228,81.264,47.43899393261046,DREAM,3.0,85.50103462087336,80.31017564058486,5.190858980288482,85.152,52.526136312648624,89.75049441627856,89.94002883289103,-0.18953441661247866,82.924,51.673006704377926,2,2.0
401391727,2022-06-11,SPARKS,6.0,110.81930562771694,111.57318988752306,-0.7538842598061024,80.544,49.57665830546266,102.67349073008354,109.81682588297099,-7.143335152887431,79.864,45.95450051890269,ACES,6.0,105.2598021789657,95.18711544517791,10.072686733787794,85.776,48.837625861155274,107.56470487433042,96.6802110999469,10.884493774383513,83.95599999999999,48.45417533424557,-17,0.0
401391728,2022-06-12,LIBERTY,2.0,109.00249048593044,97.87582354198715,11.126666943943292,77.664,50.367003760669775,96.95268764768255,101.45974606371293,-4.507058416030387,79.6,49.67833649529386,SKY,2.0,100.60846183121198,95.1468667442933,5.461595086918669,79.952,49.53100459299234,100.86550495482301,97.0633907292078,3.8021142256152176,80.18,49.16643469742857,-2,0.0
401391729,2022-06-12,WINGS,2.0,96.70366968378016,102.28635867927908,-5.582688995498913,81.128,50.875721864088106,101.60704544121808,100.9350562050222,0.6719892361958812,80.132,51.894750149864635,STORM,2.0,97.69390971573789,92.78592034898018,4.907989366757701,79.52799999999999,48.44233896239303,95.05237955593529,93.94453660568246,1.107842950252828,80.536,48.261720245885215,-5,0.0
401391730,2022-06-12,MYSTICS,2.0,101.95310382293573,97.02609526448869,4.927008558447051,78.32000000000001,54.159094023796435,99.60529858120499,93.88249151856738,5.722807062637621,77.836,50.56007795694187,MERCURY,2.0,93.45971986560592,99.5293098557411,-6.069589990135182,81.864,43.83077621883778,96.66413116733905,104.83178234145207,-8.167651174113024,81.048,46.968068461684986,-9,0.0
401391731,2022-06-12,LYNX,2.0,92.51808037132426,102.26304756165658,-9.744967190332313,80.328,50.74499168926603,98.6687983823057,105.69797893484967,-7.02918055254398,79.688,51.586193911272254,FEVER,2.0,89.11412401048048,105.3909974604657,-16.2768734499852,82.816,44.503634612477896,94.74598902212054,109.39029460820977,-14.64430558608924,83.672,46.519686270663826,-4,0.0
401391732,2022-06-14,MYSTICS,2.0,99.63931336706135,99.58951411445824,0.04979925260309699,80.904,54.246813322042044,98.25203629164875,95.56933246387644,2.6827038277723174,79.548,50.61216129027521,MERCURY,2.0,102.10726535729327,99.53520256135724,2.5720627959360316,83.664,44.53253060480269,98.73394705562046,106.54925264424284,-7.815305588622389,82.32,45.949549943166474,18,0.0
401391733,2022-06-14,LYNX,2.0,91.45709391370968,101.70085983044258,-10.243765916732894,80.55199999999999,51.654082598356936,98.40686929071458,105.4096413546002,-7.0027720638856135,80.08,51.348431673510014,STORM,2.0,96.55225479201597,98.25008212153759,-1.6978273295216098,78.89599999999999,44.75058268999159,97.10203531439876,92.94699469329385,4.155040621104909,79.624,47.57745827130066,-2,0.0
401391736,2022-06-15,FEVER,3.0,92.04787656793614,104.33835073370597,-12.290474165769819,82.28,45.173491071808044,96.22177895554867,107.77777875063653,-11.555999795087864,82.96399999999998,45.99471828090711,MERCURY,1.0,100.39124285329527,101.50039579012402,-1.1091529368287383,84.104,45.62456224670892,97.33991928935544,105.8496326909135,-8.509713401558042,82.564,45.71246074128854,-13,2.0
401391735,2022-06-15,SUN,5.0,109.3614643716079,101.36740647465659,7.994057896951307,82.11999999999999,57.21600739851001,109.0337207292218,99.1364452590893,9.897275470132477,80.548,56.411536725368684,DREAM,5.0,88.32377084734209,89.9324477494033,-1.6086769020612024,84.21600000000001,49.88744498974678,91.8418008554111,89.51261807939332,2.3291827760177584,82.704,51.16473724088458,13,0.0
401391734,2022-06-15,WINGS,3.0,99.36864796548562,98.38534387620697,0.9833040892786358,81.21600000000001,55.45636702537843,101.1054182808612,102.3459712715081,-1.2405529906469113,80.324,52.77523666493603,ACES,4.0,99.71100525507038,92.70581002861314,7.005195226457232,87.264,49.03557028445181,108.56723117596619,94.21230487047148,14.35492630549469,84.412,49.50660099934729,-8,-1.0
401391737,2022-06-16,LIBERTY,4.0,106.92843581821583,99.67810552910467,7.250330289111164,79.008,47.29486445718719,98.1580222684174,101.62054784632964,-3.462525577912241,80.14399999999999,48.96876957579301,MYSTICS,2.0,102.26687832530993,96.80118130918545,5.465697016124477,81.41600000000001,53.70272688561526,98.61459536499225,94.35707357887433,4.257521786117911,79.756,50.089363486503416,12,2.0
401391738,2022-06-17,SUN,2.0,110.06151432822453,100.77888247356982,9.282631854654706,82.968,55.76222588590497,109.19482929702824,100.64129905819955,8.553530238828701,81.52799999999999,55.803241794493104,STORM,3.0,104.01347921316774,100.62657978316031,3.3868994300074347,79.312,46.55154965211891,99.40771399690664,94.34558193801625,5.062132058890377,79.544,47.90970228001525,11,-1.0
401391739,2022-06-17,WINGS,2.0,97.45936068319628,97.94683911164188,-0.48747842844559275,81.352,55.47777113496746,102.71642179014243,102.89002829896599,-0.17360650882355913,80.65599999999999,54.03593871973055,MERCURY,2.0,103.12355656613003,100.1510284501331,2.972528115996951,82.864,46.86019443061697,98.20818476223987,103.88285629301035,-5.674671530770473,82.744,45.64790675067822,5,0.0
401391740,2022-06-17,SKY,5.0,103.88892510802626,98.68600194283913,5.202923165187125,80.288,50.53693385081282,100.61374628906583,97.10296396312205,3.5107823259437767,80.916,50.97814537481089,DREAM,2.0,90.6788150339113,97.12175728120239,-6.442942247291095,83.768,51.763221387262305,92.55797610308494,92.44394383027239,0.11403227281256534,82.788,51.20454988725461,6,3.0
401391741,2022-06-19,LIBERTY,3.0,106.75184303324716,97.54471664482739,9.207126388419757,79.768,48.11312929736984,100.07135621080968,98.81126349217686,1.260092718632815,79.724,48.85025105727449,STORM,2.0,101.53829591985654,99.29691730634019,2.2413786135163294,78.272,46.04324075671324,99.33510379934509,96.06621188555152,3.268891913793574,79.28,46.464480834793804,-9,1.0
401391742,2022-06-19,FEVER,4.0,92.75061844907363,104.91031329615642,-12.159694847082795,82.944,46.84015773847471,95.83658226096335,107.89803527967779,-12.061453018714445,82.784,46.94709923328806,SKY,2.0,109.37517373288874,104.81911525417027,4.556058478718478,82.128,51.32223887272048,103.18031493347569,98.61365992114547,4.566655012330216,82.208,51.82787703849605,2,2.0
401391743,2022-06-19,MYSTICS,3.0,98.60112183611756,93.96245751186132,4.638664324256235,80.91999999999999,53.12163235825208,97.79563007406892,93.94071517536035,3.854914898708576,79.588,50.62875742589736,SUN,2.0,108.57639326832057,97.51163974135298,11.064753526967573,82.232,55.81447248987572,109.4508367288657,98.49972675624375,10.951109972621962,81.824,57.14956214081345,8,1.0
401391744,2022-06-19,WINGS,2.0,103.19774563894848,106.84992218329474,-3.6521765443462497,81.856,55.24364909262624,102.89859839789892,103.66945962586988,-0.7708612279709456,80.44399999999999,54.32018968003784,SPARKS,8.0,103.7228331464083,109.68161727177244,-5.958784125364133,81.08000000000001,48.42736253081476,101.88260215556596,110.77563135229062,-8.89302919672463,80.268,45.37985263157874,10,-6.0
401391745,2022-06-19,ACES,4.0,102.5303411375628,95.2300800927613,7.300261044801488,86.664,48.076666174862766,107.98767341048537,95.44084183849907,12.546831571986306,84.488,49.40028327291098,LYNX,5.0,93.91512277623295,102.80481205799033,-8.889689281757384,79.056,50.05561712521116,97.24757055289777,104.89350254296855,-7.645931990070764,80.176,50.140766789374545,1,-1.0
401391746,2022-06-21,DREAM,4.0,95.29947579092257,101.013769558021,-5.714293767098425,86.912,50.97791636535466,90.7373036843075,93.87692656013628,-3.139622875828768,84.16799999999999,50.8098561433961,WINGS,2.0,105.685660636171,105.54300538866387,0.1426552475071361,82.56000000000002,53.10857283990293,102.14478423979885,103.704502167744,-1.559717927945148,80.83200000000001,52.94452830437647,5,2.0
401391747,2022-06-21,ACES,2.0,105.08613723456156,99.33451315042376,5.7516240841377995,85.864,46.4048713030679,108.35070413605385,97.19789646564433,11.152807670409533,85.124,48.79771917034687,SKY,2.0,107.44642702102674,105.54611571635424,1.9003113046724849,82.904,49.95181824856851,102.81667377549687,99.63218774399978,3.1844860314970687,82.98400000000001,50.312725523344525,-9,0.0
401391748,2022-06-21,MERCURY,4.0,104.37030713501062,104.37645489577707,-0.00614776076645569,83.24,46.356697927120464,99.43539660705484,103.33557824888214,-3.9001816418272997,82.53200000000001,45.15860193784398,LYNX,2.0,95.73201454827259,106.61682161968947,-10.884807071416892,79.712,51.30836437795841,97.7636575295961,104.77694338384772,-7.013285854251608,80.51599999999999,50.615879911546486,-13,2.0
401391749,2022-06-21,SPARKS,2.0,99.52127524414502,106.55859386886289,-7.037318624717872,81.88000000000001,48.652805364953245,103.13274285249122,110.88163920803065,-7.748896355539438,81.632,47.383219634945746,MYSTICS,2.0,95.05343210973655,88.87055207389884,6.182880035837721,81.056,50.87927197890539,97.44841564566104,95.27836752884288,2.1700481168181582,79.976,50.1928919215387,2,0.0
401391750,2022-06-22,SUN,3.0,102.37075487672496,95.26786352610118,7.10289135062377,80.976,55.98239118187748,105.53973183634407,99.61573485203128,5.923996984312785,81.228,57.03997309971756,LIBERTY,3.0,105.1682215402878,96.42169740754619,8.74652413274163,80.064,49.01612753370141,99.53169426588798,98.65638693004445,0.8753073358435387,79.55199999999999,49.51603588972599,-4,0.0
401391754,2022-06-23,SPARKS,2.0,98.3113779133321,105.37138920446095,-7.060011291128868,82.6,48.95583566798355,103.13274285249119,110.26799168716664,-7.135248834675421,81.632,48.595340847066964,SKY,2.0,110.79142662059333,106.32304854388344,4.468378076709902,84.352,50.11923906304814,103.63559287758501,100.00305455575005,3.6325383218349545,83.152,50.293871828020244,-23,0.0
401391753,2022-06-23,STORM,4.0,103.0688426812153,101.6499591477024,1.4188835335129029,78.856,46.308309747272425,98.6894115657012,94.71681180991636,3.9725997557848416,79.608,46.07647378012008,MYSTICS,2.0,94.48702907793559,93.45855213460422,1.0284769433313699,82.648,49.590326182917345,98.22006645043567,95.24232369954646,2.9777427508892105,80.48400000000001,51.87471010335688,14,2.0
401391752,2022-06-23,LYNX,2.0,100.07535500488959,102.62305812724523,-2.5477031223556366,79.38399999999999,51.75575460165353,99.16322729584974,102.47537625349632,-3.312148957646575,80.03999999999999,52.1004737490815,MERCURY,2.0,100.05681608275437,103.81789996775213,-3.7610838849977624,82.912,45.498192362732546,96.75826797418014,101.67360491174661,-4.915336937566472,82.388,44.66448429078516,12,0.0
401391751,2022-06-23,WINGS,2.0,104.26326733483833,105.1486900358318,-0.8854227009934619,81.112,53.83584556717566,100.48346850930925,103.71752435755543,-3.234055848246187,81.11999999999999,52.35578371563188,FEVER,4.0,98.80115571721224,108.49839740107079,-9.69724168385857,82.12,49.38297723781595,96.96032721934316,105.88990739108995,-8.929580171746773,83.796,48.17877078754026,26,-2.0
401391755,2022-06-24,DREAM,3.0,97.92886441077731,104.44143299627767,-6.512568585500361,85.51199999999999,50.859339290255846,91.08271794598221,92.97730053690461,-1.8945825909224099,84.612,51.70610678540945,LIBERTY,2.0,103.68935497106881,98.69785148409294,4.991503486975867,79.848,49.007718872780664,101.3097788254295,98.96304617710105,2.346732648328454,79.088,48.80922511600837,-12,1.0
401391756,2022-06-25,WINGS,2.0,107.55107752201755,100.79076275741731,6.7603147646002295,81.44,51.54931805294416,103.45986274375159,99.58805331681216,3.871809426939433,81.328,53.50284253916129,MERCURY,2.0,99.79020356834287,108.501633329035,-8.711429760692132,81.104,44.24178210632229,100.94873446281807,104.01841794519612,-3.0696834823780508,82.384,44.38715635556249,-11,0.0
401391757,2022-06-25,STORM,2.0,103.86950828570289,98.97591548600384,4.893592799699041,77.568,44.088900464572006,100.78170900072038,95.88091791749201,4.900791083228372,78.548,46.265619713482515,SPARKS,2.0,89.02257053046412,102.02508063844108,-13.002510107976951,83.50399999999999,48.0861067523209,99.91965924260667,109.39389448876425,-9.474235246157566,82.236,47.771091468600716,-8,0.0
401391758,2022-06-25,ACES,4.0,106.0786602280109,100.77734750201216,5.301312725998747,86.0,47.58134189130319,107.69118737363135,98.33278561665456,9.358401756976786,85.784,49.23889564093511,MYSTICS,2.0,93.94556759402975,94.67206878128002,-0.7265011872502555,79.112,48.80973546561776,96.79244048054554,97.13079144786914,-0.3383509673235793,80.008,51.5282743938299,-1,2.0
401391759,2022-06-26,DREAM,2.0,102.1220661888342,108.63169097153009,-6.5096247826959,85.52799999999999,48.83412920622223,93.81155040485376,94.47093330605747,-0.6593829012037091,85.34,50.68013275943543,SUN,4.0,100.08208403490451,98.54838673772676,1.533697297177747,80.65599999999999,54.417359198935046,104.24434569186403,99.90298723269743,4.341358459166598,82.02,55.281266632055875,-11,-2.0
401391760,2022-06-26,SKY,3.0,109.12550638435323,100.08243004958697,9.043076334766237,85.424,52.8639679787108,104.86698410778259,97.61464839694014,7.252335710842454,82.688,51.19748628585157,LYNX,3.0,109.04570916536088,104.54770850933255,4.498000656028333,80.2,55.66474701768819,100.78189476834258,103.40537803549458,-2.6234832671519897,80.264,53.204869353477115,3,0.0
401391762,2022-06-27,SPARKS,2.0,90.6091942625779,99.88351657418598,-9.274322311608083,84.44,49.555681953239386,100.71424994514743,105.72835323085454,-5.014103285707092,82.492,49.56617012935102,ACES,2.0,104.46724654479995,100.78416129929991,3.6830852455000382,87.96,48.84604777365613,104.86352436188284,97.98563837223892,6.877885989643916,86.86800000000001,48.84183681740571,-6,0.0
401391761,2022-06-27,MERCURY,2.0,104.10185683313452,105.67363516684046,-1.5717783337059275,81.20800000000001,44.382627176744826,102.2465498432149,103.58701547848223,-1.3404656352673328,82.65599999999999,45.003594711726876,FEVER,4.0,99.83077784723038,111.67606002119541,-11.84528217396504,80.896,50.80314530504284,95.77499534333025,107.48626631494885,-11.7112709716186,82.508,47.903506835805715,12,-2.0
401391763,2022-06-28,MYSTICS,3.0,92.9570473453471,97.86671137554333,-4.909664030196223,80.776,49.16889039519523,97.61196283532851,97.33394634236438,0.27801649296412734,81.096,51.43580864040524,DREAM,2.0,95.27551387905159,103.97661439050242,-8.701100511450841,85.72,47.51019657794178,91.79964236319684,96.95453106995285,-5.154888706756021,84.968,48.69882078384428,18,1.0
401391764,2022-06-28,LYNX,2.0,110.74394028782373,106.0081872746506,4.735753013173129,79.888,55.12602647896765,101.10051710076672,103.85452355254658,-2.7540064517798823,80.22,53.3900545386623,WINGS,3.0,103.99612706441224,97.88082990648152,6.115297157930709,82.01599999999999,50.59041394335512,100.72774387380426,97.9138345090617,2.813909364742558,81.684,53.03409253916129,28,-1.0
401391765,2022-06-29,SKY,3.0,109.57267730236995,100.27092904587217,9.301748256497783,85.088,50.25479163819118,106.7308012051981,99.47846549435565,7.252335710842454,82.68800000000002,50.395862744502,SUN,3.0,97.8407459271306,92.67975086721322,5.1609950599173855,81.136,55.07406209748577,103.60110514936926,97.02357867093491,6.577526478434346,81.628,56.1450347479979,8,0.0
401391766,2022-06-29,MERCURY,2.0,102.46276855585026,104.16268973536837,-1.699921179518111,80.584,44.30686960098725,102.79316256099014,102.15685909275074,0.6363034682394201,81.724,45.583532015802106,FEVER,2.0,97.86571941781942,109.38598883692343,-11.520269419104022,80.008,52.35739750445633,93.48992171414996,107.38849314869458,-13.898571434544612,81.412,48.43051605846711,21,0.0
401391767,2022-06-29,STORM,4.0,100.29965408144035,98.6996822149156,1.5999718665247484,78.92,44.430739655713076,98.42595443672816,98.47488216822659,-0.04892773149843066,78.90799999999999,44.590661172852336,ACES,2.0,104.23893042964305,102.88794747704685,1.3509829525961892,86.152,46.907141609397854,101.9749678423567,97.79687875283,4.17808908952671,86.708,47.97135594692483,10,2.0
401391768,2022-06-30,LIBERTY,6.0,100.15023153288016,95.87672564745405,4.273505885426099,80.864,49.50541472531522,104.57636100940529,96.8762745947206,7.700086414684695,79.26399999999998,49.9362092429925,DREAM,2.0,92.71962827995158,102.97903116097311,-10.25940288102153,84.232,46.22448229222749,91.69922165693143,100.05039422108776,-8.351172564156311,84.0,48.9938518397449,-11,4.0
401391771,2022-07-01,STORM,2.0,100.31485018018735,96.83206912014843,3.482781060038903,80.232,43.17771789906521,102.16416469667755,98.72932445165438,3.4348402450231688,79.772,44.864633775592054,FEVER,2.0,97.9989832615561,116.35517857577724,-18.35619531422114,78.8,52.94390776838594,95.02342991474612,110.3467646547416,-15.32333473999548,80.54,49.05869942009699,16,0.0
401391770,2022-07-01,LYNX,3.0,112.61150118452704,100.65682936222711,11.954671822299918,80.91999999999999,58.19122846337588,103.26331198038,101.73082071010872,1.5324912702712665,79.98800000000001,54.12342279429352,ACES,2.0,100.87514587524802,103.79924986085412,-2.9241039856060924,86.184,48.82494982857594,101.7027435064054,99.51466497680771,2.1880785295976977,86.424,48.45080800171935,-6,1.0
401391769,2022-07-01,WINGS,3.0,96.95206968736305,99.26898432213461,-2.316914634771564,81.76,46.54660233327845,100.07490766315577,103.05945325271469,-2.984545589558907,81.808,50.89512571295235,SPARKS,4.0,91.59200401400312,98.34442982628813,-6.752425812285009,83.728,51.49458811749766,97.65741858020571,104.0130235490303,-6.35560496882457,82.404,49.960975324156216,-8,-1.0
401391772,2022-07-02,SKY,3.0,109.2077435612894,99.20059265443487,10.007150906854562,82.784,49.63705908005164,109.29145864708907,102.00985395430256,7.28160469278652,82.45599999999999,50.47964897638606,MERCURY,3.0,107.18915145758892,102.09153431761258,5.097617139976324,79.32000000000001,45.90217751887581,105.77972929629978,103.23399460669482,2.5457346896049344,81.28,46.129437722998134,16,0.0
401391773,2022-07-03,SUN,4.0,95.69875865294901,95.60995583023437,0.08880282271465774,78.824,55.33299066891435,102.88013649058678,98.1944191519021,4.685717338684682,80.89599999999999,55.547608277409665,MYSTICS,5.0,101.42638666360001,98.43408656393923,2.992300099660784,79.72800000000001,50.01650944281428,100.01375424985879,96.19827203790028,3.8154822119585092,80.324,51.56907090053318,2,-1.0
401391774,2022-07-03,DREAM,3.0,91.43108890157443,98.15131856490589,-6.720229663331469,83.872,47.94418853457755,93.3652823462485,99.58254406146344,-6.217261715214947,85.392,49.461052449966104,STORM,2.0,99.99502433642724,89.7294928046643,10.265531531762937,80.952,45.83947056081787,100.76666012814188,94.51320505550225,6.253455072639634,79.612,45.94135565876555,14,1.0
401391775,2022-07-03,LYNX,2.0,110.46357705343276,99.73087452778982,10.732702525642955,80.712,55.85911613126355,103.09779580085267,103.17384807373965,-0.07605227288696881,80.212,53.58374025461097,ACES,2.0,100.49945773360243,102.20598496971688,-1.706527236114448,85.56800000000001,51.15706216068827,102.79279748408199,100.77024906007031,2.0225484240116756,85.716,48.78096673187808,31,0.0
401391776,2022-07-03,SPARKS,2.0,94.73310076643263,97.43052352966026,-2.697422763227621,83.93599999999999,51.1242177471273,97.12718800528884,101.99455869926159,-4.867370693972747,82.90799999999999,49.88851155604027,LIBERTY,3.0,97.99861237693099,95.75736190884133,2.241250468089652,81.72,50.95474701125396,102.46352409757341,97.717733718973,4.745790378600408,80.364,49.12480573422057,10,-1.0
401391777,2022-07-04,SPARKS,1.0,95.1988814147993,95.87718203407556,-0.6783006192762571,83.576,52.20580282871238,96.75512966406569,100.62428561926825,-3.8691559552025625,83.088,50.580819248347964,MERCURY,2.0,106.94049986904164,102.32865901132652,4.611840857715134,80.456,44.927912812993455,103.498657975898,103.07327948953932,0.42537848635868586,81.684,45.213052587863004,3,-1.0
401391778,2022-07-05,FEVER,4.0,92.75653099416783,111.92194714432694,-19.16541615015911,78.44,51.57003389451207,92.75357472162072,108.41613022024168,-15.662555498620952,80.69200000000001,49.2050958164934,STORM,2.0,98.18292425504728,93.31180622916445,4.871118025882839,81.536,44.56486261954326,100.62588346813129,97.48088268843343,3.145000779697871,80.196,45.43658618340784,-22,2.0
401391779,2022-07-05,WINGS,4.0,95.93658303293117,102.42684516762225,-6.4902621346910765,82.024,46.916972703648824,100.81112183455109,103.98492527814305,-3.17380344359197,82.292,50.01277277177588,SUN,2.0,92.33482459199232,94.5187033829067,-2.1838787909144,80.128,53.345111881035564,100.45560893015643,96.01517156212984,4.440437368026586,81.18,54.579792185455645,11,2.0
401391780,2022-07-06,LYNX,3.0,114.08360848092943,98.94478693097952,15.138821549949906,81.376,58.86062442688949,107.07948174290951,100.78392252911237,6.2955592137971355,80.38000000000001,55.3081895142715,SKY,4.0,111.02916518238507,96.68114523679245,14.34801994559263,82.088,53.017740898233455,109.23779610170591,101.11363047657333,8.124165625132559,82.49600000000001,51.48477957340098,3,-1.0
401391781,2022-07-06,DREAM,3.0,93.14778911556627,97.7984476022149,-4.650658486648638,84.42399999999999,49.230019820408835,95.53832676317178,101.11994029924628,-5.581613536074499,84.968,50.04467955533234,MYSTICS,3.0,99.49998755171222,99.02831736256991,0.47167018914232417,81.792,51.66399802728917,97.2767098307244,93.94943471823437,3.3272751124900224,81.424,51.27163500309729,-19,0.0
401391782,2022-07-06,ACES,3.0,96.74108019689693,104.32836567297534,-7.587285476078421,83.864,47.27320092388585,101.40987021245391,102.55285658749376,-1.1429863750398368,84.932,47.42727140759452,LIBERTY,3.0,96.45237441534304,99.62319780999971,-3.170823394656665,82.43199999999999,49.43679829330523,101.6021087242951,98.58395722741355,3.018151496881546,81.1,48.774963795337534,-9,0.0
401391783,2022-07-07,FEVER,2.0,89.13887529339192,113.91681062388425,-24.77793533049233,78.336,48.86577612696317,93.97001550530207,111.20760401247753,-17.237588507175452,80.228,49.12437668238956,SKY,1.0,105.92016574877387,94.36140604545233,11.558759703321538,81.288,54.16900140243514,108.3557961846836,100.34222729466788,8.013568890015721,82.82000000000001,52.14412023274165,-9,1.0
401391784,2022-07-07,MERCURY,3.0,104.24335581527328,97.43495924466849,6.8083965706047875,80.024,47.528409090909086,102.01677969180808,102.96829628685175,-0.9515165950436725,80.56400000000001,45.885095598615685,LIBERTY,1.0,106.99727261470753,105.75729555878499,1.2399770559225316,82.6,49.425574948748555,106.08274707749766,101.08949648316559,4.99325059433208,81.33200000000001,49.220851241224985,3,2.0
401391785,2022-07-07,SPARKS,3.0,99.80911736909584,94.3306334572383,5.478483911857538,83.47200000000001,54.33561238953632,94.41584394977998,98.1778570478397,-3.7620130980597066,83.488,51.210859570928605,STORM,2.0,97.94299215583136,91.617285778452,6.325706377379362,83.488,46.33701451827744,100.90625022076712,95.29660063222791,5.6096495885392015,80.52799999999999,45.21295749142472,-37,1.0
401391790,2022-07-12,SPARKS,5.0,96.56844717040234,102.30668794582068,-5.738240775418333,82.872,50.09680641938706,93.58882071649012,101.09510226000332,-7.506281543513208,83.65599999999999,49.826244186313225,MYSTICS,6.0,100.99444997931452,95.16415310103987,5.830296878274652,81.232,51.967028330319465,97.74073952862506,94.31135261782205,3.429386910803011,81.94,50.77867725661841,-13,-1.0
401391789,2022-07-12,LYNX,6.0,110.78832449465418,97.72914754937308,13.059176945281086,80.384,55.080404646669706,109.91701683000751,101.13842802935282,8.77858880065471,80.292,55.37257583217895,MERCURY,5.0,105.00638030676905,100.141236609804,4.865143696965049,79.624,46.09983766233766,104.55411856995178,102.90743588832224,1.6466826816295608,80.416,45.24123241954125,11,1.0
401391788,2022-07-12,SKY,5.0,108.44292823772878,100.32148578352897,8.121442454199808,81.408,54.420596016184255,108.78421731104099,100.20195791655797,8.582259394483023,83.416,53.642281997447526,DREAM,6.0,90.90795504041562,97.4303144586253,-6.52235941820968,83.96000000000001,50.37287696326598,96.51501061462491,103.03100271507769,-6.51599210045279,84.744,49.603503084744105,15,-1.0
401391787,2022-07-12,LIBERTY,5.0,106.11205155906403,106.62227376481151,-0.5102222057474706,83.304,51.003400108663264,104.90070326506641,102.66006262445221,2.240640640614198,81.576,50.005559490721964,ACES,6.0,104.36459094540767,113.90490024950991,-9.540309304102248,81.496,47.16714031782525,104.41591874510382,107.34453077440492,-2.9286120293011053,84.72800000000001,48.00659404574069,-6,-1.0
401391786,2022-07-12,STORM,5.0,106.45082735844532,88.61540528937314,17.835422069072187,82.648,50.57582048842669,103.37524071994285,93.65754375214438,9.717696967798469,80.78399999999999,47.503280072069884,WINGS,7.0,98.4979224506965,100.8528038659583,-2.3548814152617723,81.43199999999999,48.31668410336022,101.38059489276743,103.00074695089504,-1.620152058127617,81.272,51.07626483526794,9,-2.0
401391791,2022-07-13,FEVER,6.0,90.98681150195655,111.16666472489833,-20.179853222941784,80.16,47.10107024461023,95.40879467459345,111.42136237304688,-16.012567698453417,80.528,48.95210777482653,SUN,8.0,92.77018535702284,95.50438971731413,-2.7342043602912782,81.576,50.770639169576555,97.5704701168739,95.38612662170766,2.184343495166246,81.276,53.376515175727015,-8,-2.0
401391792,2022-07-14,LIBERTY,2.0,107.07685561329735,111.88143426256946,-4.804578649272102,84.72,48.431971537234695,103.61354357308876,103.87907995501175,-0.26553638192300183,82.792,48.96869313127496,ACES,2.0,109.53391438277131,119.1796454801761,-9.645731097404788,82.688,48.98532213600707,106.88642240620717,111.03379647861148,-4.1473740724043,84.42,47.946231872702455,-34,0.0
401391793,2022-07-14,LYNX,2.0,112.12134012813442,96.11814454446197,16.003195583672465,85.168,55.821145387410446,111.43264020797908,101.06316590955628,10.369474298422798,82.528,55.47358593318906,WINGS,2.0,93.4571507262619,104.40064486583537,-10.943494139573477,81.54400000000001,48.16749399253328,100.50411412413973,102.59570381162635,-2.0915896874866235,81.49199999999999,49.85840602273872,-5,0.0
401391794,2022-07-14,MERCURY,2.0,105.87560981124685,106.31117394369512,-0.43556413244826897,83.376,45.897817460317455,104.16918918354857,105.23693183953174,-1.06774265598319,81.98,45.10234353065235,MYSTICS,2.0,106.71854369276414,93.85142833358415,12.86711535918,81.424,53.149917898193756,100.33205564339696,94.26174855743207,6.070307085964872,80.268,50.97982668190576,5,0.0
401391795,2022-07-14,SPARKS,2.0,98.86572201254259,106.37365371517926,-7.507931702636677,82.6,47.638230512535294,95.22886301327286,102.35904177073371,-7.130178757460842,83.164,49.56640931501648,SKY,2.0,108.73071407807811,97.66203627672931,11.068677801348816,81.56,54.9402201178979,109.15169569022403,98.96648266130073,10.185213028923298,83.324,52.59750587804454,-12,0.0
401391796,2022-07-15,FEVER,2.0,90.9812985188814,109.82700983763884,-18.84571131875743,82.272,44.31697933551932,94.42350896835042,109.60649933728114,-15.182990368930726,81.14000000000001,48.33718841998782,LYNX,1.0,111.44555505014674,103.37845088467452,8.06710416547223,84.76,54.81476693241399,112.02852811733689,102.01764012345082,10.010887993886074,82.84,56.50299769789493,-10,1.0
401391797,2022-07-15,DREAM,3.0,94.67209333332607,102.24024916011783,-7.568155826791769,83.65599999999999,51.81782613047342,94.97380360618882,103.10843177531012,-8.134628169121305,84.688,49.664011354207595,SUN,2.0,94.87347687439112,94.73128167866665,0.1421951957244886,82.232,52.49638543823327,97.47778045464781,96.6398342081967,0.8379462464511178,81.444,53.45687231858416,-25,1.0
401391798,2022-07-16,WINGS,2.0,98.23664765982446,105.37977791819716,-7.143130258372696,81.52000000000001,46.40278811018034,101.11638736211833,101.63030391233934,-0.5139165502209935,81.768,48.49660102676773,SKY,2.0,105.16717764142447,93.19317301709256,11.974004624331908,82.16799999999999,55.67249623730089,107.18746060135695,96.19688283576372,10.990577765593235,82.476,52.65477765867627,-8,0.0
401391799,2022-07-17,SUN,2.0,99.98706440697772,96.46572906282196,3.5213353441557613,82.176,52.206530365769495,98.91390516705417,94.57273996501759,4.341165202036573,81.65599999999999,53.64029623162763,ACES,3.0,116.66521055061234,115.86572466902385,0.7994858815884897,82.67999999999999,49.45498945498945,108.77017821293018,109.83248726493898,-1.0623090520088012,84.432,49.13996964178269,-8,-1.0
401391800,2022-07-17,MYSTICS,3.0,105.15789198178186,93.69717297973436,11.460719002047503,80.304,54.156767213262256,99.05746966356449,95.78194217763885,3.2755274859256405,80.54,51.66282880422874,LYNX,2.0,110.19575529310092,98.42781213693175,11.76794315616917,86.224,56.121238238885304,110.32966617326683,99.07934333236079,11.250322840906062,83.468,55.99017718507442,13,1.0
401391801,2022-07-17,MERCURY,3.0,98.24974310894702,103.09305448353743,-4.843311374590414,85.464,44.068387500087674,102.71944728326795,102.59229440057501,0.1271528826929554,82.392,44.98528250948174,DREAM,2.0,91.96396133632304,100.87894410254921,-8.914982766226185,84.80799999999999,51.227764018672175,92.34179480813731,101.92898763176116,-9.587192823623857,84.52000000000001,48.726123155449834,-10,1.0
401391802,2022-07-17,STORM,5.0,106.32076463334968,88.60955429517954,17.71121033817014,81.8,51.38979706178385,103.31780740676852,92.72081170766398,10.596995699104522,81.016,47.28375748042453,FEVER,2.0,87.0228944816441,102.34507833126902,-15.322183849624912,85.288,44.12673946786009,92.5109388716001,109.35012845352314,-16.839189581923026,82.04400000000001,48.535323618123016,16,3.0
401391805,2022-07-19,SPARKS,5.0,94.0208640454823,106.29549651974366,-12.274632474261356,80.856,46.59345439313231,94.37698240595748,101.86301002470195,-7.4860276187444885,82.396,48.858836070129804,FEVER,2.0,88.67012313556172,103.91226810916115,-15.242144973599412,85.624,44.15445949558012,90.71332706486479,107.91710762674404,-17.203780561879263,82.032,47.862246695046096,7,3.0
401391804,2022-07-19,ACES,2.0,116.97813654023635,115.66758168734074,1.3105548528955837,82.44800000000001,47.11204288669077,108.73879713691937,108.9367833285288,-0.19798619160943218,84.008,49.13455252368952,DREAM,2.0,95.30324713823566,103.86235317632399,-8.559106038088348,80.75200000000001,52.55096639079968,93.36716801990504,101.00683587061494,-7.639667850709908,82.312,50.24757746268862,-16,0.0
401391803,2022-07-19,SUN,2.0,97.9089477515237,94.18731200684223,3.7216357446814556,83.776,54.06832614041739,96.80385320223635,94.89863391853831,1.9052192836980566,81.3,54.700658404665866,LIBERTY,5.0,106.84686164796001,117.5339392115568,-10.687077563596807,83.408,47.79287379287379,102.42273701244548,106.64565056019907,-4.222913547753578,82.56400000000001,49.373810402063874,19,-3.0
401391806,2022-07-20,SKY,4.0,105.89640133680584,95.75128279786428,10.145118538941574,81.28799999999998,56.60999623730089,108.46278325959545,96.21621401732835,12.246569242267103,81.688,54.813868567767166,STORM,3.0,108.34250963486576,90.62154948657317,17.72096014829259,81.76,51.36207703406383,104.1687669856465,90.17552114561873,13.993245840027765,81.35600000000001,48.60077379744085,4,1.0
401391807,2022-07-21,MYSTICS,4.0,98.15063420804478,88.23863475420585,9.91199945383894,81.176,52.35814414957895,99.7885104358224,93.33636065907254,6.452149776749861,80.452,51.187326796196615,LIBERTY,2.0,104.70048796880535,117.6983301360342,-12.997842167228848,82.88,47.17748917748918,100.5764311920742,108.66076397301694,-8.084332780942756,82.656,48.307143735397204,9,2.0
401391808,2022-07-21,SPARKS,2.0,94.16061356676585,107.21774424707947,-13.057130680313602,81.12800000000001,44.36138138139829,94.67974749078257,101.54746314057749,-6.867715649794929,82.352,48.28359210505533,DREAM,2.0,96.64417073734862,104.58296538140192,-7.9387946440533,80.08800000000001,52.25327739745851,94.89597992645744,101.19070649180841,-6.2947265653509685,82.256,50.74164860893367,7,0.0
401391809,2022-07-21,ACES,2.0,116.33632880598307,110.7661366024241,5.570192203558955,84.152,49.10758357788363,106.53870450144,107.54725113769973,-1.008546636259733,84.00800000000001,48.19039225088475,FEVER,2.0,91.11556165945322,102.94040753801755,-11.824845878564332,84.71199999999999,45.887993072065846,90.12721847642257,108.4286090809509,-18.30139060452833,81.524,47.376884599514504,13,0.0
401391810,2022-07-22,LYNX,5.0,98.61243442876513,97.919354126218,0.6930803025471419,86.45599999999999,53.615831998539306,106.34802145484727,98.43207052859876,7.915950926248525,83.916,56.23822821271439,SUN,3.0,102.60987689237008,94.31868403686124,8.291192855508845,81.48,55.93499280708405,97.47235074218119,94.41869370988397,3.0536570322972225,80.804,54.64005234405981,-10,2.0
401391811,2022-07-22,SKY,2.0,108.83424105551956,96.85334129623385,11.980899759285716,79.03999999999999,57.268004895309545,107.3772034021467,95.60737367084309,11.769829731303627,80.164,55.718503148872344,WINGS,6.0,102.12362566782005,104.09762928541193,-1.974003617591856,81.88000000000001,46.67387244752973,99.53784767759154,101.68330680377326,-2.14545912618171,81.82000000000001,46.610237390404095,6,-4.0
401391812,2022-07-22,MERCURY,5.0,100.46602776273679,104.19903307367129,-3.73300531093451,83.55199999999999,43.51821144374965,103.7032638158892,103.2638460424989,0.43941777339031207,82.00399999999999,44.22306212837155,STORM,2.0,109.5302548464964,89.5847669495973,19.945487896899117,80.24000000000001,51.7388174108042,103.85658955077186,91.44828658938087,12.408302961390977,80.888,48.15184001517373,16,3.0
401391813,2022-07-23,LIBERTY,2.0,94.2510569859987,111.76853223068267,-17.517475244683972,81.95200000000001,46.12366737739872,100.62416480035311,108.76291389473383,-8.13874909438072,82.276,47.77462116307363,SKY,1.0,108.66794909518642,97.36064165980521,11.307307435381214,78.44800000000001,55.20918136589778,108.5554386664576,98.8410637216671,9.71437494479051,79.928,54.81488869104102,3,1.0
401391814,2022-07-23,ACES,2.0,110.6775913664275,100.04603303234282,10.631558334084692,85.456,51.02943365762845,107.52109115591759,106.97546664092638,0.545624514991222,83.476,49.09828698772685,SPARKS,2.0,98.04032075867589,109.96282009041201,-11.922499331736137,79.472,42.2355220477124,98.92471906388587,102.14672677382516,-3.2220077099392994,81.47200000000001,48.28556721862436,18,0.0
401391815,2022-07-24,FEVER,3.0,89.78938286654656,102.57936426738272,-12.789981400836151,84.44,46.63102712779341,90.38809718425156,106.87301449614054,-16.484917311888967,82.3,46.866048686201815,WINGS,2.0,101.2024619558907,102.74981449224352,-1.5473525363528124,81.47200000000001,46.67387244752973,98.56952249441093,102.58832982993287,-4.018807335521944,81.748,46.79542257558928,-10,1.0
401391816,2022-07-24,STORM,2.0,106.7269059096764,95.96346979272475,10.763436116951642,79.2,51.53767296828643,102.33494903275387,93.79037778558838,8.544571247165502,81.34400000000001,48.937343743281936,DREAM,3.0,99.64167204263688,104.51692400997904,-4.875251967342135,80.136,54.056556085983104,95.27481354152626,100.97361923430216,-5.698805692775908,82.048,52.21471652462454,10,-1.0
401391817,2022-07-24,LYNX,2.0,100.20949276804399,102.87517433367093,-2.665681565626943,85.84,55.67297485568216,105.49890863134905,100.30216094152199,5.196747689827072,83.112,55.37668975117593,SUN,2.0,109.0847038724809,95.4756598433543,13.609044029126608,80.992,55.528643600734846,100.92744461475188,95.49002478033421,5.437419834417665,81.284,53.149641385155704,-7,0.0
401430112,2022-07-26,SKY,3.0,106.08084760276127,99.20015753940525,6.880690063356019,78.55199999999999,54.41057698520385,107.4057808404197,98.43109690806727,8.974683932352416,80.056,54.675398551550884,ACES,3.0,107.05855331111802,93.23796649741665,13.820586813701382,84.048,50.45800508619988,108.29623384694466,106.20880598879637,2.087427858148297,83.36800000000001,49.72166361110347,-10,0.0
401391820,2022-07-28,WINGS,4.0,101.76720040644985,103.89859561640637,-2.1313952099565254,83.624,46.04971317930267,100.13256142857318,102.37569974118233,-2.243138312609149,82.52799999999999,47.18319864133145,MYSTICS,7.0,101.77025692721706,89.09261500613177,12.677641921085288,79.2,52.93923867694214,100.63512223946465,94.06046618435084,6.574656055113806,80.496,52.301618352115646,-10,-3.0
401391821,2022-07-28,MERCURY,6.0,104.91800583661231,103.9038659434829,1.0141398931294106,83.792,43.15586058206163,104.58068082594279,100.66941259407571,3.911268231867099,81.90799999999999,45.34213483648536,SPARKS,5.0,97.60089934815625,104.84213696327072,-7.241237615114466,79.176,43.37837919056955,97.0846732592793,103.5744124545457,-6.4897391952664,81.024,46.737592804978306,10,1.0
401391818,2022-07-28,DREAM,4.0,98.58026354261501,102.16796499274848,-3.587701450133457,80.424,55.02933922909109,96.62617843797054,102.20410707643316,-5.577928638462613,82.03999999999999,53.42358267978226,LYNX,4.0,95.9348500318628,102.45365852753973,-6.518808495676953,82.19200000000001,52.7971578622181,104.0280950799986,99.28590153600085,4.742193543997756,83.67999999999999,54.30915162481428,-7,0.0
401391819,2022-07-28,SUN,4.0,109.32169067428313,95.87212096534161,13.449569708941514,80.24,55.41834948308779,102.09758377433712,95.30170132200412,6.795882452333001,81.236,53.957367460660535,STORM,4.0,100.06162393431782,96.32506186110176,3.7365620732160694,79.55199999999999,48.71414355652173,103.25622564638157,92.47023357523744,10.785992071144129,81.1,49.64498202247421,5,0.0
401391822,2022-07-29,FEVER,5.0,91.31642265516768,104.61634841799017,-13.29992576282246,84.14399999999999,48.33653560236968,91.14886058702454,107.2216791278145,-16.072818540789946,83.208,46.3267574689445,ACES,3.0,103.40334327292928,95.29086500421587,8.112478268713408,84.11999999999999,49.02943365762845,110.0342769117708,105.57829483661985,4.455982075150949,83.4,49.24221155630896,-21,2.0
401391823,2022-07-29,SKY,3.0,105.74711415427507,104.13498713004228,1.612127024232788,79.456,53.36580086580087,105.45714589784977,98.66408007356742,6.7930658242823485,80.812,54.519148551550884,LIBERTY,6.0,93.67318307106058,109.76646710839118,-16.093284037330612,82.864,45.344446598177946,99.89261731506231,108.19437043660135,-8.30175312153904,83.084,48.173923353420605,8,-3.0
401391824,2022-07-30,MYSTICS,2.0,102.4431086539875,92.05112926079137,10.391979393196134,79.08800000000001,51.19320693091039,101.71877931665101,93.60764118091562,8.111138135735393,80.16,51.58011763061493,STORM,2.0,100.54140318331353,100.3816400786509,0.15976310466262475,79.2,48.35059651648242,103.43108390833159,94.49559718691522,8.935486721416384,80.5,49.87019678913314,-5,0.0
401391825,2022-07-30,DREAM,2.0,102.05316207993809,101.32753076074403,0.7256313191940705,80.90400000000001,55.15721646694275,97.00856170813057,101.10323743164663,-4.094675723516057,82.85600000000001,53.192490242807466,WINGS,2.0,102.50880588092468,104.88553439113768,-2.3767285102129962,83.616,47.65081738910253,97.9829783035933,104.64308962848654,-6.660111324893236,82.58,47.90915569081791,-13,0.0
401391826,2022-07-31,SUN,3.0,108.15890834857446,99.5216525892351,8.637255759339354,80.208,54.62247623327202,104.07298637777608,97.99369082602854,6.079295551747558,81.19200000000001,53.41450329952075,SKY,2.0,104.19410842254055,102.72157741913784,1.472531003402716,80.6,51.178300865800864,105.04525487967321,99.23643010850105,5.808824771172145,80.94399999999999,53.894148551550884,-3,1.0
401391827,2022-07-31,LIBERTY,2.0,89.99842711153683,106.62532362876122,-16.626896517224402,82.088,46.46051802674937,98.53764136241709,109.25337894566535,-10.715737583248252,83.404,47.446244781992036,MERCURY,3.0,104.4346043498934,101.88208590568215,2.5525184442112505,85.328,44.74316216936321,104.72049232833123,101.01166125774309,3.7088310705881495,82.476,45.42149991585044,20,-1.0
401391828,2022-07-31,FEVER,2.0,91.79790778261429,108.0917557899113,-16.293848007297022,82.576,46.9652981441757,89.41040113212918,105.21841706059017,-15.808015928460966,83.93199999999999,45.5460188060179,ACES,2.0,103.97234131504504,92.65428616558492,11.318055149460111,84.064,52.46278740329084,110.47523892764067,104.16093392646283,6.314305001177847,83.256,49.7874151449908,-25,0.0
401391829,2022-07-31,MYSTICS,1.0,97.00373194445004,91.20517913104511,5.798552813404919,79.936,49.40201919144678,101.86113781860709,92.52830373231464,9.33283408629246,80.68,51.27596854482027,STORM,1.0,100.46326480963035,103.04207138323957,-2.5788065736092336,79.464,47.55999822588412,104.40288722224804,96.83181043490637,7.571076787341679,80.612,49.46103762997397,3,0.0
401391830,2022-07-31,SPARKS,3.0,95.12625949446667,101.34156692846813,-6.215307434001471,81.192,45.28861454908076,96.99599075350461,103.8576103218237,-6.861619568319074,81.896,46.46342253080803,LYNX,3.0,95.90523468509896,99.57276871849949,-3.6675340334005284,83.152,52.208922568100455,103.67539486762287,101.47560980158701,2.199785066035851,83.95599999999999,53.511844750257225,-7,0.0
401391831,2022-08-02,SUN,2.0,107.62914250964994,97.71485969237366,9.914282817276264,82.54400000000001,54.3060571709529,102.76904513058682,95.95108584960796,6.81795928097886,83.16,54.18719165568514,MERCURY,2.0,100.1826243621284,100.5006599950622,-0.31803563293382525,81.424,43.50133210400374,103.02911708668762,103.40591696937865,-0.37679988269104714,82.4,44.699574782160596,24,0.0
401391832,2022-08-02,LIBERTY,2.0,93.71298818117036,97.00411150754911,-3.2911233263787496,82.08,50.24203063179139,100.27992491456519,107.26902535955296,-6.989100444987779,82.744,49.01745221233259,SPARKS,2.0,95.9055430991398,100.74869305420103,-4.843149955061222,82.52000000000001,44.9901070863942,94.96320357231104,103.52209478697235,-8.558891214661289,81.688,45.791780739763254,29,0.0
401391833,2022-08-02,MYSTICS,2.0,100.11758342293987,92.33175989439646,7.785823528543429,77.992,49.228503209711626,102.63773770236087,93.01446643706541,9.623271265295466,79.148,51.69263521148694,ACES,2.0,110.36343279884647,88.95915193989623,21.404280858950237,82.464,53.793832407104716,113.34988080241476,99.86264427116018,13.487236531254595,83.308,51.45070799249417,10,0.0
401391834,2022-08-02,SKY,2.0,103.02416907250472,102.01643488786881,1.0077341846359076,84.728,48.43027263832058,105.92920506401215,99.43488809205132,6.494316971960812,81.88399999999999,52.84913876681507,WINGS,3.0,101.18323705882449,101.45092513900747,-0.267688080182981,82.55999999999999,49.41552327145547,99.70994235932446,103.41535152860232,-3.7054091692778384,82.03999999999999,47.90915569081791,-6,-1.0
401391836,2022-08-03,LIBERTY,1.0,103.16173449385474,94.61174600677653,8.549988487078199,82.224,54.24203063179139,103.93111123133004,106.15503807140536,-2.2239268400753245,82.55199999999999,50.70975990464028,SPARKS,1.0,92.4257440262224,106.04553656786229,-13.619792541639885,82.768,43.83756471351283,93.29317879649412,106.63164040747088,-13.338461610976742,81.94800000000001,44.09947304745556,3,0.0
401391837,2022-08-03,STORM,3.0,101.7124240684291,104.07737154308536,-2.364947474656259,78.67999999999999,47.74181640770231,105.62133945746277,96.83106924634133,8.79027021112143,79.46000000000001,49.74031690925326,LYNX,3.0,97.37062365694797,101.53152985674993,-4.160906199801952,81.328,53.03938563736949,103.78318947502444,99.97967099684084,3.8035184781836096,83.776,54.580311938127394,12,0.0
401391835,2022-08-03,DREAM,4.0,95.88370787509774,100.96372053219241,-5.08001265709467,82.408,53.044540410604725,95.5934775066667,102.41303685425821,-6.819559347591509,81.58,52.797753400702206,FEVER,3.0,93.5128714348955,112.25192961516424,-18.73905818026876,81.864,47.74127655173306,91.0914972852286,108.08209886216271,-16.990601576934086,83.744,45.94786802365659,10,1.0
401391838,2022-08-04,SUN,2.0,108.09579072084527,97.09441588685549,11.0013748339898,83.128,53.73462859952433,105.35283380660769,95.70654996185837,9.646283844749323,82.304,54.834810703304186,MERCURY,2.0,97.27673464964197,104.75727294732732,-7.480538297685365,80.272,43.5796099905008,97.7632388792945,103.92516371543238,-6.1619248361378895,82.86800000000001,43.82399874529424,13,0.0
401391839,2022-08-04,WINGS,2.0,103.00807958577279,99.69381579077461,3.3142637949982174,81.78399999999999,52.064777002798756,102.56585262679644,101.89572253809325,0.6701300887031806,81.832,49.36932472516425,ACES,2.0,109.61318570441749,93.75231208303408,15.86087362138339,79.64,51.30157234518522,110.14538853542248,96.89917255768846,13.246215977734042,82.54799999999999,51.16550300140683,2,0.0
401391840,2022-08-05,DREAM,2.0,94.50095241319676,101.16882794352715,-6.667875530330397,83.296,51.30949244163147,95.57256157527269,102.87589666246454,-7.303335087191849,81.692,51.78138491954498,SPARKS,2.0,86.03569304434771,102.29429206433261,-16.258599019984896,82.816,44.955911895188116,92.0380069015118,106.12855607737231,-14.090549175860513,81.14399999999999,43.59571697145026,2,0.0
401391841,2022-08-05,SKY,3.0,101.51772480123854,103.6266603248212,-2.108935523582673,83.768,48.2810189069773,105.09283694821247,100.4936509923132,4.59918595589927,81.108,51.74510013643754,MYSTICS,3.0,103.50420930848998,96.47700778818256,7.027201520307409,77.944,51.48931114734451,100.82742175826738,92.35782127119421,8.469600487073174,79.56,51.92372764846173,10,0.0
401391842,2022-08-06,WINGS,2.0,106.84461571411653,101.54779711299317,5.29681860112336,78.824,52.789414683958185,104.02353883500362,102.14880580261834,1.8747330323852736,80.148,49.73164356574396,FEVER,3.0,92.2142368754435,111.47341627198614,-19.25917939654264,83.45599999999999,47.03466399503695,91.66489926744836,107.20691190500183,-15.542012637553484,84.084,46.461328533551395,4,-1.0
401391843,2022-08-06,MERCURY,2.0,94.49100454160553,102.78679299420946,-8.295788452603926,80.168,42.68023785406774,97.47851615217117,103.49291303394038,-6.014396881769218,81.86,43.099224648908695,LIBERTY,3.0,101.50205984805837,89.86853140069954,11.633528447358819,82.576,55.374723332670555,97.87655841702853,100.8185318156911,-2.941973398662577,82.264,50.74919535503464,14,-1.0
401391846,2022-08-07,STORM,4.0,103.66055016127147,99.12033046914607,4.540219692125399,79.28,47.05688490085299,105.19372803547394,97.54190013093543,7.65182790453852,79.24,49.29727893456972,ACES,3.0,109.93646138692077,99.21383811089245,10.722623276028312,78.672,49.71979180688293,108.4975073490194,96.22590230415456,12.271605044864847,81.35999999999999,50.088898446541414,-8,1.0
401391847,2022-08-07,LYNX,4.0,101.73348767339186,105.54868966242523,-3.815201989033375,81.864,51.955048287971906,100.17296105107849,101.73402189432161,-1.5610608432431163,84.16,52.785440143255606,DREAM,2.0,96.56354110223631,100.95569630574633,-4.3921552035100175,83.64000000000001,49.664943911837035,98.1026065724366,102.73631015786268,-4.633703585426076,81.888,51.860749998910066,10,2.0
401391845,2022-08-07,MYSTICS,2.0,104.94179331796913,102.80996880778426,2.1318245101848703,77.83200000000001,50.73851965028435,103.35602512259308,95.951291906958,7.404733215635079,78.516,51.83887916361324,SPARKS,2.0,91.04747905411996,103.2137569326571,-12.166277878537167,82.888,45.65432459360081,94.3241892011381,104.02794694796391,-9.703757746825817,81.03200000000001,44.51635189208518,-3,0.0
401391844,2022-08-07,SKY,2.0,105.57630195746022,104.41073188862883,1.1655700688313744,83.16,49.23339985935825,105.82857478011074,101.80544471401704,4.023130066093697,80.856,51.82198842228105,SUN,3.0,103.15639288245104,91.47835824403509,11.678034638415948,83.58399999999999,57.946676792295406,106.12054837746595,93.4770090436947,12.643539333771278,82.288,56.73766019651513,3,-1.0
401391848,2022-08-08,WINGS,2.0,106.23275901560233,102.32756587763126,3.9051931379710707,79.136,53.24492315853446,103.99997971102607,103.11308074701881,0.8868989640072726,81.38000000000001,49.64731816891856,LIBERTY,2.0,97.82572249710336,90.38328557095852,7.4424369261448335,81.264,54.05870601665323,95.74945278408197,100.07487633967486,-4.325423555592889,82.064,49.701576307415586,9,0.0
401391849,2022-08-09,SKY,2.0,109.25460203203507,105.03139390084166,4.223208131193419,82.32000000000001,47.90006652602492,107.50085809315507,104.58319051544197,2.917667577713104,80.888,50.63293369591289,STORM,2.0,104.05768229150874,104.12477372171213,-0.0670914302033907,78.792,48.42095485315824,102.05965311291328,100.22491779140694,1.8347353215063393,79.172,48.56754920483998,-11,0.0
401391850,2022-08-09,ACES,2.0,111.32249452357969,100.86309710527034,10.45939741830934,76.984,49.1792512663424,107.36291889825448,98.0769810547431,9.285937843511373,80.55199999999999,49.104342461985425,DREAM,2.0,98.20942559627187,102.86781513367949,-4.65838953740761,82.032,48.68756834622617,98.39484456944345,102.51789006321397,-4.123045493770533,81.228,51.85845378765864,7,0.0
401391851,2022-08-09,SPARKS,2.0,94.2764835974099,103.43307845425065,-9.156594856840774,79.912,44.218851853780244,94.70137154593827,102.38732269135939,-7.685951145421123,80.55199999999999,44.75373320143051,SUN,2.0,102.88543045133497,93.63290972689701,9.252520724437947,84.744,57.51530424327581,106.10356056280902,94.7525153461193,11.35104521668973,82.49199999999999,56.466826863181794,-26,0.0
401391852,2022-08-10,WINGS,2.0,110.11604016711692,101.39357791919282,8.722462247924113,77.91999999999999,52.00736598877389,106.31242302402082,103.13955615516525,3.1728668688555586,80.768,49.82909168893822,LIBERTY,2.0,98.91072709782958,91.9412250392531,6.96950205857649,79.56,53.86273144038205,94.4545771046832,99.28327433400716,-4.828697229323955,80.824,50.16162473356571,-18,0.0
401391853,2022-08-10,MERCURY,4.0,89.36572527343704,98.27768063955858,-8.911955366121566,80.728,44.03183602758372,97.14186555502467,101.09077329152073,-3.9489077364960776,82.26,43.59384830482268,LYNX,3.0,101.12905284873553,99.70856089176618,1.4204919569693515,81.73599999999999,50.908894441818056,100.66927280838975,101.29186761271855,-0.6225948043287957,83.788,53.29093464875011,-9,1.0
401391854,2022-08-11,ACES,2.0,112.88420077199218,105.8280132851027,7.056187486889473,76.6,47.78699657401643,108.4282710435186,99.2411497253438,9.187121318174793,80.33200000000001,50.12489198865363,SKY,2.0,111.49697325932746,111.7621999259402,-0.2652266666127474,82.592,47.93239411223182,107.84554084093399,107.24188867253902,0.6036521683949843,81.596,49.55534748901634,11,0.0
401391855,2022-08-11,SPARKS,2.0,93.50474420180186,107.236013285727,-13.731269083925147,79.28799999999998,42.7496354358698,94.70514365047083,103.992353169964,-9.287209519493185,80.904,43.869871261132,SUN,2.0,103.77597614896649,89.80148451722778,13.974491631738706,85.704,59.8193296670046,105.96744224877048,94.66156855323145,11.30587369553903,82.956,57.22090295013832,-24,0.0
401391859,2022-08-12,MERCURY,2.0,89.67966917214878,103.33246428643668,-13.652795114287917,77.984,42.18079817654588,97.05713676102108,102.60727509605942,-5.5501383350383335,81.656,43.46198017295454,WINGS,2.0,109.29782469136721,108.73804567461949,0.5597790167477286,76.952,52.161212142620045,105.24053087509586,105.09448540681349,0.14604546828237375,79.756,50.788367707037764,12,0.0
401391858,2022-08-12,LYNX,2.0,105.19820337711353,99.68004664651373,5.51815673059979,80.016,54.36590801647869,100.56652670448815,101.06685258702673,-0.5003258825385813,81.104,53.581532939348406,STORM,3.0,109.85693672957177,105.92132695193627,3.93560977763552,79.616,48.58460184322253,105.19916995644266,103.15148351529358,2.0476864411490725,79.40799999999999,48.46759917985248,-27,-1.0
401391856,2022-08-12,FEVER,6.0,94.09986940623733,111.20058535399394,-17.10071594775661,84.648,47.725453468721156,91.94462613639195,106.88997481068832,-14.945348674296378,84.544,47.17824029825728,MYSTICS,5.0,103.08145248956808,104.34040454218817,-1.2589520526200944,77.096,54.078754294866826,102.7622805717778,98.19576690148976,4.56651367028802,78.09200000000001,52.6359806128886,-12,1.0
401391857,2022-08-12,DREAM,3.0,101.42304925751516,106.24174025513821,-4.818690997623051,80.464,49.37223565577294,101.73810566872662,103.7846355079411,-2.0465298392144904,80.684,52.26472606135785,LIBERTY,2.0,101.5724484138681,94.66825153388521,6.904196879982882,78.136,51.35594411006531,97.64271829751922,95.83618152071718,1.8065367768020664,80.108,50.798987370928344,-10,1.0
401391860,2022-08-14,SUN,3.0,106.29237361258319,86.08095555506665,20.211418057516553,83.672,61.313725681948576,106.96075806111658,91.89790762372016,15.06285043739641,83.10799999999999,57.80989142645073,LYNX,2.0,101.2778430710894,104.19780299415397,-2.9199599230645674,78.616,51.88508960215644,98.59153887809418,101.88528585632673,-3.293746978232548,80.884,52.04700608512845,7,1.0
401391861,2022-08-14,LIBERTY,2.0,96.77239698207578,94.46279846813675,2.309598513939028,77.648,49.492930411435175,99.96706573796524,94.53727223745663,5.429793500508613,79.93599999999999,51.867480521613274,DREAM,2.0,103.02463092857438,107.27731662618218,-4.252685697607808,79.44,49.23524935440308,99.45416940183607,104.12051857918729,-4.666349177351239,80.924,51.1398948825039,4,0.0
401391862,2022-08-14,MYSTICS,2.0,104.84643142760156,101.85389489010652,2.9925365374950332,76.672,55.80097651708904,100.92508168602579,96.52953701057581,4.395544675449976,78.304,52.60149785426792,FEVER,2.0,91.47890249947781,109.26117705993488,-17.78227456045709,83.52799999999999,45.894944994144886,91.39766257732275,106.93876273896254,-15.541100161639775,83.83599999999998,47.11574029825728,12,0.0
401391863,2022-08-14,MERCURY,2.0,95.35330107333678,100.62142124412159,-5.2681201707848,77.10400000000001,43.46231078158789,97.76796271773259,100.56104061959189,-2.793077901859313,79.264,43.48182144279581,SKY,3.0,109.44416694727875,112.96605357015078,-3.5218866228720516,80.968,50.10277082456058,106.23416800989173,107.4912442290098,-1.257076219118072,82.848,49.266521731440584,-15,-1.0
401391864,2022-08-14,ACES,3.0,111.1981326153832,107.76585943186316,3.4322731835200218,76.888,47.11265446875327,110.78078270711482,98.36250568587971,12.418277021235129,79.676,50.45324343792899,STORM,2.0,114.26842273185784,104.69945119312217,9.568971538735672,78.936,50.16672744708727,107.36584377074409,103.87076128818087,3.4950824825632196,79.2,48.8633628364857,9,1.0
401391865,2022-08-14,SPARKS,3.0,92.5080292195721,105.0154403899555,-12.507411170383412,79.312,42.02236270859707,92.46688662289725,105.53048847890891,-13.06360185601165,81.03999999999999,42.92996371105496,WINGS,2.0,107.42219521307882,111.7218447019856,-4.299649488906789,76.384,53.083386982705335,105.21513739942581,105.7078302463801,-0.49269284695428583,79.08399999999999,52.574081992752056,-28,1.0
401455627,2022-08-17,SKY,3.0,108.78197636481264,106.9969577351076,1.7850186297050386,82.24799999999999,48.77661471983829,105.1498505830256,105.31180902996441,-0.16195844693881725,83.00800000000001,48.5288168134078,LIBERTY,3.0,101.90525872974065,99.3741868512525,2.531071878488146,78.15200000000002,48.25244334903031,101.7036592888995,94.62135912597603,7.082300162923483,80.364,51.81358334085043,-7,0.0
401455628,2022-08-17,ACES,3.0,117.36515918914188,109.18359654384994,8.181562645291947,78.88,47.33022094739952,113.48917244677969,101.46795431344201,12.021218133337669,79.25999999999999,49.315896646292366,MERCURY,3.0,96.30275160965309,99.31079105846703,-3.008039448813949,77.152,46.3662920462249,96.78974312964752,102.03403200289718,-5.244288873249657,78.712,44.97295101836284,16,0.0
401455629,2022-08-18,SUN,4.0,107.25736657658561,91.36267060895688,15.894695967628738,83.536,60.47338954749479,107.67657864871543,94.22854324790619,13.44803540080927,83.332,57.10400907350955,WINGS,4.0,112.38120021469702,110.41169814047973,1.9695020742172686,78.728,53.99511293790955,109.61290796440676,105.97974762673645,3.633160337670314,78.77599999999998,53.39226381093387,25,0.0
401455650,2022-08-18,STORM,4.0,116.44955329717843,108.077951314981,8.371601982197443,81.968,52.458964890009646,109.08098868280379,106.07766142903317,3.0033272537705926,80.324,50.10039064885597,MYSTICS,4.0,107.89795813486532,102.68574943085378,5.21220870401157,77.60799999999999,54.263561551102654,104.00777077890261,97.50875466262511,6.4990161162775,77.8,51.74603238040713,3,0.0
401455651,2022-08-20,SKY,3.0,106.90344957285257,109.33212150261525,-2.4286719297626944,83.24,48.896119628075596,106.23987576515637,106.87142669562203,-0.6315509304656601,83.2,49.06475974371692,LIBERTY,3.0,109.98202842570075,102.2692039891482,7.7128244365525465,78.776,48.49657480442936,103.90387546140205,96.32624478005336,7.57763068134869,80.02,51.2776404105413,38,0.0
401455652,2022-08-20,ACES,3.0,116.4137539530019,103.47315854772322,12.940595405278696,79.36,48.55485862855894,113.17510766996133,101.34349832930783,11.831609340653504,79.01599999999999,49.13732521772094,MERCURY,3.0,94.76348103765795,98.24509203764241,-3.481610999984457,78.39200000000001,48.87834023899598,94.62724278963175,100.51594251592594,-5.888699726294192,79.28,45.77928904653186,37,0.0
401455653,2022-08-21,SUN,3.0,111.4094803158911,92.47389355812648,18.935586757764618,83.432,58.572452465834814,107.28293659917105,91.97612590108079,15.306810698090283,83.508,58.25956462906511,WINGS,3.0,108.34059759063344,113.65280295126294,-5.312205360629522,76.64000000000001,52.25900182679844,107.28667830311788,107.9901844144471,-0.7035061113292258,77.888,52.751962492666436,-10,0.0
401455654,2022-08-21,STORM,3.0,117.58202290388877,111.31851366608798,6.263509237800801,80.60799999999999,53.14862006242343,110.62128653258011,105.21942206761703,5.4018644649631,79.94399999999999,50.10275248163821,MYSTICS,3.0,107.86530028992635,105.98353598967174,1.8817643002546363,77.632,52.39743579045357,105.68475479920816,101.23027188892715,4.454482910281023,77.788,51.94337346889904,13,0.0
401455657,2022-08-23,LIBERTY,3.0,104.34041119736591,103.18386131746786,1.1565498798980514,80.568,46.67628225741287,101.62556914759774,97.56254317836047,4.0630259692372706,80.064,50.269506848897464,SKY,3.0,107.69605612407557,101.82744763279972,5.868608491275853,83.70400000000001,52.5582200846966,108.47532907805532,103.42942076682068,5.045908311234636,83.012,50.22914330536076,-18,0.0
401455659,2022-08-24,WINGS,3.0,109.71636799209125,114.69907912422102,-4.98271113212977,76.272,52.1982884445571,109.91620407960409,108.04632852170691,1.8698755578971713,77.096,52.10282721666549,SUN,3.0,112.57186540976757,95.75084957188734,16.821015837880232,80.35999999999999,56.79135793847163,107.72864793055126,94.69187964939218,13.03676828115909,82.55199999999999,57.15333109087371,-15,0.0
401455660,2022-08-28,ACES,8.0,122.23352197997315,102.16222998468123,20.07129199529194,80.16,48.93146474286998,116.77800825177641,101.51266354497578,15.265344706800642,78.57199999999999,49.055358004606184,STORM,7.0,124.01381206393417,111.97797970846406,12.035832355470115,79.34400000000001,53.98738986671047,114.03574717772146,108.0513767150881,5.984370462633362,79.06800000000001,51.20417235993436,-3,1.0
401455661,2022-08-28,SKY,5.0,106.81191988280125,93.84655816113174,12.965361721669515,82.6,53.04672583182304,109.15444657106434,102.80437904353599,6.350067527528384,82.596,50.48955997202743,SUN,4.0,108.2349025409308,93.68864882643436,14.546253714496453,79.24000000000001,55.24646357227446,106.00543934494866,91.74506667183107,14.260372673117581,82.472,57.532896619639544,-5,1.0
401455671,2022-08-31,SKY,3.0,104.9074212210065,90.65067082954972,14.25675039145679,80.92,50.78392462700376,107.17579408414262,101.80836219985025,5.36743188429237,80.944,50.443347725782175,SUN,3.0,104.194887150396,93.95732609465823,10.237561055737757,77.49600000000001,53.84449204982101,105.24363038148958,90.01914082486243,15.224489556627157,80.584,57.57910886588478,8,0.0
401455674,2022-08-31,ACES,3.0,116.0745306101367,98.51885452408261,17.555676086054113,80.256,48.01712625291384,114.47936569106443,102.17343390459266,12.305931786471792,78.428,47.90206141346514,STORM,3.0,115.73889609025454,105.65825364215823,10.080642448096317,79.056,54.75475266418498,112.79791640991316,105.78979029704723,7.008126112865918,79.336,51.66967725370375,5,0.0
401455675,2022-09-04,SUN,4.0,99.82997142178408,93.3421643891011,6.487807032682977,78.34400000000001,54.72684499099747,103.54366899918485,92.35241749902899,11.191251500155857,80.94,57.60011726924613,SKY,4.0,105.49341336332421,92.97784844689673,12.515564916427468,81.04,50.78874622777521,107.13769486406841,99.98740309100216,7.150291773066253,81.64399999999999,49.78268047380676,-4,0.0
401455676,2022-09-04,STORM,4.0,110.38629640893052,108.45637454728674,1.9299218616437712,78.656,52.894849282542474,112.32735957039418,106.57791287020446,5.749446700189722,78.796,51.530788364814875,ACES,4.0,114.53553936204844,98.40555209869004,16.129987263358395,79.32000000000001,49.5101818084694,112.86683598871582,103.08570576527661,9.781130223439208,78.104,48.31141813861134,-12,0.0
401455677,2022-09-06,SUN,2.0,93.43305371459951,94.18087058494804,-0.7478168703485124,79.384,54.97375857124439,102.4212670152453,93.32738207153724,9.093884943708053,81.408,56.7731055185396,SKY,2.0,102.22638164717003,87.0650139318645,15.16136771530553,80.752,49.00818632514959,104.56491561001128,98.19856771723985,6.366347892771418,81.99600000000001,48.95215297661259,24,0.0
401455678,2022-09-06,STORM,2.0,110.08814589492856,108.8421638441994,1.2459820507291623,78.53600000000002,49.987893224901484,113.2688495960535,108.4600575795902,4.808792016463303,80.252,51.223429057455554,ACES,2.0,114.39029096575655,97.60038715616169,16.78990380959487,79.576,52.417137866110394,115.87772507744921,103.39199185000582,12.485733227443408,79.22800000000001,49.87367940675496,-5,0.0
401455679,2022-09-08,SKY,2.0,97.96480471075951,97.68465973202133,0.28014497873818983,80.328,44.09877404057159,102.83043041741755,99.75605368241051,3.0743767350070215,82.016,48.3284970626341,SUN,2.0,95.78280422576032,88.06283217108259,7.719972054677709,82.096,58.00216492656456,104.17733481776392,91.90684087148496,12.27049394627897,81.228,57.3967614325181,-9,0.0
401455681,2022-09-11,ACES,5.0,118.33643991704511,104.48533791973378,13.851101997311332,80.064,51.917137866110394,117.37509693502352,103.97924823372848,13.395848701295014,79.71199999999999,50.23599824733466,SUN,3.0,95.34498448360938,89.11057282412382,6.234411659485559,82.28,58.847235349099776,101.7899435122701,91.3996108252791,10.390332686991005,80.76,57.04684946068711,3,2.0
401455682,2022-09-13,ACES,2.0,108.18973503232903,102.71741271272879,5.472322319600243,78.10400000000001,51.376846940227225,115.2116285061511,102.43982134870501,12.771807157446093,79.13199999999999,50.154155841548594,SUN,2.0,95.87948767297982,91.80118238615452,4.07830528682531,80.952,58.226159496393166,100.03718741168791,92.87925424040637,7.157933171281533,79.224,56.03532577310708,14,0.0
401455683,2022-09-15,SUN,2.0,95.98109654053086,93.67394786588964,2.3071486746412146,79.592,56.75557126109904,97.90553398115748,93.50805612749538,4.397477853662096,78.968,55.741208126048264,ACES,2.0,112.13119535883979,102.24628216711874,9.884913191721054,77.43199999999999,51.79938215149483,114.10286298448825,100.38256834560067,13.720294638887584,78.844,49.90825420220433,29,0.0
401455684,2022-09-18,SUN,3.0,104.67340417948189,94.3241166161252,10.349287563356691,79.0,57.655611085870056,99.05322894704071,94.25249360053661,4.800735346504089,79.19200000000001,56.31468482855722,ACES,3.0,110.95205106187989,109.87256808216327,1.0794829797166188,77.928,48.98576207981024,112.74379521196416,104.13906009042667,8.604735121537505,78.624,49.24797194413982,-7,0.0
401507132,2023-05-19,LYNX,14.0,101.5141240241486,107.96456393581877,-6.450439911670176,78.248,49.953570725949234,99.44237384054829,104.74804689628434,-5.305673055736063,79.788,51.49647818165937,SKY,14.0,90.88774662162075,97.33797389063157,-6.4502272690108216,80.64000000000001,41.15276465090023,98.84983325221101,95.59226602588166,3.257567226329347,81.62,47.09974524136163,-11,0.0
401507133,2023-05-19,SPARKS,14.0,98.81603442285652,117.65099390017804,-18.834959477321508,79.85600000000001,41.07093057908275,92.42586373360211,109.97264298225532,-17.546779248653202,81.33599999999998,43.01342123713543,MERCURY,14.0,96.17319433739367,112.14446633195485,-15.971271994561167,78.016,48.37560799855882,92.76945980541534,105.21107348575671,-12.441613680341366,79.372,46.20372201307127,23,0.0
401507130,2023-05-19,FEVER,14.0,94.97572035721979,110.59864665396273,-15.62292629674295,82.99199999999999,47.983084597812436,93.38681406991704,109.34520122193703,-15.958387152019986,82.784,47.47419137099407,SUN,14.0,98.60584072222662,95.7370033202726,2.8688374019540106,77.424,55.37799622761004,97.19432247399345,91.89991774567758,5.294404728315859,79.76,56.69008057708729,-9,0.0
401507131,2023-05-19,MYSTICS,14.0,109.40827768979565,108.50089129979065,0.90738639000501,76.768,51.32115574865628,107.17503550388237,105.65543005378746,1.51960545009494,77.3,51.02983769947032,LIBERTY,14.0,97.54966673056512,105.73280884880975,-8.18314211824465,81.928,45.9967950779257,99.5610575722166,100.2005301913475,-0.6394726191308834,80.032,48.6763695939955,16,0.0
401507134,2023-05-20,STORM,14.0,110.6306069836755,111.43249500503964,-0.8018880213641296,79.21600000000001,49.29823805248769,114.10631494378215,111.3755043355638,2.7308106082183357,79.912,51.223429057455554,ACES,14.0,105.57716191410664,105.47018475339526,0.10697716071136938,76.19200000000001,46.734679828727984,109.98372643993159,101.53528595477846,8.44844048515312,77.884,49.575908847419186,-41,0.0
401507135,2023-05-20,WINGS,14.0,105.65384517754251,109.8235553021818,-4.169710124639295,76.28,50.77683665690813,107.47583493445487,109.28080048840066,-1.8049655539457832,76.616,51.46902439976409,DREAM,14.0,102.55441408075403,110.11134486992168,-7.556930789167657,78.28,49.931649980381174,98.52768324697539,105.64008640672441,-7.112403159749027,80.78800000000001,50.62057121100632,7,0.0
401507136,2023-05-21,SUN,2.0,97.9156090133669,95.07358340090047,2.842025612466432,77.632,54.290961196913045,96.63029674848815,92.09207811251216,4.538218635975996,79.956,56.56909827300641,MYSTICS,2.0,107.91834352794044,102.38203547003577,5.536308057904679,78.76,48.61584173899445,105.49989800875426,103.36122000611196,2.1386780026422927,77.928,51.34729801693063,6,0.0
401507137,2023-05-21,LIBERTY,2.0,92.30650261529073,106.7814892850513,-14.474986669760568,83.176,46.97091988766694,94.53944979868325,100.62214387659402,-6.08269407791077,80.412,48.23192514955106,FEVER,2.0,91.85268223545667,103.27438008595277,-11.421697850496106,84.216,46.69428567743457,92.68277683517609,107.76315485055852,-15.080378015382431,83.04,47.217781114583815,17,0.0
401507138,2023-05-21,MERCURY,2.0,92.80077058794582,112.01679850532453,-19.2160279173787,79.47200000000001,50.37094599389681,91.24021988004729,107.6746313958806,-16.43441151583331,78.72800000000001,46.27587208522134,SKY,2.0,93.6370854710879,96.0083994417358,-2.3713139706479156,81.376,41.811399189052835,99.27225334604721,93.32953513564277,5.942718210404438,81.148,46.2976619080283,-6,0.0
401507139,2023-05-23,MYSTICS,2.0,104.5265970444008,103.41504275897285,1.1115542854279483,80.024,45.6634607866135,104.68651423600117,102.63446882453968,2.0520454114614908,78.348,50.73221865185128,SUN,2.0,98.76596024539752,93.63793606830657,5.12802417709095,80.36,54.539116797181315,97.32272395918868,92.71955922723055,4.603164731958129,80.656,56.382638146787244,-7,0.0
401507140,2023-05-23,LYNX,4.0,99.19911467294946,105.4646197248971,-6.265505051947659,77.904,50.620237392615905,100.46630117317066,105.50665469366118,-5.040353520490517,79.884,51.28764284029391,DREAM,3.0,97.9773254241771,107.58431628666817,-9.606990862491088,80.224,50.36115511576866,97.2704332632067,104.27000629620724,-6.999573033000553,81.932,50.01304951380284,-6,1.0
401507141,2023-05-25,SPARKS,6.0,100.2119336852077,112.84209825612477,-12.630164570917085,80.288,40.92663043478261,95.62970636966382,108.02792759439096,-12.398221224727125,81.588,43.29047751419171,ACES,5.0,104.55380977758644,96.45536282059012,8.098446956996332,78.216,48.9298017799475,111.44512484731577,100.47035037016194,10.974774477153833,79.14,50.423469823028945,-9,1.0
401507142,2023-05-25,MERCURY,4.0,86.36395817470792,110.31039387364339,-23.946435698935467,81.056,49.971786330031264,90.85862962402237,105.46590755888249,-14.607277934860132,79.08,46.71704855580958,LYNX,2.0,97.75110010336996,108.19180868497172,-10.44070858160174,78.208,50.46639123876976,99.44007647605274,103.95018478836894,-4.510108312316194,79.97200000000001,50.687642840293904,9,2.0
401507143,2023-05-26,SKY,5.0,91.96657657145644,94.76536083291913,-2.7987842614627,80.71200000000002,44.752575659641074,98.72999496739031,93.87160463990793,4.858390327482384,80.876,47.77066094370814,MYSTICS,3.0,101.84581436422603,105.59323650482648,-3.747422140600423,79.39200000000001,46.34373289545703,104.8718862495457,104.1394929678401,0.7323932817055734,78.5,50.30364722327984,-2,2.0
401507144,2023-05-26,STORM,6.0,97.07886695026767,110.52170982146995,-13.442842871202293,83.44,45.72380575644058,110.54633950710092,111.24984476496702,-0.7035052578660895,81.39200000000001,49.855597811575535,WINGS,6.0,104.6462829588136,103.95251782591188,0.6937651329017228,79.33599999999998,49.11717279136191,106.03423908594621,107.83718126394874,-1.802942178002533,77.86,51.10027988703362,-4,0.0
401507145,2023-05-27,LIBERTY,6.0,92.73249165946258,104.08261281785424,-11.35012115839164,83.40799999999999,47.66732051364504,97.31887519460162,101.72839983455337,-4.409524639951748,80.78,47.95988193133767,SUN,4.0,101.56789716711667,90.99431028493487,10.57358688218179,81.55199999999999,54.06292632099083,98.77449685382376,92.33412907541225,6.440367778411502,80.572,55.409248791044945,16,2.0
401507146,2023-05-27,ACES,2.0,107.28832328971866,97.95736944770206,9.330953842016626,81.40799999999999,50.678803251463165,107.73902916102386,100.33739108021543,7.401638080808435,79.756,51.02782509584519,SPARKS,2.0,98.19909497446365,113.62904792866206,-15.429952954198418,83.16,41.47605721393035,96.23778928593677,108.53106319145635,-12.293273905519596,81.536,42.8474545338553,28,0.0
401507148,2023-05-28,SKY,2.0,89.77303814044265,94.01672857945337,-4.243690439010711,81.208,45.95675419715295,95.99970989380634,90.54087125565893,5.45883863814741,80.97999999999999,47.48247026115126,WINGS,2.0,98.73895317843531,103.94017797298447,-5.2012247945491765,79.904,47.17777885196797,105.56007669656614,107.17593805673212,-1.615861360165954,79.316,50.58644589493876,6,0.0
401507149,2023-05-28,ACES,1.0,106.87079638351945,94.63432628003189,12.236470103487576,83.16799999999999,51.38302860357584,109.50099587117964,98.44030422357531,11.060691647604315,80.3,51.59120537753533,LYNX,3.0,93.51963987779854,108.46753480534298,-14.947894927544448,80.49600000000001,47.39477320163447,99.35892162745604,104.07379072592838,-4.714869098472329,80.256,50.88034060905659,21,-2.0
401507147,2023-05-28,DREAM,5.0,98.78444219099694,104.2321305908982,-5.447688399901244,82.024,50.515001269614814,98.4969338936344,103.54997286228884,-5.053038968654427,82.02799999999999,49.60128480792049,FEVER,7.0,90.75396842226401,103.91417893209737,-13.160210509833362,83.488,46.41259553658951,91.48410264885375,107.69379760204174,-16.209694953188,83.472,46.72362976581322,-3,-2.0
401507150,2023-05-30,DREAM,2.0,96.70068980921205,101.08905591942211,-4.388366110210041,83.03200000000001,49.06236010385889,99.0618695333636,103.66539808728017,-4.603528553916545,81.748,49.21729787981592,SKY,2.0,91.87955192401894,88.89312753258528,2.986424391433644,82.2,50.11634672686432,94.92217831738922,93.2888936323033,1.633284685085917,81.26400000000001,47.10756038371796,18,0.0
401507151,2023-05-30,SUN,3.0,93.42847021133375,94.27427721950451,-0.845807008170766,80.01599999999999,50.97152847152847,99.05093719540781,94.29919691781485,4.751740277592963,79.50800000000001,54.31356977869926,FEVER,2.0,93.0652872340908,104.61546918602922,-11.550181951938407,81.392,48.98203998103394,93.58257832016406,107.90802727001157,-14.325448949847509,83.02000000000001,48.35374672487755,3,1.0
401507152,2023-05-30,WINGS,2.0,101.50204372251766,101.6942040956038,-0.1921603730861392,81.728,46.709942594658024,104.92132065657555,107.67350352343337,-2.7521828668578308,79.184,49.484472210728235,LYNX,2.0,93.59341210833459,106.75771219006663,-13.164300081732037,81.34400000000001,49.22543681719511,97.435627589712,105.4777575921103,-8.042130002398302,79.97999999999999,50.55526320967578,5,0.0
401507153,2023-05-30,STORM,4.0,99.50305494890647,114.64079705253587,-15.13774210362941,84.432,45.60430084820329,107.6209755195805,110.14952534734705,-2.528549827766547,81.744,50.179526756194136,LIBERTY,3.0,90.55807981785583,99.36560651606187,-8.807526698206056,81.92,48.923189058245974,100.27005412177829,100.81740525260504,-0.5473511308267547,80.348,48.70988193133767,-8,1.0
401507154,2023-06-01,LYNX,2.0,93.74241516907014,106.31889267567726,-12.576477506607116,82.35999999999999,49.52795782559848,97.62826959660937,107.14172830574803,-9.513458709138646,80.304,49.740764275773856,SUN,2.0,95.5574623359399,93.82061392808217,1.7368484078577695,80.368,51.64410792459573,97.08165152908327,94.77880862417739,2.30284290490589,78.896,53.511052076102885,-5,0.0
401507158,2023-06-02,MERCURY,8.0,92.42263148344584,110.35712112704314,-17.934489643597303,80.824,49.87568683879328,94.36269154654947,104.83395609275507,-10.471264546205626,78.988,48.120989442509085,SPARKS,6.0,96.62778966773912,112.47037249741463,-15.842582829675493,83.32000000000001,43.58433186181767,95.0662669347705,109.8531928915708,-14.78692595680032,81.304,43.16698364884373,-6,2.0
401507155,2023-06-02,MYSTICS,7.0,97.75708765968338,100.25376192277255,-2.4966742630891616,80.32000000000001,47.187234221716984,102.81119397480488,103.11864895622213,-0.30745498141726274,78.976,49.792335006085274,WINGS,3.0,100.45163078787157,102.1236656623029,-1.6720348744313385,83.272,46.547895686342464,105.08399938998141,108.41137239326194,-3.3273730032805546,79.772,49.37309206544978,1,4.0
401507156,2023-06-02,DREAM,3.0,98.5161128693189,96.0175487171042,2.498564152214692,84.232,48.84640522875817,100.77037189894665,101.6474326716432,-0.8770607726965579,81.836,49.04082729158063,ACES,5.0,109.27661627748391,84.65248932775751,24.624126949726406,84.744,53.114777330231185,110.1143336696819,97.26252870496039,12.851804964721513,81.336,51.05026970502071,-5,-2.0
401507157,2023-06-02,SKY,3.0,91.52203821970916,90.51489592057688,1.007142299132275,83.11200000000001,52.58196395967294,91.20489242066495,93.92643490560422,-2.721542484939273,81.876,46.867364305286586,LIBERTY,3.0,98.31382342487413,96.13065944934667,2.1831639755274694,80.296,50.8041949875038,101.32711731112002,99.65726038340726,1.6698569277127604,80.432,48.740238622458335,-1,0.0
401507159,2023-06-03,MYSTICS,1.0,92.68999523887193,91.38785614497245,1.302139093899504,82.44,47.97830927242692,101.0491364643338,99.94437372238153,1.104762741952257,79.604,49.6497325105416,LYNX,2.0,99.47228352818517,110.64895102557102,-11.176667497385841,81.4,49.353094437620335,99.33569910056733,108.05678537523406,-8.72108627466675,79.652,49.986665915118124,-2,-1.0
401507160,2023-06-03,SPARKS,1.0,102.28854641309243,110.94780594487361,-8.659259531781183,84.512,46.3116045890904,97.39828781633227,107.98162316741457,-10.583335351082297,81.912,44.16698364884373,STORM,4.0,100.69932361507836,116.6071257626334,-15.907802147555042,84.512,46.60761759778869,105.54281001200442,112.53175015496008,-6.988940142955636,81.584,49.75123344016558,7,-3.0
401507161,2023-06-04,SUN,3.0,101.77407393180663,100.89335725577965,0.8807166760269809,79.12,50.12666362026618,99.84484147258675,97.98347032834006,1.8613711442467065,78.376,52.20881240858961,WINGS,2.0,102.82440437000896,100.68835890729994,2.136045462709018,84.872,48.403736614262925,104.23912477377573,105.25595710474087,-1.0168323309651384,80.576,49.59028663558553,6,1.0
401507162,2023-06-04,LIBERTY,2.0,100.18004122346898,93.2764439926722,6.903597230796788,79.784,50.12237680568561,98.86485397701703,99.50462642074096,-0.6397724437239305,80.85600000000001,48.05958594180565,SKY,2.0,91.90479331092527,93.91955263083271,-2.0147593199074265,82.6,54.76378214149112,92.77093939100659,94.96397603628427,-2.193036645277671,81.988,48.28759066527198,-4,0.0
401507163,2023-06-04,FEVER,5.0,94.88769280427938,104.12991610091451,-9.242223296635135,81.568,50.00643022493638,93.18329765187859,106.6955465804247,-13.51224892854611,82.548,47.95068760954064,ACES,2.0,110.46698322297739,86.48462852939517,23.982354693582216,86.51200000000001,52.67153897654507,108.02207256854201,95.97740664139522,12.044665927146793,81.352,49.70310940263653,-4,3.0
401507165,2023-06-06,SKY,2.0,93.02627568835246,95.62992150760388,-2.6036458192514234,83.904,52.35986057286367,92.49642612990445,95.1976411702615,-2.7012150403570616,82.308,48.556218116252374,FEVER,2.0,92.69058519910138,99.77868228214427,-7.088097083042902,82.688,50.34288913282386,93.8331527781606,105.18866446805353,-11.355511689892925,82.84,49.16298686531815,5,0.0
401507166,2023-06-06,STORM,3.0,99.51658667046506,114.44870984767799,-14.932123177212935,83.024,48.978204757108244,104.80236628269681,111.64543684593869,-6.843070563241886,80.78,49.483048991004864,SPARKS,3.0,102.9540082560857,102.74320112203183,0.21080713405386575,84.752,47.52543301418643,100.88502133947111,110.19709751110493,-9.312076171633821,82.304,44.29818179663459,3,0.0
401507164,2023-06-06,SUN,2.0,101.93938261822707,101.04626779071855,0.8931148275085121,78.97600000000001,49.3235363992285,100.3526714318123,97.34210192951257,3.010569502299731,79.668,51.93132659820492,ACES,2.0,107.55581046985989,91.84951523830075,15.706295231559148,84.952,49.93587648478501,106.05481012372317,94.15243902944543,11.90237109427774,81.584,49.432839132366254,-6,0.0
401507168,2023-06-07,WINGS,3.0,102.25152645751862,103.2105718893107,-0.9590454317920859,83.056,48.84271817703729,103.44890470816611,103.58154485761129,-0.13264014944518152,81.196,48.979945484199604,MERCURY,5.0,98.47652978367913,113.87192147606973,-15.395391692390604,81.816,50.37568683879328,96.62000541066854,106.05850675685606,-9.43850134618753,80.10400000000001,49.62701353889463,5,-2.0
401507169,2023-06-08,SUN,2.0,99.77216949597126,101.99659715128544,-2.2244276553141757,79.96000000000001,50.26126533695745,100.67003333154396,96.49545371811016,4.1745796134338065,80.756,52.162095828974145,ACES,2.0,107.3487724201761,92.28958216579392,15.059190254382205,84.376,48.42956190384357,107.31854785494738,95.12347580674796,12.195072048199416,82.89200000000001,49.554182577653364,17,0.0
401507170,2023-06-09,DREAM,7.0,97.84946813673125,95.50349710319088,2.3459710335403514,85.576,49.03711832991903,100.20194110874264,102.80742098655628,-2.6054798778136528,81.92800000000001,49.4843841551501,LIBERTY,5.0,103.54340906709312,93.7794424916842,9.763966575408919,80.584,49.944599027907834,97.92495584119193,100.28046588836776,-2.3555100471758252,81.88000000000001,48.45775945778739,-23,2.0
401507171,2023-06-09,WINGS,2.0,98.31062419787959,99.11360458026283,-0.8029803823832566,84.288,52.3036432169097,98.52478868815743,101.52689127662364,-3.0021025884662165,82.096,49.74071103443883,MERCURY,2.0,96.98194208028607,104.41267828827067,-7.430736207984597,82.928,47.053857675721666,96.57756820883988,108.27857231011276,-11.701004101272883,80.472,47.71473283714024,13,0.0
401507172,2023-06-09,LYNX,6.0,99.75777323187774,108.88477771347539,-9.127004481597652,81.776,50.49595158047748,98.75443666762385,108.53829319922355,-9.783856531599696,79.992,50.48117140962362,FEVER,3.0,102.62207121461336,108.77736948684249,-6.1552982722291345,82.624,53.03519682513155,97.237376725035,106.02587478639764,-8.78849806136262,83.42,49.864741251283064,-2,3.0
401507173,2023-06-09,SPARKS,3.0,95.22303493110344,101.44849197443254,-6.225457043329106,84.80799999999999,47.257034745788154,97.71748430815556,107.14529511527867,-9.427810807123096,82.548,44.091832590285385,SKY,3.0,101.56491005388924,102.54698705415072,-0.9820770002614836,84.36,50.84704006004316,95.66897409716594,98.28185781680205,-2.6128837196360974,82.784,48.40189712859805,15,0.0
401507174,2023-06-09,STORM,3.0,92.51507856228764,105.45381611061748,-12.938737548329854,83.47200000000001,49.549633328536814,101.57284277298159,108.44315555782858,-6.870312784846992,81.34400000000001,49.42393569051226,MYSTICS,6.0,93.56508411508592,96.59150964103063,-3.0264255259447,81.304,47.94656324068088,100.74171382151317,99.4867725555332,1.25494126597999,80.032,48.28120248983767,-7,-3.0
401507175,2023-06-11,LIBERTY,2.0,106.05997226302456,95.13955289973721,10.920419363287362,81.504,50.226289168752906,99.39623196124357,99.61108285879571,-0.21485089755213949,82.45599999999999,48.94680484119897,WINGS,2.0,98.79613548585999,95.25118327956993,3.544952206290077,84.264,55.271479474219646,100.14908960418883,98.47269368758685,1.6763959166019688,82.99600000000001,50.99071103443883,9,0.0
401507176,2023-06-11,ACES,3.0,105.1610996965893,101.00082753512832,4.1602721614609806,83.01599999999999,46.39200321839756,106.01594804005438,97.8175769075801,8.198371132474279,83.09200000000001,48.8875159109867,SKY,2.0,95.54927601979963,101.68329917977805,-6.134023159978403,82.864,48.21546111267474,93.7144139719093,95.28821335618167,-1.5737993842723796,82.532,49.16590391976953,13,1.0
401507177,2023-06-11,DREAM,2.0,99.26588455915713,100.55430839081708,-1.288423831659955,85.28,48.02634782453378,98.62160499166711,104.06931233874263,-5.4477073470755215,82.752,49.19375147015122,SUN,3.0,105.99951788189681,99.60033798947991,6.3991798924168934,80.96000000000001,52.42793200362412,99.71399404661527,96.9373076044922,2.7766864421230637,80.488,51.6997302375763,-12,-1.0
401507178,2023-06-11,FEVER,2.0,103.30630554674201,104.97110999061883,-1.6648044438768295,81.52000000000001,52.620486339998536,97.030136984503,104.4426444613581,-7.412507476855096,82.50399999999999,49.51654093829402,MERCURY,2.0,97.85521699761969,102.70740234620594,-4.852185348586244,83.46400000000001,45.361938483802476,95.32799379278275,107.36210042576522,-12.034106632982471,81.46799999999999,47.86644223884964,-3,0.0
401507179,2023-06-11,STORM,2.0,94.80544897729621,100.51720913878333,-5.711760161487106,81.384,50.195459505108445,95.94215796378195,105.51945948012664,-9.5773015163447,82.412,47.959632630774514,MYSTICS,2.0,95.27226724834964,95.07805974729257,0.19420750105705623,79.55199999999999,50.448239967709725,99.89943214637522,99.24655125313271,0.6528808932425022,79.78800000000001,48.055850377161605,-6,0.0
401507180,2023-06-11,LYNX,2.0,98.43325428488211,105.97484972386378,-7.541595438981668,80.336,52.430817480860625,95.97644708134032,107.22119226460339,-11.244745183263058,80.416,49.91279534124755,SPARKS,2.0,94.9181053073521,95.51066098302337,-0.5925556756712581,83.38399999999999,49.35444244413851,96.55860014090788,104.56985445584273,-8.011254314934838,83.272,45.41524982903443,5,0.0
401507181,2023-06-13,FEVER,2.0,103.01564691638423,106.21821389740663,-3.2025669810223745,80.272,51.00937522888743,98.04046707523753,105.41684154171791,-7.3763744664803905,80.83200000000001,49.995707604960685,MYSTICS,2.0,92.07136740620076,88.51568827807141,3.55567912812935,80.03999999999999,51.40062092009068,96.9585908852134,97.05446239144894,-0.09587150623553668,79.716,48.872176907773856,21,0.0
401507182,2023-06-13,LIBERTY,2.0,109.49496131457563,100.60979096741957,8.885170347156082,82.792,49.5262891687529,100.02652056621574,99.98769874174073,0.0388218244750135,82.35600000000001,49.22473911349944,DREAM,2.0,96.60691594048544,102.05464223473523,-5.4477262942497955,86.432,48.44888303580139,97.69567906574119,103.1433864128167,-5.44770734707552,84.22800000000001,49.4819421527081,-7,0.0
401507183,2023-06-13,MERCURY,2.0,103.23316444114873,105.82705186680812,-2.593887425659392,82.4,46.49919338576326,94.79856130792832,108.06872287022574,-13.270161562297426,81.728,48.235489857897264,STORM,2.0,89.79055324740544,96.07713580595924,-6.286582558553798,80.232,48.46385777350671,94.64680409815595,105.35896642924756,-10.712162331091603,82.332,47.034079310855006,-14,0.0
401507184,2023-06-14,WINGS,3.0,97.8383086724706,97.65237123571664,0.18593743675394309,84.792,54.85243185517203,99.14496973017108,99.88801844900976,-0.7430487188386976,84.032,50.70016377075724,SPARKS,3.0,100.69521841248115,95.92192718441918,4.773291228061984,82.712,48.183667796251186,98.66150404011015,104.1961498409169,-5.5346458008067545,83.01599999999999,45.88399982903443,-18,0.0
401507187,2023-06-15,ACES,4.0,107.09971475548232,104.50753038189043,2.5921843735918744,81.46400000000001,47.91831900787125,108.18816551648311,94.58000985482397,13.60815566165914,83.104,50.51654816905121,STORM,2.0,90.77804171172673,91.41990704938578,-0.6418653376590697,80.45599999999999,48.87323943661971,95.73868266340254,104.0135164060096,-8.274833742607056,82.48400000000001,47.74042851720421,33,2.0
401507186,2023-06-15,SKY,4.0,100.50532373273525,105.71182952956988,-5.206505796834631,81.61600000000001,46.86251993620415,96.01368097622219,98.11336272507337,-2.099681748851178,82.364,49.72224194793854,FEVER,2.0,106.03599695543058,102.99471195459327,3.0412850008373056,79.752,54.58772471101238,100.46184487985497,103.5623140277539,-3.1004691478989144,80.66,52.29707746797438,-2,2.0
401507185,2023-06-15,SUN,4.0,104.71564416072525,96.47601000506901,8.239634155656223,83.66400000000002,51.02978703625895,100.13655324833259,95.14831196657559,4.988241281756996,82.016,51.33694748042734,DREAM,2.0,97.40428310278828,100.38563163289948,-2.981348530111191,85.624,51.59332748024583,97.05248645600018,100.73734377616078,-3.684857320160616,84.328,50.32784379205236,-4,2.0
401507188,2023-06-16,MYSTICS,3.0,91.3476915802677,93.5015850758149,-2.153893495547197,79.55199999999999,48.644035040217126,94.55238961997554,96.87767349929372,-2.3252838793181794,79.936,47.915634630967055,MERCURY,3.0,97.8195950776477,106.20609572106423,-8.386500643416529,82.49600000000001,44.262740183792815,95.12111328054678,108.28160842405369,-13.160495143506916,81.66,47.06921351129305,19,0.0
401507189,2023-06-16,SPARKS,2.0,99.34232595180711,91.12967393858729,8.212652013219815,80.048,46.84038421416164,100.81543618244976,101.03873994173046,-0.22330375928068377,82.28,46.57599440162601,LYNX,5.0,103.13915726149692,104.4300953208813,-1.2909380593843907,80.03999999999999,53.77950169138694,98.36628468491575,105.59390375547396,-7.227619070558214,80.692,51.50246925429103,-5,-3.0
401507190,2023-06-17,WINGS,3.0,95.62603964375626,99.86679092340555,-4.240751279649279,83.79999999999998,55.60748014314394,99.2252220068826,100.27757491535274,-1.0523529084701309,84.336,52.00560837870343,STORM,2.0,85.22985289645825,92.11321047109183,-6.883357574633561,80.656,47.066088840736725,92.37321978346166,103.2809601593849,-10.907740375923249,81.84,48.022146798922485,-6,1.0
401507191,2023-06-18,LIBERTY,5.0,106.77559666101884,101.70036548238262,5.075231178636221,83.50399999999999,48.77405036278276,102.54471004294649,98.91551246586464,3.6291975770818454,81.9,49.789122675143275,MERCURY,2.0,93.59501233434801,105.35517155734628,-11.760159222998288,81.168,43.11519920018626,96.03577105901356,109.61354651670801,-13.577775457694447,81.49199999999999,46.74544301948977,18,3.0
401507192,2023-06-18,MYSTICS,2.0,95.68089518856004,93.26621641467413,2.4146787738859046,78.632,50.37981131794133,94.18544521371598,92.32703627982328,1.8584089338927043,80.536,49.17906029518413,SKY,3.0,105.16258348621841,110.65133041255731,-5.4887469263388935,80.96799999999999,45.717738791423,98.53368839857185,102.28544152169499,-3.75175312312316,81.78399999999999,50.24076046645706,8,-1.0
401507193,2023-06-18,FEVER,3.0,110.65195905381651,106.11733422686402,4.53462482695249,78.584,53.67681380010147,101.67127212645894,102.94800825450416,-1.2767361280452065,80.636,52.00985146646267,DREAM,3.0,97.8026357070527,104.2112084428311,-6.4085727357783835,87.072,53.12273924495171,98.1593742881858,100.11437857996765,-1.955004291781846,85.652,50.984572236854945,-6,0.0
401507194,2023-06-18,SPARKS,2.0,95.75672063946257,90.64731885544934,5.1094017840132295,78.88,47.08748082893801,99.35536444777412,96.69525998874059,2.6601044590335476,81.816,47.30645692156222,SUN,3.0,101.82098822345573,95.77389353211029,6.047094691345433,85.72,50.34511972671218,101.79753107763118,98.33362539394497,3.4639056836862068,82.42,50.23589167348918,-9,-1.0
401507195,2023-06-18,ACES,3.0,109.79529691969083,100.15581652197986,9.63948039771096,80.168,50.04920304920305,110.1311400713341,93.32022252568751,16.81091754564659,83.34,51.36037101287407,LYNX,2.0,102.62749562381707,101.36919062126076,1.2583050025563238,78.144,54.24065457359245,98.1849553964436,103.84404164846902,-5.659086252025396,80.252,51.88430619959546,31,1.0
401507196,2023-06-20,WINGS,3.0,100.70956498937838,104.82070797409679,-4.111142984718404,85.288,56.09006720782055,101.4805457234485,104.01563993170376,-2.535094208255245,84.172,52.466392692428926,DREAM,2.0,100.22556683334213,104.15009093266443,-3.924524099322298,87.504,51.91493212669684,99.03751748503669,99.82679401792765,-0.7892765328909732,86.53999999999999,50.47602522830793,12,1.0
401507197,2023-06-20,SPARKS,2.0,98.80180787227025,95.21333749752448,3.588470374745762,78.59200000000001,48.45256019401738,97.01242140168684,98.33091473597851,-1.3184933342916723,81.7,47.85479746990278,LYNX,2.0,96.35362764782144,101.6391840523484,-5.285556404526966,78.648,54.1192216652743,97.91295558800331,106.14406753895972,-8.231111950956404,80.024,51.73615805144732,-6,0.0
401507198,2023-06-20,STORM,3.0,94.39450487043231,100.61838434756689,-6.223879477134571,81.53600000000002,46.16132693597483,93.45479171635998,103.03610022909217,-9.581308512732212,82.50399999999999,47.85548013225582,SUN,2.0,103.62701194860612,96.74050809583483,6.886503852771289,84.864,49.40221520171811,102.7831972834166,98.89338794327668,3.8898093401399008,81.92,49.362875800473304,-6,1.0
401507199,2023-06-21,MERCURY,3.0,94.6375278463181,110.12789291451104,-15.490365068192935,78.568,44.45491211884654,95.80973496330208,107.27028560139085,-11.460550638088765,80.748,45.754384897284105,ACES,3.0,112.63641459502301,96.10046512589493,16.535949469128088,79.752,50.219373219373225,110.09611253244148,93.97499018209784,16.12112235034362,82.352,50.07762485207912,-20,0.0
401507200,2023-06-22,SKY,4.0,102.33172850038459,110.78420533534461,-8.452476834960004,79.824,48.95876443244864,97.67900209436853,103.20706342147423,-5.528061327105713,81.864,50.659312502656164,MYSTICS,4.0,96.40963910354834,91.33380755028816,5.0758315532601985,77.888,49.21497615310617,94.98736160931713,93.96265859565939,1.0247030136577493,79.596,48.580769696893526,-21,0.0
401507201,2023-06-22,LYNX,2.0,93.58928826505795,97.82290597945209,-4.233617714394134,78.184,52.69858674463937,96.67353074846785,103.35384184646372,-6.680311097995893,79.98,51.597269162558426,SUN,2.0,104.79055444925223,95.05150207582115,9.73905237343109,84.088,49.4962322957352,102.28136197261173,98.52404961355329,3.7573123590584574,82.024,49.87874881634632,-21,0.0
401507202,2023-06-22,STORM,2.0,96.77120366290606,102.68585761333966,-5.914653950433606,82.256,47.15506715506716,95.78832632010113,101.60153337606148,-5.813207055960357,81.82,48.6752633300878,FEVER,4.0,107.37280594897584,102.99916230231725,4.3736436466585955,79.52799999999999,52.471685594973266,104.99743858179458,105.88826589457987,-0.8908273127852695,81.076,52.753441210052415,-12,-2.0
401507204,2023-06-23,SPARKS,3.0,95.54101910699025,97.09233076951237,-1.5513116625221357,77.93599999999999,47.67770639284778,95.22956220717118,96.30149587626786,-1.071933669096697,80.66,48.51607441849315,WINGS,3.0,103.22167321183565,105.46874143175975,-2.247068219924105,83.304,54.577742091231606,100.76614870485761,102.2911730060113,-1.525024301153681,83.79599999999999,53.44069265407065,2,0.0
401507203,2023-06-23,DREAM,3.0,98.9874201195993,100.59831754105622,-1.6108974214568974,86.47200000000001,50.69189771771128,99.12665233937821,100.57631296593664,-1.4496606265584262,85.876,49.35912277112253,LIBERTY,5.0,110.30197477226129,100.7806967772419,9.521277995019389,83.2,52.10738369611609,105.24100799786513,97.02857038495704,8.212437612908088,81.492,51.11488025090085,-30,-2.0
401507205,2023-06-24,ACES,3.0,117.0755879444652,96.72293688542685,20.352651059038347,78.28800000000001,51.715394439532375,112.21218018232067,94.50625952561037,17.705920656710276,81.332,50.07247817168797,FEVER,2.0,108.90282251566332,102.12958105033377,6.773241465329553,80.128,55.395662203160406,106.10456403120266,103.5503455204763,2.554218510726362,80.824,54.008074271579474,13,1.0
401507206,2023-06-24,STORM,2.0,96.13043682251359,103.31627242840543,-7.18583560589185,83.65599999999999,46.21521753100701,92.96049503495951,99.69670411718234,-6.736209082222824,81.944,47.33953765225685,MERCURY,3.0,96.29177667372537,113.75668181855899,-17.464905144833615,77.59200000000001,44.809318249114746,97.07349683567253,108.23204208238246,-11.15854524670993,80.52799999999999,45.08562836645861,23,-1.0
401507207,2023-06-25,SUN,3.0,103.6054340712474,92.83534496036968,10.770089110877706,84.032,48.55250935201225,104.8024759765721,96.2178414749248,8.5846345016473,82.49600000000001,50.490220677818186,SKY,3.0,91.85239132072539,106.5612973340923,-14.70890601336691,78.87199999999999,49.076135324467415,96.70865068730731,104.55414219412151,-7.845491506814197,81.61600000000001,49.96158769225529,24,0.0
401507208,2023-06-25,LIBERTY,2.0,115.34224744550775,98.53256848119928,16.80967896430848,84.14399999999999,51.80696175518782,109.44282825630043,96.15600548644174,13.286822769858697,82.364,50.87578039154783,MYSTICS,3.0,97.58001337443858,89.0345820800099,8.545431294428685,78.384,49.21497615310617,96.42614031139411,92.05632091365123,4.36981939774287,78.96799999999999,49.831608060407945,1,-1.0
401507209,2023-06-25,SPARKS,2.0,91.9338521022573,91.7999034537585,0.13394864849882993,79.016,47.55270639284779,96.31453525736924,93.86091531908883,2.453619938280407,80.864,47.86818709454949,WINGS,2.0,100.5610215453644,106.2692462938553,-5.708224748490918,82.328,55.18885320234271,99.6785785156122,100.76021478671262,-1.0816362711004204,83.296,55.23016633828119,10,0.0
401507210,2023-06-26,ACES,2.0,121.82534097403475,94.00331031258928,27.822030661445467,79.168,53.048727772865696,113.49322033531203,97.5020689238588,15.991151411453222,81.092,49.72036549563163,FEVER,2.0,107.85159436059269,103.352065386505,4.49952897408769,82.04,55.06232886982707,105.43362063848846,104.78513964195581,0.6484809965326577,81.15599999999999,53.035852049357246,8,0.0
401507213,2023-06-27,MERCURY,3.0,92.13992045138318,116.03183367117894,-23.891913219795775,78.65599999999999,44.32297945130053,97.68654244626596,110.92944276899354,-13.242900322727584,80.52799999999999,45.411086418531895,WINGS,2.0,98.4925641045846,104.47454183739437,-5.981977732809758,82.072,55.769947729705905,98.16543638852761,101.0634565365555,-2.898020148027908,83.43199999999999,55.31118979243896,-15,1.0
401507212,2023-06-27,LYNX,5.0,92.79242878485091,101.68067417395268,-8.888245389101769,78.696,51.75342079947343,95.6128415348665,103.8277619489082,-8.214920414041718,79.51599999999999,52.09211914016703,STORM,3.0,99.60299695391083,104.51561751825315,-4.912620564342322,83.72,46.177746805011694,95.19051933281878,97.96776228381947,-2.7772429510006957,82.088,47.52549312081571,11,2.0
401507211,2023-06-27,SUN,2.0,106.37869407360219,92.69186263024858,13.686831443353606,82.984,50.15151515151515,105.5471691171637,94.5839363176588,10.963232799504913,83.324,50.59065109388705,LIBERTY,2.0,111.15112915289471,99.37687369356507,11.774255459329641,84.40799999999999,53.546588706082375,108.60555070795965,97.25821329665114,11.347337411308501,82.956,51.886438937417644,-8,0.0
401507214,2023-06-28,SKY,3.0,93.50847058500297,110.19462099430947,-16.686150409306514,79.664,48.952296315179495,94.52887330240131,105.93896008704375,-11.41008678464246,81.26400000000001,48.58387871392711,SPARKS,3.0,93.08471872697245,95.36043684900086,-2.275718122028394,80.76,48.448228780907485,96.21352233938978,93.24505539379408,2.9684669455957104,80.40400000000001,47.644306497534565,17,0.0
401507215,2023-06-28,MYSTICS,3.0,99.55042322616403,92.75763668481076,6.792786541353257,80.232,45.62424256237258,95.8108953161824,90.63666248144109,5.174232834741304,80.13600000000001,48.51243174123163,DREAM,5.0,99.01209784424626,104.44322502220184,-5.431127177955597,87.136,49.63645111403861,97.80950689236585,103.24893362846854,-5.439426736102696,86.784,49.04266707492,23,-2.0
401507216,2023-06-29,ACES,3.0,119.0166568959564,92.6196612395971,26.39699565635932,80.28799999999998,52.048727772865696,113.05818582571938,98.56359581074376,14.494590014975596,80.876,49.983523390368475,LIBERTY,2.0,108.8076324669031,97.20300129531135,11.604631171591745,83.808,53.96881092830459,109.15129689073937,98.90639613136545,10.244900759373914,83.3,51.74755004852875,17,1.0
401507217,2023-06-29,MERCURY,2.0,90.9238818600908,115.19836314642832,-24.27448128633753,78.11999999999999,43.24463843747565,94.37173846886924,110.70222943374627,-16.330490964877033,80.308,43.753689310634236,FEVER,3.0,105.3161439452836,108.32169061932018,-3.0055466740365775,82.576,52.45958914379967,105.67607045035709,105.65820128695673,0.01786916340036413,81.164,53.52365692740602,22,-1.0
401507218,2023-06-29,STORM,2.0,107.92630206217184,107.67012715265132,0.2561749095205215,82.944,46.8581368375144,96.57807747931506,99.89166881187157,-3.31359133255652,81.8,46.96211283912557,LYNX,2.0,94.89637225419214,102.43403638047194,-7.537664126279793,79.416,50.582646151586104,99.01776475784455,103.43206585067662,-4.414301092832092,79.728,52.181073921486515,-2,0.0
401507219,2023-06-30,DREAM,2.0,96.94758989738536,109.33408873659496,-12.386498839209612,88.832,47.203574401709844,97.17593650008682,104.85986018474723,-7.683923684660401,87.228,49.39845094097783,MYSTICS,2.0,107.28214201643053,90.16535690834387,17.11678510808665,82.208,49.45985900072874,99.31491679834912,91.83347099207938,7.4814458062697256,80.88,49.05194702047294,5,0.0
401507220,2023-06-30,SKY,2.0,93.85786582295138,102.93208130198282,-9.07421547903142,79.39200000000001,50.09722385141138,97.18159477784332,104.32195541577634,-7.140360637933026,80.50399999999999,48.47987189380776,SPARKS,2.0,89.51278834060764,94.72215937039296,-5.209371029785319,81.824,48.478739841166835,92.6347544900351,92.68473911292115,-0.04998462288604486,80.352,47.78311033505243,8,0.0
401507222,2023-07-01,MERCURY,2.0,94.87002908722909,108.88535423734902,-14.015325150119924,78.16799999999999,43.91598894489173,94.23252071078855,107.12026289734766,-12.887742186559104,79.66799999999999,43.515594072538995,LYNX,2.0,96.08556144338134,104.53013247656804,-8.444571033186696,82.616,48.978636126523455,99.35652853359922,102.9496615489144,-3.5931330153151864,80.38,51.60964535005795,-10,0.0
401507221,2023-07-01,ACES,2.0,120.82609970617168,98.17556358118307,22.650536124988623,79.464,49.97445721583652,115.31069831293125,99.16569005158146,16.14500826134979,79.816,50.01183013251979,SUN,4.0,106.12355380944084,93.47628910720022,12.647264702240639,81.792,50.77243018419489,103.9722710164483,94.62509131965525,9.347179696793036,83.756,50.558774955453536,18,-2.0
401507223,2023-07-02,DREAM,2.0,99.0962436275936,111.1716204317584,-12.075376804164796,87.44800000000001,45.56556535193609,98.44943966732315,107.69141443729475,-9.24197476997159,87.26,49.3441522984439,SPARKS,2.0,90.3906173257731,95.33568631615522,-4.945068990382109,81.928,47.521154621286534,94.59621259902167,95.27451190683985,-0.6782993078181733,80.26,47.986857407651954,28,0.0
401507224,2023-07-02,FEVER,3.0,97.15172375098415,106.22129817757448,-9.069574426590341,83.144,53.30614999036052,103.90184140240032,106.16931620221926,-2.267474799818926,80.864,53.49148189523099,SKY,2.0,92.12433098081232,98.55046287590807,-6.42613189509575,79.816,49.890787907270514,98.64345723351536,104.60089664423268,-5.957439410717322,80.392,47.80426334934676,-2,1.0
401507225,2023-07-02,WINGS,5.0,102.62338037055807,100.04686098337132,2.576519387186752,82.08800000000001,56.362148018584094,99.12471000715718,99.95682595338843,-0.8321159462312636,82.944,55.98481408086401,MYSTICS,2.0,106.606395994787,95.51030659080217,11.09608940398483,82.888,48.77385647866065,101.14364559167352,94.38826150273816,6.755384088935368,80.76,49.57683389830099,17,3.0
401507226,2023-07-02,STORM,3.0,102.52707090993877,104.07579438849545,-1.5487234785566841,85.2,48.62004159941916,98.46078789018556,102.34708936803118,-3.8863014778456275,83.368,47.39068426769698,LIBERTY,3.0,109.83477957904532,100.82059778116128,9.014181797884032,83.39200000000001,55.858466100718395,108.30518812003208,101.26048163177195,7.044706488260127,83.44800000000001,52.31625823175058,-15,0.0
401507227,2023-07-05,LIBERTY,3.0,106.704265849323,98.66649599449872,8.037769854824266,84.184,54.61171285396515,108.50312031079213,99.72359638587031,8.779523924921827,83.692,53.359548275040616,MERCURY,4.0,94.62697539870605,106.26146067476854,-11.634485276062472,79.408,46.50340153230432,94.63225162251209,108.19467679463978,-13.562425172127703,78.988,45.47915682557543,4,-1.0
401507228,2023-07-05,LYNX,4.0,101.1845037161494,99.3580330652073,1.8264706509421018,83.36,47.83903498692231,98.76906568198541,100.49860855877785,-1.7295428767924321,81.00399999999999,50.979128326098305,FEVER,3.0,97.44721659300733,105.66817387387573,-8.220957280868415,81.576,53.450672134882666,102.41001127099159,104.33366808809649,-1.92365681710491,80.55199999999999,52.961178864927966,7,1.0
401507229,2023-07-05,ACES,4.0,121.32114384067616,102.29526614487766,19.025877695798492,80.632,53.07210031347962,116.97877921784959,99.19786563538631,17.780913582463292,80.19200000000001,51.645736766426424,WINGS,3.0,99.32225008995565,91.46057922993414,7.86167086002151,82.152,59.874968531404605,100.01590753966701,98.14064360201546,1.8752639376515532,83.72,57.98251786961257,7,1.0
401507230,2023-07-05,SPARKS,3.0,94.29143307693434,104.14718540334584,-9.855752326411501,83.48800000000001,46.28447273391971,94.91622609196229,100.61975808642913,-5.703531994466819,80.712,46.98108956338375,DREAM,3.0,101.6648012178759,108.85507301482296,-7.190271796947059,87.52799999999999,46.98600792306358,100.94518402560901,106.50258197374369,-5.557397948134678,87.51599999999999,49.450470024880204,-11,0.0
401507231,2023-07-06,SUN,5.0,104.74960151047796,98.60287388355196,6.146727626925985,83.096,48.83880825057295,104.18830672954205,97.6716909896934,6.516615739848637,83.97999999999999,49.12051172614553,STORM,4.0,99.95241484456282,103.73678805042103,-3.7843732058581905,84.67999999999999,48.60416858354615,98.36180925373444,103.21132283188035,-4.849513578145898,83.468,47.87961786930665,20,1.0
401507232,2023-07-07,MYSTICS,5.0,102.85977020852408,97.91306285719914,4.9467073513249655,85.0,47.23539494019911,99.63470465603622,94.62343520374364,5.0112694522925825,81.444,48.22518554665264,FEVER,2.0,98.3093358903542,111.13563934672769,-12.826303456373491,81.464,51.79653679653679,103.60607920300875,106.63261019853073,-3.026530995521969,80.796,53.59609949984859,8,3.0
401507233,2023-07-07,SKY,5.0,97.21152690236104,101.11036308314479,-3.898836180783732,79.792,46.977034993517606,99.77162770137281,105.94728420924469,-6.175656507871868,79.80799999999999,47.96789971298312,DREAM,2.0,106.1031010239722,107.74080327033167,-1.63770224635947,87.248,49.46491087665008,102.54526057178575,104.16956040569394,-1.6242998339081836,86.86,50.07840429718068,-14,3.0
401507234,2023-07-07,WINGS,2.0,98.25616609257659,95.06042915912607,3.1957369334505215,82.416,58.22939891115143,100.73891965220614,100.26458529544291,0.4743343567632081,82.86,56.40357050119153,ACES,2.0,117.13400688416058,101.64646222489071,15.487544659269867,81.72,52.03761755485893,117.10479741431291,99.1846995551588,17.920097859154108,80.00399999999999,51.87650599719565,2,0.0
401507235,2023-07-07,LYNX,2.0,105.51519604203061,103.55637507442256,1.9588209676080452,84.52000000000001,47.40252705041438,99.55224215354428,100.68964052693732,-1.1373983733930444,81.352,50.050556897526874,MERCURY,2.0,95.95054379971562,103.39809053356264,-7.447546733847045,81.424,46.6287933818341,96.1211602367205,108.57738617606083,-12.456225939340332,79.50800000000001,45.71905581547442,11,0.0
401507236,2023-07-08,LIBERTY,3.0,106.20800003486065,103.63458374321901,2.573416291641641,82.672,54.88789237065099,110.7751237401842,101.08357611220916,9.691547627975059,83.40799999999999,53.34742706291941,STORM,2.0,101.22583198173139,106.90026209161633,-5.67443010988494,84.56800000000001,51.13652406240723,98.67813440212248,105.10826726001089,-6.430132857888395,84.11200000000001,48.675870796707116,4,1.0
401507241,2023-07-09,SKY,2.0,99.73672700663735,102.00250470579977,-2.2657776991624274,79.464,47.019481453097,95.79455916368137,104.28190101994603,-8.487341856264669,79.16799999999999,48.04780838878221,DREAM,2.0,109.00622842805379,100.64489284638489,8.361335581668902,85.016,51.604671584123636,104.00916313615002,102.54405893429336,1.465104201856653,86.076,50.620561349081115,-11,0.0
401507240,2023-07-09,LYNX,2.0,108.3816105977171,98.38848507901807,9.993125518699031,83.568,48.96860802826006,100.587019691284,100.03457962648538,0.5524400647986312,81.13199999999999,50.36101441386675,ACES,2.0,112.38899927679765,100.5417915178043,11.84720775899336,81.04,50.23433886633434,117.1071701254162,97.27255091519677,19.834619210219415,80.104,51.64153331960002,-24,0.0
401507239,2023-07-09,MERCURY,2.0,93.57570964532214,98.09393168531733,-4.5182220399952,81.34400000000001,46.271994924746345,92.85781504835266,107.06288267824814,-14.205067629895487,80.0,45.297487188023446,SPARKS,4.0,95.47864768880649,108.39218619062345,-12.913538501816955,83.02400000000002,47.451139400586385,93.7062498955319,100.09604482219096,-6.389794926659063,81.02000000000001,47.50192289671709,6,-2.0
401507238,2023-07-09,FEVER,2.0,100.55426998999668,112.40262526759277,-11.848355277596095,79.816,51.288062220265616,104.20293217529468,107.87734532704887,-3.674413151754203,80.928,53.17519554504635,WINGS,2.0,99.84367215465225,95.67468791882541,4.168984235826855,82.304,58.03267759967603,100.20234685000833,100.97196710634036,-0.7696202563320312,82.316,56.610765401009374,-1,0.0
401507237,2023-07-09,SUN,3.0,106.90608306093841,97.30931923597188,9.596763824966512,82.944,48.11931826878789,105.8483187550953,96.18041065589651,9.667908099198801,83.51599999999999,48.807775282261545,MYSTICS,2.0,107.8790614581823,106.12449125502815,1.754570203154168,84.376,46.19457374182241,102.72953741631045,97.57953666751902,5.150000748791426,81.38,47.70477494746429,8,1.0
401507242,2023-07-11,MYSTICS,2.0,108.96639073422587,108.9943912554854,-0.028000521259525613,82.712,49.629463176711845,104.25840698019495,100.87601397014808,3.382393010046866,81.47200000000001,47.62685286954221,STORM,3.0,95.29743181165055,107.80403586704297,-12.506604055392419,85.064,52.624544238952,97.45021438278069,106.15982669264807,-8.70961230986737,84.39200000000001,49.40114552198184,7,-1.0
401507243,2023-07-11,ACES,2.0,118.77292235979766,103.00376284314821,15.76915951664947,80.80799999999999,51.567672199667676,118.89478962787703,97.81171204137264,21.083077586504395,80.548,51.808199986266686,MERCURY,2.0,97.8206000675709,96.87208646686108,0.9485136007097992,81.28,49.25225491511707,94.37224096383083,106.03522480664469,-11.662983842813865,79.7,46.24844667629636,26,0.0
401507244,2023-07-12,FEVER,3.0,99.24912759851016,109.32680959123195,-10.077681992721798,80.06400000000001,51.58217986732443,102.28263577189689,108.82425010527606,-6.541614333379188,81.32000000000001,52.02088450556205,LIBERTY,4.0,105.76176475841571,102.43328303366074,3.328481724754951,81.24,50.41803790079652,108.45644695565522,100.90507836361292,7.551368592042296,82.824,51.98231330343945,-8,-1.0
401507245,2023-07-12,SKY,3.0,101.258417432171,100.45593364307885,0.8024837890921589,79.176,46.529285374665626,97.38344400858698,105.32527731869416,-7.941833310107178,79.42,47.74079084492256,SUN,3.0,106.95471974590198,100.72113892565235,6.233580820249628,83.44,46.45698060645022,105.28007690857469,96.77824194301101,8.501834965563667,83.736,47.50474497923123,-12,0.0
401507246,2023-07-12,LYNX,3.0,104.63681769447737,102.75651080693243,1.8803068875449385,83.768,46.93104934281405,99.76659497433477,102.59527359370217,-2.8286786193674276,81.592,48.75684774720008,WINGS,3.0,99.7396697023839,92.90394316174329,6.835726540640624,81.184,57.29079875858734,99.11611690348427,98.68924249956883,0.42687440391543274,81.628,56.53037324414662,-40,0.0
401507247,2023-07-12,DREAM,3.0,111.94107235975449,95.57713468028817,16.36393767946633,83.05600000000001,54.50421496311907,104.44433112856991,102.45561170844155,1.9887194201283591,85.944,50.853894682414456,STORM,1.0,92.91019101648739,104.35582672554918,-11.445635709061786,85.52799999999999,53.32876959106467,100.41824653932963,106.01297693910026,-5.594730399770633,84.236,50.09345321428954,10,2.0
401507248,2023-07-12,SPARKS,3.0,91.46334952224093,108.28057974799978,-16.81723022575884,82.104,46.85412447521325,92.27403412460669,101.82050829850031,-9.546474173893618,81.432,47.65117662806037,ACES,1.0,117.11455437029963,99.42934909212902,17.68520527817062,81.864,51.84636846797188,118.97032703823565,98.80245633665605,20.16787070157962,80.66400000000002,50.910412841904204,-19,2.0
401558893,2023-07-15,TEAM WILSON,14.0,127.27963525835865,106.38297872340425,20.896656534954403,105.28,56.25,127.27963525835865,106.38297872340425,20.896656534954403,105.28,56.25,TEAM STEWART,14.0,106.9110347460863,127.9114165712104,-21.000381825124094,104.76,43.75,106.9110347460863,127.9114165712104,-21.000381825124094,104.76,43.75,-16,0.0
401507249,2023-07-18,DREAM,6.0,109.47178985812707,91.95371519899301,17.518074659134054,83.328,56.65406511296923,104.28401674286033,101.5626678153757,2.7213489274846294,85.388,51.10981523245265,LYNX,6.0,99.70253343568979,108.45515800226835,-8.752624566578575,81.47200000000001,46.246944715047455,97.89404743953557,106.4926452394182,-8.598597799882636,82.044,47.612790420785444,9,0.0
401507250,2023-07-18,MERCURY,7.0,95.24373919785022,106.5317201026093,-11.287980904759086,80.704,50.13940429541714,95.05688414253966,107.70853716997917,-12.651653027439504,79.436,47.02769662015444,SUN,6.0,106.28233073932157,102.51042515236841,3.7719055869531473,81.744,45.11657559198543,106.33051240646186,97.6011438913085,8.729368515153377,82.364,47.63404537175029,6,1.0
401507251,2023-07-19,MYSTICS,8.0,108.04697012538134,111.42336293985595,-3.3763928144746216,80.672,48.39658646438308,107.66455607090593,100.79435992409992,6.8701961468060135,81.44,48.92822273255591,FEVER,7.0,101.45991046502147,107.65854113558684,-6.198630670565393,83.43199999999999,50.30139168998453,99.3058171080028,106.93991965658067,-7.634102548577867,83.288,51.803770840172525,-6,1.0
401507252,2023-07-19,LIBERTY,7.0,103.15845681445576,100.1768572011807,2.981599613275074,84.52,50.66708004639039,105.98304464067944,98.68992924824603,7.29311539243341,84.164,52.317945487347494,WINGS,7.0,105.76462909748102,93.103474307611,12.661154789870006,82.224,57.46799094395764,104.19400473401954,96.57516764549116,7.6188370885283785,82.156,56.91506948127087,-10,0.0
401507256,2023-07-20,STORM,8.0,90.33722063734903,103.68575364014828,-13.348533002799243,83.344,50.211886474181554,96.4321457736439,103.88077401432186,-7.448628240677964,84.272,49.41596403680036,ACES,8.0,115.76818207769445,97.87787366417538,17.890308413519083,81.98400000000001,48.83338145498487,118.54466295918527,100.08656990452651,18.458093054658786,81.308,50.95274088423225,-16,0.0
401507255,2023-07-20,MERCURY,2.0,95.57955888850861,102.75213406495875,-7.172575176450129,79.6,49.524019680032524,95.10326714360734,104.50679736986365,-9.4035302262563,79.50399999999999,48.013710606168424,SKY,8.0,99.05484507446259,105.63901878948789,-6.584173715025287,79.312,46.54829226466325,96.45635544870699,104.28555004573533,-7.829194597028353,79.352,48.322758058037316,18,-6.0
401507253,2023-07-20,SUN,2.0,104.34487900511076,100.24193305956379,4.102945945546978,80.16,45.51828499369483,105.23421640727581,96.859111083382,8.37510532389381,80.976,48.14535758894486,DREAM,2.0,104.42655587197018,90.95429334133661,13.472262530633575,81.856,55.69516100338018,103.04567854492305,99.9046831780798,3.1409953668432578,84.692,51.34058446322189,11,0.0
401507254,2023-07-20,LYNX,2.0,96.87087979998944,110.25812636135277,-13.38724656136333,81.184,47.01617548427822,99.02769175806942,104.80807971328004,-5.780387955210614,82.27199999999999,47.42760523560026,SPARKS,8.0,93.82768044652954,110.80404153018995,-16.976361083660404,83.33599999999998,47.284766297159415,91.67023439356859,102.76310045029145,-11.092866056722862,82.58,47.881753069163125,3,-6.0
401507257,2023-07-21,MYSTICS,2.0,105.41758551759547,109.07798092368452,-3.6603954060890658,80.216,47.93504800284461,106.01199075619124,102.29414375724335,3.717846998947883,81.55199999999999,48.35445224075263,LIBERTY,2.0,104.47103835159487,99.65501951095906,4.816018840635801,84.85600000000001,49.45110908450291,107.15290896532011,100.23780864606017,6.915100319259916,84.124,52.654787592610646,-9,0.0
401507258,2023-07-22,DREAM,2.0,99.5419620983343,91.38786137014704,8.154100728187274,82.104,55.69516100338018,102.82253156115326,99.56433232023934,3.258199240913902,84.676,52.58003594001512,SUN,2.0,104.20595078052415,93.2640284545622,10.941922325961944,79.872,47.412224387634225,104.47777614550105,95.9334511690571,8.544324976443963,81.484,48.12551631910359,-8,0.0
401507259,2023-07-22,STORM,2.0,89.65186774360511,103.25523886714439,-13.603371123539265,83.296,49.82441093602108,94.80214129408395,103.49601345878268,-8.693872164698728,83.98800000000001,49.21428975978361,SKY,2.0,91.96578903921336,105.17213984747202,-13.206350808258662,80.064,45.994747448823354,92.04506001001285,101.86130136169005,-9.816241351677206,79.94000000000001,47.942767678046934,-15,0.0
401507260,2023-07-22,WINGS,3.0,109.79634552651055,98.54159811363749,11.254747412873058,80.824,54.148152887277476,104.5592978082331,95.00108867178582,9.558209136447285,81.488,57.011560709341026,SPARKS,2.0,91.84814101005706,107.57712278786366,-15.728981777806592,83.32,47.84870072338892,91.11937916791508,101.45640455200945,-10.33702538409435,82.62400000000001,47.68492767233773,14,1.0
401507261,2023-07-22,LYNX,2.0,93.36002411119723,107.6874467871143,-14.327422675917072,80.648,47.33046119856393,99.43761007661392,105.62191093076842,-6.184300854154513,82.58399999999999,47.36649412448915,ACES,2.0,113.36362068078475,93.25670330042774,20.106917380356997,81.944,49.7922855645739,115.24881378247264,97.45158276265923,17.79723101981343,81.83200000000001,50.91495155971642,-17,0.0
401507263,2023-07-23,MYSTICS,2.0,108.49481677825433,110.22608194964485,-1.7312651713904927,80.6,49.14962290163004,105.67729349338921,104.06957240342199,1.6077210899672365,82.8,48.19250892091458,MERCURY,3.0,94.56237258232173,96.24099104212038,-1.6786184597986504,77.544,50.82272097873382,95.25645819101867,99.81954078784152,-4.563082596822848,79.48400000000001,48.72575718028396,15,-1.0
401507262,2023-07-23,LIBERTY,2.0,106.2996871140627,103.1518375190096,3.147849595053077,86.248,51.51125946044276,106.50197648169285,100.90916675675416,5.592809724938671,85.216,53.06148615720396,FEVER,4.0,100.40677604078464,104.64002058690394,-4.233244546119306,83.296,49.695331083923925,98.92699631689598,105.15409723038984,-6.227100913493861,82.43599999999999,51.573001609403285,18,-2.0
401507264,2023-07-25,DREAM,3.0,97.73454588271812,94.94765991791103,2.786885964807098,82.81599999999999,54.05844155844155,103.37038715538597,97.79627638214797,5.574110773238,83.916,52.831556571282604,MERCURY,2.0,95.98089223863553,98.68573655210602,-2.7048443134704825,77.36800000000001,51.22996079773834,94.77830094197884,98.38983411871168,-3.6115331767328414,79.35600000000001,48.75097786124235,13,1.0
401507265,2023-07-25,LIBERTY,2.0,108.87971999874011,102.11090307341053,6.7688169253296,84.816,52.26883521801852,107.54386001680041,102.87274340831478,4.671116608485621,83.744,53.578363794334756,STORM,3.0,90.4716103622919,102.97547657016749,-12.503866207875593,82.96000000000001,46.71930003920334,95.84872117201165,104.93786933089191,-9.089148158880267,83.764,48.92791205080529,4,-1.0
401507266,2023-07-25,SKY,3.0,90.71208676695572,100.88008700925462,-10.168000242298902,81.184,49.541984525472195,93.96180683465839,100.99522504619969,-7.033418211541317,80.488,48.2595097594949,ACES,3.0,115.86792940110729,91.41853569882218,24.449393702285125,83.76,51.30984996738421,114.12846433895247,95.98016360831323,18.148300730639242,82.4,50.772094416859275,-12,0.0
401507267,2023-07-25,WINGS,3.0,114.18202367447955,97.75182380307658,16.430199871402973,80.488,56.4062174034065,106.21909488352807,96.40612648110132,9.812968402426748,81.452,57.317808157278975,SUN,3.0,101.53766291061811,93.62962773703477,7.908035173583338,80.63999999999999,47.70602894373386,104.22187298577826,95.46947348650333,8.752399499274926,81.792,47.912673606260874,-5,0.0
401507268,2023-07-25,SPARKS,3.0,94.07645648619163,106.9658150023754,-12.889358516183766,81.512,46.54954031684893,94.18394478156299,105.55650020286062,-11.372555421297633,82.5,46.41700652538432,FEVER,2.0,101.0880543987972,108.14674810349302,-7.058693704695818,82.76,47.314378702971545,99.6986951445757,109.64119372511036,-9.942498580534656,82.112,49.555457749754176,1,1.0
401507269,2023-07-26,LYNX,4.0,92.52777868038783,113.66244920467545,-21.134670524287635,82.60799999999999,46.439704896042926,100.45469463905246,106.02546714184675,-5.570772502794303,83.088,47.70415646215149,MYSTICS,3.0,103.50699654439579,103.73176059079267,-0.2247640463968878,81.992,49.410379094589615,105.69302900128905,104.92812592291041,0.7649030783786401,83.184,47.80247641820601,5,1.0
401507271,2023-07-27,LIBERTY,2.0,109.46915257778396,102.741319636466,6.727832941317959,85.52799999999999,56.039942159857176,107.61545866809982,102.58730133506337,5.0281573330364555,83.38399999999999,53.22899003032685,DREAM,2.0,94.07467684897928,90.96477499369693,3.109901855282345,83.752,52.68589253883372,103.00787460436689,93.27095483699256,9.736919767374337,83.404,53.5950537509764,11,0.0
401507270,2023-07-27,SPARKS,2.0,94.85695388445616,104.902233348051,-10.045279463594857,80.832,45.716206983515605,95.16780078663132,106.64720976933722,-11.479408982705907,81.928,46.583673192050995,FEVER,2.0,97.80619030211429,103.0229673195892,-5.216777017474911,83.272,49.4895199459094,99.1802301460555,107.71279629359098,-8.532566147535503,81.54400000000001,50.388791083087504,13,0.0
401558197,2023-07-28,LIBERTY,1.0,112.29190136184602,104.60934605135193,7.682555310494081,83.152,56.22125995166549,107.7251790881509,102.39310162626631,5.332077461884578,83.836,53.44416999902794,LYNX,2.0,94.76485954652546,109.18199286752774,-14.417133321002288,82.31199999999998,48.41819951969883,99.7008386205014,105.96925183723008,-6.268413216728675,83.03999999999999,47.67462443125644,-5,-1.0
401507272,2023-07-28,SKY,3.0,97.1916366521579,106.83554399240215,-9.64390734024425,81.336,50.903906304308805,98.46418182939763,104.41902434910097,-5.954842519703338,80.4,48.9616938787029,STORM,3.0,91.46419242929485,103.94435235422316,-12.480159924928307,83.35999999999999,42.948193097364694,93.3808121204727,105.87419411063306,-12.493381990160362,84.212,47.786368668158346,-9,0.0
401507273,2023-07-28,WINGS,3.0,116.55050982223679,101.92785241455414,14.622657407682658,79.264,56.33627204821526,108.19709098844453,98.80127016668976,9.395820821754757,80.784,57.18447482394564,MYSTICS,2.0,104.10982190290137,103.50433749134072,0.6054844115606641,83.024,47.492490531539765,106.5381063185636,106.24936437341304,0.2887419451505693,82.86800000000001,48.560976854125805,28,1.0
401507274,2023-07-30,SUN,5.0,101.91331595561067,94.66653835402556,7.246777601585106,79.67999999999999,47.2454228831278,104.43401785075632,97.69383863983896,6.740179210917367,81.55999999999999,46.85120174478901,LYNX,2.0,98.98603301673054,102.00519698649595,-3.0191639697654127,83.144,50.92048596564725,99.34428322621015,105.23017749438216,-5.8858942681719935,82.308,48.583715340347354,-4,3.0
401507275,2023-07-30,DREAM,3.0,94.58885497655717,96.50427573690662,-1.9154207603494513,83.128,50.011665357564276,102.03032241734212,94.22899546794982,7.801326949392302,83.228,53.33286523526675,MYSTICS,2.0,96.51220799542526,104.71942117049005,-8.207213175064794,82.872,43.5794470532789,102.27958906040331,108.071392055173,-5.791802994769708,81.772,45.98801675883099,7,1.0
401507276,2023-07-30,FEVER,3.0,96.97580353086711,105.39600999819626,-8.420206467329157,82.23999999999998,49.195402298850574,98.11246556468863,107.3614097947141,-9.248944230025478,81.152,50.388791083087504,STORM,2.0,90.77794605802941,99.32532599540463,-8.547379937375206,83.32000000000001,45.72597087514247,91.8440685372584,101.84057636047689,-9.996507823218497,84.424,49.52737023310357,-23,1.0
401507277,2023-07-30,SKY,2.0,96.99460278289244,106.21592754514066,-9.22132476224821,80.864,49.7927951931977,99.12651010753171,103.33593059410975,-4.209420486578026,80.02,48.16104028393166,MERCURY,5.0,92.15479719415609,99.7341091828038,-7.579311988647703,77.768,49.891067031276535,94.98769863086349,98.30309782483243,-3.3153991939689518,79.524,49.571660973196806,19,-3.0
401507278,2023-07-30,ACES,5.0,114.1810898978121,92.67820230659007,21.502887591222052,83.90400000000001,50.121444170282764,116.47700612880487,97.84098257486912,18.636023553935765,82.356,50.84455818497522,WINGS,2.0,118.54066538859558,97.3702442473203,21.17042114127527,80.232,60.543433173534936,109.14016754548975,95.1370937045318,14.003073840957947,80.708,58.91711596606115,13,3.0
401507279,2023-07-30,SPARKS,3.0,96.63636252727677,101.96059665587987,-5.324234128603083,81.224,46.76098310291859,94.04985602475885,105.12058820193981,-11.070732177180963,81.664,46.80755378906592,LIBERTY,2.0,110.61253524083057,101.65821160727208,8.954323633558477,83.49600000000001,56.35796535152879,107.5417867962127,100.65661555911556,6.885171237097138,84.176,52.904537218015854,-8,1.0
401507280,2023-08-01,SUN,2.0,100.53554565582202,97.31212299502306,3.2234226607989713,80.55999999999999,47.87089577089578,103.4089381975718,99.91127407369574,3.497664123876059,81.152,46.4937356814406,LYNX,2.0,101.71901684122527,101.5705958458232,0.1484209954020514,83.704,50.45894750410879,99.29494832060735,105.91436110358799,-6.619412782980639,82.444,48.73756149419351,10,0.0
401507281,2023-08-01,FEVER,2.0,94.73657533666177,107.37061275208484,-12.634037415423066,78.648,49.81818181818182,98.09824290084161,107.51457694383585,-9.41633404299423,81.04,50.05978675408318,MERCURY,2.0,95.52441875973412,101.2893191361475,-5.764900376413385,77.768,49.83725098430981,95.38407897879216,103.91051961937842,-8.526440640586236,79.236,49.98832763986347,1,0.0
401507282,2023-08-01,ACES,2.0,115.7629712261203,97.42914572645032,18.333825499669977,83.83200000000001,48.98310729974446,116.43876279820998,98.42924740928967,18.0095153889203,82.848,50.41473788385817,DREAM,2.0,93.70046818272881,96.13551140739295,-2.4350432246641533,83.48,50.011665357564276,99.06351202734949,93.54490237436478,5.51860965298471,82.66799999999999,52.85341318047223,21,0.0
401507283,2023-08-01,SPARKS,2.0,97.2224701927357,100.00987696292984,-2.7874067701941243,80.90400000000001,43.93795538436848,95.52507531963262,105.40695924655988,-9.881883926927264,82.12,45.61136084076395,LIBERTY,2.0,109.92565850855358,101.07391383062065,8.851744677932924,82.368,56.263699836996196,108.11267281130813,102.11287567481513,5.999797136493001,84.30799999999999,53.88747964871948,-7,0.0
401507284,2023-08-02,STORM,3.0,95.87600454233055,96.0346276359503,-0.15862309361976087,81.176,47.596100745272345,93.10661258983978,99.86019063804929,-6.753578048209502,82.26,48.90399360972695,WINGS,3.0,113.18274489536705,104.6722864061727,8.51045848919434,81.40799999999999,59.98005289184481,109.47368699642402,98.88788035689186,10.585806639532173,81.816,58.724021917901226,-11,0.0
401507285,2023-08-03,MERCURY,2.0,93.45292961188727,101.07416067272445,-7.6212310608371725,79.32,48.60648175354058,94.51624425019794,101.9131473688416,-7.396903118643651,79.46000000000001,49.06525071678655,DREAM,2.0,94.09933328197454,98.97996679910102,-4.880633517126498,83.328,48.06722091311983,96.82064769015442,95.18391408462402,1.636733605530388,82.716,51.88119095825001,20,0.0
401507288,2023-08-04,WINGS,2.0,108.13691558108603,99.31228858991804,8.824626991168003,81.03999999999999,61.34562899426301,108.9666305537983,98.92694335177777,10.03968720202053,80.93199999999999,57.74689094077024,SKY,5.0,104.73528388684122,106.16792823004907,-1.4326443432078606,81.088,49.27171790982533,101.89506448065191,105.90347350976847,-4.0084090291165735,80.2,47.91000508724429,-15,-3.0
401507289,2023-08-04,LYNX,3.0,100.66275843284426,103.74434324135889,-3.0815848085146285,83.76,50.536366858947495,97.01139127202075,105.7158950142366,-8.70450374221585,82.204,48.93341402875572,LIBERTY,3.0,105.6367704351798,99.37746988426775,6.259300550912053,80.856,55.263699836996196,107.25824521695998,100.74418647883914,6.514058738120826,82.836,53.76626752750735,-10,0.0
401507287,2023-08-04,MYSTICS,5.0,94.52687633316836,102.8649904969534,-8.338114163785027,84.03999999999999,43.5794470532789,99.97223092538191,105.97148571031896,-5.999254784937047,82.128,45.757247528061754,SPARKS,3.0,97.6439884055919,101.49900778692594,-3.855019381334037,80.304,42.871288717701816,94.74606470782449,104.53806528739479,-9.792000579570315,81.812,45.35999472054537,2,2.0
401507286,2023-08-04,FEVER,3.0,92.17925011655481,106.04553442405374,-13.866284307498926,78.736,50.89510489510489,96.29301307866973,105.34277750547884,-9.049764426809116,81.01599999999999,50.29521798951441,SUN,3.0,103.6437920680469,96.15988644804007,7.483905620006828,80.84,48.34732256990321,103.99433553657884,98.20090975380194,5.793425782776903,80.49999999999999,46.932803781799024,-16,0.0
401507290,2023-08-05,MERCURY,2.0,95.089339989992,102.45744654521297,-7.368106555220973,80.152,49.48447699773301,94.82585628615686,99.34921879366668,-4.523362507509812,78.848,50.15359898823341,STORM,3.0,96.46566113784652,95.42073693416897,1.044924203677536,81.072,46.66311296296949,93.05876444072581,99.33798790065669,-6.279223459930864,82.184,48.24376194949529,-6,-1.0
401507291,2023-08-06,DREAM,3.0,93.12046800632076,101.04093933626403,-7.920471329943268,82.672,46.929485409187144,95.42750694451945,97.99429962708754,-2.566792682568085,82.744,50.493963483814355,FEVER,2.0,90.10227012277076,103.61884137903121,-13.516571256260443,78.152,51.33370138633296,95.595162260784,105.88279474126212,-10.28763248047813,80.45599999999999,49.32404004465225,9,1.0
401507292,2023-08-06,LIBERTY,2.0,105.83670352188696,97.83296788027262,8.003735641614359,78.72800000000001,55.26695186951652,107.65292804983547,100.2871437583693,7.365784291466158,82.128,55.65344701468685,ACES,5.0,115.50109868231593,96.54361505132098,18.95748363099495,83.32000000000001,50.37993269656987,115.63464038000521,97.21074435774818,18.423896022257015,82.652,49.60665707577736,38,-3.0
401507293,2023-08-06,MYSTICS,2.0,93.38090051783142,99.17036182983628,-5.78946131200486,83.4,44.744359333980654,100.93785864804289,104.69822188974055,-3.7603632416976764,82.0,46.94699111780535,SPARKS,2.0,95.41888715285504,96.19201194768854,-0.7731247948335124,80.65599999999999,46.59601990049752,94.74767181952333,101.57891347503198,-6.831241655508639,81.084,46.57278010867322,-8,0.0
401507294,2023-08-06,WINGS,2.0,104.43069187904587,102.55384077437986,1.8768511046659995,82.192,58.91212588164275,109.30635777676271,100.15283228872822,9.153525488034486,81.34,57.65917164252463,SKY,2.0,114.67103942337596,107.91140785973339,6.759631563642586,81.46400000000001,49.83676689592695,103.31841423129465,106.54177385360269,-3.2233596223080383,80.764,47.915757172375145,-8,0.0
401507295,2023-08-08,STORM,3.0,102.18986473070265,96.10371207852376,6.0861526521788845,80.736,51.032860862129155,96.33073754649726,99.53959432434563,-3.2088567778483537,81.84799999999998,48.87608045066625,SUN,4.0,106.85214630899927,97.85328036335609,8.9988659456432,79.52799999999999,50.408726078675144,105.52904854476171,95.55865440895914,9.970394135802572,79.7,48.910475233154685,-12,-1.0
401507296,2023-08-08,FEVER,2.0,88.86333639562693,104.41075042526707,-15.547414029640157,78.12800000000001,50.48670685081384,93.33476334887061,103.71685887242813,-10.382095523557535,80.7,49.98811339836162,SPARKS,2.0,98.27290440547551,97.33226857656044,0.9406358289150745,80.72800000000001,49.691257995735604,96.56492914496584,101.11725096230573,-4.552321817339892,80.78,47.70373248962561,-7,0.0
401507297,2023-08-08,SKY,2.0,117.76047067760935,112.67172625465464,5.088744422954707,81.61600000000001,46.43405196380025,104.23627872228253,106.77590663195463,-2.5396279096720975,81.4,47.98801824463622,LYNX,4.0,100.72689754344859,102.72392430474841,-1.9970267612997987,80.512,48.78398590656655,96.6273381119182,108.19318675471193,-11.565848642793718,81.56,47.611845401304734,-9,-2.0
401507298,2023-08-08,WINGS,2.0,104.0074657984027,102.60106265227591,1.4064031461268058,84.912,57.640331009847884,110.27898781031975,102.26445753341503,8.014530276904733,82.088,56.988301529031574,ACES,2.0,110.88706158481807,105.08601560119641,5.801045983621654,83.52799999999999,46.08769525364748,112.1253411328014,99.17135945081209,12.953981681989324,82.736,47.9399904091107,-20,0.0
401507299,2023-08-08,MERCURY,3.0,99.66983934273587,104.73643181924191,-5.066592476506045,80.816,48.82513633839235,97.82536579068571,101.71108418567397,-3.885718394988264,79.092,50.02754856806534,MYSTICS,2.0,92.52759269383239,103.78415526824044,-11.25656257440804,83.928,42.54655713617846,98.0172946191141,103.75795792951655,-5.740663310402463,82.96000000000001,45.97846811538404,19,1.0
401507300,2023-08-10,FEVER,2.0,89.52487197826407,103.25815762576629,-13.73328564750221,80.16000000000001,51.62956399367099,93.25033775456559,104.32708381198127,-11.076746057415685,81.2,50.412483146260776,LYNX,2.0,100.09062975918431,100.99660752336897,-0.9059777641846551,79.376,49.52344000085935,97.42774465285488,105.08930019544835,-7.661555542593471,80.84400000000001,48.9708197602791,18,0.0
401507301,2023-08-10,MERCURY,2.0,106.5840073865962,103.44580460589495,3.138202780701272,80.616,50.30569466341727,99.36940229037614,101.58995689434937,-2.2205546039732154,79.192,50.0983808473469,SUN,2.0,108.33892491692748,98.00851072446024,10.330414192467245,77.432,49.4680451379942,104.93829391377281,95.8190692307475,9.11922468302529,79.036,48.58703704086403,6,0.0
401507302,2023-08-10,STORM,2.0,100.298302374024,96.3509239536426,3.9473784203814035,79.584,53.30708630708631,95.88124740165944,100.14763815393289,-4.266390752273452,81.47200000000001,48.1276397022255,DREAM,4.0,95.62100154301989,104.33307219461292,-8.71207065159302,81.464,45.815695630980784,94.84783919599958,97.64892359415492,-2.801084398155338,82.60799999999999,49.25079408490725,1,-2.0
401507303,2023-08-11,LIBERTY,5.0,107.68473001738002,92.88545429867682,14.799275718703194,78.12,57.614369709892095,109.98831568961302,98.74740017501438,11.240915514598637,80.636,56.917814830778795,SKY,3.0,113.39785627627813,107.52272088441035,5.875135391867792,81.98400000000001,45.19436411541675,105.29474646421802,107.17913243840626,-1.8843859741882283,81.66,48.049135209862776,16,2.0
401507304,2023-08-11,ACES,3.0,113.80334315611162,107.02454654719952,6.778796608912103,82.424,48.373409539361774,114.83563627860947,99.22154112301084,15.614095155598614,83.092,49.84162975337299,MYSTICS,3.0,88.90969195844238,103.76032208628536,-14.850630127842981,82.89599999999999,42.00527774853494,96.50975693067187,103.63232978881304,-7.122572858141159,82.96000000000001,44.748884140037354,24,0.0
401507306,2023-08-12,WINGS,4.0,102.5391098609864,112.79782140300169,-10.258711542015277,84.92,51.72728753158701,110.53988762479098,105.08403282516099,5.455854799629996,82.576,56.13536035256099,SUN,2.0,105.07903634611455,97.46860245345954,7.61043389265501,79.144,52.07857145378368,103.49617615086261,96.06757040374255,7.4286057471200575,79.412,49.66199716845574,10,2.0
401507305,2023-08-12,SPARKS,4.0,98.8795952184832,99.48845845562347,-0.6088632371402809,81.41600000000001,48.548400852878466,97.75797887287999,100.72452755575168,-2.9665486828716823,81.32000000000001,47.65469197789853,DREAM,2.0,91.047440364234,97.31758386807785,-6.2701435038438404,81.912,46.80161112393853,92.81814767039559,96.91092980249223,-4.092782132096646,82.52000000000001,48.406638240751406,11,2.0
401507307,2023-08-13,MYSTICS,2.0,93.30494486721929,106.4949744801171,-13.190029612897806,84.808,46.06324876302769,94.90857643132227,105.60719782530357,-10.6986213939813,83.84,44.82134790815329,SKY,2.0,112.21279205560316,107.88995925188692,4.322832803716236,82.84,47.822888161851246,104.60369741924781,107.0529433985138,-2.4492459792659873,81.852,48.80784167752447,7,0.0
401507308,2023-08-13,STORM,3.0,95.7555037333123,93.78915651109791,1.966347222214381,80.45599999999999,50.52930852930852,93.26672489567086,96.55724125325126,-3.2905163575804126,81.888,48.1276397022255,MERCURY,3.0,106.4390259139677,96.91684764547311,9.52217826849459,81.63199999999999,49.07135882381827,100.98172233685092,99.10308339081031,1.8786389460406028,79.7,49.45430490406404,10,0.0
401507309,2023-08-13,FEVER,3.0,98.56128163107005,101.4975042339382,-2.9362226028681677,79.136,53.811382175489165,96.6489284838659,104.43405849301152,-7.785130009145616,78.892,51.81478199683549,LIBERTY,2.0,109.61322419021413,89.60838744729081,20.004836742923302,77.776,58.15323383084577,110.11287971552233,95.63329952728145,14.479580188240892,80.636,57.255599591187284,-11,1.0
401507310,2023-08-13,ACES,2.0,113.65302976749744,104.31791881217559,9.335110955321852,83.45599999999999,48.08355446689801,113.91705983265479,98.49806055938282,15.418999273271954,83.68,49.10249931859039,DREAM,1.0,90.4525058070353,101.11308741531923,-10.66058160828393,81.152,46.96554555016804,92.07648699488205,98.62429941135608,-6.547812416474042,82.316,48.48860545386616,21,1.0
401507376,2023-08-15,ACES,2.0,107.99169423545746,96.99046606230756,11.001228173149878,84.464,49.01556629092861,111.87733273078886,97.20980589437895,14.667526836409928,84.148,48.99933679533654,LIBERTY,2.0,113.87545325854902,93.01809585378824,20.857357404760766,77.08,56.0636815920398,111.90055588355128,97.04600484220445,14.854551041346843,79.724,56.163690714518,-19,0.0
401507311,2023-08-17,ACES,2.0,101.15933567420942,99.9907700130869,1.1685656611225284,84.00000000000001,45.17718245254477,108.33021717826269,98.26719253220395,10.06302464605874,83.66,47.77855757455732,LIBERTY,2.0,113.02413657762892,89.40041645531872,23.623720122310218,78.856,58.12428765264586,109.33045350640437,94.38894316979324,14.941510336611135,79.856,56.69399374482102,13,0.0
401507316,2023-08-18,STORM,5.0,94.66512746364455,96.13666264629288,-1.4715351826483043,80.48,51.36198310111354,95.27056600298755,96.08564514112159,-0.8150791381340327,80.828,49.47904192319294,LYNX,8.0,98.11590985993612,104.99327472758334,-6.877364867647225,77.96000000000001,47.13382961124896,98.55097143833332,103.49923585703964,-4.9482644187063185,80.552,49.027157788448115,-8,-3.0
401507315,2023-08-18,MERCURY,5.0,108.06883564888726,100.96705517483875,7.101780474048525,80.216,49.13378914711816,100.76088263038727,101.0206079237816,-0.2597252933943238,79.768,48.87013545032937,LIBERTY,1.0,111.20968297779447,93.49081702092073,17.718865956873753,80.096,55.54650987486808,108.52319324984073,95.66189245059667,12.861300799244054,79.412,55.406730872192306,-22,4.0
401507314,2023-08-18,DREAM,5.0,88.99745951173101,99.73553724520869,-10.738077733477676,80.904,48.69394061189644,91.54839639685277,99.35775202215486,-7.809355625302087,82.116,48.38058076250813,SKY,5.0,105.70297674285973,107.92172194562974,-2.218745202770009,82.44,48.483061322024405,105.21913031485049,107.04482508783943,-1.8256947729889348,81.764,48.87738961592486,11,0.0
401507313,2023-08-18,FEVER,5.0,102.54394012042353,108.3962203171238,-5.852280196700266,79.272,52.28669790453623,97.36159511848918,107.22087737058878,-9.859282252099597,79.004,51.59090139982057,MYSTICS,5.0,96.93396036339722,106.75824784562829,-9.82428748223108,83.72,45.76021845999738,95.7304183482828,104.81161917129084,-9.081200823008054,83.88000000000001,44.669832756638144,-4,0.0
401507312,2023-08-18,SUN,6.0,104.76770296516091,98.62629269342825,6.1414102717326555,79.0,51.61703299224521,102.65162431049148,97.96920784422566,4.682416466265813,79.78,49.74396438157049,WINGS,6.0,104.41601602374905,109.2554188375678,-4.839402813818731,83.44800000000001,50.17799175693913,108.79938045955805,106.96385262187025,1.8355278376878048,82.428,55.079022324391964,-20,0.0
401507317,2023-08-19,ACES,2.0,108.34251592874234,94.70227348465208,13.640242444090266,83.52799999999999,49.62162689698921,109.6147887567802,99.89414454292425,9.720644213855959,83.52799999999999,47.854661075318354,SPARKS,7.0,100.70325808959652,96.73304606323903,3.9702120263574643,81.096,50.92177985948477,98.96286414116611,98.37146151308443,0.59140262808167,81.0,47.429867621926626,-6,-5.0
401507318,2023-08-20,MYSTICS,2.0,99.34357972953832,108.6200092726071,-9.27642954306879,82.576,45.79831369809262,96.36224012368487,103.8951855512217,-7.532945427536825,82.988,45.271336516036634,WINGS,2.0,108.71296865305753,111.37028435227478,-2.6573156992172584,83.816,48.67571025465762,108.42494211707178,105.3412864710964,3.083655645975372,82.428,55.01066962446032,-13,0.0
401507319,2023-08-20,SKY,2.0,98.01299320427958,106.83063194958882,-8.817638745309235,81.17600000000002,49.450479868390325,106.34201631382777,107.3710199046611,-1.0290035908333253,81.32,49.64362338215863,SUN,2.0,103.3294916080226,105.01890697685421,-1.689415368831618,79.296,50.904841957473536,103.48664183803476,100.58939671244715,2.897245125587605,80.068,49.626082263688374,-6,0.0
401507320,2023-08-20,MERCURY,2.0,102.00599716529376,105.33010132069788,-3.3241041554041173,79.47200000000001,47.33986772384166,98.5476685776429,103.89377393295543,-5.346105355312545,79.81199999999998,48.41217236078733,FEVER,2.0,103.3869039844888,106.05448073915161,-2.6675767546628064,80.03999999999999,54.94333950854626,96.74458705362977,104.83666105909143,-8.092074005461624,79.096,53.13852044743961,-10,0.0
401507321,2023-08-20,LYNX,2.0,97.9594286018268,103.68123956343602,-5.721810961609208,76.336,48.03015068148308,99.83922272152603,102.62591770462961,-2.7866949831035783,80.02000000000001,49.244549092795936,STORM,2.0,96.30910570550905,97.09102323829815,-0.7819175327890833,80.096,52.81909238430978,96.3873834216778,96.25588008623356,0.13150333544422638,80.58399999999999,49.74110267363964,-14,0.0
401507325,2023-08-22,LYNX,2.0,99.2007394260572,105.9155990470507,-6.714859620993517,76.336,47.839910813823856,99.93174892945072,104.82997114420479,-4.898222214754073,80.048,49.188138836385676,WINGS,2.0,109.86997664349128,106.13604714391231,3.73392949957898,84.36800000000001,50.11875448495167,107.15033426126858,104.34494395914608,2.8053903021224897,83.28,54.51544018329721,5,0.0
401507324,2023-08-22,SKY,2.0,92.61806026836304,104.86767687187964,-12.249616603516603,79.49600000000001,48.5327079851012,105.1892654729862,108.76970156326715,-3.580436090280948,80.556,47.48337997445072,STORM,2.0,93.9104181519213,92.77686319248848,1.1335549594328398,80.256,51.90334146855886,98.05014144131198,94.44028763550611,3.6098538058058622,80.49600000000001,51.46810116534401,23,0.0
401507322,2023-08-22,DREAM,4.0,91.77909531420013,94.71431810940621,-2.9352227952060703,80.064,48.81868910284211,92.44978166026047,97.87762872283513,-5.427847062574669,81.36800000000001,47.874087256014626,ACES,3.0,100.88965428979084,93.53264318953232,7.357011100258513,83.288,48.11343017567775,107.34649872295122,100.27859486836591,7.067903854585308,82.85600000000001,48.243419857519754,-12,1.0
401507323,2023-08-22,MYSTICS,2.0,99.44074002075206,109.86058030798252,-10.419840287230448,82.696,45.95927949286123,95.98416635729222,106.82236778811145,-10.838201430819243,83.312,44.252918314519846,SUN,2.0,102.18703111186832,106.3718132786878,-4.184782166819483,78.44800000000001,51.05608212686253,104.5195887104338,102.11254682102194,2.407041889411859,78.988,50.73240410276884,-4,0.0
401507326,2023-08-23,SPARKS,4.0,102.174183317048,94.89567981421192,7.278503502836083,81.78399999999999,51.09664324746292,99.90908586131994,98.19734380056892,1.7117420607510225,81.044,46.98396598258237,MERCURY,3.0,98.92485834561504,103.373719652941,-4.44886130732595,78.376,49.84536222933616,99.29734884417546,104.05507573609145,-4.757726891915998,79.59599999999999,49.33524928386426,29,1.0
401507327,2023-08-24,SUN,2.0,98.50176120837567,104.8368606006309,-6.3350993922552306,78.624,50.351741422521826,103.4203430626516,101.42268566254556,1.9976574001060072,78.02799999999999,49.90989328025801,LIBERTY,6.0,107.42835006339706,93.75774319510496,13.670606868292083,80.336,52.739492331008435,107.55654004038854,93.32159874689088,14.234941293497638,79.228,55.176931020450276,-5,-4.0
401507328,2023-08-24,FEVER,4.0,106.5753640619989,104.34224566941108,2.233118392587818,79.568,53.046744300475645,97.71935022881291,104.37649804733908,-6.65714781852617,78.848,51.76672557564474,STORM,2.0,96.08096078758021,97.6694154444755,-1.5884546568952942,80.576,51.618846447221735,98.18963158080211,97.01016969905906,1.1794618817430547,80.08000000000001,52.46296637715402,4,2.0
401507329,2023-08-24,SKY,2.0,99.66136631147766,103.87717936530251,-4.215813053824846,78.52799999999999,49.391007580242885,106.5296112938779,105.69995012485643,0.8296611690214732,80.256,47.292685847829816,ACES,2.0,100.43337198513663,95.82694230984131,4.606429675295326,83.44800000000001,48.883357711909625,107.04320087631704,100.07243056100846,6.970770315308589,83.45200000000001,48.483456089403816,-7,0.0
401507330,2023-08-24,WINGS,2.0,108.15449598814189,103.77975437512694,4.374741613014959,83.896,51.5412739944277,106.0809808932723,103.19040851370141,2.8905723795708824,84.404,54.590802502137784,LYNX,2.0,102.42049862053761,105.07407735053414,-2.6535787299965223,78.824,47.42251950947603,101.57369808199311,103.89900082764127,-2.3253027456481603,79.66799999999999,48.10325270802129,-9,0.0
401507331,2023-08-25,DREAM,3.0,93.66261583839682,101.70216249474575,-8.039546656348927,81.92,49.01336123398965,94.64180869070836,103.01761734467932,-8.375808653970974,81.69200000000001,47.41452843248522,SPARKS,2.0,108.77188391702262,92.74955984546546,16.02232407155716,79.872,49.97480416700315,102.09538553493881,94.47078589657698,7.624599638361825,80.264,48.28541203375033,-5,1.0
401507332,2023-08-26,MYSTICS,4.0,97.43068976949577,104.08168583562069,-6.650996066124918,82.696,48.66087168597885,93.17019086396907,103.92100396095302,-10.75081309698395,82.796,45.3330747172569,ACES,2.0,102.14582813195685,100.79208464044,1.353743491516849,83.56,49.649895393870196,105.06876118370715,98.89127535137376,6.177485832333363,84.012,49.3327308423994,16,2.0
401507333,2023-08-26,LYNX,2.0,101.95216000929506,104.70292506768672,-2.75076505839167,79.53599999999999,45.88865039351736,101.02139488423968,102.84976629552784,-1.8283714112881626,79.45599999999999,47.70604519718836,LIBERTY,2.0,107.49378116689437,96.6388111426817,10.854970024212653,81.368,53.61587962530617,108.55350267855424,93.12359929498626,15.429903383567979,79.572,55.88455672807597,-35,0.0
401507334,2023-08-27,SUN,3.0,100.03378982673263,106.14027642981162,-6.10648660307898,78.52799999999999,48.44890741442465,102.55641308642358,101.80443944163557,0.7519736447880149,78.836,50.263739434104174,SPARKS,2.0,108.18391120695146,92.81387937051572,15.370031836435725,78.84,48.189089881288865,103.2284078062135,95.07307397353809,8.1553338326754,79.784,48.94017393851224,15,1.0
401507335,2023-08-27,FEVER,3.0,109.52339955738265,104.68954385176752,4.833855705615119,79.08800000000001,52.50994776367911,99.52413576782337,103.9738507387669,-4.449714970943546,79.624,52.06975587867505,DREAM,2.0,97.7680593271525,106.85192095589646,-9.083861628743964,80.65599999999999,49.37050409113251,94.40774984569325,102.08475241198715,-7.677002566293902,81.28399999999999,48.086057607535516,3,1.0
401507336,2023-08-27,MERCURY,4.0,93.14513835360856,110.7577255775434,-17.612587223934824,76.888,48.31409396516317,99.86457287010238,107.10176509171916,-7.237192221616776,78.752,49.30989431429022,WINGS,3.0,107.03204700855005,99.94107604665268,7.090970961897369,84.232,53.690527725770984,104.78557843476824,106.36944872482718,-1.5838702900589539,84.576,52.70890762867899,-3,1.0
401507337,2023-08-27,STORM,3.0,101.43509898306982,104.2447436919196,-2.8096447088497856,79.648,51.01278584116113,98.59530135819105,99.01695010150875,-0.4216487433177022,80.052,50.77104718523483,SKY,3.0,102.18060016261958,104.18690514733012,-2.0063049847105363,79.216,49.39100758024289,107.19669610911137,106.03843219960852,1.1582639095028497,81.02799999999999,48.60694787104707,-5,0.0
401507338,2023-08-28,LIBERTY,2.0,108.8861709379973,92.35184987213502,16.5343210658623,82.19200000000001,54.10561843127632,111.38081209827317,92.68497286296163,18.69583923531153,79.636,55.08465001165806,ACES,2.0,100.9744262150024,98.63426981490571,2.340156400096686,84.576,52.50375039962394,101.06688094460591,99.3125199139963,1.7543610306096071,84.288,48.84046642608435,9,0.0
401507341,2023-08-29,SPARKS,2.0,104.27347285942702,94.23554075029944,10.037932109127581,78.248,47.456947024146004,101.5765340389551,96.86199960296146,4.7145344359936505,79.83200000000001,48.00267393851224,SKY,2.0,103.36456600340478,102.42907711160265,0.9354888918021288,81.03200000000001,47.65940584864116,104.53377137313225,105.17539952861618,-0.64162815548394,81.73600000000002,48.07123358533278,-1,0.0
401507339,2023-08-29,DREAM,2.0,98.93745053059456,106.02320802360862,-7.0857574930140546,80.91999999999999,50.08892260607947,94.69497816881493,103.56814771946392,-8.873169550648992,81.036,48.527234078123755,MERCURY,2.0,90.88662603538873,110.75411319636491,-19.867487160976182,75.52000000000001,48.566286947619304,98.66282597467823,103.83548042091903,-5.172654446240796,78.576,48.818822885718795,18,0.0
401507340,2023-08-29,MYSTICS,3.0,96.9141894781193,94.15820990584129,2.755979572278008,80.912,48.389361871265955,95.10956717266929,100.32659219297919,-5.217025020309899,82.86,47.22630531714682,LYNX,3.0,101.15850921564427,107.67563461934364,-6.517125403699387,80.83200000000001,46.951150393517366,99.6372095377902,106.33445467346348,-6.697245135673306,79.396,47.04249000238316,11,0.0
401507342,2023-08-31,SUN,4.0,100.06866448881915,100.17114780510606,-0.10248331628690721,78.90400000000001,50.32390741442465,102.41818372699004,99.39872024926716,3.019463477722874,78.952,50.97047020333494,MERCURY,2.0,91.50070209321208,113.32923553247122,-21.828533439259132,76.072,47.94441606487886,99.78476887104969,107.148145353655,-7.363376482605304,78.144,48.53910260599851,10,2.0
401507343,2023-08-31,ACES,3.0,99.27181689913527,102.3280076715144,-3.056190772379125,85.328,49.7710176668912,103.8071664139388,98.51514057808325,5.29202583585557,84.428,49.69632228194021,MYSTICS,2.0,97.97944807265728,94.08924099111644,3.890207081540845,80.11999999999999,48.389361871265955,97.45670421802724,100.42374441837237,-2.9670402003451173,81.92,47.07479016563167,9,1.0
401507344,2023-08-31,SPARKS,2.0,102.54263781241988,95.42947370765421,7.113164104765684,77.64,47.87088145037551,101.6229479510082,96.08125988544661,5.541688065561575,79.36800000000001,49.396330654930146,STORM,4.0,100.19744555000499,106.82793318175466,-6.630487631749668,81.376,51.42686451610937,97.43128650682476,101.48229791402376,-4.0510114071989864,80.92800000000001,51.39442380861145,-11,-2.0
401507345,2023-09-01,FEVER,5.0,104.95968240668579,104.3123340163188,0.647348390366983,80.8,49.62759482250264,101.76048201887791,102.9049191251285,-1.1444371062505923,79.968,51.719488498995894,WINGS,5.0,104.32391868234906,98.93453870293487,5.389379979414196,83.616,54.315527725770984,104.36996735304906,104.09497877025133,0.2749885827977323,83.53200000000001,52.24675974135505,-10,0.0
401507346,2023-09-01,LIBERTY,4.0,110.7938806776627,96.84751693189124,13.946363745771468,82.968,52.99996732562522,111.90900862764582,93.12396669360497,18.78504193404084,80.912,55.562127489135534,SUN,1.0,103.56927669207062,95.75279757949784,7.816479112572805,78.11999999999999,51.622608713125956,103.44938415004663,100.38585227817602,3.0635318718705933,78.708,51.26372533529975,31,3.0
401507347,2023-09-01,LYNX,3.0,99.79010583222127,111.34492057382677,-11.55481474160548,80.664,46.81939808785201,98.87476721702404,107.5130800686314,-8.638312851607344,78.5,47.42477438466755,DREAM,3.0,106.76860659183913,104.13285168023023,2.6357549116088763,80.44000000000001,51.10800229182583,97.88303305178506,101.93419446271946,-4.0511614109344,80.672,49.90097145186113,6,0.0
401507348,2023-09-02,ACES,2.0,103.67755665018333,102.91021665535234,0.7673399948309878,84.232,48.7077858167741,102.28360546998707,98.22142992244233,4.06217554754475,83.76,48.41060799622592,STORM,2.0,100.51123819021417,102.38959694441915,-1.87835875420499,81.544,54.53770346283319,98.41017194786161,99.74031009135864,-1.3301381434970367,80.82000000000001,53.67839792357148,26,0.0
401507349,2023-09-03,SKY,5.0,105.37665794739087,101.25805788439223,4.118600062998658,81.32000000000001,46.26654870578401,101.69482557583522,104.04434491699053,-2.349519341155289,81.248,47.85851428708717,LIBERTY,2.0,115.35205111151672,90.12435405096569,25.227697060551037,82.208,56.05137694419901,113.28086704465561,91.8075855359432,21.473281508712397,81.15200000000002,55.79894340953355,-17,3.0
401507350,2023-09-03,WINGS,2.0,107.14108704461512,104.33225496019395,2.808832084421178,84.176,54.863417336160595,107.92702784883632,107.85126965623435,0.0757581926019597,83.99600000000001,51.76956379540911,FEVER,2.0,108.0020815338161,107.14901676670124,0.8530647671148472,80.55199999999999,49.13785601653249,105.2730108271198,107.77261854191252,-2.4996077147927096,79.912,50.71227696053436,-13,0.0
401507351,2023-09-03,LYNX,2.0,101.96046635595918,108.6852089838505,-6.724742627891322,82.272,47.85853439014621,100.58060289100818,107.3004040154506,-6.719801124442419,79.304,47.84922260198503,MERCURY,3.0,97.33500466924379,116.53072792690753,-19.19572325766374,73.872,47.56164094526164,99.67050091726878,110.9304146238027,-11.25991370653393,76.672,47.45075433455165,13,-1.0
401507352,2023-09-03,SPARKS,3.0,98.0297347335746,95.08924302931567,2.940491704258926,77.95200000000001,45.686628391035875,100.10195902531129,94.99246142176379,5.109497603547505,79.868,48.391635819249395,MYSTICS,3.0,95.8105466377008,95.23955856345235,0.5709880742484416,80.216,50.389361871265955,97.57706318361956,101.92978391802973,-4.352720734410174,81.396,48.09383778467928,8,0.0
401507356,2023-09-05,MERCURY,2.0,96.7419910098748,116.60015825046807,-19.858167240593275,74.384,45.971897355518045,97.83342467774492,109.98693895170454,-12.153514273959612,76.38000000000001,47.90862979242711,MYSTICS,2.0,93.43257127303272,91.98616791557359,1.4464033574591468,77.936,51.65696750506877,96.43665564689238,100.92337411177805,-4.486718464885651,80.316,48.808123498965,-23,0.0
401507355,2023-09-05,WINGS,2.0,103.76147648391184,106.71594353452414,-2.9544670506123225,84.624,53.34581170235778,106.81572656370156,106.42599533921823,0.38973122448332875,84.49600000000001,51.73228309365472,LIBERTY,2.0,115.85640834202357,91.79921667377806,24.057191668245515,82.00800000000001,56.79266678852815,111.6423792027103,92.7784799344415,18.8638992682688,81.172,54.766079559768286,-1,0.0
401507353,2023-09-05,SUN,4.0,97.19205403057715,99.15746907610523,-1.9654150455280757,78.72800000000001,48.30299986083568,99.68954257122274,102.76464117739651,-3.0750986061737793,78.588,49.6795409938491,SPARKS,2.0,90.7290361381832,93.96894547171681,-3.2399093335335976,79.39200000000001,45.34180080482897,99.75046002760291,93.35925265859112,6.3912073690117825,79.632,47.65830248591606,14,2.0
401507354,2023-09-05,FEVER,2.0,109.10344250814856,104.4740092625021,4.629433245646453,83.168,47.95928458796106,106.24517324631866,105.26424500082685,0.9809282454918232,81.604,51.451312048253655,SKY,2.0,102.93860749209905,101.33244709671246,1.6061603953865755,82.624,46.37825341680879,97.77833388023103,103.10006198429605,-5.321728104065014,81.05999999999999,47.455480700954986,-27,0.0
401507357,2023-09-06,DREAM,5.0,104.57977396923783,106.08792008819043,-1.5081461189525982,83.84,51.72454364520928,98.17943464171898,100.40111909879832,-2.221684457079334,81.952,50.2716163740257,STORM,4.0,97.95715383091913,109.51681993943662,-11.559666108517494,81.45599999999999,54.02488295001267,95.93378599142022,101.14684156596255,-5.213055574542326,80.85600000000001,52.96411220928577,11,1.0
401507358,2023-09-07,LIBERTY,2.0,116.23648245534919,93.10908679522153,23.127395660127654,81.54400000000001,55.0423880817277,111.86513181112177,94.87394896895162,16.991182842170154,81.45599999999999,54.32913385351694,SPARKS,2.0,89.4981531487156,97.81714558714026,-8.318992438424667,78.944,44.47087348653323,98.84103217783351,95.315512478828,3.5255196990055295,78.89200000000001,46.32998168391104,7,0.0
401507359,2023-09-08,SUN,3.0,101.44239912178188,101.0092542940511,0.4331448277307629,79.792,51.04622155142579,99.97208016507878,102.92305744734101,-2.950977282262234,79.208,50.69898148697381,FEVER,3.0,104.28226443245808,108.88042789866748,-4.598163466209388,84.21600000000001,48.43014705882353,105.4288142472285,106.61133678403928,-1.1825225368107852,81.892,50.73844567964959,17,0.0
401507360,2023-09-08,MYSTICS,3.0,103.04589999268441,94.68491344176569,8.360986550918735,77.584,49.80848265658393,100.23829488109011,99.38329963869319,0.8549952423969088,80.14,49.23467717128139,DREAM,2.0,101.39309571422613,97.35234195619992,4.040753758026204,82.392,53.39431976461226,97.52785577631147,99.52725222547284,-1.999396449161361,82.15599999999999,51.20384049930095,-5,1.0
401507361,2023-09-08,SKY,3.0,100.01517200933404,97.77959435700242,2.2355776523316138,83.568,47.510629812343076,99.83826916040584,100.82838686115247,-0.990117700746616,81.048,48.450818696292984,LYNX,5.0,100.4810613587138,105.3093831698421,-4.828321811128285,82.48799999999999,50.25541287398122,101.45077998962572,105.19173026018811,-3.7409502705624034,80.656,48.83896619172862,5,-2.0
401507362,2023-09-08,WINGS,3.0,106.43170611700964,108.47847244261416,-2.04676632560452,83.8,52.1863914125027,107.29310105257578,106.12911340887055,1.1639876437052195,83.848,51.8638327034652,STORM,2.0,95.89910633751542,104.53836230609105,-8.639255968575608,80.816,52.453791041136,95.99003356254782,101.10388887528327,-5.113855312735451,80.696,52.03631874417887,15,1.0
401507363,2023-09-08,MERCURY,3.0,98.83196312406845,116.32680242430129,-17.49483930023284,75.936,46.65005827505827,95.98855073883851,113.54226400092234,-17.553713262083836,76.412,47.48207612011072,ACES,6.0,102.69898314063542,98.51548190418036,4.183501236455055,83.46399999999998,48.0827858167741,101.56617756288604,97.17121210701085,4.39496545587519,83.45599999999999,48.48307176434186,-21,-3.0
401507368,2023-09-10,ACES,2.0,103.6769215322876,96.0535917294508,7.623329802836776,82.712,48.344490989540404,102.91137483212222,98.42283818494539,4.4885366471768124,83.136,48.9971931917053,MERCURY,2.0,96.39596781689217,118.04088251965706,-21.644914702764915,77.84,46.864099370948686,93.64129692614044,114.39749785801101,-20.75620093187055,76.68,47.715193159284,15,0.0
401507364,2023-09-10,DREAM,2.0,101.46352740910575,94.88761821038534,6.575909198720401,82.736,54.9359110846846,99.61579336812913,100.86976958314091,-1.253976215011781,81.696,52.15320758790855,WINGS,2.0,112.31218366415385,108.65483928564768,3.6573443785061786,83.848,54.03713768115942,109.67211533635195,104.29795766615018,5.3741576702017735,84.03999999999999,53.8638327034652,-17,0.0
401507365,2023-09-10,SUN,2.0,100.02014160851968,93.95823816952216,6.061903438997535,78.184,53.63436257706682,100.02696571762615,100.04925729966688,-0.022291582040722346,78.35600000000001,51.04163499574574,SKY,2.0,101.21730638331998,96.23258278513325,4.984723598186733,83.52000000000001,47.81861370241652,101.69895327296977,100.20974396623168,1.4892093067380983,81.368,48.604810641329706,-11,0.0
401507366,2023-09-10,FEVER,2.0,97.93311879295388,107.90750135462153,-9.974382561667685,83.008,46.26158645276293,103.72825917516825,106.29852260319453,-2.5702634280262826,81.048,49.38576710822101,LYNX,2.0,100.03454874576201,108.25224838068547,-8.217699634923466,82.27199999999999,50.24593644659434,100.99335437752853,106.47758672418611,-5.484232346657568,80.904,48.067293420055854,15,0.0
401507367,2023-09-10,LIBERTY,3.0,112.34244928227562,96.02330246439328,16.31914681788234,81.728,55.17631665315628,110.61431011013647,94.18757616826414,16.42673394187232,81.96000000000001,54.6409675422163,MYSTICS,2.0,102.68836309963399,99.60884606115053,3.079517038483462,77.256,48.03633075784975,99.80127628887665,96.88352798349591,2.917748305380735,79.084,48.21284631455785,-2,1.0
401507369,2023-09-10,STORM,2.0,95.76843454017697,106.89870038071483,-11.130265840537865,81.864,51.059851647196616,98.6017667616234,105.57172203631721,-6.969955274693826,80.756,51.03631874417887,SPARKS,3.0,94.88302265647904,101.25993499229776,-6.376912335818707,78.768,45.27444491510466,99.57824775795304,97.7477378712986,1.830509886654437,78.508,46.365695969625335,-2,-1.0
401578549,2023-09-13,SUN,3.0,100.18883369159913,100.10471499525188,0.08411869634726088,79.648,51.48909230679654,100.12874909020914,100.13793140017897,-0.009182309969823166,79.276,50.9064998606106,LYNX,3.0,99.40867436243235,102.82574308497435,-3.417068722542004,81.952,50.10651336967126,100.28359178903831,105.25068885215902,-4.967097063120695,81.392,48.528831881594314,30,0.0
401578550,2023-09-13,ACES,3.0,115.43170691901999,100.10897911108279,15.322727807937204,80.872,48.217908711059394,108.20306656701118,99.37162446299423,8.831442104016945,82.724,50.36082955534166,SKY,3.0,103.43636470172983,97.13200895679726,6.304355744932548,83.928,49.51745540125822,103.4004653525673,99.78054303419995,3.619922318367338,82.47999999999999,48.58843062494969,28,0.0
401578552,2023-09-15,WINGS,5.0,114.34784383582799,107.51372812014297,6.834115715685007,85.512,55.466932201707365,109.33588125908852,103.22413341153893,6.111747847549601,84.564,54.89122996373917,DREAM,5.0,99.94708057634236,96.61779244910869,3.329288127233673,83.44800000000001,51.998763622960176,99.44226555346845,101.32050023635864,-1.8782346828901908,82.184,51.043843114519824,12,0.0
401578551,2023-09-15,LIBERTY,5.0,112.04601144145207,98.36032740853571,13.685684032916356,80.864,54.1429303256523,111.41994605955738,97.60392217021347,13.816023889343914,81.91600000000001,53.571448825638754,MYSTICS,5.0,104.90269514134293,104.16445520341215,0.7382399379307827,77.00800000000001,47.7511257667624,101.44107160700011,99.12684809726429,2.3142235097358137,78.564,48.07024381901418,15,0.0
401578554,2023-09-17,ACES,4.0,115.98862650189065,91.80973375427115,24.178892747619496,80.80799999999999,49.35172545463224,107.63022170051295,97.06887071289277,10.561350987620186,83.06800000000001,49.561371560761714,SKY,4.0,98.46309442312388,99.46168041621068,-0.9985859930868145,84.48799999999999,50.255260279306995,101.91987618525738,100.35986915030145,1.5600070349559219,82.90400000000001,48.26090449254551,22,0.0
401578553,2023-09-17,SUN,4.0,99.94235307093115,95.02236179458797,4.91999127634318,80.864,51.16823669182328,101.7558148815009,95.3875796870429,6.368235194457992,79.492,51.39542270247462,LYNX,4.0,95.41131877519369,103.48927283677486,-8.07795406158117,82.744,49.21524777252331,97.60071230370748,107.4170967053008,-9.816384401593325,81.704,48.01732293018766,-7,0.0
401578555,2023-09-19,LIBERTY,4.0,112.2332351045821,102.71984860120301,9.513386503379092,80.912,52.952631818189616,113.7926431080494,96.42210132608434,17.370541781965066,81.56,54.50200438119432,MYSTICS,4.0,105.983406360484,106.990360654149,-1.006954293665015,76.168,46.42969719533383,100.8969764990924,101.11495960880067,-0.2179831097082868,78.192,48.409529533299896,5,0.0
401578556,2023-09-19,WINGS,4.0,108.96836232761927,101.84593992308882,7.122422404530451,86.704,56.10837957012842,108.0547246861172,103.08909744164139,4.965627244475814,85.44,55.485898453144515,DREAM,4.0,94.26310937512977,98.14561165851264,-3.88250228338286,85.752,48.78345261817549,100.51585798348444,101.13923166937144,-0.6233736858869918,83.096,49.94572745500066,27,0.0
401578557,2023-09-20,LYNX,3.0,97.52149175450351,105.02014596449521,-7.498654209991679,79.50399999999999,49.4581627522804,99.74097905523135,106.85267747417285,-7.111698418941501,80.888,48.65834857121331,SUN,3.0,104.93779785078485,93.76486041215799,11.172937438626864,80.464,52.3393044300552,101.064925940681,96.4611647441316,4.603761196549394,79.596,50.32115214544544,-15,0.0
401578561,2023-09-24,LIBERTY,5.0,110.4709498542638,104.07927368380277,6.3916761704610305,83.192,52.06477301982984,113.16367909814369,97.9392451787904,15.22443391935327,82.6,54.42871990417899,SUN,4.0,107.67111177640368,95.79583030904175,11.875281467361953,78.68799999999999,52.40155683526177,104.55675544909278,98.40254230154643,6.154213147546358,79.24,51.72388919334378,-15,1.0
401578562,2023-09-24,ACES,7.0,116.95313050544527,89.63973050874657,27.313399996698728,81.55999999999999,51.71802582093261,110.31534357781429,96.27497358204945,14.04036999576486,82.896,50.21290581885336,WINGS,5.0,114.29962709841439,97.99031511382898,16.309311984585385,85.464,58.242437541142905,109.0305517911631,102.35312932417658,6.677422466986532,85.044,55.794124621750335,14,2.0
401578563,2023-09-26,LIBERTY,2.0,104.59056130932308,102.42462332617735,2.165937983145713,81.624,52.02017993175849,110.41352188233614,97.76685506069944,12.646666821636686,81.58399999999999,53.53128400674309,SUN,2.0,110.27502095610296,98.52257961269649,11.75244134340647,77.272,51.60828760449253,105.14758128231134,96.24040889110931,8.907172391202003,77.728,52.62132509077968,7,0.0
401578564,2023-09-26,ACES,2.0,116.75153311723332,92.08699920809946,24.664533909133876,80.704,52.79494889785568,109.72525812893437,95.3012405561399,14.424017572794465,82.08399999999999,50.43886735731489,WINGS,2.0,112.38245604168829,99.29215533574393,13.090300705944367,85.064,56.44087678306041,109.40708107934897,103.88531388917905,5.521767190169923,84.432,54.31363409778156,7,0.0
401578565,2023-09-29,SUN,3.0,109.86726138579168,97.48071230243173,12.386549083359942,74.784,50.99620493358634,105.0280475386954,98.7927136488418,6.235333889853601,77.21600000000001,51.24264862019144,LIBERTY,3.0,103.66261350449489,101.33419635160763,2.3284171528872464,80.152,51.831104301506386,108.00253139338524,98.67874940800046,9.323781985384795,80.94000000000001,53.50371047733133,-11,0.0
401578566,2023-09-29,WINGS,3.0,108.02895003638181,100.23429337732036,7.794656659061476,84.36,54.56745906154142,110.17056685026785,104.44456633148403,5.726000518783827,84.104,54.302298371350425,ACES,3.0,116.89451051021072,95.53048165158188,21.364028858628824,80.072,52.25740771526508,110.28571602124914,95.79203669051635,14.4936793307328,81.39200000000001,50.300949352402746,-3,0.0
401578567,2023-10-01,SUN,2.0,108.24569172527072,106.29034779857584,1.95534392669488,74.29599999999999,49.63873887023792,104.09402239810095,100.65635479658191,3.43766760151903,77.58000000000001,50.403487781030606,LIBERTY,2.0,104.65063098426647,99.07521095918895,5.575420025077529,80.16,52.01209977661951,108.34832121285929,98.71776918386233,9.630552028996942,80.512,53.077515051135904,-3,0.0
401578571,2023-10-08,ACES,9.0,106.76234688472599,88.58565141276979,18.17669547195619,80.696,52.00740771526508,111.09702690187298,94.34731526192628,16.7497116399467,80.784,50.11265821316224,LIBERTY,7.0,103.07248168411095,100.63508654239267,2.437395141718272,80.728,52.4620997766195,107.65285839434655,101.67746757179785,5.9753908225486825,80.82,52.70736579740456,17,2.0
401578572,2023-10-11,ACES,3.0,110.32731514413972,94.66749175247014,15.659823391669562,80.224,53.120212593313866,113.15797082301518,93.23861275337065,19.919358069644527,80.516,51.23596902397304,LIBERTY,3.0,104.13017319677301,107.04183366121143,-2.9116604644384068,78.224,51.457352941176474,107.3005615255184,105.5605536725071,1.7400078530113121,80.708,51.761062980503155,28,0.0
401578573,2023-10-15,LIBERTY,4.0,106.71141944531496,112.75539542175883,-6.043975976443884,78.904,51.559917043740576,105.65099037731902,107.59000937396812,-1.9390189966490852,80.26400000000001,51.79004848774953,ACES,4.0,113.8653312596199,96.56169428150024,17.303636978119652,79.89599999999999,51.992007465108735,115.4092308825326,93.10071239512341,22.308518487409195,80.72800000000001,51.85501664302067,14,0.0
401578574,2023-10-18,LIBERTY,3.0,107.20345429826168,111.45409092169521,-4.250636623433527,79.10400000000001,50.82249163879599,105.43303390137828,106.39414363665142,-0.9611097352731406,79.628,51.32679797015119,ACES,3.0,107.61049473476348,97.18528315069841,10.425211584065071,80.176,50.77015685195377,112.1810139259984,94.63614117939893,17.544872746599474,80.44000000000001,51.78255287490473,-1,0.0
401620220,2024-05-14,ACES,14.0,102.61797824567164,93.68908832573645,8.928889919935184,79.944,50.766869000564654,109.75624437794117,94.60978498865917,15.146459389282006,80.008,51.512138357914864,MERCURY,14.0,98.76466239534288,119.64869320200103,-20.884030806658128,77.8,48.50046300731232,95.13268224427749,116.48896436723612,-21.35628212295863,76.936,48.22243953609559,9,0.0
401620221,2024-05-14,STORM,14.0,96.19960099689192,106.60804848065183,-10.408447483759929,82.288,48.927054866512506,98.19852327344844,106.71799083120325,-8.519467557754798,81.83200000000001,50.176959691310934,LYNX,14.0,97.69668335545353,112.44834911699277,-14.751665761539234,77.24000000000001,47.65501965881473,99.08887235708366,108.87886614341741,-9.78999378633376,79.864,48.95521626639797,-13,0.0
401620178,2024-05-14,MYSTICS,14.0,107.40515507551535,107.36753330406125,0.037621771454107035,79.56,46.04995035989079,100.41886317427404,99.67685060981741,0.7420125644566269,78.748,48.85345893247978,LIBERTY,14.0,101.20477777793162,108.44873014074388,-7.24395236281226,79.34400000000001,50.18313099943535,102.92770438109906,103.76197054996642,-0.8342661688673658,79.752,51.09761538802743,-5,0.0
401620219,2024-05-14,SUN,14.0,108.13409703717787,105.00933377484337,3.1247632623345054,76.168,49.207969639468686,106.53594744398136,99.38709709350067,7.148850350480684,78.316,50.77363703476195,FEVER,14.0,98.493174523725,105.60292310747268,-7.109748583747671,83.336,48.22086247086247,101.72642846520539,104.95762856189575,-3.231200096690344,82.06800000000001,48.92422864668255,21,0.0
401620222,2024-05-15,WINGS,14.0,100.7922468271067,97.66327308072741,3.128973746379276,83.856,52.76266454099348,107.57004533146733,102.5885006004352,4.981544731032142,84.684,54.114798371350425,SKY,14.0,99.5280456158692,101.98338857385716,-2.4553429579879493,83.704,49.727994118238016,101.23332655398414,101.65791783528482,-0.4245912813006868,83.164,48.0531237675234,8,0.0
401620223,2024-05-15,SPARKS,14.0,97.23436236698251,102.8914960875029,-5.657133720520389,80.024,45.72867026721734,99.8885000897012,99.16048489757856,0.7280151921226476,78.83200000000001,46.79977585879642,DREAM,14.0,93.16659340132055,101.98238728337955,-8.815793882059001,84.376,47.42571043663468,98.8731836852792,104.035153685785,-5.161970000505799,84.10799999999999,49.575127040921984,-11,0.0
401620224,2024-05-16,FEVER,2.0,91.7314873378753,101.66809139658638,-9.93660405871108,82.98400000000001,48.813534884655574,99.86678443584569,104.4085540816438,-4.541769645798117,81.768,48.97569545059403,LIBERTY,2.0,99.54934042568576,106.3612596915713,-6.811919265885544,80.264,49.268845285149624,101.31091105489836,103.498173116982,-2.1872620620836356,80.49600000000001,50.86547253088457,-36,0.0
401620225,2024-05-17,SUN,3.0,105.09429131444531,101.12695599002656,3.9673353244187637,78.53600000000002,48.26247464503042,106.3827015454245,98.46139314953413,7.9213083958903585,78.612,50.3320157401461,MYSTICS,3.0,100.57045310583226,107.62107869971078,-7.050625593878522,80.96000000000001,46.09756940750984,101.80817654925833,101.15299607073823,0.6551804785201071,79.272,47.95302603204688,7,0.0
401620226,2024-05-17,LYNX,3.0,95.11652092289957,105.72482168893521,-10.60830076603564,78.648,47.325944939496104,97.5755348343308,106.98853503481034,-9.413000200479553,80.46000000000001,48.78594069304522,STORM,3.0,94.3337280956561,110.46423913794008,-16.130511042283977,83.65599999999999,46.738803406533115,97.42248314293514,106.42691804117962,-9.004434898244485,82.6,50.63825343468315,9,0.0
401620230,2024-05-18,MERCURY,4.0,95.6839876571519,115.7276335934994,-20.043645936347488,81.312,49.409553916403226,96.50949616319785,116.12918076020347,-19.619684597005616,77.59200000000001,48.485597430832435,DREAM,3.0,95.85276501268616,104.73950220260835,-8.886737189922195,84.792,46.236006780999816,98.62293036345616,101.04592207940415,-2.4229917159479952,83.592,49.81516327280604,3,1.0
401620229,2024-05-18,WINGS,3.0,99.77902050447442,97.498464933246,2.2805555712284304,83.36,51.816628564977485,104.37369141604685,99.67220242816742,4.701488987879441,85.032,53.96250406755295,SKY,3.0,95.71432194966111,106.6235033160295,-10.909181366368381,83.464,48.48902211977235,97.86474697949758,102.20154883651597,-4.336801857018384,83.51599999999999,47.99982596605771,-9,0.0
401620227,2024-05-18,LIBERTY,2.0,102.943503832195,97.03184923618043,5.911654596014569,81.34400000000001,52.015057406361755,103.536838514484,102.03684144869592,1.4999970657880808,79.784,51.73620517376911,FEVER,2.0,88.42024553512678,110.6519352686292,-22.2316897335024,79.424,46.44232276344345,98.76184402163767,107.56297226556565,-8.801128243927973,81.296,47.200803675702254,11,0.0
401620228,2024-05-18,ACES,4.0,107.44866744784424,97.15409286490315,10.29457458294111,81.06400000000001,51.016869000564654,107.10550716628511,92.86987213883647,14.235635027448648,80.88,51.512138357914864,SPARKS,3.0,101.49441316884258,107.06794422725154,-5.573531058408958,80.55199999999999,48.54965414147739,99.76207395120859,101.0785936282836,-1.3165196770750156,79.252,47.11814126625663,7,1.0
401620231,2024-05-19,MYSTICS,2.0,100.62004732567057,108.13971439714575,-7.5196670714752,81.336,47.8208649882338,101.65420521265227,103.87428022914814,-2.220075016495869,79.296,47.928597873041774,STORM,2.0,93.24952448915214,104.77744356763908,-11.527919078486955,88.312,46.738803406533115,95.60333916003563,107.14713175353783,-11.543792593502223,84.88399999999999,50.381843178272895,-9,0.0
401620232,2024-05-20,FEVER,2.0,89.78154863108833,107.91234212402685,-18.130793492938544,80.616,47.35141367253436,97.0319065317732,108.39638501134716,-11.364478479573966,82.416,47.89078036567894,SUN,3.0,103.24458884081506,101.88096311254175,1.3636257282732998,80.944,47.66868247229088,106.75980489845901,100.20177136261911,6.558033535839885,79.10799999999999,49.638485038391714,-4,-1.0
401620233,2024-05-20,LIBERTY,2.0,105.02643762070257,89.41032742832638,15.61611019237617,82.61600000000001,52.37869376999812,105.86892853300876,101.08286142504262,4.786067107966143,80.76,51.96930540686934,STORM,1.0,94.67133408490714,101.22218969652889,-6.5508556116217616,90.50399999999999,49.72802397038055,95.28522021121128,102.88027600130995,-7.5950557900986855,85.66,51.090907505758274,11,1.0
401620234,2024-05-21,DREAM,3.0,96.05963263510517,106.9154386911393,-10.85580605603412,85.616,43.633047251671954,98.76158002210545,100.90152845076231,-2.1399484286568593,84.176,49.28447916817827,WINGS,3.0,92.85424330475936,98.95736198788369,-6.103118683124327,83.952,49.688668154938604,103.57693520158686,98.47383855085634,5.10309665073053,84.708,53.96555284804076,5,0.0
401620235,2024-05-21,ACES,3.0,104.73711672500447,96.92737899943896,7.809737725565529,81.24800000000002,50.853407462103114,107.53221593457208,95.79743537595455,11.734780558617546,80.736,51.986810027708486,MERCURY,3.0,98.27421799593424,114.39003748109425,-16.11581948516002,82.192,50.626599781336424,97.5081045029045,115.49509786578115,-17.98699336287665,78.28800000000001,48.29924856842723,-10,0.0
401620236,2024-05-21,SPARKS,3.0,101.86578623679148,111.11886450114812,-9.253078264356642,82.35999999999999,48.08811567993893,96.29741118748734,102.54390498643247,-6.24649379894512,80.876,46.71495824238395,MYSTICS,2.0,95.0006492721773,105.24301617808256,-10.242366905905268,82.688,46.464655837907,99.95167220676011,104.70373569074737,-4.752063483987243,79.848,47.1078908023347,2,1.0
401620237,2024-05-22,STORM,2.0,89.68821587251564,95.57514628811687,-5.886930415601228,88.88799999999999,51.442309684666256,92.7283252063463,101.23692333441583,-8.508598128069547,85.376,51.25108066593144,FEVER,2.0,95.80629345797584,110.54005531704665,-14.733761859070805,80.952,49.34869628123001,96.86970612546486,109.2237783358341,-12.354072210369244,81.98,47.805141366996466,2,0.0
401620240,2024-05-23,MERCURY,2.0,101.64539067637159,109.49700174360994,-7.851611067238349,83.55199999999999,50.29326644800308,100.23867690022003,112.91190208395562,-12.673225183735594,79.744,48.47166236153068,MYSTICS,2.0,92.05691504510938,98.7678664095077,-6.710951364398329,83.6,46.39498370675946,99.02016070279669,102.87911353182835,-3.858952829031672,79.88399999999999,46.412340451046646,3,0.0
401620239,2024-05-23,LIBERTY,3.0,100.98713375355807,86.24860692769786,14.738526825860196,83.168,52.519480519480524,104.09529402590988,98.85134892469654,5.243945101213335,81.136,51.67098607913825,SKY,5.0,93.72814471958687,103.71090864930079,-9.982763929713931,83.39199999999998,48.57419440006658,97.47272555145341,99.97174571721702,-2.499020165763599,83.456,48.196404051241544,-9,-2.0
401620238,2024-05-23,SUN,3.0,105.6762946750637,101.54121441029837,4.135080264765321,81.2,48.116252804771705,107.77177803042768,99.51096335636505,8.260814674062631,77.992,49.55622886917902,LYNX,6.0,96.28929734845836,101.48772092900879,-5.19842358055042,83.952,48.402868016419184,97.84898585544536,102.15673200699158,-4.307746151546212,82.952,49.25469069304522,1,-3.0
401620241,2024-05-24,SPARKS,3.0,98.76137535290339,103.74662397748935,-4.985248624585955,83.63199999999999,50.13585798652507,94.12976425080949,100.78188478231479,-6.652120531505311,81.288,47.30336573652915,FEVER,2.0,96.23687435791949,115.08283160809962,-18.845957250180142,79.864,48.148316414183476,97.36502444082224,110.34287735778614,-12.977852916963906,81.6,48.18458944252298,-5,1.0
401620242,2024-05-25,LYNX,2.0,99.78592660338998,97.62104749933332,2.1648791040566637,85.704,49.4672937867273,97.59862268929183,100.55516016805409,-2.956537478762253,84.224,49.341270779625304,LIBERTY,2.0,103.3405295403019,90.5039110826976,12.83661845760432,83.672,51.978651485500805,102.27265365911676,99.47632061172074,2.79633304739603,81.50800000000001,51.08089124246807,17,0.0
401620243,2024-05-25,SKY,2.0,92.85281935193375,103.10256848777144,-10.2497491358377,81.91999999999999,48.714883033905906,98.14459202683177,100.11728872228437,-1.9726966954525764,82.924,49.116169217582055,SUN,2.0,103.19504926439939,95.97276211337305,7.222287151026331,83.67999999999999,48.409293097812,105.72037049483507,101.13155495597445,4.588815538860605,78.988,49.024015984024956,-4,0.0
401620244,2024-05-25,ACES,4.0,98.55687457213693,100.1921816116577,-1.6353070395207623,82.872,50.18674079543645,106.21110291587843,98.37693794657898,7.8341649692994455,81.384,51.08937413027259,FEVER,1.0,97.48953184758645,109.81585534636115,-12.326323498774695,80.288,48.04538280636052,94.61050959273086,105.74197337147375,-11.131463778742887,81.636,48.42945884550805,19,3.0
401620245,2024-05-25,STORM,3.0,90.72947181047917,95.6463783803454,-4.916906569866231,87.312,52.2699918269024,93.46453640368556,101.12721343049863,-7.66267702681308,84.8,50.59852334670745,MYSTICS,2.0,92.4013601573208,98.73137771364433,-6.3300175563235515,82.2,47.06044482791678,99.90325761641807,103.04945550885279,-3.146197892434722,80.88000000000001,46.555197593903785,32,1.0
401620246,2024-05-25,MERCURY,2.0,104.55932791598059,106.7383634264706,-2.1790355104899986,83.08000000000001,50.41851106639839,100.47764786643637,112.38962297306384,-11.911975106627457,80.46000000000001,48.64130521867354,WINGS,4.0,91.4110599620997,95.27646492029785,-3.865404958198141,84.12800000000001,50.62474616143915,101.896758001894,97.28431012802088,4.612447873873113,84.596,53.53281147224978,-15,-2.0
401620247,2024-05-26,DREAM,5.0,98.6103996176264,104.24734037328301,-5.636940755656613,84.664,45.828686842642426,99.27874009698436,100.43256641119585,-1.1538263142114702,84.05600000000001,48.913725232801305,LYNX,1.0,98.77232365907409,94.16196022587117,4.61036343320294,86.752,49.4672937867273,98.14690770678881,99.59105309518318,-1.4441453883943693,83.12800000000001,49.462728269503856,-13,4.0
401620248,2024-05-26,SPARKS,2.0,94.2494835802032,98.70168722612763,-4.452203645924422,84.136,51.65504775198349,94.56625311834112,99.98081110921268,-5.414557990871565,81.452,48.46474633354408,WINGS,1.0,94.85041402575347,93.58160982198503,1.268804203768454,85.63199999999999,52.561655946450195,101.43968203106765,96.90795159965268,4.531730431414966,84.99600000000001,53.56455750399582,-1,1.0
401620251,2024-05-28,SKY,3.0,99.6839754215438,103.94855348868603,-4.264578067142224,81.152,45.34572222365373,99.07353492233383,101.70511695244836,-2.6315820301145196,82.82000000000001,47.800491251480366,STORM,3.0,100.26259764625155,94.08700652993811,6.175591116313441,85.664,52.78218694885362,97.29816287095383,102.2756228339391,-4.977459962985269,84.66,49.76049517769337,-9,0.0
401620249,2024-05-28,SUN,3.0,106.56454147078117,97.53156422515167,9.032977245629493,81.624,52.490649030015376,107.34931925397953,101.27044899999753,6.078870253981999,78.896,50.849309334742046,MERCURY,3.0,102.3467527112405,103.87104320523292,-1.5242904939924131,86.248,48.355019002906324,100.5557075532917,111.75986820361697,-11.20416065032527,82.024,48.427741005109326,23,0.0
401620250,2024-05-28,FEVER,3.0,99.626721798525,107.0893276992311,-7.462605900706111,81.49600000000001,50.166594927572646,94.02348366682588,108.87063148393015,-14.847147817104258,80.46000000000001,48.30445884550805,SPARKS,2.0,92.92019674247932,98.08017767119047,-5.159980928711155,83.672,50.08662486900662,95.07727955473091,100.48583687934668,-5.4085573246157725,81.848,47.907647568111976,-6,1.0
401620252,2024-05-29,LIBERTY,4.0,100.12254119985255,92.75007170819256,7.372469491659976,82.632,50.92370643055575,99.83594081276917,99.55566569988194,0.28027511288721596,81.44800000000001,50.09627585785269,MERCURY,1.0,95.26235649593245,100.38045558873196,-5.118099092799511,85.304,48.97230295352361,95.47317207654217,108.05404459111568,-12.5808725145735,83.308,49.19092843496342,3,3.0
401620253,2024-05-29,MYSTICS,4.0,91.09958330569889,104.39340520319811,-13.293821897499217,80.952,46.34615911363107,95.83501820576558,106.00724195145445,-10.17222374568887,80.95599999999999,46.221864260570456,DREAM,3.0,101.79013287770783,108.28048685704884,-6.490353979341009,81.4,47.56636436979365,98.0266211264188,103.21304925778074,-5.186428131361934,83.576,48.17490849398457,-6,1.0
401620254,2024-05-29,LYNX,3.0,101.90155991211044,89.77389020254381,12.127669709566629,87.704,50.598886208642305,99.79912163378198,101.11111965976828,-1.3119980259863027,82.47200000000001,49.12695293372851,ACES,4.0,104.65645141531516,98.2993836895412,6.357067725773939,83.03200000000001,50.33166833166833,106.13347307503932,97.7423334201198,8.391139654919504,81.60400000000001,50.55091259181105,-14,-1.0
401620255,2024-05-30,FEVER,2.0,100.89402744282745,107.27493548867275,-6.380908045845317,80.768,49.51873703833545,95.33778803695789,107.5936388063498,-12.25585076939193,80.69200000000001,48.435075355434904,STORM,2.0,101.02641853178622,91.00396079370634,10.02245773807987,81.296,52.0575492676942,97.13797151046917,97.89070218067272,-0.7527306702035418,84.804,49.39817633711366,-15,0.0
401620256,2024-05-30,SKY,2.0,98.53704152575926,99.44999687583451,-0.9129553500752621,81.776,47.86523169968495,99.03254357081424,100.71669272484584,-1.6841491540316056,82.74,48.79661290896148,SPARKS,2.0,95.11751407595065,96.2252860212711,-1.1077719453204593,83.24,50.286524918981634,98.30596362239662,101.64661512426133,-3.3406515018647083,81.896,49.41808953022951,10,0.0
401620260,2024-05-31,LYNX,2.0,100.29575153555587,94.70831475592436,5.587436779631512,85.39200000000001,50.43734043734044,97.70613622922772,100.21656822242977,-2.5104319932020642,82.02000000000001,48.881642688418275,MERCURY,2.0,95.17816240844363,101.793873145956,-6.615710737512382,83.432,47.58314609456162,96.72619020218892,108.09195531352512,-11.3657651113362,82.812,49.104872937949025,24,0.0
401620259,2024-05-31,LIBERTY,2.0,97.21721822001606,97.52336414364939,-0.3061459236333263,80.992,49.48742581619293,100.08036102610554,97.2776066899149,2.8027543361906213,81.168,50.751241611277344,MYSTICS,2.0,88.41489348455183,101.44222812961956,-13.02733464506772,81.136,45.77532905340588,94.5174704051112,104.79097126338266,-10.27350085827146,81.236,46.79809702081984,11,0.0
401620257,2024-05-31,DREAM,2.0,102.30262587584828,101.13875595092364,1.16386992492464,80.66400000000002,50.196690997524556,97.73460963858442,101.5605716171516,-3.82596197856718,82.52000000000001,48.811200717079615,ACES,2.0,106.61311280337199,97.05974805614929,9.553364747222702,83.49600000000001,51.11088911088912,104.61554552452182,95.37441819094288,9.241127333578943,81.72,50.93887905572688,4,0.0
401620258,2024-05-31,SUN,3.0,101.54352293312009,91.9630300097289,9.580492923391187,81.408,51.52853749319121,103.3189071237827,96.54499299987772,6.773914123904976,79.97200000000001,49.895506069110816,WINGS,5.0,102.20068625805837,99.9529456851539,2.2477405729044593,84.224,53.1758534773144,101.49646654258252,98.80810938294067,2.6883571596418676,84.03999999999999,52.96925900915394,2,-2.0
401620261,2024-06-01,FEVER,2.0,100.8394532396108,109.83254814752794,-8.993094907917131,81.56,49.67218972375744,98.32287334879332,110.1863017322873,-11.863428383493968,81.256,49.51044300249373,SKY,2.0,99.23087610486512,95.78127447273134,3.4496016321337692,82.008,48.79226073914883,97.47259902726312,101.20238889438042,-3.7297898671173058,82.736,48.64064142946059,1,0.0
401620262,2024-06-02,DREAM,2.0,98.76732481963559,99.32901277859105,-0.5616879589554629,80.744,50.89717408931199,97.31004491616088,102.03425749059971,-4.724212574438829,82.768,48.5665904351559,SUN,2.0,101.59678446039712,93.17637701901177,8.420407441385354,79.432,51.00827131049307,102.42068665060609,97.52867006577677,4.892016584829326,80.18799999999999,49.338476891391984,-19,0.0
401620263,2024-06-02,LIBERTY,2.0,97.59674464753175,97.82775936475826,-0.23101471722650047,80.512,50.41545611922324,101.31159113411715,93.61904339654231,7.692547737574834,81.564,51.39707494461068,FEVER,1.0,97.73134882940471,105.95481788336603,-8.223469053961335,81.58399999999999,48.47985704019669,96.98411159366209,110.51882474573283,-13.534713152070742,80.724,48.31408672719009,36,1.0
401620264,2024-06-02,LYNX,2.0,106.80922165870697,96.44199232853418,10.367229330172785,78.848,50.43734043734044,101.54925950358265,98.96485662877149,2.5844028748111825,81.4,49.420104226879815,WINGS,2.0,102.41227786662566,102.5816802705024,-0.16940240387673383,81.096,52.88776967111623,101.09564918555006,100.0400726018742,1.0555765836758482,82.228,52.35219911804686,11,0.0
401620265,2024-06-02,MERCURY,2.0,90.74702819928154,106.04590127357108,-15.29887307428952,81.672,47.58314609456162,96.19620943782657,107.7714515085905,-11.575242070763935,82.612,48.938206271282354,SPARKS,3.0,93.610624270921,95.48954263480013,-1.8789183638791485,82.672,50.45394573346127,97.73820525385624,103.30420356797413,-5.565998314117896,82.51599999999999,49.2710307067001,19,-1.0
401620266,2024-06-04,SUN,2.0,96.9622343579813,84.77264975913837,12.189584598842934,79.33599999999998,52.98151545765027,101.31926451652251,93.15693208471836,8.162332431804128,80.268,50.54888413121098,MYSTICS,4.0,89.7324811303323,103.29472351649308,-13.562242386160781,80.848,47.094773497850326,92.3665652012548,104.26886984728783,-11.902304646033025,81.768,46.779714667878665,17,-2.0
401620267,2024-06-04,SKY,3.0,97.623969659249,96.49835099625949,1.1256186629895126,80.632,49.864147773808654,95.67605718941793,100.10462982278014,-4.42857263336221,82.012,49.219171086937614,LIBERTY,2.0,104.47825159338049,98.66420255096338,5.814049042417108,80.91199999999999,51.77153287828507,102.73269267346927,92.45640473933062,10.276287934138653,82.03999999999999,52.1455066988828,-13,1.0
401620268,2024-06-04,STORM,5.0,106.13984274122197,94.62743501655264,11.512407724669336,80.776,49.524869529132104,100.40558841306456,97.92481235654077,2.480776056523787,85.64000000000001,49.626446749756326,MERCURY,2.0,91.9118326950265,103.29197318274642,-11.380140487719896,81.52000000000001,48.345050856466386,98.23558030550355,105.01516830460851,-6.7795879991049475,82.3,49.38178096143238,18,3.0
401620269,2024-06-05,WINGS,3.0,102.85837801219517,103.48057412338244,-0.6221961111872588,81.104,54.279213093747174,97.85631065847728,101.21896805563306,-3.362657397155793,82.528,51.98394062434289,ACES,5.0,102.86205813207194,96.36473754518786,6.497320586884058,83.704,50.555333555333554,105.15536278995808,96.7594152050455,8.395947584912584,82.384,50.7861012779491,-14,-2.0
401620270,2024-06-05,SPARKS,3.0,93.54369620596289,100.75349808343915,-7.209801877476283,82.272,49.158083126123245,96.15253577943314,102.25006103046425,-6.0975252510311195,82.952,49.646970556324156,LYNX,3.0,108.97372193321246,95.74334040694124,13.230381526271206,77.98400000000001,48.8136089775434,104.37982426830122,96.68219395313727,7.697630315163934,81.84400000000001,49.14045138213535,-24,0.0
401620271,2024-06-06,MYSTICS,2.0,88.51496298681654,106.1894139186284,-17.674450931811855,79.8,48.79679857017434,90.28593901596295,102.47864016406807,-12.19270114810509,81.7,47.5958911384669,SKY,2.0,93.40845349774062,97.56681529340669,-4.1583617956660675,81.136,49.45318886969906,93.13063642483719,100.33469189058907,-7.204055465751884,81.528,49.08403595180248,-8,0.0
401620272,2024-06-06,DREAM,4.0,91.609872880028,96.43789982200887,-4.828026941980883,79.224,50.06293790296313,93.83475275756658,101.67666925657409,-7.841916499007501,82.42,46.84799257731754,LIBERTY,2.0,106.28003480623576,95.19601632466637,11.084018481569382,80.808,52.18249178239466,104.81028217326885,92.84996370368198,11.96031846958685,82.24000000000001,52.08057163394774,-17,2.0
401620276,2024-06-07,MERCURY,3.0,86.7347952339394,99.1172045675874,-12.382409333648017,79.91999999999999,49.20854291995845,94.54077397258995,101.49412388641016,-6.953349913820214,83.084,48.78178096143238,LYNX,2.0,108.55947804655202,93.78528151971882,14.774196526833197,78.66400000000002,47.18018067744843,103.66590085281305,93.973620872795,9.692279980018068,82.708,48.323737232087865,1,1.0
401620275,2024-06-07,SPARKS,2.0,90.78002892530063,102.50821837493208,-11.728189449631454,82.40799999999999,49.574519462957596,92.51475625275192,100.60495280052984,-8.09019654777794,83.27199999999999,50.61478360747054,WINGS,2.0,103.381087299955,106.16734007997357,-2.7862527800185717,81.28,55.37896227375876,97.39607363102735,100.7219025001357,-3.3258288691083564,82.704,53.001854217598954,9,0.0
401620273,2024-06-07,MYSTICS,1.0,85.5132051346228,104.26384293094175,-18.75063779631895,80.752,47.98476849498637,88.9572826459718,101.49761032229306,-12.540327676321251,81.476,47.522606661451576,FEVER,5.0,95.40890095331133,113.76614698863455,-18.357246035323215,81.456,47.28582718945042,96.4492164004489,111.79100116749785,-15.341784767048955,80.872,47.665604997905476,-2,-4.0
401620274,2024-06-07,ACES,2.0,104.1121847346247,95.93970627730157,8.172478457323129,83.856,49.13489098420605,104.42465072981459,96.43354263837026,7.991108091444329,82.55199999999999,49.99414922315459,STORM,3.0,109.01241717640305,90.41176618130005,18.600650995102985,81.992,51.01058381484639,99.35031652445933,92.99345623470845,6.356860289750879,85.44,51.22644674975633,-13,-1.0
401620277,2024-06-08,SUN,4.0,98.65985567684871,82.15378753415781,16.50606814269089,76.46399999999998,52.57535299266427,100.92745247062405,89.06327482376544,11.86417764685861,80.07199999999999,50.49232304523814,LIBERTY,2.0,108.49303465458442,88.96635209058577,19.526682563998662,81.272,54.23377383367672,104.30778792721848,90.85821189938918,13.449576027829318,81.952,52.57874013211623,-7,2.0
401620278,2024-06-08,SKY,2.0,89.55513286656178,90.85217224588136,-1.2970393793195796,83.736,52.86086059137614,94.6195541440528,97.40036286728369,-2.7808087232309022,82.44399999999999,49.10329140751493,DREAM,2.0,86.98664417340666,97.49974236126205,-10.513098187855391,78.384,48.640041550489315,92.79852189551653,100.87354136727254,-8.075019471756002,81.524,47.23436419656587,-9,0.0
401620279,2024-06-09,LIBERTY,1.0,108.80862600607998,88.23715712508121,20.571468880998786,81.232,52.43773121571629,103.01292211304803,92.8802606343653,10.13266147868273,81.112,50.96257851595461,MYSTICS,2.0,87.7839513150935,98.86987855921434,-11.085927244120844,81.776,50.161239083221666,89.44176731039619,101.63164188120624,-12.18987457081003,81.364,48.25369909842637,5,-1.0
401620280,2024-06-09,WINGS,2.0,96.32923852198378,104.66533386749393,-8.33609534551016,80.376,53.17462513984416,95.58982627386862,99.12347184473948,-3.5336455708708527,83.00399999999999,52.86814054314717,MERCURY,2.0,94.85921907658937,101.29595084919374,-6.436731772604387,80.16799999999999,48.99125896934116,95.0607877862609,100.83820321896286,-5.7774154327019485,82.736,48.981780961432385,-7,0.0
401620281,2024-06-09,LYNX,2.0,104.01489778284312,92.85349981184223,11.161397971000927,79.808,46.93891083617859,102.95822884747679,91.313695007193,11.644533840283778,83.756,48.76889852241045,STORM,2.0,105.20885952403819,84.15101014308273,21.057849380955453,83.784,51.77320297409002,97.96916566725868,89.89869426171407,8.070471405544613,85.548,52.021597400496205,19,0.0
401620282,2024-06-09,SPARKS,2.0,90.45028430866655,99.7590279014565,-9.308743592789956,82.28,50.57956206424433,91.68524052557294,98.91960278632351,-7.234362260750555,82.976,50.33309346662547,ACES,2.0,98.84212450016922,91.37083030080488,7.471294199364337,83.808,48.24881503483896,98.69949953615308,95.78150595623129,2.917993579921787,83.34,49.21777791513771,4,0.0
401620283,2024-06-10,SUN,2.0,93.81359191588635,80.1393856874554,13.674206228430956,77.912,50.805108171572,100.18906669333377,88.83547495630354,11.353591737030225,79.768,51.647878600793696,FEVER,3.0,97.21887922371852,110.42282952201784,-13.203950298299322,81.00800000000001,46.109356601215126,98.42280051112175,108.75607861062447,-10.333278099502717,81.252,48.137975764393886,17,-1.0
401620284,2024-06-11,DREAM,3.0,87.89803329253272,92.65856830788688,-4.760535015354165,79.576,48.814644725092485,94.84408308512027,100.46952758246786,-5.625444497347587,80.488,48.19050454744307,MYSTICS,2.0,93.18033284997303,104.03188061959061,-10.851547769617573,81.61600000000001,48.00428193348647,90.79761316726243,102.73705437460508,-11.939441207342647,81.376,46.88980549344617,-19,1.0
401620285,2024-06-11,ACES,2.0,97.80380661825147,95.90829142077023,1.8955151974812339,83.336,46.04542520433049,101.23012901678331,97.10383755515572,4.126291461627586,83.184,48.188546767999405,LYNX,2.0,107.90964986561396,88.33512303609014,19.57452682952382,80.176,47.87397577124353,104.1027007005849,91.52171889600726,12.580981804577664,82.784,49.15565810429199,-14,0.0
401620286,2024-06-11,STORM,2.0,95.6695164253214,87.48782838859434,8.181688036727087,83.94399999999999,50.487488688375734,97.96605703578648,90.78741745926622,7.178639576520264,84.804,51.63483781861468,SPARKS,2.0,92.13266793953858,101.93683168440299,-9.804163744864422,82.464,52.4381243085459,93.6250910077446,99.08105885283706,-5.455967845092441,82.85199999999999,51.36232461376377,16,0.0
401620287,2024-06-12,SKY,4.0,92.5693799821418,93.87911984088095,-1.3097398587391609,83.64,51.80288957688339,95.55321075395052,96.66455835835774,-1.1113476044072115,82.708,49.834060638284164,SUN,2.0,101.12778220838314,88.37901444183568,12.748767766547452,76.03999999999999,53.66119809233853,101.33565257075162,90.1710222257823,11.16463034496932,78.724,52.594867792764866,-8,2.0
401620288,2024-06-13,FEVER,3.0,97.0603198343899,113.40804943031466,-16.34772959592477,79.08,44.21537821727277,98.97717363860866,110.34149245949372,-11.364318820885043,79.924,46.8670576278041,DREAM,2.0,88.51108510009269,99.78531160581569,-11.274226505723007,77.912,47.211233211233214,95.40685548797047,100.46203377836966,-5.0551782903991835,79.288,48.703962104378874,7,1.0
401620289,2024-06-13,WINGS,4.0,93.10446685094439,103.15770203827167,-10.053235187327264,84.296,53.38735068590304,97.65257655450138,101.55532386171278,-3.902747307211402,84.26,53.28160208160872,STORM,2.0,100.23235784229584,90.33642836918825,9.895929473107582,83.744,52.75058790799669,100.62938818704103,90.6701945814473,9.959193605593727,82.52000000000001,52.40406858784545,-8,2.0
401620290,2024-06-13,MERCURY,4.0,93.78196011846498,98.01728115076246,-4.235321032297483,84.896,48.599267399267404,94.4800612634543,99.90557714835923,-5.425515884904932,84.164,48.09120674691451,ACES,2.0,99.20950454836309,104.20207865712018,-4.992574108757094,83.392,46.50718566609095,102.91130867586753,100.63091335663474,2.2803953192328037,83.444,48.809037388490026,-4,2.0
401620292,2024-06-14,LYNX,3.0,107.49432234225874,90.85893221145429,16.63539013080443,81.21600000000001,46.76286466013242,107.15177200048285,93.65046226999424,13.50130973048861,80.03200000000001,48.60010254873643,SPARKS,3.0,94.31462442560697,105.7032082139303,-11.388583788323345,81.824,51.19378041714319,93.96262434826397,100.59637542436522,-6.633751076101246,82.248,50.823863075302235,5,0.0
401620291,2024-06-14,MYSTICS,3.0,96.53983091389802,99.65400814741841,-3.114177233520391,80.648,49.48642479062932,93.13615602211516,101.47436583195574,-8.338209809840587,80.748,48.29059914423983,SKY,2.0,92.95944867611851,98.85157942033979,-5.8921307442212765,81.752,51.684210526315795,96.09516239049181,97.31642694653556,-1.2212645560437536,81.88000000000001,50.23823563273231,2,1.0
401620293,2024-06-15,WINGS,2.0,93.12256055329422,104.55036882519748,-11.427808271903256,86.64,53.412893470066514,97.76741920995994,103.56602454784993,-5.798605337889995,83.86800000000001,53.15033157059137,SUN,3.0,101.11316766488024,86.9313395182767,14.181828146603522,77.792,53.83058708205421,101.35497606263868,90.05385826864423,11.30111779399444,78.612,52.41942919627364,-18,-1.0
401620294,2024-06-15,ACES,2.0,107.08203851845803,110.16660193871662,-3.0845634202585983,82.632,49.39607455497984,104.97204832526498,103.26566974195225,1.7063785833127298,83.168,49.9757040551567,LIBERTY,6.0,109.76579256584255,90.63397887766169,19.13181368818085,81.064,54.7159570221679,103.68126860668715,94.23086912120998,9.450399485477174,80.788,52.56570657069557,-8,-4.0
401620295,2024-06-16,MERCURY,3.0,98.20890239907517,97.05635819201592,1.152544207059239,86.832,46.26593406593407,94.47796529917835,101.5511297327935,-7.0731644336151405,84.25200000000001,46.92454008024784,STORM,3.0,98.9992341884168,90.6467206587611,8.352513529655713,82.744,52.96845283174397,102.5695384648194,92.63707783765686,9.932460627162524,81.76,51.24666118043804,9,0.0
401620296,2024-06-16,FEVER,3.0,97.60644405867296,108.64626405794732,-11.039819999274366,79.216,44.08868138469359,99.22294864914188,109.23940610273762,-10.016457453595748,80.388,46.880435554225514,SKY,2.0,95.1980287195766,101.3277140915964,-6.129685372019807,82.168,50.0827067669173,96.4109991894128,98.91303254392794,-2.5020333545151474,81.4,49.973427270362976,8,1.0
401620297,2024-06-16,DREAM,3.0,90.93622661051921,104.98104139279603,-14.044814782276822,77.184,46.1941391941392,94.8517757150774,102.15502708569355,-7.303251370616143,78.964,48.54565664172559,SPARKS,2.0,94.91102468976817,102.6425817779133,-7.731557088145118,83.088,52.63771282881753,94.22736044786552,101.69803993067623,-7.4706794828107,82.67999999999999,50.89789797747039,13,1.0
401620298,2024-06-17,LYNX,3.0,106.67077919293214,91.43496239240405,15.235816800528099,80.704,46.942663708255104,107.82225056307229,93.58915139967264,14.233099163399652,79.344,47.87813634289925,WINGS,2.0,93.61543216936549,107.31220326837266,-13.69677109900716,84.12,50.9220689043704,98.23690509078034,105.39638869587755,-7.1594836050972095,82.612,52.6006409990588,12,1.0
401620300,2024-06-18,MERCURY,2.0,98.06426931942366,99.37167493014812,-1.307405610724453,86.944,45.92672989111345,94.9880510072251,101.33182405644726,-6.343773049222174,84.232,47.13589037378992,LIBERTY,3.0,106.82667532739575,94.49781712968483,12.32885819771092,80.71199999999999,53.95651891856826,105.65246346038812,96.58100984032411,9.071453620064014,80.812,52.86402589842667,6,-1.0
401620299,2024-06-18,SUN,3.0,105.9726379915138,91.86265755603065,14.109980435483148,77.184,53.635409125682216,101.46743617474755,88.31765365758451,13.149782517163041,78.26,53.30846229166624,SPARKS,2.0,98.653566087219,103.91864334949442,-5.265077262275398,82.288,51.069289945840666,94.71679750625982,103.21343086221324,-8.496633355953426,82.348,50.32190470439913,9,1.0
401620301,2024-06-19,FEVER,3.0,102.9370172486739,112.16486375253294,-9.22784650385903,79.08,46.26161371552065,100.33418303903929,109.05984081794948,-8.725657778910183,80.33200000000001,47.37073537785867,MYSTICS,5.0,100.00910191749396,98.03378912159297,1.9753127959009902,82.952,48.88978613516714,94.26203245215525,102.11160152011068,-7.849569067955431,81.376,48.84329235267074,7,-2.0
401620302,2024-06-19,LYNX,2.0,108.95766410908486,96.51005205747907,12.447612051605784,79.80799999999999,46.83911930363543,108.75857107781844,95.14766678859894,13.61090428921949,79.236,47.00964999054193,DREAM,3.0,99.72995364892282,105.52021149330558,-5.790257844382774,77.816,48.43682608471341,95.6699132644754,100.97905565765723,-5.309142393181828,78.52000000000001,49.249881993838265,13,-1.0
401620303,2024-06-19,ACES,4.0,104.17427929933835,112.59551944477298,-8.421240145434624,82.44,49.47262572339241,104.14323201698153,104.26761286103729,-0.12438084405574727,83.148,49.30375835379923,STORM,3.0,98.74687177042888,96.83028442681949,1.9165873436093903,82.544,51.63146653037411,103.87964447341596,93.62102530405977,10.258619169356187,82.268,51.32102517261025,11,1.0
401620304,2024-06-20,SKY,4.0,98.1172377398662,103.15943963481736,-5.042201894951171,81.336,49.225563909774436,95.76284561880341,100.36312746411201,-4.600281845308619,81.236,49.339376389736756,WINGS,3.0,93.44412899310103,106.74239734451126,-13.298268351410224,83.648,50.93090673026523,98.41260814652802,106.45486871224242,-8.042260565714397,82.464,53.15493450201198,11,1.0
401620305,2024-06-20,LIBERTY,2.0,107.03321412075952,99.2031323405065,7.830081780253039,81.488,54.83887185974472,106.65662446349765,97.19957433258644,9.45705013091121,81.148,53.510681821069696,SPARKS,2.0,97.00812107874194,106.76243669810799,-9.754315619366048,81.352,50.73976563013512,93.72920269370425,103.26073229978226,-9.531529606078001,81.816,50.65966384718972,13,0.0
401620306,2024-06-21,DREAM,2.0,98.289944154658,103.06467446015293,-4.774730305494924,77.67999999999999,49.8287674766548,92.63829416403235,100.28220841070748,-7.643914246675157,78.032,49.23440451357205,FEVER,2.0,109.23504975704695,107.71721306010556,1.5178366969413986,78.136,48.78575770147324,102.32197535517915,110.74168002437007,-8.419704669190908,79.796,48.03579244546184,-12,0.0
401620307,2024-06-21,ACES,2.0,111.70630942968464,114.47393637966039,-2.7676269499757664,81.816,49.86689839407097,105.27421696492692,102.92238334023264,2.3518336246942853,82.81199999999998,49.057856714454964,SUN,3.0,107.49669711225799,95.44112712206928,12.05556999018872,76.688,54.706441312141706,103.07827639455336,88.79745732811355,14.280819066439808,76.576,53.640897152402985,11,-1.0
401620310,2024-06-22,LYNX,3.0,106.96375112742241,90.96345153644447,16.000299590977942,78.944,47.129229193745324,105.48932445513279,91.90847567414333,13.580848780989436,79.376,47.034070014961955,MERCURY,4.0,106.47461871889331,102.18162397605877,4.2929947428345345,87.128,46.24437694993698,96.60470697641635,100.6494142718231,-4.044707295406741,83.524,47.72645993494771,13,-1.0
401620309,2024-06-22,LIBERTY,2.0,110.46179977140147,103.64456644669085,6.817233324710633,81.66400000000002,52.93182057769344,109.47741721299295,96.30545926863832,13.171957944354649,81.468,53.582797205685075,SPARKS,2.0,94.1588649008432,108.14816296848191,-13.98929806763871,80.536,49.16137579962664,93.14576642019088,105.04249732644246,-11.896730906251566,81.5,50.799750054086275,10,0.0
401620308,2024-06-22,MYSTICS,3.0,104.29543990596571,102.27536262101545,2.0200772849502697,81.11200000000001,48.53374898346435,94.90432252029426,103.2696027759786,-8.365280255684342,80.93199999999999,48.25925873922536,WINGS,2.0,94.51804955499334,108.45817218983807,-13.940122634844727,82.664,50.531211260147224,95.42364403848856,106.561753028666,-11.138108990177443,81.52,51.85291819999569,28,1.0
401620311,2024-06-23,DREAM,2.0,94.79364831405873,104.65861057020587,-9.864962256147146,78.536,48.7262033740907,91.34584080329572,98.65858943904638,-7.312748635750656,79.056,48.77042404959159,LIBERTY,1.0,113.90806102166957,106.38271715036414,7.525343871305418,82.112,55.47150311737598,111.35834351387477,97.30993713772268,14.048406376152101,81.672,53.95461716654613,-21,1.0
401620312,2024-06-23,MYSTICS,1.0,107.3448003076641,98.24316635132945,9.101633956334666,81.328,47.75727839522906,97.56437581137881,98.5565224552719,-0.9921466438930893,81.552,48.95925873922536,WINGS,1.0,92.02690513122799,111.0962573505063,-19.069352219278322,80.44000000000001,49.054288183224145,92.5656859910862,107.12697969438898,-14.561293703302795,82.36800000000001,51.22081943456359,8,0.0
401620313,2024-06-23,SKY,3.0,101.10237310873491,105.19192273702485,-4.08954962828993,79.56,49.239788660841285,95.32875298764836,98.0220474914531,-2.693294503804755,81.648,51.05032462610872,FEVER,2.0,110.93074963476559,106.87204417059365,4.058705464171927,78.008,50.73145905893931,104.07481442924204,108.64743684630575,-4.572622417063696,79.50800000000001,48.420407830077224,1,1.0
401620314,2024-06-23,STORM,4.0,100.17676294064489,103.77297974737544,-3.5962168067305553,82.28,51.23719385969554,102.69281123234153,93.96199494522908,8.73081628711245,83.03200000000001,51.50519841689278,SUN,2.0,107.59270335329282,96.58238086543189,11.010322487860915,76.39200000000001,51.76434428553764,100.70314763458957,88.36088327644363,12.342264358145936,77.152,51.284726228554824,11,2.0
401677672,2024-06-25,LIBERTY,2.0,114.69908647830698,103.24917767100271,11.449908807304269,82.07199999999999,52.31186705451411,112.23243952207477,96.94157827433222,15.290861247742559,81.568,53.513912038341005,LYNX,3.0,104.2830037470284,89.82500870188856,14.457995045139828,79.08,48.576848241364374,106.09632680632117,89.08006586898935,17.016260937331822,79.628,48.22541200630395,-5,-1.0
401620315,2024-06-27,WINGS,4.0,93.25216126561222,112.4382045453081,-19.186043279695873,79.50399999999999,50.56797578386827,93.18736090945322,108.49428668525279,-15.306925775799561,83.072,51.990434626967385,LYNX,2.0,102.28356084276875,90.11633058391969,12.16723025884905,79.416,47.04090052894607,104.88894159251372,90.487631397687,14.401310194826744,80.316,46.901882594539245,6,2.0
401620316,2024-06-27,MYSTICS,4.0,108.7362808606501,96.36163715713306,12.374643703517048,81.05600000000001,48.77644623066618,100.95830685531158,100.19675888836183,0.7615479669497376,81.336,48.39036408207632,SUN,4.0,99.34665253888349,95.83497630455767,3.5116762343258188,76.976,49.93649721949797,100.23721737363331,92.10699537319667,8.130222000436635,76.50800000000001,51.79884765591826,-3,0.0
401620317,2024-06-27,SKY,4.0,102.57956548064678,104.24253045914978,-1.6629649785029899,79.928,51.63661405766669,97.57447273139428,99.06082515001536,-1.4863524186210753,81.784,51.719751817275025,ACES,6.0,110.9097587285758,109.83163992373156,1.078118804844229,81.128,53.9012741400724,104.35678267341363,102.8699656722509,1.4868170011627313,82.232,49.973349672201444,-12,-2.0
401620318,2024-06-27,STORM,4.0,102.81215503728217,98.78602905442571,4.026125982856465,81.744,51.11194924130024,99.2408357313018,93.13692872151003,6.103907009791776,82.844,50.799718964837986,FEVER,4.0,112.4890204238056,104.09846447393701,8.39055594986857,79.768,50.906772965596495,104.77467012909774,108.75325695212584,-3.9785868230281,79.424,47.56107559143463,12,0.0
401620319,2024-06-28,SUN,1.0,100.45874725547587,98.24401484917438,2.2147324063014935,78.176,49.948001389759696,100.78595746017805,92.58767718372555,8.198280276452508,77.984,51.889294235906945,DREAM,5.0,94.63519394737918,104.46646703744975,-9.831273090070571,80.224,49.83975648764381,91.57313952373593,102.12588932163273,-10.552749797896789,79.068,48.525494849438516,-4,-4.0
401620320,2024-06-28,MERCURY,6.0,100.77052265299275,99.7704490229631,1.000073630029655,87.8,44.11104361660365,97.81487086479106,100.53319993607843,-2.7183290712873656,83.98400000000001,46.551151292972406,SPARKS,6.0,96.15715584263963,108.63005495054071,-12.472899107901076,80.712,49.27126590951674,95.23589013412331,107.16663158223551,-11.930741448112212,81.268,50.232523163329965,14,0.0
401620321,2024-06-29,MYSTICS,2.0,105.23768733041102,98.51461779112635,6.723069539284657,84.60799999999999,48.08323779975283,100.88875912215451,99.08431296927237,1.804446152882133,82.628,48.784831295191076,ACES,2.0,113.28150838218957,105.79791657798077,7.4835918042087854,81.01599999999999,52.37920412485171,106.24550646527632,104.99999761755048,1.2455088477258456,82.204,49.44319489547133,-11,0.0
401620322,2024-06-29,STORM,2.0,102.01579954745223,98.86670754978256,3.14909199766966,81.256,47.1791215056556,101.12407869487404,94.60156795948541,6.522510735388622,82.5,49.964854706826145,WINGS,2.0,99.30333544041069,112.20673447460254,-12.903399034191859,80.2,52.052104436380354,96.45938380488808,109.7594688714876,-13.300085066599507,82.16,51.487086670375376,21,0.0
401620325,2024-06-30,MERCURY,2.0,103.92800867001056,100.88527622474683,3.0427324452637237,84.152,47.76861185481705,98.85498439423776,99.45127868775464,-0.5962942935168798,84.524,48.18393962704222,FEVER,3.0,110.16943831096361,106.49939916520582,3.670039145757798,78.88000000000001,52.839600701241125,103.8879411848183,107.57283161157656,-3.684890426758284,79.048,48.464141042967356,-6,-1.0
401620324,2024-06-30,SKY,3.0,102.90771353236941,105.39077744344206,-2.483063911072631,81.23999999999998,51.87213436528505,97.93358110424397,102.12117843189091,-4.187597327646953,81.496,51.77817244580042,LYNX,3.0,104.49723946583943,95.0817147698742,9.415524695965217,79.064,47.867797394007404,105.58400932938578,93.25833858113911,12.325670748246658,79.884,47.405230551131254,-8,0.0
401620323,2024-06-30,LIBERTY,5.0,113.93884648111808,105.70864129856393,8.230205182554144,82.448,54.076572936867045,110.38276090425691,100.10322921412438,10.279531690132533,81.58,54.01654592771765,DREAM,2.0,93.47410555321491,100.46996713000027,-6.995861576785361,79.936,51.33577770780296,92.20516608186706,102.72550426139814,-10.520338179531091,78.56,48.76495845097108,6,3.0
401620326,2024-07-01,MERCURY,1.0,100.19168032051144,97.63347912662924,2.558201193882192,83.944,48.10194518815038,99.2002913597933,97.34491865932259,1.8553727004707157,85.388,47.18393962704222,SUN,3.0,96.24114014101163,99.69164613258893,-3.45050599157729,79.328,47.57023504904946,101.10688906626271,95.77715184430978,5.3297372219529295,78.256,50.60282208736583,-11,-2.0
401620327,2024-07-01,STORM,2.0,102.37271012555394,96.13535191660748,6.2373582089464605,81.864,47.99725307005583,100.68597215698536,93.39103628768427,7.294935869301087,82.304,50.4828529508999,WINGS,2.0,97.52262171222223,112.31262474823411,-14.790003036011877,81.36800000000001,50.63660130686664,95.48337535266162,109.52751104637268,-14.04413569371105,82.50800000000001,50.783754018565936,24,0.0
401620328,2024-07-02,LIBERTY,2.0,113.35736757231311,102.21271106286034,11.144656509452787,80.624,51.8096046110752,110.19529084653632,100.70792170168342,9.487369144852913,81.05600000000001,53.324238235409965,LYNX,2.0,97.47237224801168,89.30751755383314,8.164854694178544,80.736,48.3593488533008,103.21501817854826,92.9087848056561,10.306233372892164,80.272,47.599234078468115,9,0.0
401620329,2024-07-02,DREAM,2.0,91.12239855731976,102.95529980806896,-11.832901250749199,79.392,52.016167740305676,95.42617610312129,104.23775565068726,-8.811579547565987,78.60400000000001,50.22649691250954,SKY,2.0,97.54344512645417,101.39571437303418,-3.8522692465800246,82.07199999999999,52.634039127189816,96.37073692301539,101.36171423231531,-4.990977309299916,82.12,51.35837294705355,-8,0.0
401620330,2024-07-02,ACES,3.0,110.0066276691322,100.76776180771411,9.238865861418077,80.728,50.83952158516916,108.5443330937951,105.46718187321537,3.077151220579739,81.67999999999999,50.1177980700745,FEVER,2.0,108.20112786841742,105.12947333753755,3.0716545308798686,79.736,53.98245784409827,105.56907255854567,108.64716854503524,-3.0780959864895805,79.40799999999999,50.122035779809465,19,1.0
401620331,2024-07-02,SPARKS,4.0,97.61279530596754,112.38206092551175,-14.769265619544205,79.84799999999998,45.72287881274255,96.26190999786786,107.51232135171252,-11.250411353844662,81.46799999999999,49.180295820780046,MYSTICS,3.0,105.26903949316188,101.80635646047857,3.462683032683299,83.352,47.00387272038775,102.63907070532791,99.92007279103578,2.7189979142921445,83.152,47.946829427777445,-2,1.0
401620332,2024-07-03,WINGS,2.0,97.60424943730216,115.80713128107682,-18.20288184377465,81.08,50.86464184740718,96.06114949614775,112.13265173545744,-16.071502239309687,81.872,50.6979265537772,MERCURY,2.0,99.08716669817676,101.77344685289788,-2.6862801547211093,81.85600000000001,44.51041343223506,98.57571800880021,100.57256089152298,-1.996842882722781,84.4,45.21857166167426,-8,0.0
401620333,2024-07-04,LYNX,2.0,98.16269701972931,95.72845544240614,2.4342415773231663,79.912,47.49362920709335,102.56322407357587,93.34595348942531,9.217270584150555,79.428,47.31142920041933,SUN,3.0,98.78669673110451,101.4937957353374,-2.70709900423289,78.47200000000001,50.836101258311885,103.14169692168124,98.46746142870333,4.674235492977916,77.58000000000001,52.771271285226796,-5,-1.0
401620334,2024-07-04,ACES,2.0,111.56791971928358,95.71029848620024,15.857621233083327,80.656,50.990167209272464,107.87109950931097,104.1529089654866,3.7181905438243517,81.548,50.23139646633244,MYSTICS,2.0,106.35841440099139,100.64196279796037,5.7164516030310155,82.71199999999999,47.886225661564225,105.32692715347855,101.45866270948791,3.8682644439906424,81.912,48.20998732251429,21,0.0
401620335,2024-07-05,WINGS,2.0,105.6927012868877,119.33678917613972,-13.644087889252026,79.864,52.98877977844165,98.85980320905784,115.21652326332303,-16.356720054265175,80.152,51.0215339808329,DREAM,3.0,95.38185626441675,105.7349465213654,-10.353090256948636,80.64,52.32881284168317,96.83590020953739,104.39981049075917,-7.56391028122178,79.16,51.07879015916898,3,-1.0
401620336,2024-07-05,SPARKS,3.0,100.45038997484892,112.50030517082487,-12.049915195975947,78.848,46.42710416485523,99.55197803103395,108.20947426015964,-8.657496229125673,80.56800000000001,48.748197055347944,ACES,1.0,112.64269178848201,94.35801618497217,18.284675603509836,80.576,52.73197048796099,112.17450060908331,104.4159762823163,7.758524326767035,81.196,51.299434441015975,5,2.0
401620337,2024-07-05,STORM,4.0,105.75561402216593,91.76663967617812,13.988974345987813,82.39200000000001,48.44673937142569,102.2512428962974,94.2984620514988,7.9527808447986015,82.468,50.039102950899895,SKY,3.0,98.65211075208177,98.45498392428077,0.1971268278009859,81.624,53.06864677306506,98.38467424597397,100.80721177954908,-2.4225375335750927,81.47999999999999,51.14710534141975,-4,1.0
401620338,2024-07-06,FEVER,4.0,101.3686924265402,104.62160270734628,-3.2529102808060713,81.45599999999999,53.83181221999498,105.30187109179357,106.16940788372592,-0.8675367919323363,79.796,51.308784960734116,LIBERTY,4.0,109.8297125136439,99.58388019984147,10.245832313802433,80.112,53.41021436717276,110.14575614252269,101.61422332326615,8.531532819256533,80.888,53.17101747243311,5,0.0
401620339,2024-07-06,LYNX,2.0,98.86532272235502,100.9837106976614,-2.118387975306388,79.32,44.64918476264891,101.5741632346917,95.40435969977497,6.16980353491672,79.2,46.61301650200664,MYSTICS,2.0,101.4297738591433,107.21220073612285,-5.782426876979537,82.912,46.23622566156423,104.3872870834037,102.72768354372613,1.6596035396775648,82.12,46.99675202839664,7,0.0
401620343,2024-07-07,SPARKS,2.0,103.7690825856846,112.42292401668162,-8.653841430997009,81.67999999999999,46.12797853208947,100.38860183221327,109.59268035739481,-9.204078525181528,81.51599999999999,48.43387208111229,MERCURY,4.0,102.45968102241,104.5126053744123,-2.052924352002319,80.4,43.668628442377056,104.46714987065165,103.34711467523555,1.1200351954161079,83.764,44.95650269615702,-6,-2.0
401620342,2024-07-07,STORM,2.0,106.91220910870997,91.34616179666311,15.566047312046871,81.608,46.39243609273716,103.54448602467744,97.55957077201927,5.9849152526581575,81.94399999999999,48.81481497621635,SKY,2.0,100.34499326511282,101.8822637803627,-1.5372705152498924,81.31199999999998,54.09060623252452,100.72368318692386,103.53709325869377,-2.813410071769911,80.436,51.66519744668291,13,0.0
401620340,2024-07-07,SUN,3.0,100.1245730413907,98.76019182125438,1.3643812201363175,78.216,53.77819828491596,103.85863819734175,97.67128634334314,6.187351853998616,77.304,52.771271285226796,DREAM,2.0,94.69931257724215,102.86872174795906,-8.169409170716895,81.944,53.62435940038762,94.74648044565045,103.76366615908246,-9.01718571343202,80.24,51.17528138723915,13,1.0
401620341,2024-07-07,ACES,2.0,112.56416819857459,98.31310608161992,14.251062116954646,82.088,51.38878945051681,111.7369634635752,104.07237300267575,7.664590460899437,81.608,52.64503179529461,WINGS,2.0,103.05515998035132,113.97364710458683,-10.91848712423548,82.24000000000001,50.578406017953476,98.15366062298177,113.20592582494746,-15.052265201965676,80.872,50.57319090091088,19,0.0
401620344,2024-07-09,SPARKS,2.0,102.54902587165179,109.38367559511775,-6.834649723465949,82.28,44.15969494999992,98.35394538624749,108.76591928179982,-10.41197389555233,81.408,46.66053537481328,LYNX,3.0,95.13397557531482,96.64626231268888,-1.5122867373740576,78.32000000000001,48.153386443321175,98.70876820904178,93.38129644830428,5.327471760737497,78.868,47.59714348613362,-15,-1.0
401620345,2024-07-10,SUN,3.0,107.57819048877118,99.53384643343554,8.044344055335642,76.59200000000001,54.113508037522784,103.46242151382732,97.68441136899659,5.778010144830731,76.78399999999999,52.02500262851038,LIBERTY,4.0,104.74385958344608,98.29613752072142,6.447722062724656,80.128,50.59275404971244,109.32596030255782,102.33942733554278,6.986532967015037,81.12,53.032128583544214,-3,-1.0
401620346,2024-07-10,FEVER,4.0,100.08018234975455,105.06420745091798,-4.984025101163437,80.91999999999999,54.4514703396531,105.50546599226007,105.96812581075581,-0.4626598184957544,79.46400000000001,52.5914646992962,MYSTICS,4.0,95.35640405646228,104.96753855843272,-9.611134501970437,82.672,47.263140775435865,102.0463424585562,100.66458785778289,1.3817546007733057,81.864,48.01979350305102,-5,0.0
401620347,2024-07-10,SKY,3.0,96.67069090150513,101.60577177585003,-4.9350808743449,80.952,52.29738443930273,99.62512819107594,102.9241511174999,-3.2990229264239446,80.44,51.966999248484704,DREAM,3.0,96.30717722965812,103.24159248198654,-6.9344152523284155,78.944,52.621680487260946,95.47118558851865,103.85402975971814,-8.382844171199492,79.584,51.23071848745237,9,0.0
401620348,2024-07-10,STORM,3.0,108.56945753296559,92.70984481243264,15.859612720532951,82.712,46.53312472657648,105.69080628512388,95.74793693342917,9.942869351694707,82.228,48.822536983938356,ACES,3.0,112.61263909297789,97.02834752488391,15.584291568093969,83.584,52.18935874423679,112.94707373758372,101.41313205143236,11.533941686151376,82.3,52.284281434544255,-5,0.0
401620349,2024-07-10,MERCURY,3.0,109.30472112466514,106.8148410844801,2.4898800401850307,79.408,46.74524535779994,105.03762188882895,103.2926450537216,1.7449768351073431,83.604,45.4281444872018,WINGS,3.0,99.10174607839015,115.97148962358759,-16.869743545197426,83.576,50.04795055792055,99.20254075940042,114.08911204909506,-14.886571289694643,81.888,51.05002749715045,16,0.0
401620350,2024-07-11,LIBERTY,1.0,100.92571933456472,98.79218546794027,2.1335338666244525,78.21600000000001,50.555046659063876,107.81240290643586,101.02068156947149,6.79172133696436,80.144,51.43345685678899,SKY,1.0,95.05168222282724,94.79010794931807,0.26157427350917145,81.26400000000001,52.77250148456022,98.97969787759834,100.09044269638007,-1.1107448187817297,81.252,52.32231792492264,15,0.0
401620353,2024-07-12,STORM,2.0,104.60473483971332,92.8761265338687,11.728608305844613,84.024,49.18390118016983,103.31026719358279,95.87141704182565,7.438850151757137,82.64,48.18151134291272,LYNX,3.0,94.943535090004,90.90764663299836,4.03588845700564,77.36800000000001,47.93708865660085,99.72038727792172,92.99468070143628,6.725706576485429,78.21600000000001,47.90244302530413,28,-1.0
401620352,2024-07-12,FEVER,2.0,99.04302506259724,104.97026204447256,-5.927236981875322,81.184,56.18162906981182,105.76602274320143,104.53436325920481,1.2316594839966242,80.476,53.544201017704154,MERCURY,2.0,112.36892830041475,109.21126031921035,3.1576679812043693,78.72,43.33126686317628,108.14846848521263,105.0482682719786,3.1002002132340465,81.436,45.54993935899667,9,0.0
401620351,2024-07-12,DREAM,2.0,92.19054685264325,102.28490991068682,-10.09436305804358,80.616,50.701121779273166,92.83232620292907,101.37743852034355,-8.545112317414471,80.27600000000001,51.018449743538056,ACES,2.0,110.81330128342043,96.76657610619895,14.04672517722148,84.232,51.13929769417574,110.40996447627631,98.76716895695654,11.64279551931978,82.47999999999999,50.98940963967245,-14,0.0
401620354,2024-07-13,SKY,2.0,99.8808950505691,101.55593727063578,-1.675042220066672,79.848,53.205401917460655,98.71217008851163,101.47582582183499,-2.7636557333233482,80.96,52.919720522325235,LIBERTY,2.0,103.52875451170375,96.16382233291354,7.364932178790227,76.792,46.99889692644356,108.73380049641094,100.93623181573874,7.797568680672185,79.61999999999999,50.5377349316553,-14,0.0
401620355,2024-07-13,WINGS,3.0,102.74752867454313,118.79735938533402,-16.04983071079088,82.12800000000001,51.32904508528374,100.13507519338268,115.55499206678405,-15.419916873401377,81.748,50.98282319607519,SPARKS,4.0,98.03858541799022,106.24592338402412,-8.20733796603388,81.664,45.9454092357142,97.09787063031493,107.43798916728242,-10.340118536967477,81.188,47.60833757261547,-6,-1.0
401620356,2024-07-14,SUN,4.0,103.68408860882798,97.12389098829885,6.560197620529126,74.53599999999999,54.57156011081112,102.07141793215193,97.68395291873662,4.38746501341531,76.35600000000001,52.2597807502854,MERCURY,2.0,113.42139603246036,110.98441764592883,2.436978386531533,78.632,43.66460019650962,106.8065381764859,104.30894838627903,2.4975897902068622,81.288,45.88327269233,27,2.0
401620357,2024-07-14,MYSTICS,4.0,95.8313866487233,103.68242657502171,-7.851039926298421,81.824,47.432539682539684,100.53453698956714,101.09852218307404,-0.5639851935068819,83.216,47.75788874114626,ACES,2.0,109.33748928690837,96.60038847860321,12.737100808305176,84.63199999999999,50.545703806429636,110.45270450309597,96.15534348240172,14.29736102069425,82.64399999999999,50.76793550785105,-12,2.0
401620358,2024-07-14,STORM,2.0,103.9026040797982,90.2376871400963,13.664916939701907,83.47999999999999,49.87899712899713,103.13765710267607,93.1865195283519,9.951137574324184,82.672,48.938125099526474,DREAM,2.0,88.99407077261439,100.79533256668557,-11.801261794071177,82.39200000000001,50.64180759947706,90.05823466496709,101.87531618737727,-11.817081522410188,80.892,51.32898766989136,11,0.0
401620359,2024-07-14,LYNX,2.0,94.3826074674084,99.3087016674875,-4.926094200079097,76.208,47.270421989934185,95.92748985771004,94.30810961066031,1.6193802470497232,78.47200000000001,47.81488542161749,FEVER,2.0,101.0813178776697,101.92575834065984,-0.8444404629901499,83.032,55.453929539295395,105.62537809431664,104.21257875293284,1.412799341383824,80.956,54.14676512026826,-7,0.0
401620363,2024-07-16,ACES,2.0,107.52327342947419,96.91067900677743,10.612594422696777,84.36,50.68459269531853,110.08298260897809,95.6343475958748,14.448635013103308,82.468,51.708281591639754,SKY,3.0,96.48035906999445,104.05705765968453,-7.576698589690073,78.816,55.51199509974276,97.5662349110381,101.25602079198265,-3.6897858809445436,80.22,54.29032093640391,-8,-1.0
401620362,2024-07-16,LIBERTY,3.0,103.49688360278739,94.08722932520735,9.409654277580074,76.816,46.499454340044444,108.42712558755026,98.14997019403384,10.27715539351643,78.72,49.154529475559826,SUN,2.0,110.27151564258074,95.83907481412646,14.432440828454281,73.696,57.03461429800323,103.25632789179619,97.76536047335769,5.490967418438496,76.512,52.302424673526346,8,1.0
401620360,2024-07-16,MYSTICS,2.0,95.14299081217708,103.14042660631245,-7.997435794135365,82.4,46.83730158730159,100.20601515266947,102.47339153339551,-2.267376380726033,82.876,46.92058715384467,MERCURY,2.0,111.22860645575584,112.70941786149994,-1.4808114057441202,79.728,45.69057422248365,105.1578865769663,107.24143235719892,-2.0835457802326145,80.792,45.10049382735935,-9,0.0
401620361,2024-07-16,SPARKS,3.0,99.60726763183375,102.89765874543689,-3.2903911136031523,82.176,47.880893106681945,98.61003146890064,107.63985983547431,-9.029828366573678,81.012,46.801885959712244,STORM,2.0,101.0828094165285,90.38554237339454,10.697267043133968,83.088,49.02595658845659,103.41921171934723,91.07609102478634,12.343120694560891,82.74000000000001,48.73634797994114,-6,1.0
401620364,2024-07-17,LYNX,3.0,95.49330180766012,99.8088266987453,-4.315524891085178,76.80799999999999,48.24603174603175,96.82799941369471,97.76864107057573,-0.9406416568810059,78.36,47.86983047656255,DREAM,3.0,87.17189225696681,99.68632414582433,-12.514431888857512,82.50399999999999,50.75981292875,91.27687426069177,102.71063533359487,-11.433761072903074,81.572,51.544312885216584,7,0.0
401620365,2024-07-17,WINGS,4.0,103.46856741847196,114.72673582625461,-11.258168407782653,83.64000000000001,52.28670637560632,100.53640842788705,115.26693355366572,-14.730525125778652,82.36,51.57567411150675,FEVER,3.0,100.48599102230406,100.9887049943016,-0.5027139719975338,82.16,53.453929539295395,104.34355944536074,103.05908916591957,1.2844702794411673,80.94800000000001,53.71819369169683,8,1.0
401620458,2024-07-20,TEAM WNBA,14.0,114.70152935372472,104.83473112974839,9.866798223976332,81.08,52.56410256410257,114.70152935372472,104.83473112974839,9.866798223976332,81.08,52.56410256410257,TEAM USA,14.0,99.53161592505853,108.89929742388757,-9.367681498829043,85.4,47.43589743589743,99.53161592505853,108.89929742388757,-9.367681498829043,85.4,47.43589743589743,8,0.0
401620366,2024-08-15,SKY,14.0,95.19897519406712,101.97335115303459,-6.774375958967463,80.70400000000001,55.42490493580833,97.77198422958996,101.92780746669864,-4.155823237108677,81.00800000000001,54.75775558416642,MERCURY,14.0,109.79701220747636,110.96966954770748,-1.1726573402311373,79.352,47.102212153518124,106.12834661494317,107.74113746105988,-1.612790846116728,79.876,45.38542029794759,-20,0.0
401620367,2024-08-15,LYNX,14.0,97.72556365530659,99.01587398271566,-1.2903103274090768,77.64000000000001,49.2032967032967,98.29544318883079,99.99979234018852,-1.7043491513577322,78.48,46.9262407329728,MYSTICS,14.0,95.24657764868063,105.96345248025523,-10.716874831574609,83.26400000000001,47.14980158730159,100.80249602483602,103.30270763910781,-2.5002116142717967,82.988,47.5180136244329,11,0.0
401620368,2024-08-15,SPARKS,14.0,98.57436698116256,102.80000315930207,-4.22563617813951,83.52799999999999,48.158670884459724,99.51237847800573,107.65015416506347,-8.13777568705773,81.188,47.29288752465747,LIBERTY,14.0,105.05775730127652,95.89196605458702,9.165791246689503,76.768,45.35991015771738,107.4437349074602,97.73792312721426,9.705811780245968,78.44,49.38506226244507,-35,0.0
401620369,2024-08-16,DREAM,14.0,89.07348133028609,102.69477686193757,-13.621295531651475,80.16799999999999,50.38734329312246,91.88639695376412,102.7817493049483,-10.895352351184185,81.056,52.00585134675504,STORM,14.0,102.83264673775378,89.6731818506896,13.159464887064157,82.688,50.31067881067881,104.87242792323187,90.50967182367637,14.362756099555515,82.148,48.35155745170799,2,0.0
401620370,2024-08-16,FEVER,14.0,105.704902270676,103.57239145256122,2.1325108181147954,82.51200000000001,53.659722222222214,103.53679734860812,104.09699707995374,-0.5601997313456379,81.98400000000001,53.7457672211086,MERCURY,1.0,112.8784189351675,109.89857279412328,2.9798461410442116,77.45599999999999,45.908182302771856,111.09157002991633,108.35670693930169,2.7348630906146214,78.432,46.3267138302859,9,13.0
401620371,2024-08-16,WINGS,14.0,102.12789020708058,109.53987994824817,-7.411989741167611,85.43199999999999,49.625068444571845,103.91029574698413,114.43833456219394,-10.528038815209818,82.648,51.306924111506746,SUN,14.0,104.24682999204308,95.02712727833918,9.219702713703882,76.208,53.74400326968729,101.5167633615738,98.2604615068383,3.256301854735496,77.34,52.290052263999584,-18,0.0
401620372,2024-08-17,MYSTICS,2.0,93.23038078712293,101.62947031122152,-8.399089524098581,83.176,47.288690476190474,97.33007732313312,104.4208355236722,-7.090758200539059,83.044,46.76245806887734,LYNX,2.0,96.37887113214347,96.98910173535519,-0.6102306032117042,79.88000000000001,49.457264957264954,95.75642335372916,96.81768202402203,-1.0612586702928808,79.10000000000001,48.80532570029307,-16,0.0
401620373,2024-08-17,ACES,14.0,105.63380720368298,95.7297626156579,9.904044588025073,84.36,48.72137798120417,109.09898770112878,97.02143434863892,12.077553352489858,83.224,50.05508371586049,LIBERTY,2.0,109.63630707514463,90.942821838632,18.693485236512615,77.904,48.09208262869582,107.19008332929533,94.6194796796767,12.570603649618636,79.016,49.34241833920413,-12,12.0
401620374,2024-08-17,SPARKS,2.0,93.1393444305883,106.6095009305722,-13.4701564999839,82.272,47.30319218041895,98.45421350813645,109.51621247362691,-11.061998965490455,81.976,46.71558535625421,SKY,2.0,95.23726654102475,104.17368061385359,-8.936414072828853,79.28,55.00538093419478,95.95397872126493,102.88972619485182,-6.9357474735868765,80.116,53.651382686748754,-4,0.0
401620378,2024-08-18,MERCURY,2.0,109.29312058172236,112.67377476687082,-3.3806541851484413,77.984,45.598658493248045,110.83102444106855,110.9425175430406,-0.11149310197203591,78.352,44.46496267821216,SKY,1.0,97.95001796676664,108.12008296333966,-10.170064996573007,79.44800000000001,55.319304984827696,96.50085009479695,101.45509545632885,-4.9542453615319175,80.35600000000001,54.04590323469396,18,1.0
401620377,2024-08-18,FEVER,2.0,107.38736131083256,104.41167062374095,2.9756906870916167,83.976,53.41369047619047,103.73377183029356,104.73793903732947,-1.0041672070359098,82.44800000000001,53.93258040792178,STORM,2.0,101.93625909617478,92.40632641204607,9.529932684128699,82.832,49.01844908094908,105.25285831457018,92.55808561223935,12.694772702330823,82.772,47.77578690376278,17,0.0
401620375,2024-08-18,DREAM,2.0,89.44250091803164,98.77917069833896,-9.336669780307322,83.12,52.69611194983888,92.87483907384488,101.01038159016275,-8.135542516317868,81.03200000000001,52.65889621854991,SUN,2.0,108.3111803638212,96.39231958138522,11.918860782435994,78.728,51.01998893276973,104.21787670260596,97.57625570131981,6.641621001286156,78.47200000000001,52.39909360884284,12,0.0
401620376,2024-08-18,ACES,1.0,99.3085434154896,96.78833501661317,2.5202083988764086,82.256,46.22650443369904,105.96059125423373,96.90834127074854,9.052249983485188,82.92,49.207931588967924,SPARKS,1.0,94.81172539538657,107.78363669633549,-12.971911300948914,82.488,47.4464757625085,98.68037563351919,108.58365614572661,-9.903280512207433,82.38399999999999,45.80308535625421,16,0.0
401620379,2024-08-20,SUN,2.0,102.25818378964611,97.11743172790572,5.140752061740372,81.192,51.08453108686412,104.91818713920864,98.32563908067064,6.592548058538007,78.892,52.59901956219345,SPARKS,2.0,93.62331090368546,106.35257423227222,-12.729263328586757,84.664,47.089332905365644,95.83094816083785,106.29924880814818,-10.468300647310318,83.164,46.51737107053992,8,0.0
401620380,2024-08-20,LIBERTY,3.0,110.10899059253418,89.18245876321572,20.926531829318456,79.152,50.49146343364938,105.51735496354945,93.987322115578,11.530032847971455,78.684,50.523255046356624,WINGS,4.0,104.56323258516247,116.8755795280528,-12.31234694289033,84.512,51.76428745985197,103.8091962827569,115.4246133163198,-11.615417033562904,83.376,51.17134673890273,20,-1.0
401620381,2024-08-20,MYSTICS,3.0,96.20332198335385,106.69780985374607,-10.494487870392211,84.056,47.074404761904766,95.77986301990806,105.83267420608938,-10.052811186181325,83.364,47.16877276867031,STORM,2.0,101.2174373101382,94.49025796235101,6.727179347787188,82.632,47.29537215787216,102.91108607492575,93.68319224810986,9.227893826815901,83.328,48.239636669020996,-6,1.0
401620382,2024-08-21,DREAM,3.0,93.55214493242636,97.79597324877275,-4.2438283163463835,82.24,52.77137708839516,92.8713458925348,100.04044157972979,-7.169095687194982,81.428,51.73624943383417,MERCURY,3.0,111.28872880419411,107.83229669150974,3.4564321126843596,76.488,46.91238398344412,112.35506241832722,109.40835716871929,2.946705249607946,77.56,45.28849208997687,9,0.0
401620383,2024-08-21,ACES,3.0,99.23326250922581,94.23327695059828,4.999985558627534,82.92,46.4829146901093,105.02328189632313,95.49992652839862,9.523355367924507,83.576,48.811106192142525,LYNX,4.0,98.84081087450481,99.52290350262868,-0.6820926281238713,81.16,50.885836385836384,96.89217298225441,95.21527506781352,1.6768979144408847,79.264,49.41146252121862,-11,-1.0
401620384,2024-08-22,LIBERTY,2.0,107.75032431587434,86.15940585978991,21.590918456084427,81.304,53.93388767607362,105.63953941378904,91.16161409635171,14.477925317437325,79.048,50.466392301258594,WINGS,2.0,102.11843943102187,114.69699669673278,-12.578557265710918,84.39200000000001,49.620564516129036,100.61009275470602,115.33424316016017,-14.724150405454173,83.98400000000001,49.83425753702479,8,0.0
401620385,2024-08-23,DREAM,2.0,97.18589980381142,95.66008820048701,1.5258116033244107,79.52799999999999,53.19607588357589,93.0899852882129,98.2277103835863,-5.1377250953733835,80.96,51.918941741526474,MERCURY,2.0,110.62548397391296,102.64462375147636,7.9808602224365925,75.688,46.59095541201556,110.92704521483441,107.67702080648817,3.250024408346236,77.708,46.1407648172496,-2,0.0
401620386,2024-08-23,SUN,3.0,101.51997757192873,93.60209554929095,7.917882022637793,82.08,50.021182670574525,102.60203309037836,95.3629932687949,7.239039821583459,78.308,52.29637139069282,SKY,5.0,95.89202494913351,106.81162325876633,-10.919598309632812,79.47999999999999,54.763155252207376,97.88645999985133,104.18378026470104,-6.297320264849742,79.66400000000002,53.98427858483401,2,-2.0
401620387,2024-08-23,MYSTICS,3.0,93.32683430034471,106.26841235372326,-12.94157805337856,84.256,47.12081826401447,94.579110474534,104.9754194643725,-10.396308989838491,83.03999999999999,47.27667897327707,SPARKS,3.0,87.32808734227486,103.4188173416808,-16.090729999405944,84.712,48.50372496491899,93.46767748705429,103.15823804355884,-9.690560556504549,83.444,48.19230903580047,6,0.0
401620388,2024-08-23,LYNX,2.0,109.34497589141684,99.98265330711232,9.362322584304533,80.168,52.537168104964714,101.86379167941261,99.64567748729989,2.2181141921127177,78.188,49.90379504744945,ACES,2.0,101.91937920184367,103.15760160224231,-1.2382224003986635,81.47999999999999,47.29974131865739,105.62843424437601,99.87899504042275,5.749439203953256,83.05600000000001,48.92272256254351,13,0.0
401620389,2024-08-24,LIBERTY,2.0,106.74402925488343,86.73850139253992,20.005527862343516,81.696,56.77032659946907,105.12045642883541,90.41286535887363,14.707591069961797,79.256,51.63489046975676,SUN,1.0,96.31060475033458,94.82308749949385,1.4875172508407188,83.4,46.92594457533643,103.29106019645765,95.33108115681014,7.9599790396475,78.548,51.98027943666983,-8,1.0
401620390,2024-08-24,LYNX,1.0,111.72624759754572,97.34208955767272,14.38415803987299,80.872,56.240871808668416,103.60977470260293,98.57545812820902,5.034316574393905,78.84,52.24345177735008,FEVER,6.0,110.1722643082787,101.82360570894488,8.348658599333806,83.312,55.21369047619048,104.60764468543796,103.39693387670873,1.2107108087292417,82.248,55.697659773001156,10,-5.0
401620392,2024-08-25,WINGS,3.0,98.42273473175422,108.92871357629167,-10.505978844537466,84.752,47.834850230414744,100.58513170314868,113.86303648081282,-13.277904777664173,83.44,49.58194765784924,SPARKS,2.0,83.16208004572083,99.09370581902769,-15.931625773306862,86.696,48.362933488511075,90.86822351344168,100.94685448916486,-10.078630975723186,85.112,48.2608021864854,3,1.0
401620391,2024-08-25,SKY,2.0,97.30674529077058,104.8738611416546,-7.567115850884022,81.064,54.54576394785954,96.8935521803825,104.46545940066956,-7.571907220287048,79.94,55.02887952380115,ACES,2.0,98.1399337090847,105.49749233463062,-7.3575586255459395,81.56800000000001,42.2071487260648,102.83160356927945,101.20408567070403,1.6275178985754182,82.964,46.44587071069166,-2,0.0
401620395,2024-08-26,STORM,6.0,96.72214250588392,95.7103839029159,1.011758602968041,84.776,45.772768179571976,100.31237329284107,92.9740355215061,7.338337771334975,84.128,47.825882654284555,MYSTICS,3.0,93.27016173191403,101.8657699636077,-8.595608231693678,84.944,48.37272085153349,94.20657627204555,102.50309828496006,-8.29652201291452,83.672,47.60501121941754,-2,3.0
401620393,2024-08-26,DREAM,3.0,100.44897565961944,96.76503150959095,3.6839441500284806,78.84,52.65553534303534,93.81043395829312,98.22567782770764,-4.415243869414516,80.672,51.707674135892674,FEVER,2.0,108.74126451642412,104.94943874710123,3.7918257693228865,81.584,55.4873223169865,104.91129119704689,103.43759854388054,1.4736926531663683,82.308,55.47062592814094,-5,1.0
401620394,2024-08-26,MERCURY,3.0,106.78276140351193,100.61974227545893,6.163019128052992,75.848,46.90345541201556,108.28988680549415,105.79470591158322,2.495180893910927,77.6,47.00283378276684,LIBERTY,2.0,102.75579780669776,86.82567585042375,15.930121956273993,81.19200000000001,57.79845855656278,103.90677755398713,91.35882095250538,12.547956601481747,78.98,51.57918435714008,-14,1.0
401620396,2024-08-27,WINGS,2.0,106.00947711616975,114.39448020738459,-8.38500309121485,84.72,49.553325303728535,104.73902226732085,114.5606080168196,-9.821585749498752,84.17999999999999,50.92001583966742,ACES,2.0,97.45982105501528,102.4241351172385,-4.964314062223241,80.51200000000001,43.352888232460046,101.54681412934913,99.0769488664482,2.469865262900916,82.436,46.0371331068321,3,0.0
401620397,2024-08-28,FEVER,2.0,107.63668762553826,104.47442296218722,3.1622646633510527,83.048,56.10460626760378,104.06133932392117,102.73156397824441,1.3297753456767594,82.60400000000001,54.77926790344959,SUN,4.0,95.85917352607872,90.40044142255934,5.4587321035193925,83.36,45.897812618242725,100.05300175906089,92.71378435044926,7.339217408611637,79.784,49.82090794396501,4,-2.0
401620398,2024-08-28,SKY,3.0,94.32367431007088,104.20175255037468,-9.878078240303802,79.98400000000001,53.40002444146431,94.76132475206899,103.08755185170462,-8.326227099635632,80.344,54.41246468863632,MYSTICS,2.0,90.56157072288735,96.4522756120064,-5.8907048891190525,84.52799999999999,49.2602208515335,92.90407418578398,101.20786404613082,-8.30378986034683,83.89599999999999,48.20501121941754,-4,1.0
401620399,2024-08-28,SPARKS,3.0,92.76244420415995,101.22968491012014,-8.467240705960197,86.824,47.34258070696427,92.95089431737412,103.91959292034616,-10.968698602972049,84.548,47.32288644369161,LIBERTY,2.0,98.4308866510315,87.43152971110163,10.999356939929868,81.056,56.613905133203374,104.03359686308806,89.18717577486682,14.846421088221243,79.47999999999999,52.3529938809496,6,1.0
401620400,2024-08-28,MERCURY,2.0,99.90830768569907,102.81647347755047,-2.9081657918514026,78.032,46.59547152194211,106.39336331043327,106.35752313583687,0.0358401745964045,77.744,46.251826912356975,LYNX,4.0,114.26979362597099,98.97295142295715,15.29684220301382,79.808,54.45441945505189,105.99767864063878,98.99441270283641,7.0032659378023725,78.724,51.82885807917429,-13,-2.0
401620401,2024-08-28,STORM,2.0,95.01335128173245,97.11189555997046,-2.0985442782380064,84.36,45.11330872011252,98.04808034913049,93.7487189666825,4.299361382447981,83.724,47.069632654284554,DREAM,2.0,100.03500836827553,95.82006819897052,4.214940169305035,79.176,51.884405238571915,94.55424484928082,99.25742253045402,-4.70317768117322,79.672,51.13587426584719,4,0.0
401620405,2024-08-30,STORM,2.0,93.63701002582744,96.25078693086803,-2.6137769050405923,84.656,45.52807279926016,98.2348283817906,92.96198439077882,5.272843991011783,83.672,47.919375804969484,LIBERTY,2.0,99.36017537981357,92.86627500752758,6.493900372285987,82.072,55.17530864197531,104.73458298617386,91.02436688537165,13.710216100802223,80.612,52.83338603781234,-13,0.0
401620402,2024-08-30,SKY,2.0,95.54575855503964,101.16005807706765,-5.614299522028008,80.07199999999999,55.35255686133219,95.3915125480322,102.66686934546063,-7.275356797428431,79.676,55.17896889776348,FEVER,2.0,106.65668377334319,100.66676324303573,5.989920530307453,82.11999999999999,56.457428848248945,106.18079302200961,102.11957734779847,4.061215674211124,82.316,55.05857553523558,-19,0.0
401620403,2024-08-30,WINGS,3.0,105.89540183722215,115.362778016334,-9.46737617911187,83.408,52.61203742494065,104.01164602215135,112.4513289822911,-8.43968296013974,84.42,51.118552934756245,LYNX,2.0,118.14817503396739,102.16135564788657,15.986819386080835,78.54400000000001,53.606466238677626,107.26352308305543,99.57522869162088,7.688294391434566,79.212,51.53186559797128,18,1.0
401620404,2024-08-30,ACES,3.0,102.97229419338768,105.61093632562248,-2.638642132234767,80.784,43.33693926914266,101.14041880443862,101.19963567111782,-0.05921686667917925,81.52000000000001,44.781721851420855,DREAM,2.0,99.28552443073383,96.50103311129126,2.7844913194425516,79.408,50.18491893720204,94.36401267438274,97.64010190481513,-3.2760892304323845,81.264,51.44051544352046,11,1.0
401620406,2024-08-31,MYSTICS,3.0,93.91997768577923,96.19061011969903,-2.270632433919798,82.8,48.56805327412002,93.57517923645108,98.91004021546027,-5.33486097900919,82.988,47.92837187515524,SUN,3.0,90.88903699825431,90.37444642972545,0.5145905685288625,81.992,46.22039326340401,99.60010868103777,93.38338300555533,6.216725675482428,80.36000000000001,48.62019109808687,-11,0.0
401620410,2024-09-01,SPARKS,4.0,94.88709765210072,100.94418677733822,-6.057089125237508,86.672,47.8759140402976,94.84941152374365,104.36391173683687,-9.51450021309321,84.58,47.66119490140305,DREAM,2.0,97.96565549002496,101.06279574555788,-3.0971402555329206,78.424,51.245729748012856,95.75890021122567,99.42938449716532,-3.670484285939652,80.332,52.00855341820401,-18,2.0
401620411,2024-09-01,MERCURY,4.0,95.8163777355046,99.5743303051142,-3.7579525696096026,78.792,47.475170770062405,102.55474915861348,106.12405253599252,-3.569303377379022,78.388,46.53691463165523,ACES,2.0,105.7271151300268,109.02680365167598,-3.2996885216491734,77.968,43.08693926914266,102.48018881962632,101.63004030113713,0.8501485184891806,80.444,44.78492697962598,-18,2.0
401620409,2024-09-01,WINGS,2.0,106.66312922450852,107.6559122259871,-0.9927830014785712,83.36,51.85627705627705,105.6131809048355,112.26574587701995,-6.65256497218445,83.936,51.810282258064525,FEVER,2.0,106.77404211176619,98.45707984598444,8.316962265781754,82.376,53.807722390323306,107.08070171129938,101.4343752348627,5.646326476436686,83.176,53.610706433256894,-7,0.0
401620408,2024-09-01,LYNX,2.0,112.018466318415,104.34407391971374,7.674392398701244,78.928,51.67789481010618,105.42963859645991,101.93348871117122,3.4961498852886863,80.04400000000001,51.28186559797128,SKY,2.0,93.68434877866645,104.94513931783574,-11.260790539169292,79.80799999999999,55.65940617640067,95.81718337271654,106.53261114058769,-10.71542776787115,79.628,55.48935558061419,5,0.0
401620407,2024-09-01,SUN,1.0,97.33425266508625,91.11812516051376,6.216127504572498,81.992,46.150323193333946,99.79621822736617,94.11777844420973,5.678439783156435,81.59200000000001,48.61742714009903,STORM,2.0,96.37777194635474,101.90549732933506,-5.527725382980316,83.32,42.574443767002094,99.15701552126475,97.15591187069057,2.0011036505741915,83.076,45.79644642397558,7,-1.0
401620412,2024-09-03,SUN,2.0,103.2297518207962,97.26730540117089,5.962446419625292,82.04,47.07828412129487,102.37486469636247,95.43470047523093,6.940164221131542,82.06,48.5497333959347,STORM,2.0,99.28460676873169,102.51631089561984,-3.231704126888127,83.024,43.8823802749386,100.25102203943494,98.50328442898541,1.7477376104495306,82.828,45.58887621640538,-7,0.0
401620413,2024-09-03,WINGS,2.0,109.74246047517038,107.57648831409468,2.165972161075703,84.512,53.83405483405484,105.93044995309613,111.13674250541374,-5.206292552317608,84.452,51.72730967509193,MYSTICS,3.0,95.06244109880149,96.20015614500335,-1.137715046201859,82.296,48.89874110480785,95.63288154107767,101.44898299937469,-5.816101458297036,83.176,47.9865729333563,-4,-1.0
401620414,2024-09-03,ACES,2.0,107.28827699599007,103.18124128293664,4.107035713053446,78.632,45.45982062507486,104.60382809891686,103.16942144258948,1.4344066563273912,80.05600000000001,46.379780971866126,SKY,2.0,95.65263383624813,103.6629220594655,-8.010288223217383,79.432,57.56452951605911,95.77232939269082,105.23727265911593,-9.464943266425099,79.456,56.16384238413324,19,0.0
401620415,2024-09-03,MERCURY,2.0,93.1435587787608,106.103301865401,-12.959743086640202,79.44800000000001,45.96370516687198,102.21614379147745,106.96779927845537,-4.7516554869779215,77.968,46.43804457515805,DREAM,2.0,100.28573979591809,100.86197157679496,-0.5762317808768671,78.36,51.00257906308134,98.73581979986476,98.26102988864099,0.4747899112237718,78.944,52.09932747332861,8,0.0
401620416,2024-09-04,FEVER,3.0,106.70675377813726,100.99676882237291,5.709984955764346,83.84,52.896611279212195,108.43950904320798,101.4101872656589,7.029321777549076,83.576,54.05515087770134,SPARKS,3.0,96.21632994317167,103.69314485566522,-7.476814912493535,83.208,46.36906472522911,94.91982042342858,105.0228595439687,-10.103039120540146,83.936,46.72919881529738,7,0.0
401620417,2024-09-05,LIBERTY,6.0,103.59049941048411,98.29574502325285,5.294754387231251,79.92,57.15810434090004,105.67041186317923,92.22757544152138,13.442836421657839,80.612,55.545996008486824,STORM,2.0,98.9472168577056,101.7281274412662,-2.780910583560606,80.704,44.426061536611144,97.83467968179477,98.71925567209104,-0.8845759902962825,82.74,45.09941485809156,7,4.0
401620418,2024-09-05,MERCURY,2.0,95.33893703486308,103.7532190949212,-8.414282060058117,80.05600000000001,48.35886645719456,102.98221050438801,103.19892142319877,-0.21671091881076165,77.872,47.47491093460506,MYSTICS,2.0,100.11081249620972,98.93867026068918,1.1721422355205362,80.52000000000001,47.09042284079338,96.71882339827722,102.60354130720623,-5.884717908929012,82.388,47.10562055240392,-13,0.0
401620419,2024-09-06,DREAM,3.0,96.54057726600067,98.60751132095496,-2.0669340549542823,78.55999999999999,50.35741777275876,98.49477646281005,97.68627141527296,0.8085050475370992,78.7,51.50647655789705,WINGS,3.0,113.53318236700514,110.37957973545952,3.153602631545604,84.456,56.21500721500722,105.97795854937968,109.65414665587559,-3.676188106495931,84.604,52.02492872271098,11,0.0
401620420,2024-09-06,SUN,3.0,101.3189533842374,97.73326303200669,3.5856903522306993,79.768,48.58101636173203,98.81477906728598,96.27817526575026,2.5366038015357093,81.584,47.753480468534235,ACES,3.0,112.52585831719671,100.32526376966631,12.200594547530404,77.696,49.4968576621119,105.3328960131407,102.91137805214848,2.4215179609922317,79.632,45.85200319408835,-5,0.0
401620421,2024-09-06,FEVER,2.0,107.82860595101923,98.00462684304146,9.82397910797776,85.44800000000001,52.72101865410245,108.28493523372167,101.47703279507135,6.8079024386503235,83.51599999999999,54.10417048554448,LYNX,5.0,106.30228638970178,100.28349316035842,6.018793229343359,79.352,48.911355717705966,107.82363114055931,100.13307323373536,7.690557906823946,79.75999999999999,50.72426191133535,-11,-3.0
401620422,2024-09-06,SKY,3.0,93.71434617651713,106.01715503082187,-12.302808854304752,79.168,55.56452951605911,95.51054573364385,105.44550808623823,-9.934962352594386,80.116,55.05514673195934,SPARKS,2.0,100.597758487339,107.70341144345598,-7.105652956116993,84.624,43.8351280736454,93.96292291480691,105.56111439256838,-11.59819147776147,84.668,46.1694265192822,14,1.0
401620423,2024-09-07,STORM,2.0,99.38385123760168,103.47919749766606,-4.095346260064386,79.864,44.921836184498474,97.19860125966707,100.29554652881826,-3.0969452691511963,82.11200000000001,45.01757245230549,MERCURY,2.0,92.7716052057199,104.8129633760474,-12.041358170327522,81.144,48.83505693338505,99.7771833046159,102.71635282575316,-2.939169521137265,78.49600000000001,47.8692561727003,24,0.0
401620428,2024-09-08,SPARKS,2.0,103.5114578926411,112.73005006572139,-9.2185921730803,82.664,42.22273193620996,93.33676896918095,105.91187794237456,-12.575108973193581,84.67999999999999,45.29283271236052,SUN,2.0,100.94722975114057,100.65714235023954,0.2900874009010238,78.968,49.44521389259623,98.40320163860966,95.52879188639943,2.874409752210208,81.16400000000002,47.671513255419484,-12,0.0
401620426,2024-09-08,LIBERTY,3.0,103.68479954545919,98.58571151458635,5.099088030872838,79.44,56.90994874063176,105.21441440017131,92.66210645356314,12.552307946608178,80.568,56.840137670050424,ACES,2.0,111.04975518933256,98.10853878022962,12.941216409102946,77.888,49.82652799178223,104.2547881221739,100.26633694873406,3.988451173439853,79.2,46.58970811212114,4,1.0
401620427,2024-09-08,SKY,2.0,97.87923970037633,106.28791926286681,-8.408679562490494,79.14399999999999,56.71026902245436,96.1014570052236,105.24483590662075,-9.143378901397147,79.564,55.055146731959326,WINGS,2.0,108.52054140543632,108.55564980025338,-0.035108394817029875,85.24,53.27994227994228,107.26500926080305,111.47506500381898,-4.21005574301594,84.98,51.416633791835395,15,0.0
401620424,2024-09-08,MYSTICS,3.0,104.63871121535344,101.50780559144117,3.1309056239122697,78.92800000000001,46.751218665972765,98.95443647363375,101.68678777752443,-2.7323513038907037,81.936,47.56196975875313,LYNX,2.0,108.65498934189611,103.1986436287669,5.456345713129215,79.768,45.34463831537213,110.19061846972093,100.27036659321982,9.920251876501101,80.32,50.79275506202028,-7,1.0
401620425,2024-09-08,FEVER,2.0,109.24704566733128,103.26467412436534,5.982371542965936,85.072,51.96674840211531,108.44186664643478,103.86954854327628,4.572318103158494,84.06,54.03567733485954,DREAM,2.0,101.59022337751887,99.89495650519471,1.695266872324143,79.792,51.54613029480462,100.81261587289721,97.85751235208261,2.955103520814589,79.48400000000001,51.71526776668826,4,0.0
401620429,2024-09-10,DREAM,2.0,103.43895628496462,101.63728751868675,1.8016687662778565,81.91999999999999,51.81644992950781,101.36224035784922,99.06916031498902,2.293080042860204,80.664,51.00068443335493,LYNX,2.0,103.82196353760742,99.30675906860168,4.51520446900575,81.104,47.69589572694441,109.0458785817892,99.13985524577943,9.906023336009785,80.45599999999999,51.075157590998145,-12,0.0
401620430,2024-09-10,WINGS,2.0,104.1332727650296,108.50469265521235,-4.371419890182762,85.64000000000001,50.6031746031746,105.01433730112588,111.93373533577319,-6.919398034647315,84.524,51.60760601405762,LIBERTY,2.0,105.94695375234888,97.7734562824778,8.173497469871071,79.91999999999999,57.863933027949386,104.3513757795233,92.29956606645077,12.051809713072533,80.55600000000001,57.83119579225608,-14,0.0
401620431,2024-09-10,SPARKS,2.0,95.28392826899024,106.89323025579336,-11.609301986803121,80.936,43.76669616869878,94.02318623657509,104.06145758295675,-10.03827134638166,83.88,45.55463843783153,SUN,2.0,101.77084092422089,97.48600290788481,4.284838016336076,78.08000000000001,51.55520860438894,96.3299389612376,93.93022466880514,2.3997142924324693,80.036,48.88780093389647,-20,0.0
401620432,2024-09-11,FEVER,3.0,112.08997294664854,106.18624210573762,5.9037308409109475,86.50399999999999,50.543092488136814,109.37332835999587,103.42650267438667,5.9468256856092,84.312,53.50026066819288,ACES,3.0,106.66873569203399,94.00353525662143,12.665200435412558,77.52799999999999,50.12955829481253,104.82051494271084,99.80723579112194,5.013279151588895,79.156,46.73324878197759,-11,0.0
401620433,2024-09-11,SKY,3.0,101.23423520943746,105.01837990488238,-3.7841446954449283,80.848,55.46254588948532,98.38999688223853,103.08921899097501,-4.6992221087364685,80.46000000000001,55.40755137540875,MYSTICS,3.0,104.42032028233177,103.60233183901725,0.8179884433145332,78.464,45.14025976186317,97.49094550260956,100.02730372551181,-2.5363582229022597,81.49600000000001,47.20024030669833,-31,0.0
401620434,2024-09-11,SPARKS,1.0,88.58844099636644,106.51057050475504,-17.92212950838859,80.856,43.43336283536545,91.73776932423358,103.72737864104663,-11.989609316813048,83.764,45.65463843783153,STORM,4.0,101.68517680112627,100.6095445775841,1.075632223542172,79.09599999999999,46.28484988312861,97.66109341347685,98.43016575422607,-0.76907234074921,81.876,45.90646134119438,-8,-3.0
401620435,2024-09-12,WINGS,2.0,103.04848553291527,114.90542867270347,-11.856943139788209,85.94399999999999,49.40120415982485,104.85580737871189,111.28067044934528,-6.42486307063339,84.65200000000002,50.628740608050954,LIBERTY,2.0,111.51635618370372,103.26662108043418,8.249735103269549,79.54400000000001,58.050030455426125,104.9736214173676,95.3490753957679,9.62454602159971,80.3,57.33196779431474,-32,0.0
401620436,2024-09-13,DREAM,3.0,100.75638836527337,99.11206563650457,1.6443227287688245,82.44800000000001,51.56644992950781,99.36102192764916,100.08743069103122,-0.7264087633820481,80.436,51.40608983876034,MYSTICS,2.0,108.10306285695697,100.32576223216792,7.777300624789061,78.61600000000001,47.668176131547185,101.0115202713681,98.25818617593347,2.7533340954346315,80.708,48.1181147028336,-3,1.0
401620437,2024-09-13,FEVER,2.0,105.72739296302697,106.83448246606295,-1.1070895030359764,86.96000000000001,52.0499418032053,106.2507175373966,102.64578115602369,3.6049363813728887,84.66799999999999,52.9288320967643,ACES,2.0,105.5821272828287,93.16098309252743,12.421144190301263,78.816,50.37955829481253,105.65462120642776,101.0938933721017,4.560727834326045,78.39200000000001,46.73324878197759,-4,0.0
401620438,2024-09-13,WINGS,1.0,98.52672443323772,116.45859584326611,-17.9318714100284,84.576,48.99785560579136,104.13459245420404,112.01754207868039,-7.882949624476348,84.54400000000001,51.415955219923106,STORM,2.0,101.61585911818534,95.1794026817198,6.436456436465557,80.048,49.10867122307898,98.99681553227003,98.54245000552741,0.4543655267426203,81.684,45.84155749504053,-2,-1.0
401620439,2024-09-13,LYNX,3.0,102.40915108382248,97.85724152036317,4.551909563459302,79.688,47.432737832207565,110.27866305889492,100.00929858412488,10.269364474770068,79.116,50.51960203544259,SKY,2.0,96.00666288488208,102.97733722322134,-6.970674338339274,80.36800000000001,53.23105889325741,94.84550583177426,103.96123827052854,-9.115732438754282,80.088,54.44523253482904,17,1.0
401620440,2024-09-13,MERCURY,6.0,93.02588467508733,107.96170063502294,-14.935815959935605,79.98400000000001,47.4937870921152,96.4670961803932,105.38908705628668,-8.921990875893503,79.008,47.04462930702865,SUN,3.0,99.97926278771588,93.30353951712593,6.675723270589964,77.576,51.81446786364819,98.65675772640107,92.21083233881983,6.445925387581231,79.784,48.98239552849107,-19,3.0
401620445,2024-09-15,ACES,2.0,99.36669256735188,90.53706274591542,8.829629821436452,80.08,47.909090909090914,103.32748478167098,96.85915201442603,6.4683327672449495,79.356,46.68445576708289,SUN,2.0,98.53703907019664,88.93198512666949,9.60505394352715,77.728,52.35996305703071,100.8833954454964,93.09964526392018,7.783750181576221,79.884,49.71912358916279,13,0.0
401620446,2024-09-15,STORM,2.0,99.84350521462561,91.30399234602234,8.539512868603282,81.016,47.91605003045778,99.56405599167866,96.91015162082107,2.6539043708575774,82.02,45.89921515269819,SPARKS,4.0,92.21220163513104,107.16439281792744,-14.952191182796398,82.19200000000001,46.63251984274164,94.21426578915137,105.42876883679632,-11.214503047644966,82.7,46.500792283985376,3,-2.0
401620444,2024-09-15,SKY,2.0,93.69490072757472,103.70523132701555,-10.010330599440845,80.592,50.28806287027906,94.67376728191141,103.68407669324054,-9.010309411329114,80.012,53.92629619316908,MERCURY,2.0,92.68513424710284,109.4119364113499,-16.72680216424707,78.728,47.05271963473937,94.2507559913037,104.49313335823206,-10.242377366928336,78.76,47.26394520240088,-5,0.0
401620443,2024-09-15,MYSTICS,2.0,105.79389798497803,94.45912747106078,11.33477051391724,77.816,47.32783579120685,100.42816954188976,95.32964180803205,5.098527733857691,80.056,48.113288448007346,DREAM,2.0,95.48444603811633,99.60038440703191,-4.115938368915584,84.304,51.1406816955204,97.8850929170172,100.23117799191344,-2.3460850748962256,81.332,51.07163037930088,-3,0.0
401620442,2024-09-15,LIBERTY,3.0,114.42057967061587,96.96808348291661,17.452496187699246,79.36,58.342267898348496,106.89037752521472,94.91717924522209,11.973198279992616,80.716,56.7587882701619,LYNX,2.0,104.68067547347962,91.54787924085164,13.132796232627967,79.224,48.974812196199736,108.3495708959473,97.94597658028269,10.403594315664606,79.076,50.32635350315296,-9,1.0
401620441,2024-09-15,FEVER,2.0,100.99781079811184,104.65336235703971,-3.6555515589278627,85.824,52.10044685371035,103.85228228812454,102.82506558970631,1.027216698418242,84.832,52.49852906646127,WINGS,2.0,95.27324435700524,112.65821325635713,-17.384968899351893,86.36,48.92063552857128,104.40321336200518,111.51889649590832,-7.115683133903144,85.408,52.56782137178925,1,0.0
401620447,2024-09-17,SUN,2.0,100.7089445067648,92.7858066828347,7.9231378239301025,77.528,52.6731512146035,101.0139489455011,95.25953485742069,5.7544140880804004,78.648,50.62708378816777,LYNX,2.0,106.87225055495564,92.7078840124444,14.164366542511251,79.336,51.373721782751296,106.58726847232872,96.49568858640141,10.091579885927306,79.34400000000001,50.14253875022864,-2,0.0
401620448,2024-09-17,MYSTICS,2.0,101.4555055218112,91.83214302571218,9.623362496099023,77.968,47.2809973837127,100.78315900901046,95.38540664320068,5.3977523658097795,79.244,47.185710112253034,LIBERTY,2.0,108.97407106191751,97.36219803888088,11.611873023036637,79.624,53.685293795667896,106.2822852362008,97.82897153106686,8.453313705133944,79.77199999999999,55.421699068283964,-16,0.0
401620449,2024-09-17,DREAM,2.0,96.89973311102933,98.31378114297179,-1.4140480319424653,85.272,53.261252821908556,96.72015518851501,98.46064623196338,-1.7404910434483738,81.916,51.80933529733367,SKY,2.0,99.39424886387152,105.95675558542601,-6.562506721554485,79.64000000000001,51.666172323015374,96.55429752019432,105.98695530812395,-9.432657787929617,79.404,53.61535091953724,16,0.0
401620450,2024-09-17,SPARKS,2.0,93.72134365338171,107.83377873454822,-14.112435081166515,81.056,48.985461019212224,97.15955107036034,107.7685950890021,-10.609044018641754,82.84,46.41029454642881,MERCURY,2.0,96.61567028773062,107.56375795766687,-10.948087669936248,78.44,47.872350294997396,94.87961453324571,106.83352991153394,-11.953915378288226,78.944,46.91802773093469,-4,0.0
401620451,2024-09-17,STORM,2.0,103.03384249396251,95.56695027414808,7.4668922198144285,82.232,47.16388031011063,100.99052967583405,98.64753885770715,2.3429908181269115,81.468,45.794970923360886,ACES,2.0,98.27317564659475,90.9259417911133,7.347233855481443,79.76,47.42650384441429,105.39951698189573,95.62560278038981,9.773914201505923,78.728,48.461680753263096,-13,0.0
401620452,2024-09-19,SUN,2.0,102.46757753080162,93.74426499785861,8.723312532943003,78.0,52.6731512146035,101.70740364097108,97.20070367404908,4.506699966922014,78.48400000000001,51.05918255359987,SKY,2.0,95.65563908898741,109.89052255527838,-14.234883466290956,78.21600000000001,49.25326248694981,96.76743939468187,108.08922090907261,-11.321781514390725,78.68,52.981765754702074,33,0.0
401620453,2024-09-19,LIBERTY,2.0,110.74744088602365,96.96668267482667,13.780758211196973,80.2,55.143230605717385,107.21612021574143,97.77619709470652,9.439923121034905,79.82,56.02658967317457,DREAM,2.0,95.19697018332285,94.88211156058729,0.31485862273554516,82.89599999999999,53.62732425047999,98.39359678042085,97.388534032891,1.0050627475298441,81.34400000000001,52.58672727264231,-11,0.0
401620454,2024-09-19,MYSTICS,2.0,95.38082265599024,93.01071706059506,2.3701055953951795,79.0,45.59502569774101,100.00976693567185,97.25926132601812,2.7505056096537244,78.964,46.1731221818569,FEVER,4.0,105.87109372834621,110.88813199214437,-5.017038263798153,85.16,49.149300293391306,106.8498498396827,104.44637941759291,2.4034704220898035,85.304,50.93515947374688,1,-2.0
401620455,2024-09-19,LYNX,2.0,103.35050978583118,91.31536921917329,12.035140566657892,78.08,51.23673548138144,106.00274956386366,97.2570064239701,8.745743139893554,78.924,48.290686898376784,SPARKS,2.0,93.31403347795103,104.92514466020707,-11.611111182256053,82.056,53.70411409852104,98.41274568529606,108.82759736296423,-10.414851677668176,82.36,47.9634230173655,-17,0.0
401620456,2024-09-19,ACES,2.0,103.91257109435256,94.20663322511483,9.70593786923772,78.12,47.75983717774763,107.48116314184256,96.15758600267222,11.323577139170334,78.004,48.79318258476493,WINGS,4.0,100.01461660600346,115.16088630557729,-15.146269699573821,85.14399999999999,50.678504777965955,104.26757900571991,111.85826805291534,-7.590689047195426,85.19200000000001,51.979223528954115,14,-2.0
401620457,2024-09-19,MERCURY,2.0,99.42413687889339,111.42207268117275,-11.997935802279352,78.488,43.98394576143157,97.38153695687824,107.58764588804698,-10.206108931168734,79.272,46.17140610931307,STORM,2.0,104.24294776432325,98.44693934786771,5.796008416455533,81.672,47.53477232888997,101.81339950096246,100.9630684227669,0.8503310781955733,80.768,46.22830425669422,-19,0.0
401721261,2024-09-22,LYNX,3.0,98.2131708582271,92.46752384657735,5.745647011649746,76.392,49.57577657727185,101.01756719791726,95.88714145758952,5.130425740327747,78.748,48.635836152108126,MERCURY,3.0,98.89775148922222,112.64548015989344,-13.747728670671227,77.416,42.42667420416001,95.83467834747105,108.72922176797042,-12.894543420499375,79.28,45.63086556877253,7,0.0
401721256,2024-09-22,ACES,3.0,109.16940071601616,95.0580021367069,14.11139857930927,79.248,50.28224434804212,107.91906820402508,94.53076869666417,13.388299507360916,78.388,50.205901321427326,STORM,3.0,103.29597806735356,98.92818624304904,4.3677918243045095,82.16,47.11585340997105,102.49057743423991,99.76886541031656,2.7217120239233408,80.62800000000001,46.700351646549834,11,0.0
401721253,2024-09-22,SUN,3.0,105.15757385794738,90.86798741451227,14.289586443435123,77.536,53.98462662443957,103.46420739108414,94.17699516119855,9.2872122298856,77.808,52.76991761441425,FEVER,3.0,106.36483291189502,108.96153115736884,-2.596698245473809,85.336,49.60886723992246,107.80593928961316,106.1131026408671,1.6928366487460635,85.204,50.78780782101889,24,0.0
401721255,2024-09-22,LIBERTY,3.0,109.67518684601623,99.81312408434391,9.862062761672323,79.36,52.213937676424464,107.81107029918255,98.79329018341086,9.017780115771696,79.64,55.038935352186925,DREAM,3.0,95.19628718899375,91.06724673540994,4.129040453583807,78.72,54.60510202825776,99.31762173697919,96.35226712704835,2.9653546099308317,80.32000000000001,53.21077597888279,14,0.0
401721258,2024-09-24,LIBERTY,2.0,104.13459939790164,94.30377238345179,9.830827014449842,79.512,52.00609639158743,107.8254777908027,98.78519673194297,9.040281058859694,79.52799999999999,55.02806342350677,DREAM,2.0,96.0341452097279,92.32663817734135,3.7075070323865447,79.12,54.4681157268879,98.39526678750065,95.71935190692295,2.6759148805776847,80.784,53.01728282819786,9,0.0
401721262,2024-09-24,ACES,2.0,108.09835665111328,93.85410613760726,14.244250513506021,78.52000000000001,49.32334023845308,106.840241966971,93.50754461506736,13.332697351903642,78.668,49.8514492666328,STORM,2.0,98.63819479384777,99.10454169361158,-0.46634689976380345,81.232,49.767065211867795,100.12702695601656,97.14197218766569,2.9850547683508766,80.64,49.43786821747339,7,0.0
401721254,2024-09-25,SUN,3.0,105.94555025628566,90.89131813881836,15.054232117467274,78.224,54.06154970136265,102.96240652200076,92.09742882797214,10.86497769402862,77.9,52.93800878250541,FEVER,3.0,100.40070633449619,109.95077139818788,-9.550065063691699,83.392,48.66527749633271,106.24533964057237,108.06850675196274,-1.8231671113903758,84.94800000000001,49.604184992234764,6,0.0
401721260,2024-09-25,LYNX,3.0,101.94723560364933,97.77991922116851,4.167316382480825,78.4,49.57577657727185,102.1781933437359,97.81858037076584,4.359612972970064,79.04400000000001,48.5042572047397,MERCURY,3.0,104.45596416513565,113.57458234053745,-9.118618175401796,78.792,43.92667420416001,98.7409244201115,110.76814148778018,-12.0272170676687,79.388,45.71023064813761,13,0.0
401724938,2024-09-29,LIBERTY,5.0,104.332140131963,99.86964395511944,4.462496176843561,78.056,51.211126708227894,109.37635990128942,98.41886371901802,10.957496182271402,78.708,54.77669730328819,ACES,5.0,111.2130750736956,96.1059714370717,15.107103636623895,76.944,51.92940084451368,105.28988382052373,93.32151709149358,11.968366729030175,78.512,49.91924587680229,10,0.0
401725075,2024-09-29,LYNX,4.0,106.27574144240808,103.12264181000475,3.1530996324033196,78.49600000000001,47.81941649899396,105.47820845794384,97.3352605254282,8.142947932515643,78.86,48.397114347596855,SUN,4.0,106.06258138607598,94.17431705723014,11.888264328845835,77.952,51.41287990480553,102.2998102281363,91.55315109194981,10.746659136186492,77.84,51.886421480918116,-3,0.0
401724939,2024-10-01,LIBERTY,2.0,105.02514432652345,95.73247757918027,9.292666747343167,79.056,53.05008498619759,106.99960769422049,96.54733780903058,10.452269885189903,79.34,53.36768939093274,ACES,2.0,107.87515344285393,98.65636494190885,9.21878850094509,78.136,50.3805413683098,103.07416454472434,94.79115336651107,8.283011178213266,78.94800000000001,48.903522606362046,4,0.0
401725076,2024-10-01,LYNX,2.0,102.10762102867815,102.10004918727414,0.007571841404029556,78.072,46.69265593561368,104.4899357918169,97.40396659985926,7.08596919195764,78.70400000000001,49.03318885918249,SUN,2.0,105.6009489426867,89.33932462383711,16.26162431884958,78.72,52.24954166641999,103.15494672472576,91.0625656533359,12.092381071389841,78.124,52.46134644051174,7,0.0
401724940,2024-10-04,ACES,3.0,105.22231847294582,100.60215434414425,4.620164128801557,79.776,49.109708034976464,104.56744478364917,97.40439378462955,7.163050999019639,78.94800000000001,48.434772606362046,LIBERTY,3.0,105.98959215692916,99.64203340917392,6.347558747755253,78.54400000000001,51.82542282403542,108.36851652147641,98.3043580420003,10.064158479476113,79.372,53.48432671487641,14,0.0
401725077,2024-10-04,SUN,3.0,104.79105240864226,89.86903711726089,14.922015291381374,78.112,51.801780472390135,103.62931496972195,91.80665105755975,11.822663912162188,78.056,52.23746584349682,LYNX,3.0,103.11540352568977,101.68907508037694,1.4263284453128506,77.16,47.14041712964353,103.23295665576049,96.50222214977511,6.730734505985372,77.62,49.188576305512484,-9,0.0
401724941,2024-10-06,ACES,2.0,105.68205223731616,100.88765779653984,4.794394440776304,78.96000000000001,48.26055514663191,107.42572647666616,97.97282996662337,9.452896510042788,79.104,49.271399747337014,LIBERTY,2.0,108.64985144373023,102.91583911715895,5.734012326571263,79.32000000000001,53.08146147137843,109.16251914487323,101.36448160075143,7.798037544121793,79.34,52.64769957390145,-14,0.0
401725078,2024-10-06,SUN,2.0,102.08159174016978,97.98122251748671,4.100369222683085,78.99199999999999,50.31579422172911,103.61958279905859,94.42460496599949,9.194977833059104,78.264,52.150210423084346,LYNX,2.0,113.8755985807368,105.40350454672098,8.472094034015825,77.024,47.745255839320954,106.04438471948194,98.93551419664917,7.1088705228327855,76.708,48.6605162082964,10,0.0
401725079,2024-10-08,LYNX,2.0,110.63711222110055,106.39841996668774,4.238692254412814,75.80799999999999,47.3881129821781,106.29217391237493,102.08916959392812,4.20300431844682,77.104,48.48194477972497,SUN,2.0,102.82892752197486,102.05205760689607,0.7768699150787711,78.304,49.59601400194889,104.38723888913023,96.47168787285722,7.915551016273023,78.264,51.82878185165576,11,0.0
401726988,2024-10-10,LIBERTY,4.0,108.94055039228951,102.84197193422126,6.098578458068258,77.704,55.744475170008556,106.53757489509557,98.57287215883653,7.964702736259049,78.608,53.875285780797995,LYNX,2.0,107.77239297700669,103.984520598432,3.787872378574673,75.55199999999999,47.52204155360666,107.02406720970737,103.55358120421837,3.470486005488996,77.024,47.670729026300315,-2,2.0
401726989,2024-10-13,LIBERTY,3.0,106.06560665897567,102.82084521321781,3.244761445757848,80.10400000000001,57.15948811220011,105.19887339546933,101.34524458416863,3.8536288113007044,79.08000000000001,54.185307410214,LYNX,3.0,112.03819758215727,106.96306584369957,5.075131738457708,77.128,46.92900967814336,107.07290930541771,104.53155751548684,2.541351789930869,77.6,46.81083280687852,14,0.0
401726990,2024-10-16,LYNX,3.0,107.60247187244117,108.05353874544797,-0.4510668730067948,78.312,45.005838648047934,105.35893769906548,104.87130691291244,0.4876307861530279,77.73599999999999,46.07312788884574,LIBERTY,3.0,106.4857767651869,101.87927056070403,4.606506204482878,78.512,56.93678474071851,105.75546054585516,98.80587406994213,6.949586475913023,78.784,54.99343486345805,-3,0.0
401726991,2024-10-18,LYNX,2.0,101.55777447657674,105.18295566169638,-3.625181185119655,80.29599999999999,45.49715378452436,107.71668652865678,105.29323010420869,2.423456424448085,78.66,46.62120481192266,LIBERTY,2.0,104.6693723160057,100.3103764603251,4.358995855680613,78.336,56.15313089456466,105.32948223646744,99.97620493474952,5.353277301717933,78.44,53.98927685930005,2,0.0
401726992,2024-10-20,LIBERTY,2.0,104.01891171419518,96.62576119830801,7.393150515887163,78.65599999999999,57.275808992135595,106.33438157896269,99.77080015773348,6.563581421229213,78.988,55.178635231757006,LYNX,2.0,100.80757625346901,101.37097282070181,-0.5633965672328145,80.87199999999999,44.586691007864395,105.72234423728477,103.88469639369478,1.8376478435899997,78.34,45.98740199502125,5,0.0
