game_id,season,season_type,game_date,game_date_time,team_id,team_uid,team_slug,team_location,team_name,team_abbreviation,team_display_name,team_short_display_name,team_color,team_alternate_color,team_logo,team_home_away,team_score,team_winner,assists,blocks,defensive_rebounds,field_goal_pct,field_goals_made,field_goals_attempted,flagrant_fouls,fouls,free_throw_pct,free_throws_made,free_throws_attempted,largest_lead,offensive_rebounds,steals,team_turnovers,technical_fouls,three_point_field_goal_pct,three_point_field_goals_made,three_point_field_goals_attempted,total_rebounds,total_technical_fouls,total_turnovers,turnovers,opponent_team_id,opponent_team_uid,opponent_team_slug,opponent_team_location,opponent_team_name,opponent_team_abbreviation,opponent_team_display_name,opponent_team_short_display_name,opponent_team_color,opponent_team_alternate_color,opponent_team_logo,opponent_team_score,fast_break_points,points_in_paint,turnover_points
401230734,2020,2,2020-07-25,2020-07-25 15:00:00-04:00,11,s:40~l:59~t:11,phoenix-mercury,Phoenix,MERCURY,PHX,Phoenix Mercury,Mercury,3a267d,e56020,https://a.espncdn.com/i/teamlogos/wnba/500/phx.png,home,76,False,23,3,22,44.3,27,61,0,19,61.9,13,21,4,10,10,0,0,32.1,9,28,32,0,27,27,6,s:40~l:59~t:6,los-angeles-sparks,Los Angeles,Sparks,LA,Los Angeles Sparks,Sparks,532481,49ac9c,https://a.espncdn.com/i/teamlogos/wnba/500/la.png,99,,,
401230735,2020,2,2020-07-25,2020-07-25 17:00:00-04:00,5,s:40~l:59~t:5,indiana-fever,Indiana,FEVER,IND,Indiana Fever,Fever,e2382f,08265b,https://a.espncdn.com/i/teamlogos/wnba/500/ind.png,away,76,False,12,1,22,39.4,28,71,0,21,80.0,12,15,2,6,7,0,0,30.8,8,26,28,0,13,13,16,s:40~l:59~t:16,washington-mystics,Washington,Mystics,WSH,Washington Mystics,Mystics,e03a3e,09295a,https://a.espncdn.com/i/teamlogos/wnba/500/wsh.png,101,,,
401230733,2020,2,2020-07-25,2020-07-25 12:00:00-04:00,14,s:40~l:59~t:14,seattle-storm,Seattle,STORM,SEA,Seattle Storm,Storm,05452a,f7c43c,https://a.espncdn.com/i/teamlogos/wnba/500/sea.png,away,87,True,16,3,32,44.2,34,77,0,21,80.0,12,15,19,8,15,1,0,30.4,7,23,40,0,14,13,9,s:40~l:59~t:9,new-york-liberty,New York,Liberty,NY,New York Liberty,Liberty,0d79b9,89c9bf,https://a.espncdn.com/i/teamlogos/wnba/500/ny.png,71,,,
401230734,2020,2,2020-07-25,2020-07-25 15:00:00-04:00,6,s:40~l:59~t:6,los-angeles-sparks,Los Angeles,SPARKS,LA,Los Angeles Sparks,Sparks,532481,49ac9c,https://a.espncdn.com/i/teamlogos/wnba/500/la.png,away,99,True,21,2,25,55.9,38,68,0,21,82.4,14,17,31,6,14,3,0,45.0,9,20,31,0,18,15,11,s:40~l:59~t:11,phoenix-mercury,Phoenix,Mercury,PHX,Phoenix Mercury,Mercury,3a267d,e56020,https://a.espncdn.com/i/teamlogos/wnba/500/phx.png,76,,,
401230733,2020,2,2020-07-25,2020-07-25 12:00:00-04:00,9,s:40~l:59~t:9,new-york-liberty,New York,LIBERTY,NY,New York Liberty,Liberty,0d79b9,89c9bf,https://a.espncdn.com/i/teamlogos/wnba/500/ny.png,home,71,False,14,5,32,34.8,23,66,0,15,86.4,19,22,2,5,5,1,0,21.4,6,28,37,0,20,19,14,s:40~l:59~t:14,seattle-storm,Seattle,Storm,SEA,Seattle Storm,Storm,05452a,f7c43c,https://a.espncdn.com/i/teamlogos/wnba/500/sea.png,87,,,
401230735,2020,2,2020-07-25,2020-07-25 17:00:00-04:00,16,s:40~l:59~t:16,washington-mystics,Washington,MYSTICS,WSH,Washington Mystics,Mystics,e03a3e,09295a,https://a.espncdn.com/i/teamlogos/wnba/500/wsh.png,home,101,True,16,1,34,55.9,38,68,0,19,90.0,18,20,37,7,5,1,0,41.2,7,17,41,0,14,13,5,s:40~l:59~t:5,indiana-fever,Indiana,Fever,IND,Indiana Fever,Fever,e2382f,08265b,https://a.espncdn.com/i/teamlogos/wnba/500/ind.png,76,,,
401230461,2020,2,2020-07-26,2020-07-26 12:00:00-04:00,18,s:40~l:59~t:18,connecticut-sun,Connecticut,SUN,CONN,Connecticut Sun,Sun,de6b36,002d62,https://a.espncdn.com/i/teamlogos/wnba/500/conn.png,away,69,False,15,5,28,34.8,23,66,0,21,70.0,21,30,11,8,10,1,0,10.5,2,19,36,0,15,14,8,s:40~l:59~t:8,minnesota-lynx,Minnesota,Lynx,MIN,Minnesota Lynx,Lynx,005084,47a757,https://a.espncdn.com/i/teamlogos/wnba/500/min.png,77,,,
401230461,2020,2,2020-07-26,2020-07-26 12:00:00-04:00,8,s:40~l:59~t:8,minnesota-lynx,Minnesota,LYNX,MIN,Minnesota Lynx,Lynx,005084,47a757,https://a.espncdn.com/i/teamlogos/wnba/500/min.png,home,77,True,16,5,33,41.8,28,67,0,21,81.0,17,21,10,7,9,0,0,23.5,4,17,40,0,14,14,18,s:40~l:59~t:18,connecticut-sun,Connecticut,Sun,CONN,Connecticut Sun,Sun,de6b36,002d62,https://a.espncdn.com/i/teamlogos/wnba/500/conn.png,69,,,
401230463,2020,2,2020-07-26,2020-07-26 17:00:00-04:00,20,s:40~l:59~t:20,atlanta-dream,Atlanta,DREAM,ATL,Atlanta Dream,Dream,d02030,383a37,https://a.espncdn.com/i/teamlogos/wnba/500/atl.png,home,105,True,19,4,30,54.8,34,62,0,21,88.2,30,34,12,4,7,1,0,41.2,7,17,34,0,17,16,3,s:40~l:59~t:3,dallas-wings,Dallas,Wings,DAL,Dallas Wings,Wings,11213e,c5d646,https://a.espncdn.com/i/teamlogos/wnba/500/dal.png,95,,,
401230462,2020,2,2020-07-26,2020-07-26 15:00:00-04:00,17,s:40~l:59~t:17,las-vegas-aces,Las Vegas,ACES,LV,Las Vegas Aces,Aces,000000,c7cfd4,https://a.espncdn.com/i/teamlogos/wnba/500/lv.png,home,86,False,23,0,31,46.2,36,78,0,20,73.7,14,19,12,11,8,0,0,0.0,0,6,42,0,17,17,19,s:40~l:59~t:19,chicago-sky,Chicago,Sky,CHI,Chicago Sky,Sky,4f91cd,f1f2f3,https://a.espncdn.com/i/teamlogos/wnba/500/chi.png,88,,,
401230463,2020,2,2020-07-26,2020-07-26 17:00:00-04:00,3,s:40~l:59~t:3,dallas-wings,Dallas,WINGS,DAL,Dallas Wings,Wings,11213e,c5d646,https://a.espncdn.com/i/teamlogos/wnba/500/dal.png,away,95,False,19,1,21,44.2,34,77,0,27,70.0,14,20,7,8,10,1,0,46.4,13,28,29,0,14,13,20,s:40~l:59~t:20,atlanta-dream,Atlanta,Dream,ATL,Atlanta Dream,Dream,d02030,383a37,https://a.espncdn.com/i/teamlogos/wnba/500/atl.png,105,,,
401230462,2020,2,2020-07-26,2020-07-26 15:00:00-04:00,19,s:40~l:59~t:19,chicago-sky,Chicago,SKY,CHI,Chicago Sky,Sky,4f91cd,f1f2f3,https://a.espncdn.com/i/teamlogos/wnba/500/chi.png,away,88,True,25,3,26,45.9,34,74,0,23,78.6,11,14,2,7,7,0,1,33.3,9,27,33,1,16,16,17,s:40~l:59~t:17,las-vegas-aces,Las Vegas,Aces,LV,Las Vegas Aces,Aces,000000,c7cfd4,https://a.espncdn.com/i/teamlogos/wnba/500/lv.png,86,,,
401230466,2020,2,2020-07-28,2020-07-28 22:00:00-04:00,14,s:40~l:59~t:14,seattle-storm,Seattle,STORM,SEA,Seattle Storm,Storm,05452a,f7c43c,https://a.espncdn.com/i/teamlogos/wnba/500/sea.png,home,90,True,25,5,17,53.0,35,66,0,16,69.2,9,13,26,7,9,1,0,44.0,11,25,24,0,12,11,8,s:40~l:59~t:8,minnesota-lynx,Minnesota,Lynx,MIN,Minnesota Lynx,Lynx,005084,47a757,https://a.espncdn.com/i/teamlogos/wnba/500/min.png,66,,,
401230466,2020,2,2020-07-28,2020-07-28 22:00:00-04:00,8,s:40~l:59~t:8,minnesota-lynx,Minnesota,LYNX,MIN,Minnesota Lynx,Lynx,005084,47a757,https://a.espncdn.com/i/teamlogos/wnba/500/min.png,away,66,False,13,1,23,33.9,21,62,0,11,90.5,19,21,2,15,7,3,1,27.8,5,18,38,1,22,19,14,s:40~l:59~t:14,seattle-storm,Seattle,Storm,SEA,Seattle Storm,Storm,05452a,f7c43c,https://a.espncdn.com/i/teamlogos/wnba/500/sea.png,90,,,
401230465,2020,2,2020-07-28,2020-07-28 21:00:00-04:00,19,s:40~l:59~t:19,chicago-sky,Chicago,SKY,CHI,Chicago Sky,Sky,4f91cd,f1f2f3,https://a.espncdn.com/i/teamlogos/wnba/500/chi.png,home,96,True,25,2,33,54.4,37,68,0,17,78.6,11,14,24,5,9,1,0,44.0,11,25,38,0,16,15,6,s:40~l:59~t:6,los-angeles-sparks,Los Angeles,Sparks,LA,Los Angeles Sparks,Sparks,532481,49ac9c,https://a.espncdn.com/i/teamlogos/wnba/500/la.png,78,,,
401230465,2020,2,2020-07-28,2020-07-28 21:00:00-04:00,6,s:40~l:59~t:6,los-angeles-sparks,Los Angeles,SPARKS,LA,Los Angeles Sparks,Sparks,532481,49ac9c,https://a.espncdn.com/i/teamlogos/wnba/500/la.png,away,78,False,18,2,23,42.9,30,70,0,15,73.3,11,15,2,7,10,0,0,35.0,7,20,30,0,16,16,19,s:40~l:59~t:19,chicago-sky,Chicago,Sky,CHI,Chicago Sky,Sky,4f91cd,f1f2f3,https://a.espncdn.com/i/teamlogos/wnba/500/chi.png,96,,,
401230464,2020,2,2020-07-28,2020-07-28 19:00:00-04:00,18,s:40~l:59~t:18,connecticut-sun,Connecticut,SUN,CONN,Connecticut Sun,Sun,de6b36,002d62,https://a.espncdn.com/i/teamlogos/wnba/500/conn.png,home,89,False,16,1,30,45.5,30,66,0,25,73.3,22,30,6,6,8,0,0,38.9,7,18,36,0,16,16,16,s:40~l:59~t:16,washington-mystics,Washington,Mystics,WSH,Washington Mystics,Mystics,e03a3e,09295a,https://a.espncdn.com/i/teamlogos/wnba/500/wsh.png,94,,,
401230464,2020,2,2020-07-28,2020-07-28 19:00:00-04:00,16,s:40~l:59~t:16,washington-mystics,Washington,MYSTICS,WSH,Washington Mystics,Mystics,e03a3e,09295a,https://a.espncdn.com/i/teamlogos/wnba/500/wsh.png,away,94,True,19,0,30,48.6,34,70,0,28,81.0,17,21,15,5,10,0,0,36.0,9,25,35,0,15,15,18,s:40~l:59~t:18,connecticut-sun,Connecticut,Sun,CONN,Connecticut Sun,Sun,de6b36,002d62,https://a.espncdn.com/i/teamlogos/wnba/500/conn.png,89,,,
401230467,2020,2,2020-07-29,2020-07-29 19:00:00-04:00,11,s:40~l:59~t:11,phoenix-mercury,Phoenix,MERCURY,PHX,Phoenix Mercury,Mercury,3a267d,e56020,https://a.espncdn.com/i/teamlogos/wnba/500/phx.png,away,100,False,18,2,20,49.3,34,69,0,24,69.7,23,33,5,8,6,0,1,40.9,9,22,28,1,8,8,5,s:40~l:59~t:5,indiana-fever,Indiana,Fever,IND,Indiana Fever,Fever,e2382f,08265b,https://a.espncdn.com/i/teamlogos/wnba/500/ind.png,106,,,
401230467,2020,2,2020-07-29,2020-07-29 19:00:00-04:00,5,s:40~l:59~t:5,indiana-fever,Indiana,FEVER,IND,Indiana Fever,Fever,e2382f,08265b,https://a.espncdn.com/i/teamlogos/wnba/500/ind.png,home,106,True,17,3,29,51.4,36,70,0,23,92.6,25,27,13,9,2,2,0,45.0,9,20,38,0,14,12,11,s:40~l:59~t:11,phoenix-mercury,Phoenix,Mercury,PHX,Phoenix Mercury,Mercury,3a267d,e56020,https://a.espncdn.com/i/teamlogos/wnba/500/phx.png,100,,,
401230469,2020,2,2020-07-29,2020-07-29 22:00:00-04:00,20,s:40~l:59~t:20,atlanta-dream,Atlanta,DREAM,ATL,Atlanta Dream,Dream,d02030,383a37,https://a.espncdn.com/i/teamlogos/wnba/500/atl.png,away,70,False,12,5,18,40.0,28,70,0,24,64.3,9,14,0,7,12,1,0,17.9,5,28,25,0,17,16,17,s:40~l:59~t:17,las-vegas-aces,Las Vegas,Aces,LV,Las Vegas Aces,Aces,000000,c7cfd4,https://a.espncdn.com/i/teamlogos/wnba/500/lv.png,100,,,
401230468,2020,2,2020-07-29,2020-07-29 20:00:00-04:00,3,s:40~l:59~t:3,dallas-wings,Dallas,WINGS,DAL,Dallas Wings,Wings,11213e,c5d646,https://a.espncdn.com/i/teamlogos/wnba/500/dal.png,home,93,True,18,6,25,50.0,36,72,0,19,64.7,11,17,25,5,8,0,3,43.5,10,23,30,3,10,10,9,s:40~l:59~t:9,new-york-liberty,New York,Liberty,NY,New York Liberty,Liberty,0d79b9,89c9bf,https://a.espncdn.com/i/teamlogos/wnba/500/ny.png,80,,,
401230469,2020,2,2020-07-29,2020-07-29 22:00:00-04:00,17,s:40~l:59~t:17,las-vegas-aces,Las Vegas,ACES,LV,Las Vegas Aces,Aces,000000,c7cfd4,https://a.espncdn.com/i/teamlogos/wnba/500/lv.png,home,100,True,16,1,33,53.5,38,71,0,14,69.2,18,26,32,14,11,0,0,66.7,6,9,47,0,19,19,20,s:40~l:59~t:20,atlanta-dream,Atlanta,Dream,ATL,Atlanta Dream,Dream,d02030,383a37,https://a.espncdn.com/i/teamlogos/wnba/500/atl.png,70,,,
401230468,2020,2,2020-07-29,2020-07-29 20:00:00-04:00,9,s:40~l:59~t:9,new-york-liberty,New York,LIBERTY,NY,New York Liberty,Liberty,0d79b9,89c9bf,https://a.espncdn.com/i/teamlogos/wnba/500/ny.png,away,80,False,16,2,31,42.5,31,73,1,15,75.0,9,12,4,13,5,2,1,36.0,9,25,44,1,20,18,3,s:40~l:59~t:3,dallas-wings,Dallas,Wings,DAL,Dallas Wings,Wings,11213e,c5d646,https://a.espncdn.com/i/teamlogos/wnba/500/dal.png,93,,,
401230470,2020,2,2020-07-30,2020-07-30 18:00:00-04:00,14,s:40~l:59~t:14,seattle-storm,Seattle,STORM,SEA,Seattle Storm,Storm,05452a,f7c43c,https://a.espncdn.com/i/teamlogos/wnba/500/sea.png,away,71,False,16,4,27,39.4,26,66,0,14,93.3,14,15,2,11,4,0,0,20.0,5,25,38,0,18,18,16,s:40~l:59~t:16,washington-mystics,Washington,Mystics,WSH,Washington Mystics,Mystics,e03a3e,09295a,https://a.espncdn.com/i/teamlogos/wnba/500/wsh.png,89,,,
401230470,2020,2,2020-07-30,2020-07-30 18:00:00-04:00,16,s:40~l:59~t:16,washington-mystics,Washington,MYSTICS,WSH,Washington Mystics,Mystics,e03a3e,09295a,https://a.espncdn.com/i/teamlogos/wnba/500/wsh.png,home,89,True,25,1,26,43.4,33,76,0,15,88.9,8,9,25,10,13,1,0,46.9,15,32,36,0,9,8,14,s:40~l:59~t:14,seattle-storm,Seattle,Storm,SEA,Seattle Storm,Storm,05452a,f7c43c,https://a.espncdn.com/i/teamlogos/wnba/500/sea.png,71,,,
401230472,2020,2,2020-07-30,2020-07-30 22:00:00-04:00,6,s:40~l:59~t:6,los-angeles-sparks,Los Angeles,SPARKS,LA,Los Angeles Sparks,Sparks,532481,49ac9c,https://a.espncdn.com/i/teamlogos/wnba/500/la.png,home,81,True,22,3,31,44.4,32,72,0,26,80.0,12,15,12,5,8,0,0,31.3,5,16,36,0,15,15,18,s:40~l:59~t:18,connecticut-sun,Connecticut,Sun,CONN,Connecticut Sun,Sun,de6b36,002d62,https://a.espncdn.com/i/teamlogos/wnba/500/conn.png,76,,,
401230471,2020,2,2020-07-30,2020-07-30 20:00:00-04:00,8,s:40~l:59~t:8,minnesota-lynx,Minnesota,LYNX,MIN,Minnesota Lynx,Lynx,005084,47a757,https://a.espncdn.com/i/teamlogos/wnba/500/min.png,home,83,True,17,4,25,46.9,30,64,0,22,77.3,17,22,12,10,10,1,2,35.3,6,17,35,2,16,15,19,s:40~l:59~t:19,chicago-sky,Chicago,Sky,CHI,Chicago Sky,Sky,4f91cd,f1f2f3,https://a.espncdn.com/i/teamlogos/wnba/500/chi.png,81,,,
401230472,2020,2,2020-07-30,2020-07-30 22:00:00-04:00,18,s:40~l:59~t:18,connecticut-sun,Connecticut,SUN,CONN,Connecticut Sun,Sun,de6b36,002d62,https://a.espncdn.com/i/teamlogos/wnba/500/conn.png,away,76,False,19,0,32,35.6,26,73,0,19,67.9,19,28,6,13,9,0,1,33.3,5,15,45,1,14,14,6,s:40~l:59~t:6,los-angeles-sparks,Los Angeles,Sparks,LA,Los Angeles Sparks,Sparks,532481,49ac9c,https://a.espncdn.com/i/teamlogos/wnba/500/la.png,81,,,
401230471,2020,2,2020-07-30,2020-07-30 20:00:00-04:00,19,s:40~l:59~t:19,chicago-sky,Chicago,SKY,CHI,Chicago Sky,Sky,4f91cd,f1f2f3,https://a.espncdn.com/i/teamlogos/wnba/500/chi.png,away,81,False,18,3,25,44.9,31,69,0,22,76.5,13,17,5,8,8,1,0,25.0,6,24,33,0,15,14,8,s:40~l:59~t:8,minnesota-lynx,Minnesota,Lynx,MIN,Minnesota Lynx,Lynx,005084,47a757,https://a.espncdn.com/i/teamlogos/wnba/500/min.png,83,,,
401230755,2020,2,2020-07-31,2020-07-31 22:00:00-04:00,11,s:40~l:59~t:11,phoenix-mercury,Phoenix,MERCURY,PHX,Phoenix Mercury,Mercury,3a267d,e56020,https://a.espncdn.com/i/teamlogos/wnba/500/phx.png,home,102,True,30,9,29,57.6,38,66,0,26,78.9,15,19,23,2,4,1,1,55.0,11,20,31,1,14,13,17,s:40~l:59~t:17,las-vegas-aces,Las Vegas,Aces,LV,Las Vegas Aces,Aces,000000,c7cfd4,https://a.espncdn.com/i/teamlogos/wnba/500/lv.png,95,,,
401230755,2020,2,2020-07-31,2020-07-31 22:00:00-04:00,17,s:40~l:59~t:17,las-vegas-aces,Las Vegas,ACES,LV,Las Vegas Aces,Aces,000000,c7cfd4,https://a.espncdn.com/i/teamlogos/wnba/500/lv.png,away,95,False,22,1,25,45.7,32,70,0,17,85.7,24,28,0,5,8,0,0,50.0,7,14,30,0,10,10,11,s:40~l:59~t:11,phoenix-mercury,Phoenix,Mercury,PHX,Phoenix Mercury,Mercury,3a267d,e56020,https://a.espncdn.com/i/teamlogos/wnba/500/phx.png,102,,,
401230754,2020,2,2020-07-31,2020-07-31 20:00:00-04:00,3,s:40~l:59~t:3,dallas-wings,Dallas,WINGS,DAL,Dallas Wings,Wings,11213e,c5d646,https://a.espncdn.com/i/teamlogos/wnba/500/dal.png,home,76,True,10,5,27,35.1,26,74,0,18,84.0,21,25,3,16,7,3,1,12.0,3,25,43,1,11,8,5,s:40~l:59~t:5,indiana-fever,Indiana,Fever,IND,Indiana Fever,Fever,e2382f,08265b,https://a.espncdn.com/i/teamlogos/wnba/500/ind.png,73,,,
401230754,2020,2,2020-07-31,2020-07-31 20:00:00-04:00,5,s:40~l:59~t:5,indiana-fever,Indiana,FEVER,IND,Indiana Fever,Fever,e2382f,08265b,https://a.espncdn.com/i/teamlogos/wnba/500/ind.png,away,73,False,18,1,26,36.1,26,72,0,19,84.2,16,19,14,15,4,0,0,26.3,5,19,41,0,14,14,3,s:40~l:59~t:3,dallas-wings,Dallas,Wings,DAL,Dallas Wings,Wings,11213e,c5d646,https://a.espncdn.com/i/teamlogos/wnba/500/dal.png,76,,,
401230753,2020,2,2020-07-31,2020-07-31 19:00:00-04:00,20,s:40~l:59~t:20,atlanta-dream,Atlanta,DREAM,ATL,Atlanta Dream,Dream,d02030,383a37,https://a.espncdn.com/i/teamlogos/wnba/500/atl.png,home,84,True,11,2,26,37.3,28,75,0,20,80.6,25,31,14,17,8,2,0,30.0,3,10,43,0,17,15,9,s:40~l:59~t:9,new-york-liberty,New York,Liberty,NY,New York Liberty,Liberty,0d79b9,89c9bf,https://a.espncdn.com/i/teamlogos/wnba/500/ny.png,78,,,
401230753,2020,2,2020-07-31,2020-07-31 19:00:00-04:00,9,s:40~l:59~t:9,new-york-liberty,New York,LIBERTY,NY,New York Liberty,Liberty,0d79b9,89c9bf,https://a.espncdn.com/i/teamlogos/wnba/500/ny.png,away,78,False,13,11,25,38.9,28,72,0,23,88.2,15,17,4,8,8,0,0,24.1,7,29,33,0,15,15,20,s:40~l:59~t:20,atlanta-dream,Atlanta,Dream,ATL,Atlanta Dream,Dream,d02030,383a37,https://a.espncdn.com/i/teamlogos/wnba/500/atl.png,84,,,
401230756,2020,2,2020-08-01,2020-08-01 16:00:00-04:00,8,s:40~l:59~t:8,minnesota-lynx,Minnesota,LYNX,MIN,Minnesota Lynx,Lynx,005084,47a757,https://a.espncdn.com/i/teamlogos/wnba/500/min.png,away,78,True,13,7,28,42.2,27,64,0,20,76.9,20,26,11,12,11,1,0,21.1,4,19,40,0,18,17,18,s:40~l:59~t:18,connecticut-sun,Connecticut,Sun,CONN,Connecticut Sun,Sun,de6b36,002d62,https://a.espncdn.com/i/teamlogos/wnba/500/conn.png,69,,,
401230756,2020,2,2020-08-01,2020-08-01 16:00:00-04:00,18,s:40~l:59~t:18,connecticut-sun,Connecticut,SUN,CONN,Connecticut Sun,Sun,de6b36,002d62,https://a.espncdn.com/i/teamlogos/wnba/500/conn.png,home,69,False,10,3,19,34.9,22,63,0,18,70.8,17,24,10,8,12,0,0,33.3,8,24,27,0,16,16,8,s:40~l:59~t:8,minnesota-lynx,Minnesota,Lynx,MIN,Minnesota Lynx,Lynx,005084,47a757,https://a.espncdn.com/i/teamlogos/wnba/500/min.png,78,,,
401230757,2020,2,2020-08-01,2020-08-01 18:00:00-04:00,16,s:40~l:59~t:16,washington-mystics,Washington,MYSTICS,WSH,Washington Mystics,Mystics,e03a3e,09295a,https://a.espncdn.com/i/teamlogos/wnba/500/wsh.png,away,86,False,20,1,28,41.9,31,74,0,12,80.0,16,20,9,7,10,0,0,36.4,8,22,35,0,14,14,19,s:40~l:59~t:19,chicago-sky,Chicago,Sky,CHI,Chicago Sky,Sky,4f91cd,f1f2f3,https://a.espncdn.com/i/teamlogos/wnba/500/chi.png,88,,,
401230757,2020,2,2020-08-01,2020-08-01 18:00:00-04:00,19,s:40~l:59~t:19,chicago-sky,Chicago,SKY,CHI,Chicago Sky,Sky,4f91cd,f1f2f3,https://a.espncdn.com/i/teamlogos/wnba/500/chi.png,home,88,True,25,5,31,51.4,36,70,0,19,57.1,4,7,9,4,7,1,0,48.0,12,25,35,0,18,17,16,s:40~l:59~t:16,washington-mystics,Washington,Mystics,WSH,Washington Mystics,Mystics,e03a3e,09295a,https://a.espncdn.com/i/teamlogos/wnba/500/wsh.png,86,,,
401230758,2020,2,2020-08-01,2020-08-01 20:00:00-04:00,14,s:40~l:59~t:14,seattle-storm,Seattle,STORM,SEA,Seattle Storm,Storm,05452a,f7c43c,https://a.espncdn.com/i/teamlogos/wnba/500/sea.png,home,81,True,19,2,31,50.0,31,62,0,21,57.9,11,19,17,5,10,0,0,34.8,8,23,36,0,16,16,6,s:40~l:59~t:6,los-angeles-sparks,Los Angeles,Sparks,LA,Los Angeles Sparks,Sparks,532481,49ac9c,https://a.espncdn.com/i/teamlogos/wnba/500/la.png,75,,,
401230758,2020,2,2020-08-01,2020-08-01 20:00:00-04:00,6,s:40~l:59~t:6,los-angeles-sparks,Los Angeles,SPARKS,LA,Los Angeles Sparks,Sparks,532481,49ac9c,https://a.espncdn.com/i/teamlogos/wnba/500/la.png,away,75,False,16,2,22,38.7,29,75,0,15,76.9,10,13,0,11,10,1,1,29.2,7,24,33,1,15,14,14,s:40~l:59~t:14,seattle-storm,Seattle,Storm,SEA,Seattle Storm,Storm,05452a,f7c43c,https://a.espncdn.com/i/teamlogos/wnba/500/sea.png,81,,,
401230759,2020,2,2020-08-02,2020-08-02 13:00:00-04:00,11,s:40~l:59~t:11,phoenix-mercury,Phoenix,MERCURY,PHX,Phoenix Mercury,Mercury,3a267d,e56020,https://a.espncdn.com/i/teamlogos/wnba/500/phx.png,away,96,True,20,9,38,48.5,32,66,0,29,81.8,27,33,29,9,8,0,3,26.3,5,19,47,3,13,13,9,s:40~l:59~t:9,new-york-liberty,New York,Liberty,NY,New York Liberty,Liberty,0d79b9,89c9bf,https://a.espncdn.com/i/teamlogos/wnba/500/ny.png,67,,,
401230759,2020,2,2020-08-02,2020-08-02 13:00:00-04:00,9,s:40~l:59~t:9,new-york-liberty,New York,LIBERTY,NY,New York Liberty,Liberty,0d79b9,89c9bf,https://a.espncdn.com/i/teamlogos/wnba/500/ny.png,home,67,False,13,2,24,24.7,18,73,1,30,89.7,26,29,0,10,4,1,0,14.3,5,35,34,0,14,13,11,s:40~l:59~t:11,phoenix-mercury,Phoenix,Mercury,PHX,Phoenix Mercury,Mercury,3a267d,e56020,https://a.espncdn.com/i/teamlogos/wnba/500/phx.png,96,,,
401230761,2020,2,2020-08-02,2020-08-02 18:00:00-04:00,3,s:40~l:59~t:3,dallas-wings,Dallas,WINGS,DAL,Dallas Wings,Wings,11213e,c5d646,https://a.espncdn.com/i/teamlogos/wnba/500/dal.png,away,70,False,11,5,21,36.8,28,76,0,23,83.3,10,12,0,9,10,1,0,13.3,4,30,30,0,11,10,17,s:40~l:59~t:17,las-vegas-aces,Las Vegas,Aces,LV,Las Vegas Aces,Aces,000000,c7cfd4,https://a.espncdn.com/i/teamlogos/wnba/500/lv.png,79,,,
401230760,2020,2,2020-08-02,2020-08-02 15:30:00-04:00,5,s:40~l:59~t:5,indiana-fever,Indiana,FEVER,IND,Indiana Fever,Fever,e2382f,08265b,https://a.espncdn.com/i/teamlogos/wnba/500/ind.png,home,93,True,26,5,23,51.5,34,66,0,13,81.0,17,21,16,9,5,1,0,40.0,8,20,32,0,16,15,20,s:40~l:59~t:20,atlanta-dream,Atlanta,Dream,ATL,Atlanta Dream,Dream,d02030,383a37,https://a.espncdn.com/i/teamlogos/wnba/500/atl.png,77,,,
401230761,2020,2,2020-08-02,2020-08-02 18:00:00-04:00,17,s:40~l:59~t:17,las-vegas-aces,Las Vegas,ACES,LV,Las Vegas Aces,Aces,000000,c7cfd4,https://a.espncdn.com/i/teamlogos/wnba/500/lv.png,home,79,True,17,1,33,43.5,27,62,0,14,81.5,22,27,15,7,3,0,0,21.4,3,14,40,0,18,18,3,s:40~l:59~t:3,dallas-wings,Dallas,Wings,DAL,Dallas Wings,Wings,11213e,c5d646,https://a.espncdn.com/i/teamlogos/wnba/500/dal.png,70,,,
401230760,2020,2,2020-08-02,2020-08-02 15:30:00-04:00,20,s:40~l:59~t:20,atlanta-dream,Atlanta,DREAM,ATL,Atlanta Dream,Dream,d02030,383a37,https://a.espncdn.com/i/teamlogos/wnba/500/atl.png,away,77,False,18,0,21,47.8,33,69,0,22,87.5,7,8,10,5,6,2,0,36.4,4,11,26,0,14,12,5,s:40~l:59~t:5,indiana-fever,Indiana,Fever,IND,Indiana Fever,Fever,e2382f,08265b,https://a.espncdn.com/i/teamlogos/wnba/500/ind.png,93,,,
401230764,2020,2,2020-08-04,2020-08-04 21:00:00-04:00,18,s:40~l:59~t:18,connecticut-sun,Connecticut,SUN,CONN,Connecticut Sun,Sun,de6b36,002d62,https://a.espncdn.com/i/teamlogos/wnba/500/conn.png,away,74,False,22,2,25,43.5,30,69,0,18,58.3,7,12,6,10,7,1,0,28.0,7,25,35,0,15,14,14,s:40~l:59~t:14,seattle-storm,Seattle,Storm,SEA,Seattle Storm,Storm,05452a,f7c43c,https://a.espncdn.com/i/teamlogos/wnba/500/sea.png,87,,,
401230763,2020,2,2020-08-04,2020-08-04 19:00:00-04:00,20,s:40~l:59~t:20,atlanta-dream,Atlanta,DREAM,ATL,Atlanta Dream,Dream,d02030,383a37,https://a.espncdn.com/i/teamlogos/wnba/500/atl.png,home,74,False,15,2,30,46.8,29,62,0,25,92.3,12,13,9,5,7,0,0,30.8,4,13,35,0,23,23,11,s:40~l:59~t:11,phoenix-mercury,Phoenix,Mercury,PHX,Phoenix Mercury,Mercury,3a267d,e56020,https://a.espncdn.com/i/teamlogos/wnba/500/phx.png,81,,,
401230763,2020,2,2020-08-04,2020-08-04 19:00:00-04:00,11,s:40~l:59~t:11,phoenix-mercury,Phoenix,MERCURY,PHX,Phoenix Mercury,Mercury,3a267d,e56020,https://a.espncdn.com/i/teamlogos/wnba/500/phx.png,away,81,True,19,2,23,38.7,29,75,0,18,86.4,19,22,9,10,7,2,0,20.0,4,20,33,0,12,10,20,s:40~l:59~t:20,atlanta-dream,Atlanta,Dream,ATL,Atlanta Dream,Dream,d02030,383a37,https://a.espncdn.com/i/teamlogos/wnba/500/atl.png,74,,,
401230762,2020,2,2020-08-04,2020-08-04 18:00:00-04:00,19,s:40~l:59~t:19,chicago-sky,Chicago,SKY,CHI,Chicago Sky,Sky,4f91cd,f1f2f3,https://a.espncdn.com/i/teamlogos/wnba/500/chi.png,home,82,True,19,2,30,46.4,32,69,0,15,75.0,9,12,12,10,7,1,1,45.0,9,20,40,1,14,13,3,s:40~l:59~t:3,dallas-wings,Dallas,Wings,DAL,Dallas Wings,Wings,11213e,c5d646,https://a.espncdn.com/i/teamlogos/wnba/500/dal.png,79,,,
401230762,2020,2,2020-08-04,2020-08-04 18:00:00-04:00,3,s:40~l:59~t:3,dallas-wings,Dallas,WINGS,DAL,Dallas Wings,Wings,11213e,c5d646,https://a.espncdn.com/i/teamlogos/wnba/500/dal.png,away,79,False,12,5,22,40.3,29,72,0,17,78.6,11,14,4,9,9,0,0,35.7,10,28,31,0,10,10,19,s:40~l:59~t:19,chicago-sky,Chicago,Sky,CHI,Chicago Sky,Sky,4f91cd,f1f2f3,https://a.espncdn.com/i/teamlogos/wnba/500/chi.png,82,,,
401230764,2020,2,2020-08-04,2020-08-04 21:00:00-04:00,14,s:40~l:59~t:14,seattle-storm,Seattle,STORM,SEA,Seattle Storm,Storm,05452a,f7c43c,https://a.espncdn.com/i/teamlogos/wnba/500/sea.png,home,87,True,17,8,23,47.7,31,65,0,14,77.8,14,18,19,8,10,0,0,52.4,11,21,31,0,9,9,18,s:40~l:59~t:18,connecticut-sun,Connecticut,Sun,CONN,Connecticut Sun,Sun,de6b36,002d62,https://a.espncdn.com/i/teamlogos/wnba/500/conn.png,74,,,
401230765,2020,2,2020-08-05,2020-08-05 19:00:00-04:00,9,s:40~l:59~t:9,new-york-liberty,New York,LIBERTY,NY,New York Liberty,Liberty,0d79b9,89c9bf,https://a.espncdn.com/i/teamlogos/wnba/500/ny.png,home,66,False,18,3,21,39.1,25,64,0,16,72.7,8,11,4,9,8,2,0,30.8,8,26,30,0,24,22,8,s:40~l:59~t:8,minnesota-lynx,Minnesota,Lynx,MIN,Minnesota Lynx,Lynx,005084,47a757,https://a.espncdn.com/i/teamlogos/wnba/500/min.png,92,,,
401230765,2020,2,2020-08-05,2020-08-05 19:00:00-04:00,8,s:40~l:59~t:8,minnesota-lynx,Minnesota,LYNX,MIN,Minnesota Lynx,Lynx,005084,47a757,https://a.espncdn.com/i/teamlogos/wnba/500/min.png,away,92,True,22,4,27,50.7,36,71,0,11,76.9,10,13,27,11,14,0,1,47.6,10,21,38,1,14,14,9,s:40~l:59~t:9,new-york-liberty,New York,Liberty,NY,New York Liberty,Liberty,0d79b9,89c9bf,https://a.espncdn.com/i/teamlogos/wnba/500/ny.png,66,,,
401230766,2020,2,2020-08-05,2020-08-05 20:00:00-04:00,17,s:40~l:59~t:17,las-vegas-aces,Las Vegas,ACES,LV,Las Vegas Aces,Aces,000000,c7cfd4,https://a.espncdn.com/i/teamlogos/wnba/500/lv.png,away,83,True,11,0,32,49.1,28,57,0,17,76.7,23,30,8,6,6,1,0,40.0,4,10,38,0,16,15,16,s:40~l:59~t:16,washington-mystics,Washington,Mystics,WSH,Washington Mystics,Mystics,e03a3e,09295a,https://a.espncdn.com/i/teamlogos/wnba/500/wsh.png,77,,,
401230767,2020,2,2020-08-05,2020-08-05 22:00:00-04:00,5,s:40~l:59~t:5,indiana-fever,Indiana,FEVER,IND,Indiana Fever,Fever,e2382f,08265b,https://a.espncdn.com/i/teamlogos/wnba/500/ind.png,away,75,False,17,0,23,41.3,26,63,0,20,90.0,18,20,3,6,5,2,0,27.8,5,18,29,0,17,15,6,s:40~l:59~t:6,los-angeles-sparks,Los Angeles,Sparks,LA,Los Angeles Sparks,Sparks,532481,49ac9c,https://a.espncdn.com/i/teamlogos/wnba/500/la.png,86,,,
401230767,2020,2,2020-08-05,2020-08-05 22:00:00-04:00,6,s:40~l:59~t:6,los-angeles-sparks,Los Angeles,SPARKS,LA,Los Angeles Sparks,Sparks,532481,49ac9c,https://a.espncdn.com/i/teamlogos/wnba/500/la.png,home,86,True,16,6,25,48.4,31,64,0,21,78.3,18,23,21,4,9,0,1,35.3,6,17,29,1,12,12,5,s:40~l:59~t:5,indiana-fever,Indiana,Fever,IND,Indiana Fever,Fever,e2382f,08265b,https://a.espncdn.com/i/teamlogos/wnba/500/ind.png,75,,,
401230766,2020,2,2020-08-05,2020-08-05 20:00:00-04:00,16,s:40~l:59~t:16,washington-mystics,Washington,MYSTICS,WSH,Washington Mystics,Mystics,e03a3e,09295a,https://a.espncdn.com/i/teamlogos/wnba/500/wsh.png,home,77,False,17,1,22,41.9,31,74,0,23,63.6,7,11,11,8,7,1,2,30.8,8,26,30,2,12,11,17,s:40~l:59~t:17,las-vegas-aces,Las Vegas,Aces,LV,Las Vegas Aces,Aces,000000,c7cfd4,https://a.espncdn.com/i/teamlogos/wnba/500/lv.png,83,,,
401230770,2020,2,2020-08-06,2020-08-06 22:00:00-04:00,11,s:40~l:59~t:11,phoenix-mercury,Phoenix,MERCURY,PHX,Phoenix Mercury,Mercury,3a267d,e56020,https://a.espncdn.com/i/teamlogos/wnba/500/phx.png,home,96,True,17,7,23,52.5,32,61,1,19,84.6,22,26,17,4,8,1,1,52.6,10,19,27,1,22,21,19,s:40~l:59~t:19,chicago-sky,Chicago,Sky,CHI,Chicago Sky,Sky,4f91cd,f1f2f3,https://a.espncdn.com/i/teamlogos/wnba/500/chi.png,86,,,
401230770,2020,2,2020-08-06,2020-08-06 22:00:00-04:00,19,s:40~l:59~t:19,chicago-sky,Chicago,SKY,CHI,Chicago Sky,Sky,4f91cd,f1f2f3,https://a.espncdn.com/i/teamlogos/wnba/500/chi.png,away,86,False,19,4,22,45.7,32,70,0,28,81.3,13,16,8,12,12,2,4,37.5,9,24,34,4,21,19,11,s:40~l:59~t:11,phoenix-mercury,Phoenix,Mercury,PHX,Phoenix Mercury,Mercury,3a267d,e56020,https://a.espncdn.com/i/teamlogos/wnba/500/phx.png,96,,,
401230769,2020,2,2020-08-06,2020-08-06 20:00:00-04:00,3,s:40~l:59~t:3,dallas-wings,Dallas,WINGS,DAL,Dallas Wings,Wings,11213e,c5d646,https://a.espncdn.com/i/teamlogos/wnba/500/dal.png,home,68,False,13,1,20,38.4,28,73,0,16,44.4,4,9,0,10,9,1,1,27.6,8,29,30,1,18,17,18,s:40~l:59~t:18,connecticut-sun,Connecticut,Sun,CONN,Connecticut Sun,Sun,de6b36,002d62,https://a.espncdn.com/i/teamlogos/wnba/500/conn.png,91,,,
401230769,2020,2,2020-08-06,2020-08-06 20:00:00-04:00,18,s:40~l:59~t:18,connecticut-sun,Connecticut,SUN,CONN,Connecticut Sun,Sun,de6b36,002d62,https://a.espncdn.com/i/teamlogos/wnba/500/conn.png,away,91,True,22,3,26,54.5,36,66,0,16,82.4,14,17,25,6,9,1,1,27.8,5,18,32,1,15,14,3,s:40~l:59~t:3,dallas-wings,Dallas,Wings,DAL,Dallas Wings,Wings,11213e,c5d646,https://a.espncdn.com/i/teamlogos/wnba/500/dal.png,68,,,
401230768,2020,2,2020-08-06,2020-08-06 18:00:00-04:00,20,s:40~l:59~t:20,atlanta-dream,Atlanta,DREAM,ATL,Atlanta Dream,Dream,d02030,383a37,https://a.espncdn.com/i/teamlogos/wnba/500/atl.png,home,92,False,12,5,30,45.6,31,68,0,22,100.0,20,20,7,7,7,0,0,37.0,10,27,37,0,17,17,14,s:40~l:59~t:14,seattle-storm,Seattle,Storm,SEA,Seattle Storm,Storm,05452a,f7c43c,https://a.espncdn.com/i/teamlogos/wnba/500/sea.png,93,,,
401230768,2020,2,2020-08-06,2020-08-06 18:00:00-04:00,14,s:40~l:59~t:14,seattle-storm,Seattle,STORM,SEA,Seattle Storm,Storm,05452a,f7c43c,https://a.espncdn.com/i/teamlogos/wnba/500/sea.png,away,93,True,21,3,25,42.5,31,73,0,18,92.6,25,27,17,8,11,0,0,28.6,6,21,33,0,11,11,20,s:40~l:59~t:20,atlanta-dream,Atlanta,Dream,ATL,Atlanta Dream,Dream,d02030,383a37,https://a.espncdn.com/i/teamlogos/wnba/500/atl.png,92,,,
401230771,2020,2,2020-08-07,2020-08-07 18:00:00-04:00,5,s:40~l:59~t:5,indiana-fever,Indiana,FEVER,IND,Indiana Fever,Fever,e2382f,08265b,https://a.espncdn.com/i/teamlogos/wnba/500/ind.png,away,80,False,18,6,18,44.8,30,67,0,17,76.9,10,13,11,11,2,0,0,41.7,10,24,29,0,17,17,8,s:40~l:59~t:8,minnesota-lynx,Minnesota,Lynx,MIN,Minnesota Lynx,Lynx,005084,47a757,https://a.espncdn.com/i/teamlogos/wnba/500/min.png,87,,,
401230771,2020,2,2020-08-07,2020-08-07 18:00:00-04:00,8,s:40~l:59~t:8,minnesota-lynx,Minnesota,LYNX,MIN,Minnesota Lynx,Lynx,005084,47a757,https://a.espncdn.com/i/teamlogos/wnba/500/min.png,home,87,True,20,3,19,51.6,32,62,0,20,83.3,15,18,15,10,12,4,0,50.0,8,16,29,0,16,12,5,s:40~l:59~t:5,indiana-fever,Indiana,Fever,IND,Indiana Fever,Fever,e2382f,08265b,https://a.espncdn.com/i/teamlogos/wnba/500/ind.png,80,,,
401230773,2020,2,2020-08-07,2020-08-07 21:00:00-04:00,6,s:40~l:59~t:6,los-angeles-sparks,Los Angeles,SPARKS,LA,Los Angeles Sparks,Sparks,532481,49ac9c,https://a.espncdn.com/i/teamlogos/wnba/500/la.png,away,82,False,18,6,26,41.7,30,72,0,20,94.1,16,17,4,7,9,0,1,30.0,6,20,33,1,13,13,17,s:40~l:59~t:17,las-vegas-aces,Las Vegas,Aces,LV,Las Vegas Aces,Aces,000000,c7cfd4,https://a.espncdn.com/i/teamlogos/wnba/500/lv.png,86,,,
401230772,2020,2,2020-08-07,2020-08-07 19:00:00-04:00,16,s:40~l:59~t:16,washington-mystics,Washington,MYSTICS,WSH,Washington Mystics,Mystics,e03a3e,09295a,https://a.espncdn.com/i/teamlogos/wnba/500/wsh.png,home,66,False,12,2,25,37.7,23,61,0,21,80.0,16,20,1,1,9,0,2,25.0,4,16,26,2,14,14,9,s:40~l:59~t:9,new-york-liberty,New York,Liberty,NY,New York Liberty,Liberty,0d79b9,89c9bf,https://a.espncdn.com/i/teamlogos/wnba/500/ny.png,74,,,
401230773,2020,2,2020-08-07,2020-08-07 21:00:00-04:00,17,s:40~l:59~t:17,las-vegas-aces,Las Vegas,ACES,LV,Las Vegas Aces,Aces,000000,c7cfd4,https://a.espncdn.com/i/teamlogos/wnba/500/lv.png,home,86,True,20,3,35,50.0,34,68,0,19,87.5,14,16,12,7,6,0,0,57.1,4,7,42,0,18,18,6,s:40~l:59~t:6,los-angeles-sparks,Los Angeles,Sparks,LA,Los Angeles Sparks,Sparks,532481,49ac9c,https://a.espncdn.com/i/teamlogos/wnba/500/la.png,82,,,
401230772,2020,2,2020-08-07,2020-08-07 19:00:00-04:00,9,s:40~l:59~t:9,new-york-liberty,New York,LIBERTY,NY,New York Liberty,Liberty,0d79b9,89c9bf,https://a.espncdn.com/i/teamlogos/wnba/500/ny.png,away,74,True,16,2,32,39.3,22,56,0,24,75.0,18,24,16,6,4,1,2,37.5,12,32,38,2,19,18,16,s:40~l:59~t:16,washington-mystics,Washington,Mystics,WSH,Washington Mystics,Mystics,e03a3e,09295a,https://a.espncdn.com/i/teamlogos/wnba/500/wsh.png,66,,,
401230774,2020,2,2020-08-08,2020-08-08 12:00:00-04:00,20,s:40~l:59~t:20,atlanta-dream,Atlanta,DREAM,ATL,Atlanta Dream,Dream,d02030,383a37,https://a.espncdn.com/i/teamlogos/wnba/500/atl.png,away,75,False,13,7,20,40.8,29,71,0,13,69.2,9,13,7,11,4,0,1,42.1,8,19,31,1,12,12,3,s:40~l:59~t:3,dallas-wings,Dallas,Wings,DAL,Dallas Wings,Wings,11213e,c5d646,https://a.espncdn.com/i/teamlogos/wnba/500/dal.png,85,,,
401230774,2020,2,2020-08-08,2020-08-08 12:00:00-04:00,3,s:40~l:59~t:3,dallas-wings,Dallas,WINGS,DAL,Dallas Wings,Wings,11213e,c5d646,https://a.espncdn.com/i/teamlogos/wnba/500/dal.png,home,85,True,17,4,29,46.3,31,67,0,15,86.7,13,15,10,10,9,4,0,40.0,10,25,39,0,17,13,20,s:40~l:59~t:20,atlanta-dream,Atlanta,Dream,ATL,Atlanta Dream,Dream,d02030,383a37,https://a.espncdn.com/i/teamlogos/wnba/500/atl.png,75,,,
401230775,2020,2,2020-08-08,2020-08-08 15:00:00-04:00,11,s:40~l:59~t:11,phoenix-mercury,Phoenix,MERCURY,PHX,Phoenix Mercury,Mercury,3a267d,e56020,https://a.espncdn.com/i/teamlogos/wnba/500/phx.png,away,68,False,16,5,24,36.4,24,66,0,18,88.9,16,18,7,7,11,1,0,20.0,4,20,31,0,19,18,14,s:40~l:59~t:14,seattle-storm,Seattle,Storm,SEA,Seattle Storm,Storm,05452a,f7c43c,https://a.espncdn.com/i/teamlogos/wnba/500/sea.png,74,,,
401230776,2020,2,2020-08-08,2020-08-08 17:00:00-04:00,19,s:40~l:59~t:19,chicago-sky,Chicago,SKY,CHI,Chicago Sky,Sky,4f91cd,f1f2f3,https://a.espncdn.com/i/teamlogos/wnba/500/chi.png,away,100,True,21,1,22,55.2,32,58,0,19,90.6,29,32,11,7,12,0,0,38.9,7,18,29,0,21,21,18,s:40~l:59~t:18,connecticut-sun,Connecticut,Sun,CONN,Connecticut Sun,Sun,de6b36,002d62,https://a.espncdn.com/i/teamlogos/wnba/500/conn.png,93,,,
401230776,2020,2,2020-08-08,2020-08-08 17:00:00-04:00,18,s:40~l:59~t:18,connecticut-sun,Connecticut,SUN,CONN,Connecticut Sun,Sun,de6b36,002d62,https://a.espncdn.com/i/teamlogos/wnba/500/conn.png,home,93,False,22,2,17,55.6,35,63,0,25,76.2,16,21,0,4,12,0,0,50.0,7,14,21,0,19,19,19,s:40~l:59~t:19,chicago-sky,Chicago,Sky,CHI,Chicago Sky,Sky,4f91cd,f1f2f3,https://a.espncdn.com/i/teamlogos/wnba/500/chi.png,100,,,
401230775,2020,2,2020-08-08,2020-08-08 15:00:00-04:00,14,s:40~l:59~t:14,seattle-storm,Seattle,STORM,SEA,Seattle Storm,Storm,05452a,f7c43c,https://a.espncdn.com/i/teamlogos/wnba/500/sea.png,home,74,True,19,3,33,38.5,25,65,0,20,75.0,12,16,21,8,12,5,0,50.0,12,24,41,0,24,19,11,s:40~l:59~t:11,phoenix-mercury,Phoenix,Mercury,PHX,Phoenix Mercury,Mercury,3a267d,e56020,https://a.espncdn.com/i/teamlogos/wnba/500/phx.png,68,,,
401230778,2020,2,2020-08-09,2020-08-09 19:00:00-04:00,5,s:40~l:59~t:5,indiana-fever,Indiana,FEVER,IND,Indiana Fever,Fever,e2382f,08265b,https://a.espncdn.com/i/teamlogos/wnba/500/ind.png,home,91,True,17,2,30,50.0,29,58,0,22,80.6,25,31,16,9,4,2,0,47.1,8,17,39,0,18,16,16,s:40~l:59~t:16,washington-mystics,Washington,Mystics,WSH,Washington Mystics,Mystics,e03a3e,09295a,https://a.espncdn.com/i/teamlogos/wnba/500/wsh.png,84,,,
401230778,2020,2,2020-08-09,2020-08-09 19:00:00-04:00,16,s:40~l:59~t:16,washington-mystics,Washington,MYSTICS,WSH,Washington Mystics,Mystics,e03a3e,09295a,https://a.espncdn.com/i/teamlogos/wnba/500/wsh.png,away,84,False,16,1,21,37.7,26,69,0,22,75.8,25,33,4,10,10,0,0,33.3,7,21,31,0,9,9,5,s:40~l:59~t:5,indiana-fever,Indiana,Fever,IND,Indiana Fever,Fever,e2382f,08265b,https://a.espncdn.com/i/teamlogos/wnba/500/ind.png,91,,,
401230777,2020,2,2020-08-09,2020-08-09 17:00:00-04:00,9,s:40~l:59~t:9,new-york-liberty,New York,LIBERTY,NY,New York Liberty,Liberty,0d79b9,89c9bf,https://a.espncdn.com/i/teamlogos/wnba/500/ny.png,home,76,False,17,3,24,43.8,28,64,0,23,62.5,10,16,12,6,5,2,0,35.7,10,28,30,0,16,14,17,s:40~l:59~t:17,las-vegas-aces,Las Vegas,Aces,LV,Las Vegas Aces,Aces,000000,c7cfd4,https://a.espncdn.com/i/teamlogos/wnba/500/lv.png,78,,,
401230777,2020,2,2020-08-09,2020-08-09 17:00:00-04:00,17,s:40~l:59~t:17,las-vegas-aces,Las Vegas,ACES,LV,Las Vegas Aces,Aces,000000,c7cfd4,https://a.espncdn.com/i/teamlogos/wnba/500/lv.png,away,78,True,15,3,25,45.9,28,61,0,18,87.5,21,24,2,5,6,0,1,12.5,1,8,30,1,10,10,9,s:40~l:59~t:9,new-york-liberty,New York,Liberty,NY,New York Liberty,Liberty,0d79b9,89c9bf,https://a.espncdn.com/i/teamlogos/wnba/500/ny.png,76,,,
401230779,2020,2,2020-08-09,2020-08-09 15:00:00-04:00,6,s:40~l:59~t:6,los-angeles-sparks,Los Angeles,SPARKS,LA,Los Angeles Sparks,Sparks,532481,49ac9c,https://a.espncdn.com/i/teamlogos/wnba/500/la.png,home,97,True,27,1,26,65.5,38,58,0,22,66.7,8,12,20,4,7,0,0,59.1,13,22,30,0,20,20,8,s:40~l:59~t:8,minnesota-lynx,Minnesota,Lynx,MIN,Minnesota Lynx,Lynx,005084,47a757,https://a.espncdn.com/i/teamlogos/wnba/500/min.png,81,,,
401230779,2020,2,2020-08-09,2020-08-09 15:00:00-04:00,8,s:40~l:59~t:8,minnesota-lynx,Minnesota,LYNX,MIN,Minnesota Lynx,Lynx,005084,47a757,https://a.espncdn.com/i/teamlogos/wnba/500/min.png,away,81,False,15,1,15,40.6,26,64,0,13,86.4,19,22,2,5,11,0,2,33.3,10,30,20,2,12,12,6,s:40~l:59~t:6,los-angeles-sparks,Los Angeles,Sparks,LA,Los Angeles Sparks,Sparks,532481,49ac9c,https://a.espncdn.com/i/teamlogos/wnba/500/la.png,97,,,
401230782,2020,2,2020-08-10,2020-08-10 21:00:00-04:00,14,s:40~l:59~t:14,seattle-storm,Seattle,STORM,SEA,Seattle Storm,Storm,05452a,f7c43c,https://a.espncdn.com/i/teamlogos/wnba/500/sea.png,home,89,True,25,5,22,51.4,36,70,0,13,61.5,8,13,21,6,17,1,0,52.9,9,17,28,0,14,13,19,s:40~l:59~t:19,chicago-sky,Chicago,Sky,CHI,Chicago Sky,Sky,4f91cd,f1f2f3,https://a.espncdn.com/i/teamlogos/wnba/500/chi.png,71,,,
401230782,2020,2,2020-08-10,2020-08-10 21:00:00-04:00,19,s:40~l:59~t:19,chicago-sky,Chicago,SKY,CHI,Chicago Sky,Sky,4f91cd,f1f2f3,https://a.espncdn.com/i/teamlogos/wnba/500/chi.png,away,71,False,18,5,21,43.8,28,64,0,10,80.0,8,10,4,6,8,1,1,36.8,7,19,27,1,22,21,14,s:40~l:59~t:14,seattle-storm,Seattle,Storm,SEA,Seattle Storm,Storm,05452a,f7c43c,https://a.espncdn.com/i/teamlogos/wnba/500/sea.png,89,,,
401230781,2020,2,2020-08-10,2020-08-10 19:00:00-04:00,3,s:40~l:59~t:3,dallas-wings,Dallas,WINGS,DAL,Dallas Wings,Wings,11213e,c5d646,https://a.espncdn.com/i/teamlogos/wnba/500/dal.png,home,79,False,20,4,25,37.8,28,74,0,17,76.2,16,21,9,9,9,3,2,26.9,7,26,34,2,11,8,11,s:40~l:59~t:11,phoenix-mercury,Phoenix,Mercury,PHX,Phoenix Mercury,Mercury,3a267d,e56020,https://a.espncdn.com/i/teamlogos/wnba/500/phx.png,91,,,
401230781,2020,2,2020-08-10,2020-08-10 19:00:00-04:00,11,s:40~l:59~t:11,phoenix-mercury,Phoenix,MERCURY,PHX,Phoenix Mercury,Mercury,3a267d,e56020,https://a.espncdn.com/i/teamlogos/wnba/500/phx.png,away,91,True,27,5,32,47.3,35,74,0,15,93.8,15,16,16,8,5,0,2,27.3,6,22,40,2,11,11,3,s:40~l:59~t:3,dallas-wings,Dallas,Wings,DAL,Dallas Wings,Wings,11213e,c5d646,https://a.espncdn.com/i/teamlogos/wnba/500/dal.png,79,,,
401230780,2020,2,2020-08-10,2020-08-10 18:00:00-04:00,20,s:40~l:59~t:20,atlanta-dream,Atlanta,DREAM,ATL,Atlanta Dream,Dream,d02030,383a37,https://a.espncdn.com/i/teamlogos/wnba/500/atl.png,home,82,False,21,3,26,46.2,30,65,0,17,68.8,11,16,3,5,3,0,0,61.1,11,18,31,0,19,19,18,s:40~l:59~t:18,connecticut-sun,Connecticut,Sun,CONN,Connecticut Sun,Sun,de6b36,002d62,https://a.espncdn.com/i/teamlogos/wnba/500/conn.png,93,,,
401230780,2020,2,2020-08-10,2020-08-10 18:00:00-04:00,18,s:40~l:59~t:18,connecticut-sun,Connecticut,SUN,CONN,Connecticut Sun,Sun,de6b36,002d62,https://a.espncdn.com/i/teamlogos/wnba/500/conn.png,away,93,True,19,6,21,46.8,36,77,0,15,60.0,12,20,25,15,15,1,0,37.5,9,24,36,0,9,8,20,s:40~l:59~t:20,atlanta-dream,Atlanta,Dream,ATL,Atlanta Dream,Dream,d02030,383a37,https://a.espncdn.com/i/teamlogos/wnba/500/atl.png,82,,,
401230784,2020,2,2020-08-11,2020-08-11 19:00:00-04:00,17,s:40~l:59~t:17,las-vegas-aces,Las Vegas,ACES,LV,Las Vegas Aces,Aces,000000,c7cfd4,https://a.espncdn.com/i/teamlogos/wnba/500/lv.png,away,98,True,20,4,29,52.0,39,75,0,9,72.7,16,22,19,8,7,1,0,50.0,4,8,37,0,10,9,5,s:40~l:59~t:5,indiana-fever,Indiana,Fever,IND,Indiana Fever,Fever,e2382f,08265b,https://a.espncdn.com/i/teamlogos/wnba/500/ind.png,79,,,
401230784,2020,2,2020-08-11,2020-08-11 19:00:00-04:00,5,s:40~l:59~t:5,indiana-fever,Indiana,FEVER,IND,Indiana Fever,Fever,e2382f,08265b,https://a.espncdn.com/i/teamlogos/wnba/500/ind.png,home,79,False,16,2,26,47.9,34,71,0,17,66.7,8,12,4,5,6,1,1,16.7,3,18,31,1,12,11,17,s:40~l:59~t:17,las-vegas-aces,Las Vegas,Aces,LV,Las Vegas Aces,Aces,000000,c7cfd4,https://a.espncdn.com/i/teamlogos/wnba/500/lv.png,98,,,
401230783,2020,2,2020-08-11,2020-08-11 21:00:00-04:00,8,s:40~l:59~t:8,minnesota-lynx,Minnesota,LYNX,MIN,Minnesota Lynx,Lynx,005084,47a757,https://a.espncdn.com/i/teamlogos/wnba/500/min.png,home,68,True,16,2,28,38.8,26,67,0,15,66.7,10,15,22,14,6,1,0,30.0,6,20,42,0,15,14,16,s:40~l:59~t:16,washington-mystics,Washington,Mystics,WSH,Washington Mystics,Mystics,e03a3e,09295a,https://a.espncdn.com/i/teamlogos/wnba/500/wsh.png,48,,,
401230785,2020,2,2020-08-11,2020-08-11 22:00:00-04:00,9,s:40~l:59~t:9,new-york-liberty,New York,LIBERTY,NY,New York Liberty,Liberty,0d79b9,89c9bf,https://a.espncdn.com/i/teamlogos/wnba/500/ny.png,away,78,False,12,5,26,40.0,24,60,0,20,95.7,22,23,0,9,10,1,0,34.8,8,23,35,0,27,26,6,s:40~l:59~t:6,los-angeles-sparks,Los Angeles,Sparks,LA,Los Angeles Sparks,Sparks,532481,49ac9c,https://a.espncdn.com/i/teamlogos/wnba/500/la.png,93,,,
401230783,2020,2,2020-08-11,2020-08-11 21:00:00-04:00,16,s:40~l:59~t:16,washington-mystics,Washington,MYSTICS,WSH,Washington Mystics,Mystics,e03a3e,09295a,https://a.espncdn.com/i/teamlogos/wnba/500/wsh.png,away,48,False,14,5,22,29.5,18,61,0,15,100.0,8,8,3,9,8,1,0,21.1,4,19,31,0,17,16,8,s:40~l:59~t:8,minnesota-lynx,Minnesota,Lynx,MIN,Minnesota Lynx,Lynx,005084,47a757,https://a.espncdn.com/i/teamlogos/wnba/500/min.png,68,,,
401230785,2020,2,2020-08-11,2020-08-11 22:00:00-04:00,6,s:40~l:59~t:6,los-angeles-sparks,Los Angeles,SPARKS,LA,Los Angeles Sparks,Sparks,532481,49ac9c,https://a.espncdn.com/i/teamlogos/wnba/500/la.png,home,93,True,19,5,22,49.3,35,71,0,18,80.0,12,15,21,4,10,0,3,64.7,11,17,26,3,16,16,9,s:40~l:59~t:9,new-york-liberty,New York,Liberty,NY,New York Liberty,Liberty,0d79b9,89c9bf,https://a.espncdn.com/i/teamlogos/wnba/500/ny.png,78,,,
401230788,2020,2,2020-08-12,2020-08-12 22:00:00-04:00,14,s:40~l:59~t:14,seattle-storm,Seattle,STORM,SEA,Seattle Storm,Storm,05452a,f7c43c,https://a.espncdn.com/i/teamlogos/wnba/500/sea.png,home,100,True,31,3,32,56.5,35,62,0,11,92.3,12,13,43,2,6,1,0,60.0,18,30,34,0,13,12,20,s:40~l:59~t:20,atlanta-dream,Atlanta,Dream,ATL,Atlanta Dream,Dream,d02030,383a37,https://a.espncdn.com/i/teamlogos/wnba/500/atl.png,63,,,
401230788,2020,2,2020-08-12,2020-08-12 22:00:00-04:00,20,s:40~l:59~t:20,atlanta-dream,Atlanta,DREAM,ATL,Atlanta Dream,Dream,d02030,383a37,https://a.espncdn.com/i/teamlogos/wnba/500/atl.png,away,63,False,18,2,20,36.5,27,74,0,12,100.0,1,1,1,10,6,1,0,27.6,8,29,30,0,15,14,14,s:40~l:59~t:14,seattle-storm,Seattle,Storm,SEA,Seattle Storm,Storm,05452a,f7c43c,https://a.espncdn.com/i/teamlogos/wnba/500/sea.png,100,,,
401230787,2020,2,2020-08-12,2020-08-12 21:00:00-04:00,19,s:40~l:59~t:19,chicago-sky,Chicago,SKY,CHI,Chicago Sky,Sky,4f91cd,f1f2f3,https://a.espncdn.com/i/teamlogos/wnba/500/chi.png,home,89,True,20,2,26,54.5,36,66,1,21,80.0,16,20,18,12,9,1,0,9.1,1,11,38,0,16,15,11,s:40~l:59~t:11,phoenix-mercury,Phoenix,Mercury,PHX,Phoenix Mercury,Mercury,3a267d,e56020,https://a.espncdn.com/i/teamlogos/wnba/500/phx.png,71,,,
401230787,2020,2,2020-08-12,2020-08-12 21:00:00-04:00,11,s:40~l:59~t:11,phoenix-mercury,Phoenix,MERCURY,PHX,Phoenix Mercury,Mercury,3a267d,e56020,https://a.espncdn.com/i/teamlogos/wnba/500/phx.png,away,71,False,17,3,17,41.5,27,65,0,16,58.8,10,17,4,9,7,4,0,36.8,7,19,26,0,18,14,19,s:40~l:59~t:19,chicago-sky,Chicago,Sky,CHI,Chicago Sky,Sky,4f91cd,f1f2f3,https://a.espncdn.com/i/teamlogos/wnba/500/chi.png,89,,,
401230786,2020,2,2020-08-12,2020-08-12 19:00:00-04:00,18,s:40~l:59~t:18,connecticut-sun,Connecticut,SUN,CONN,Connecticut Sun,Sun,de6b36,002d62,https://a.espncdn.com/i/teamlogos/wnba/500/conn.png,home,70,True,19,3,19,37.5,24,64,0,17,81.0,17,21,6,9,8,3,0,31.3,5,16,28,0,12,9,3,s:40~l:59~t:3,dallas-wings,Dallas,Wings,DAL,Dallas Wings,Wings,11213e,c5d646,https://a.espncdn.com/i/teamlogos/wnba/500/dal.png,66,,,
401230786,2020,2,2020-08-12,2020-08-12 19:00:00-04:00,3,s:40~l:59~t:3,dallas-wings,Dallas,WINGS,DAL,Dallas Wings,Wings,11213e,c5d646,https://a.espncdn.com/i/teamlogos/wnba/500/dal.png,away,66,False,11,3,23,42.4,25,59,0,21,91.7,11,12,12,9,6,6,1,26.3,5,19,32,1,19,13,18,s:40~l:59~t:18,connecticut-sun,Connecticut,Sun,CONN,Connecticut Sun,Sun,de6b36,002d62,https://a.espncdn.com/i/teamlogos/wnba/500/conn.png,70,,,
401230789,2020,2,2020-08-13,2020-08-13 18:00:00-04:00,5,s:40~l:59~t:5,indiana-fever,Indiana,FEVER,IND,Indiana Fever,Fever,e2382f,08265b,https://a.espncdn.com/i/teamlogos/wnba/500/ind.png,away,86,True,13,3,31,45.8,33,72,0,19,77.8,14,18,16,10,4,0,0,37.5,6,16,41,0,9,9,9,s:40~l:59~t:9,new-york-liberty,New York,Liberty,NY,New York Liberty,Liberty,0d79b9,89c9bf,https://a.espncdn.com/i/teamlogos/wnba/500/ny.png,79,,,
401230789,2020,2,2020-08-13,2020-08-13 18:00:00-04:00,9,s:40~l:59~t:9,new-york-liberty,New York,LIBERTY,NY,New York Liberty,Liberty,0d79b9,89c9bf,https://a.espncdn.com/i/teamlogos/wnba/500/ny.png,home,79,False,12,4,23,35.3,24,68,0,18,80.8,21,26,1,8,6,1,0,38.5,10,26,31,0,8,7,5,s:40~l:59~t:5,indiana-fever,Indiana,Fever,IND,Indiana Fever,Fever,e2382f,08265b,https://a.espncdn.com/i/teamlogos/wnba/500/ind.png,86,,,
401230791,2020,2,2020-08-13,2020-08-13 21:00:00-04:00,17,s:40~l:59~t:17,las-vegas-aces,Las Vegas,ACES,LV,Las Vegas Aces,Aces,000000,c7cfd4,https://a.espncdn.com/i/teamlogos/wnba/500/lv.png,home,87,True,17,6,22,48.6,34,70,0,14,81.0,17,21,19,12,11,0,0,15.4,2,13,34,0,11,11,8,s:40~l:59~t:8,minnesota-lynx,Minnesota,Lynx,MIN,Minnesota Lynx,Lynx,005084,47a757,https://a.espncdn.com/i/teamlogos/wnba/500/min.png,77,,,
401230790,2020,2,2020-08-13,2020-08-13 19:00:00-04:00,16,s:40~l:59~t:16,washington-mystics,Washington,MYSTICS,WSH,Washington Mystics,Mystics,e03a3e,09295a,https://a.espncdn.com/i/teamlogos/wnba/500/wsh.png,home,64,False,17,1,26,41.7,25,60,0,16,70.0,7,10,4,6,7,1,2,28.0,7,25,32,2,22,21,6,s:40~l:59~t:6,los-angeles-sparks,Los Angeles,Sparks,LA,Los Angeles Sparks,Sparks,532481,49ac9c,https://a.espncdn.com/i/teamlogos/wnba/500/la.png,81,,,
401230791,2020,2,2020-08-13,2020-08-13 21:00:00-04:00,8,s:40~l:59~t:8,minnesota-lynx,Minnesota,LYNX,MIN,Minnesota Lynx,Lynx,005084,47a757,https://a.espncdn.com/i/teamlogos/wnba/500/min.png,away,77,False,19,7,22,43.9,29,66,0,21,70.6,12,17,6,10,6,0,0,31.8,7,22,32,0,19,19,17,s:40~l:59~t:17,las-vegas-aces,Las Vegas,Aces,LV,Las Vegas Aces,Aces,000000,c7cfd4,https://a.espncdn.com/i/teamlogos/wnba/500/lv.png,87,,,
401230790,2020,2,2020-08-13,2020-08-13 19:00:00-04:00,6,s:40~l:59~t:6,los-angeles-sparks,Los Angeles,SPARKS,LA,Los Angeles Sparks,Sparks,532481,49ac9c,https://a.espncdn.com/i/teamlogos/wnba/500/la.png,away,81,True,18,2,27,48.4,31,64,0,19,72.2,13,18,21,7,10,0,2,31.6,6,19,34,2,12,12,16,s:40~l:59~t:16,washington-mystics,Washington,Mystics,WSH,Washington Mystics,Mystics,e03a3e,09295a,https://a.espncdn.com/i/teamlogos/wnba/500/wsh.png,64,,,
401230792,2020,2,2020-08-14,2020-08-14 19:00:00-04:00,18,s:40~l:59~t:18,connecticut-sun,Connecticut,SUN,CONN,Connecticut Sun,Sun,de6b36,002d62,https://a.espncdn.com/i/teamlogos/wnba/500/conn.png,away,77,True,17,3,24,38.2,29,76,0,18,58.3,14,24,16,12,9,1,0,33.3,5,15,36,0,9,8,19,s:40~l:59~t:19,chicago-sky,Chicago,Sky,CHI,Chicago Sky,Sky,4f91cd,f1f2f3,https://a.espncdn.com/i/teamlogos/wnba/500/chi.png,74,,,
401230792,2020,2,2020-08-14,2020-08-14 19:00:00-04:00,19,s:40~l:59~t:19,chicago-sky,Chicago,SKY,CHI,Chicago Sky,Sky,4f91cd,f1f2f3,https://a.espncdn.com/i/teamlogos/wnba/500/chi.png,home,74,False,18,8,26,45.9,28,61,0,18,82.4,14,17,8,6,3,0,1,20.0,4,20,32,1,15,15,18,s:40~l:59~t:18,connecticut-sun,Connecticut,Sun,CONN,Connecticut Sun,Sun,de6b36,002d62,https://a.espncdn.com/i/teamlogos/wnba/500/conn.png,77,,,
401230793,2020,2,2020-08-14,2020-08-14 20:00:00-04:00,3,s:40~l:59~t:3,dallas-wings,Dallas,WINGS,DAL,Dallas Wings,Wings,11213e,c5d646,https://a.espncdn.com/i/teamlogos/wnba/500/dal.png,home,65,False,14,2,25,32.4,24,74,0,16,66.7,8,12,0,12,9,2,0,32.1,9,28,37,0,14,12,14,s:40~l:59~t:14,seattle-storm,Seattle,Storm,SEA,Seattle Storm,Storm,05452a,f7c43c,https://a.espncdn.com/i/teamlogos/wnba/500/sea.png,83,,,
401230794,2020,2,2020-08-14,2020-08-14 22:00:00-04:00,20,s:40~l:59~t:20,atlanta-dream,Atlanta,DREAM,ATL,Atlanta Dream,Dream,d02030,383a37,https://a.espncdn.com/i/teamlogos/wnba/500/atl.png,away,80,False,22,8,23,42.1,32,76,0,18,50.0,8,16,2,12,5,0,0,40.0,8,20,35,0,12,12,11,s:40~l:59~t:11,phoenix-mercury,Phoenix,Mercury,PHX,Phoenix Mercury,Mercury,3a267d,e56020,https://a.espncdn.com/i/teamlogos/wnba/500/phx.png,96,,,
401230794,2020,2,2020-08-14,2020-08-14 22:00:00-04:00,11,s:40~l:59~t:11,phoenix-mercury,Phoenix,MERCURY,PHX,Phoenix Mercury,Mercury,3a267d,e56020,https://a.espncdn.com/i/teamlogos/wnba/500/phx.png,home,96,True,24,4,26,49.2,32,65,0,17,87.0,20,23,25,4,9,1,0,48.0,12,25,30,0,11,10,20,s:40~l:59~t:20,atlanta-dream,Atlanta,Dream,ATL,Atlanta Dream,Dream,d02030,383a37,https://a.espncdn.com/i/teamlogos/wnba/500/atl.png,80,,,
401230793,2020,2,2020-08-14,2020-08-14 20:00:00-04:00,14,s:40~l:59~t:14,seattle-storm,Seattle,STORM,SEA,Seattle Storm,Storm,05452a,f7c43c,https://a.espncdn.com/i/teamlogos/wnba/500/sea.png,away,83,True,20,5,36,45.6,31,68,0,14,84.2,16,19,29,10,10,1,0,27.8,5,18,46,0,15,14,3,s:40~l:59~t:3,dallas-wings,Dallas,Wings,DAL,Dallas Wings,Wings,11213e,c5d646,https://a.espncdn.com/i/teamlogos/wnba/500/dal.png,65,,,
401230796,2020,2,2020-08-15,2020-08-15 18:00:00-04:00,8,s:40~l:59~t:8,minnesota-lynx,Minnesota,LYNX,MIN,Minnesota Lynx,Lynx,005084,47a757,https://a.espncdn.com/i/teamlogos/wnba/500/min.png,home,94,True,24,4,31,50.7,36,71,0,24,88.9,16,18,30,8,11,0,0,46.2,6,13,39,0,16,16,9,s:40~l:59~t:9,new-york-liberty,New York,Liberty,NY,New York Liberty,Liberty,0d79b9,89c9bf,https://a.espncdn.com/i/teamlogos/wnba/500/ny.png,64,,,
401230796,2020,2,2020-08-15,2020-08-15 18:00:00-04:00,9,s:40~l:59~t:9,new-york-liberty,New York,LIBERTY,NY,New York Liberty,Liberty,0d79b9,89c9bf,https://a.espncdn.com/i/teamlogos/wnba/500/ny.png,away,64,False,12,4,22,30.3,20,66,0,20,81.8,18,22,2,9,6,1,1,27.3,6,22,31,1,19,18,8,s:40~l:59~t:8,minnesota-lynx,Minnesota,Lynx,MIN,Minnesota Lynx,Lynx,005084,47a757,https://a.espncdn.com/i/teamlogos/wnba/500/min.png,94,,,
401230795,2020,2,2020-08-15,2020-08-15 14:00:00-04:00,5,s:40~l:59~t:5,indiana-fever,Indiana,FEVER,IND,Indiana Fever,Fever,e2382f,08265b,https://a.espncdn.com/i/teamlogos/wnba/500/ind.png,home,76,False,17,1,21,41.4,24,58,0,14,90.5,19,21,0,11,5,2,0,52.9,9,17,32,0,24,22,6,s:40~l:59~t:6,los-angeles-sparks,Los Angeles,Sparks,LA,Los Angeles Sparks,Sparks,532481,49ac9c,https://a.espncdn.com/i/teamlogos/wnba/500/la.png,90,,,
401230795,2020,2,2020-08-15,2020-08-15 14:00:00-04:00,6,s:40~l:59~t:6,los-angeles-sparks,Los Angeles,SPARKS,LA,Los Angeles Sparks,Sparks,532481,49ac9c,https://a.espncdn.com/i/teamlogos/wnba/500/la.png,away,90,True,25,1,16,54.1,33,61,0,24,76.5,13,17,25,5,14,0,1,57.9,11,19,21,1,13,13,5,s:40~l:59~t:5,indiana-fever,Indiana,Fever,IND,Indiana Fever,Fever,e2382f,08265b,https://a.espncdn.com/i/teamlogos/wnba/500/ind.png,76,,,
401230797,2020,2,2020-08-15,2020-08-15 12:00:00-04:00,17,s:40~l:59~t:17,las-vegas-aces,Las Vegas,ACES,LV,Las Vegas Aces,Aces,000000,c7cfd4,https://a.espncdn.com/i/teamlogos/wnba/500/lv.png,home,88,True,21,2,26,53.8,35,65,0,12,80.0,12,15,24,3,10,1,0,46.2,6,13,29,0,11,10,16,s:40~l:59~t:16,washington-mystics,Washington,Mystics,WSH,Washington Mystics,Mystics,e03a3e,09295a,https://a.espncdn.com/i/teamlogos/wnba/500/wsh.png,73,,,
401230797,2020,2,2020-08-15,2020-08-15 12:00:00-04:00,16,s:40~l:59~t:16,washington-mystics,Washington,MYSTICS,WSH,Washington Mystics,Mystics,e03a3e,09295a,https://a.espncdn.com/i/teamlogos/wnba/500/wsh.png,away,73,False,19,3,24,38.2,29,76,0,17,87.5,7,8,3,15,6,1,0,28.6,8,28,39,0,19,18,17,s:40~l:59~t:17,las-vegas-aces,Las Vegas,Aces,LV,Las Vegas Aces,Aces,000000,c7cfd4,https://a.espncdn.com/i/teamlogos/wnba/500/lv.png,88,,,
401230822,2020,2,2020-08-16,2020-08-16 13:00:00-04:00,3,s:40~l:59~t:3,dallas-wings,Dallas,WINGS,DAL,Dallas Wings,Wings,11213e,c5d646,https://a.espncdn.com/i/teamlogos/wnba/500/dal.png,away,95,True,18,3,27,49.3,34,69,0,19,88.2,15,17,8,7,9,3,0,44.4,12,27,34,0,13,10,11,s:40~l:59~t:11,phoenix-mercury,Phoenix,Mercury,PHX,Phoenix Mercury,Mercury,3a267d,e56020,https://a.espncdn.com/i/teamlogos/wnba/500/phx.png,89,,,
401230822,2020,2,2020-08-16,2020-08-16 13:00:00-04:00,11,s:40~l:59~t:11,phoenix-mercury,Phoenix,MERCURY,PHX,Phoenix Mercury,Mercury,3a267d,e56020,https://a.espncdn.com/i/teamlogos/wnba/500/phx.png,home,89,False,25,3,24,49.3,33,67,0,19,82.4,14,17,5,8,7,0,0,36.0,9,25,32,0,14,14,3,s:40~l:59~t:3,dallas-wings,Dallas,Wings,DAL,Dallas Wings,Wings,11213e,c5d646,https://a.espncdn.com/i/teamlogos/wnba/500/dal.png,95,,,
401230820,2020,2,2020-08-16,2020-08-16 16:00:00-04:00,19,s:40~l:59~t:19,chicago-sky,Chicago,SKY,CHI,Chicago Sky,Sky,4f91cd,f1f2f3,https://a.espncdn.com/i/teamlogos/wnba/500/chi.png,away,92,True,25,6,32,57.8,37,64,0,19,91.7,11,12,25,5,7,0,0,50.0,7,14,37,0,17,17,20,s:40~l:59~t:20,atlanta-dream,Atlanta,Dream,ATL,Atlanta Dream,Dream,d02030,383a37,https://a.espncdn.com/i/teamlogos/wnba/500/atl.png,67,,,
401230821,2020,2,2020-08-16,2020-08-16 15:00:00-04:00,18,s:40~l:59~t:18,connecticut-sun,Connecticut,SUN,CONN,Connecticut Sun,Sun,de6b36,002d62,https://a.espncdn.com/i/teamlogos/wnba/500/conn.png,home,72,False,15,2,23,36.4,28,77,0,11,76.5,13,17,0,16,6,1,1,15.0,3,20,39,1,12,11,14,s:40~l:59~t:14,seattle-storm,Seattle,Storm,SEA,Seattle Storm,Storm,05452a,f7c43c,https://a.espncdn.com/i/teamlogos/wnba/500/sea.png,95,,,
401230820,2020,2,2020-08-16,2020-08-16 16:00:00-04:00,20,s:40~l:59~t:20,atlanta-dream,Atlanta,DREAM,ATL,Atlanta Dream,Dream,d02030,383a37,https://a.espncdn.com/i/teamlogos/wnba/500/atl.png,home,67,False,11,2,18,39.7,27,68,0,13,61.1,11,18,8,8,6,0,0,14.3,2,14,26,0,16,16,19,s:40~l:59~t:19,chicago-sky,Chicago,Sky,CHI,Chicago Sky,Sky,4f91cd,f1f2f3,https://a.espncdn.com/i/teamlogos/wnba/500/chi.png,92,,,
401230821,2020,2,2020-08-16,2020-08-16 15:00:00-04:00,14,s:40~l:59~t:14,seattle-storm,Seattle,STORM,SEA,Seattle Storm,Storm,05452a,f7c43c,https://a.espncdn.com/i/teamlogos/wnba/500/sea.png,away,95,True,25,5,27,56.9,37,65,0,12,66.7,8,12,27,5,5,1,0,56.5,13,23,32,0,12,11,18,s:40~l:59~t:18,connecticut-sun,Connecticut,Sun,CONN,Connecticut Sun,Sun,de6b36,002d62,https://a.espncdn.com/i/teamlogos/wnba/500/conn.png,72,,,
401230823,2020,2,2020-08-18,2020-08-18 19:00:00-04:00,5,s:40~l:59~t:5,indiana-fever,Indiana,FEVER,IND,Indiana Fever,Fever,e2382f,08265b,https://a.espncdn.com/i/teamlogos/wnba/500/ind.png,away,62,False,19,6,18,39.4,26,66,0,16,66.7,6,9,0,8,5,2,0,18.2,4,22,26,0,17,15,18,s:40~l:59~t:18,connecticut-sun,Connecticut,Sun,CONN,Connecticut Sun,Sun,de6b36,002d62,https://a.espncdn.com/i/teamlogos/wnba/500/conn.png,84,,,
401230823,2020,2,2020-08-18,2020-08-18 19:00:00-04:00,18,s:40~l:59~t:18,connecticut-sun,Connecticut,SUN,CONN,Connecticut Sun,Sun,de6b36,002d62,https://a.espncdn.com/i/teamlogos/wnba/500/conn.png,home,84,True,21,4,26,45.8,33,72,0,14,84.6,11,13,25,13,8,0,1,41.2,7,17,39,1,11,11,5,s:40~l:59~t:5,indiana-fever,Indiana,Fever,IND,Indiana Fever,Fever,e2382f,08265b,https://a.espncdn.com/i/teamlogos/wnba/500/ind.png,62,,,
401230824,2020,2,2020-08-18,2020-08-18 21:00:00-04:00,19,s:40~l:59~t:19,chicago-sky,Chicago,SKY,CHI,Chicago Sky,Sky,4f91cd,f1f2f3,https://a.espncdn.com/i/teamlogos/wnba/500/chi.png,home,84,True,25,10,29,51.4,37,72,0,20,40.0,2,5,12,5,2,3,0,32.0,8,25,34,0,17,14,17,s:40~l:59~t:17,las-vegas-aces,Las Vegas,Aces,LV,Las Vegas Aces,Aces,000000,c7cfd4,https://a.espncdn.com/i/teamlogos/wnba/500/lv.png,82,,,
401230825,2020,2,2020-08-18,2020-08-18 22:00:00-04:00,9,s:40~l:59~t:9,new-york-liberty,New York,LIBERTY,NY,New York Liberty,Liberty,0d79b9,89c9bf,https://a.espncdn.com/i/teamlogos/wnba/500/ny.png,away,64,False,12,1,26,32.8,22,67,0,16,73.7,14,19,0,11,8,0,0,22.2,6,27,37,0,23,23,14,s:40~l:59~t:14,seattle-storm,Seattle,Storm,SEA,Seattle Storm,Storm,05452a,f7c43c,https://a.espncdn.com/i/teamlogos/wnba/500/sea.png,105,,,
401230825,2020,2,2020-08-18,2020-08-18 22:00:00-04:00,14,s:40~l:59~t:14,seattle-storm,Seattle,STORM,SEA,Seattle Storm,Storm,05452a,f7c43c,https://a.espncdn.com/i/teamlogos/wnba/500/sea.png,home,105,True,27,6,31,53.2,41,77,0,16,83.3,10,12,47,8,18,0,1,52.0,13,25,39,1,16,16,9,s:40~l:59~t:9,new-york-liberty,New York,Liberty,NY,New York Liberty,Liberty,0d79b9,89c9bf,https://a.espncdn.com/i/teamlogos/wnba/500/ny.png,64,,,
401230824,2020,2,2020-08-18,2020-08-18 21:00:00-04:00,17,s:40~l:59~t:17,las-vegas-aces,Las Vegas,ACES,LV,Las Vegas Aces,Aces,000000,c7cfd4,https://a.espncdn.com/i/teamlogos/wnba/500/lv.png,away,82,False,22,6,26,37.8,28,74,0,11,87.5,21,24,12,6,10,0,0,27.8,5,18,32,0,7,7,19,s:40~l:59~t:19,chicago-sky,Chicago,Sky,CHI,Chicago Sky,Sky,4f91cd,f1f2f3,https://a.espncdn.com/i/teamlogos/wnba/500/chi.png,84,,,
401230827,2020,2,2020-08-19,2020-08-19 22:00:00-04:00,6,s:40~l:59~t:6,los-angeles-sparks,Los Angeles,SPARKS,LA,Los Angeles Sparks,Sparks,532481,49ac9c,https://a.espncdn.com/i/teamlogos/wnba/500/la.png,home,83,True,17,2,29,43.5,30,69,0,12,76.0,19,25,23,5,12,0,0,26.7,4,15,34,0,9,9,11,s:40~l:59~t:11,phoenix-mercury,Phoenix,Mercury,PHX,Phoenix Mercury,Mercury,3a267d,e56020,https://a.espncdn.com/i/teamlogos/wnba/500/phx.png,74,,,
401230827,2020,2,2020-08-19,2020-08-19 22:00:00-04:00,11,s:40~l:59~t:11,phoenix-mercury,Phoenix,MERCURY,PHX,Phoenix Mercury,Mercury,3a267d,e56020,https://a.espncdn.com/i/teamlogos/wnba/500/phx.png,away,74,False,23,3,30,43.9,29,66,0,18,90.0,9,10,2,7,5,1,1,33.3,7,21,37,1,18,17,6,s:40~l:59~t:6,los-angeles-sparks,Los Angeles,Sparks,LA,Los Angeles Sparks,Sparks,532481,49ac9c,https://a.espncdn.com/i/teamlogos/wnba/500/la.png,83,,,
401230826,2020,2,2020-08-19,2020-08-19 21:00:00-04:00,8,s:40~l:59~t:8,minnesota-lynx,Minnesota,LYNX,MIN,Minnesota Lynx,Lynx,005084,47a757,https://a.espncdn.com/i/teamlogos/wnba/500/min.png,home,91,True,19,3,27,50.8,31,61,0,19,75.0,15,20,10,8,4,0,0,60.9,14,23,35,0,15,15,3,s:40~l:59~t:3,dallas-wings,Dallas,Wings,DAL,Dallas Wings,Wings,11213e,c5d646,https://a.espncdn.com/i/teamlogos/wnba/500/dal.png,84,,,
401230826,2020,2,2020-08-19,2020-08-19 21:00:00-04:00,3,s:40~l:59~t:3,dallas-wings,Dallas,WINGS,DAL,Dallas Wings,Wings,11213e,c5d646,https://a.espncdn.com/i/teamlogos/wnba/500/dal.png,away,84,False,15,3,22,40.6,26,64,0,17,85.2,23,27,15,10,11,2,0,34.6,9,26,32,0,12,10,8,s:40~l:59~t:8,minnesota-lynx,Minnesota,Lynx,MIN,Minnesota Lynx,Lynx,005084,47a757,https://a.espncdn.com/i/teamlogos/wnba/500/min.png,91,,,
401230798,2020,2,2020-08-19,2020-08-19 19:00:00-04:00,16,s:40~l:59~t:16,washington-mystics,Washington,MYSTICS,WSH,Washington Mystics,Mystics,e03a3e,09295a,https://a.espncdn.com/i/teamlogos/wnba/500/wsh.png,home,98,True,27,0,19,50.0,35,70,0,17,80.0,16,20,13,9,7,0,0,35.3,12,34,28,0,11,11,20,s:40~l:59~t:20,atlanta-dream,Atlanta,Dream,ATL,Atlanta Dream,Dream,d02030,383a37,https://a.espncdn.com/i/teamlogos/wnba/500/atl.png,91,,,
401230798,2020,2,2020-08-19,2020-08-19 19:00:00-04:00,20,s:40~l:59~t:20,atlanta-dream,Atlanta,DREAM,ATL,Atlanta Dream,Dream,d02030,383a37,https://a.espncdn.com/i/teamlogos/wnba/500/atl.png,away,91,False,26,2,22,55.1,38,69,0,18,58.3,7,12,4,13,5,0,0,44.4,8,18,35,0,14,14,16,s:40~l:59~t:16,washington-mystics,Washington,Mystics,WSH,Washington Mystics,Mystics,e03a3e,09295a,https://a.espncdn.com/i/teamlogos/wnba/500/wsh.png,98,,,
401230800,2020,2,2020-08-20,2020-08-20 22:00:00-04:00,17,s:40~l:59~t:17,las-vegas-aces,Las Vegas,ACES,LV,Las Vegas Aces,Aces,000000,c7cfd4,https://a.espncdn.com/i/teamlogos/wnba/500/lv.png,home,99,True,25,0,30,56.3,36,64,0,16,85.2,23,27,23,7,10,1,0,36.4,4,11,37,0,16,15,18,s:40~l:59~t:18,connecticut-sun,Connecticut,Sun,CONN,Connecticut Sun,Sun,de6b36,002d62,https://a.espncdn.com/i/teamlogos/wnba/500/conn.png,78,,,
401230800,2020,2,2020-08-20,2020-08-20 22:00:00-04:00,18,s:40~l:59~t:18,connecticut-sun,Connecticut,SUN,CONN,Connecticut Sun,Sun,de6b36,002d62,https://a.espncdn.com/i/teamlogos/wnba/500/conn.png,away,78,False,19,2,20,43.5,30,69,0,22,84.6,11,13,8,6,8,0,1,30.4,7,23,26,1,16,16,17,s:40~l:59~t:17,las-vegas-aces,Las Vegas,Aces,LV,Las Vegas Aces,Aces,000000,c7cfd4,https://a.espncdn.com/i/teamlogos/wnba/500/lv.png,99,,,
401230828,2020,2,2020-08-20,2020-08-20 20:00:00-04:00,14,s:40~l:59~t:14,seattle-storm,Seattle,STORM,SEA,Seattle Storm,Storm,05452a,f7c43c,https://a.espncdn.com/i/teamlogos/wnba/500/sea.png,away,84,False,17,8,25,43.8,28,64,0,17,92.0,23,25,7,5,13,0,0,23.8,5,21,30,0,12,12,5,s:40~l:59~t:5,indiana-fever,Indiana,Fever,IND,Indiana Fever,Fever,e2382f,08265b,https://a.espncdn.com/i/teamlogos/wnba/500/ind.png,90,,,
401230799,2020,2,2020-08-20,2020-08-20 19:00:00-04:00,9,s:40~l:59~t:9,new-york-liberty,New York,LIBERTY,NY,New York Liberty,Liberty,0d79b9,89c9bf,https://a.espncdn.com/i/teamlogos/wnba/500/ny.png,home,85,False,15,7,28,43.5,30,69,0,19,95.7,22,23,5,7,8,0,0,15.8,3,19,35,0,16,16,19,s:40~l:59~t:19,chicago-sky,Chicago,Sky,CHI,Chicago Sky,Sky,4f91cd,f1f2f3,https://a.espncdn.com/i/teamlogos/wnba/500/chi.png,101,,,
401230799,2020,2,2020-08-20,2020-08-20 19:00:00-04:00,19,s:40~l:59~t:19,chicago-sky,Chicago,SKY,CHI,Chicago Sky,Sky,4f91cd,f1f2f3,https://a.espncdn.com/i/teamlogos/wnba/500/chi.png,away,101,True,24,5,25,52.5,42,80,0,21,75.0,6,8,20,5,8,0,0,47.8,11,23,30,0,12,12,9,s:40~l:59~t:9,new-york-liberty,New York,Liberty,NY,New York Liberty,Liberty,0d79b9,89c9bf,https://a.espncdn.com/i/teamlogos/wnba/500/ny.png,85,,,
401230828,2020,2,2020-08-20,2020-08-20 20:00:00-04:00,5,s:40~l:59~t:5,indiana-fever,Indiana,FEVER,IND,Indiana Fever,Fever,e2382f,08265b,https://a.espncdn.com/i/teamlogos/wnba/500/ind.png,home,90,True,23,0,32,44.2,34,77,0,19,71.4,10,14,14,14,7,1,0,50.0,12,24,46,0,18,17,14,s:40~l:59~t:14,seattle-storm,Seattle,Storm,SEA,Seattle Storm,Storm,05452a,f7c43c,https://a.espncdn.com/i/teamlogos/wnba/500/sea.png,84,,,
401230829,2020,2,2020-08-21,2020-08-21 19:00:00-04:00,6,s:40~l:59~t:6,los-angeles-sparks,Los Angeles,SPARKS,LA,Los Angeles Sparks,Sparks,532481,49ac9c,https://a.espncdn.com/i/teamlogos/wnba/500/la.png,away,93,True,21,2,29,44.8,30,67,0,24,83.3,25,30,12,7,14,0,2,44.4,8,18,36,2,21,21,20,s:40~l:59~t:20,atlanta-dream,Atlanta,Dream,ATL,Atlanta Dream,Dream,d02030,383a37,https://a.espncdn.com/i/teamlogos/wnba/500/atl.png,85,,,
401230831,2020,2,2020-08-21,2020-08-21 22:00:00-04:00,11,s:40~l:59~t:11,phoenix-mercury,Phoenix,MERCURY,PHX,Phoenix Mercury,Mercury,3a267d,e56020,https://a.espncdn.com/i/teamlogos/wnba/500/phx.png,home,80,False,15,5,23,41.7,25,60,0,25,79.3,23,29,3,6,9,1,2,25.0,7,28,29,2,16,15,8,s:40~l:59~t:8,minnesota-lynx,Minnesota,Lynx,MIN,Minnesota Lynx,Lynx,005084,47a757,https://a.espncdn.com/i/teamlogos/wnba/500/min.png,90,,,
401230831,2020,2,2020-08-21,2020-08-21 22:00:00-04:00,8,s:40~l:59~t:8,minnesota-lynx,Minnesota,LYNX,MIN,Minnesota Lynx,Lynx,005084,47a757,https://a.espncdn.com/i/teamlogos/wnba/500/min.png,away,90,True,20,3,26,44.8,26,58,0,22,82.9,29,35,13,8,9,1,0,47.4,9,19,34,0,15,14,11,s:40~l:59~t:11,phoenix-mercury,Phoenix,Mercury,PHX,Phoenix Mercury,Mercury,3a267d,e56020,https://a.espncdn.com/i/teamlogos/wnba/500/phx.png,80,,,
401230829,2020,2,2020-08-21,2020-08-21 19:00:00-04:00,20,s:40~l:59~t:20,atlanta-dream,Atlanta,DREAM,ATL,Atlanta Dream,Dream,d02030,383a37,https://a.espncdn.com/i/teamlogos/wnba/500/atl.png,home,85,False,27,1,27,47.8,33,69,0,27,61.1,11,18,8,7,12,0,0,42.1,8,19,34,0,29,29,6,s:40~l:59~t:6,los-angeles-sparks,Los Angeles,Sparks,LA,Los Angeles Sparks,Sparks,532481,49ac9c,https://a.espncdn.com/i/teamlogos/wnba/500/la.png,93,,,
401230830,2020,2,2020-08-21,2020-08-21 20:00:00-04:00,16,s:40~l:59~t:16,washington-mystics,Washington,MYSTICS,WSH,Washington Mystics,Mystics,e03a3e,09295a,https://a.espncdn.com/i/teamlogos/wnba/500/wsh.png,away,92,False,20,5,30,42.5,31,73,0,22,87.5,21,24,1,14,5,1,2,47.4,9,19,44,2,18,17,3,s:40~l:59~t:3,dallas-wings,Dallas,Wings,DAL,Dallas Wings,Wings,11213e,c5d646,https://a.espncdn.com/i/teamlogos/wnba/500/dal.png,101,,,
401230830,2020,2,2020-08-21,2020-08-21 20:00:00-04:00,3,s:40~l:59~t:3,dallas-wings,Dallas,WINGS,DAL,Dallas Wings,Wings,11213e,c5d646,https://a.espncdn.com/i/teamlogos/wnba/500/dal.png,home,101,True,22,5,25,47.8,33,69,0,21,88.9,24,27,23,2,10,0,1,44.0,11,25,27,1,10,10,16,s:40~l:59~t:16,washington-mystics,Washington,Mystics,WSH,Washington Mystics,Mystics,e03a3e,09295a,https://a.espncdn.com/i/teamlogos/wnba/500/wsh.png,92,,,
401230801,2020,2,2020-08-22,2020-08-22 15:00:00-04:00,14,s:40~l:59~t:14,seattle-storm,Seattle,STORM,SEA,Seattle Storm,Storm,05452a,f7c43c,https://a.espncdn.com/i/teamlogos/wnba/500/sea.png,away,74,False,23,3,28,37.3,28,75,0,21,78.6,11,14,5,6,10,1,0,26.9,7,26,34,0,14,13,17,s:40~l:59~t:17,las-vegas-aces,Las Vegas,Aces,LV,Las Vegas Aces,Aces,000000,c7cfd4,https://a.espncdn.com/i/teamlogos/wnba/500/lv.png,82,,,
401230801,2020,2,2020-08-22,2020-08-22 15:00:00-04:00,17,s:40~l:59~t:17,las-vegas-aces,Las Vegas,ACES,LV,Las Vegas Aces,Aces,000000,c7cfd4,https://a.espncdn.com/i/teamlogos/wnba/500/lv.png,home,82,True,21,3,36,44.1,30,68,0,12,80.0,20,25,21,8,7,0,0,18.2,2,11,44,0,16,16,14,s:40~l:59~t:14,seattle-storm,Seattle,Storm,SEA,Seattle Storm,Storm,05452a,f7c43c,https://a.espncdn.com/i/teamlogos/wnba/500/sea.png,74,,,
401230833,2020,2,2020-08-22,2020-08-22 19:00:00-04:00,18,s:40~l:59~t:18,connecticut-sun,Connecticut,SUN,CONN,Connecticut Sun,Sun,de6b36,002d62,https://a.espncdn.com/i/teamlogos/wnba/500/conn.png,home,82,True,23,3,28,44.6,33,74,0,19,73.3,11,15,21,7,12,2,0,21.7,5,23,35,0,11,9,9,s:40~l:59~t:9,new-york-liberty,New York,Liberty,NY,New York Liberty,Liberty,0d79b9,89c9bf,https://a.espncdn.com/i/teamlogos/wnba/500/ny.png,65,,,
401230832,2020,2,2020-08-22,2020-08-22 17:00:00-04:00,19,s:40~l:59~t:19,chicago-sky,Chicago,SKY,CHI,Chicago Sky,Sky,4f91cd,f1f2f3,https://a.espncdn.com/i/teamlogos/wnba/500/chi.png,home,87,True,18,1,17,47.1,32,68,0,17,88.9,16,18,17,10,9,1,0,38.9,7,18,27,0,13,12,5,s:40~l:59~t:5,indiana-fever,Indiana,Fever,IND,Indiana Fever,Fever,e2382f,08265b,https://a.espncdn.com/i/teamlogos/wnba/500/ind.png,76,,,
401230833,2020,2,2020-08-22,2020-08-22 19:00:00-04:00,9,s:40~l:59~t:9,new-york-liberty,New York,LIBERTY,NY,New York Liberty,Liberty,0d79b9,89c9bf,https://a.espncdn.com/i/teamlogos/wnba/500/ny.png,away,65,False,19,3,31,37.0,20,54,0,19,89.5,17,19,0,4,6,1,0,27.6,8,29,35,0,19,18,18,s:40~l:59~t:18,connecticut-sun,Connecticut,Sun,CONN,Connecticut Sun,Sun,de6b36,002d62,https://a.espncdn.com/i/teamlogos/wnba/500/conn.png,82,,,
401230832,2020,2,2020-08-22,2020-08-22 17:00:00-04:00,5,s:40~l:59~t:5,indiana-fever,Indiana,FEVER,IND,Indiana Fever,Fever,e2382f,08265b,https://a.espncdn.com/i/teamlogos/wnba/500/ind.png,away,76,False,18,3,23,53.7,29,54,0,13,87.5,14,16,0,4,7,1,0,25.0,4,16,27,0,22,21,19,s:40~l:59~t:19,chicago-sky,Chicago,Sky,CHI,Chicago Sky,Sky,4f91cd,f1f2f3,https://a.espncdn.com/i/teamlogos/wnba/500/chi.png,87,,,
401230836,2020,2,2020-08-23,2020-08-23 20:00:00-04:00,16,s:40~l:59~t:16,washington-mystics,Washington,MYSTICS,WSH,Washington Mystics,Mystics,e03a3e,09295a,https://a.espncdn.com/i/teamlogos/wnba/500/wsh.png,home,87,False,20,4,20,41.6,32,77,0,21,60.0,9,15,7,10,9,1,0,51.9,14,27,30,0,12,11,11,s:40~l:59~t:11,phoenix-mercury,Phoenix,Mercury,PHX,Phoenix Mercury,Mercury,3a267d,e56020,https://a.espncdn.com/i/teamlogos/wnba/500/phx.png,88,,,
401230836,2020,2,2020-08-23,2020-08-23 20:00:00-04:00,11,s:40~l:59~t:11,phoenix-mercury,Phoenix,MERCURY,PHX,Phoenix Mercury,Mercury,3a267d,e56020,https://a.espncdn.com/i/teamlogos/wnba/500/phx.png,away,88,True,19,9,29,47.5,29,61,0,20,83.3,20,24,7,8,5,4,0,45.5,10,22,37,0,20,16,16,s:40~l:59~t:16,washington-mystics,Washington,Mystics,WSH,Washington Mystics,Mystics,e03a3e,09295a,https://a.espncdn.com/i/teamlogos/wnba/500/wsh.png,87,,,
401230835,2020,2,2020-08-23,2020-08-23 18:00:00-04:00,6,s:40~l:59~t:6,los-angeles-sparks,Los Angeles,SPARKS,LA,Los Angeles Sparks,Sparks,532481,49ac9c,https://a.espncdn.com/i/teamlogos/wnba/500/la.png,home,84,True,20,3,24,54.7,35,64,0,18,71.4,10,14,6,6,5,2,0,40.0,4,10,30,0,14,12,3,s:40~l:59~t:3,dallas-wings,Dallas,Wings,DAL,Dallas Wings,Wings,11213e,c5d646,https://a.espncdn.com/i/teamlogos/wnba/500/dal.png,81,,,
401230835,2020,2,2020-08-23,2020-08-23 18:00:00-04:00,3,s:40~l:59~t:3,dallas-wings,Dallas,WINGS,DAL,Dallas Wings,Wings,11213e,c5d646,https://a.espncdn.com/i/teamlogos/wnba/500/dal.png,away,81,False,15,2,22,41.8,28,67,0,18,89.5,17,19,10,12,10,0,1,34.8,8,23,34,1,14,14,6,s:40~l:59~t:6,los-angeles-sparks,Los Angeles,Sparks,LA,Los Angeles Sparks,Sparks,532481,49ac9c,https://a.espncdn.com/i/teamlogos/wnba/500/la.png,84,,,
401230834,2020,2,2020-08-23,2020-08-23 16:00:00-04:00,8,s:40~l:59~t:8,minnesota-lynx,Minnesota,LYNX,MIN,Minnesota Lynx,Lynx,005084,47a757,https://a.espncdn.com/i/teamlogos/wnba/500/min.png,home,75,False,16,3,21,41.4,29,70,0,12,91.7,11,12,14,10,8,0,0,24.0,6,25,31,0,13,13,20,s:40~l:59~t:20,atlanta-dream,Atlanta,Dream,ATL,Atlanta Dream,Dream,d02030,383a37,https://a.espncdn.com/i/teamlogos/wnba/500/atl.png,78,,,
401230834,2020,2,2020-08-23,2020-08-23 16:00:00-04:00,20,s:40~l:59~t:20,atlanta-dream,Atlanta,DREAM,ATL,Atlanta Dream,Dream,d02030,383a37,https://a.espncdn.com/i/teamlogos/wnba/500/atl.png,away,78,True,23,4,24,47.8,32,67,0,15,66.7,8,12,6,8,8,0,1,40.0,6,15,32,1,14,14,8,s:40~l:59~t:8,minnesota-lynx,Minnesota,Lynx,MIN,Minnesota Lynx,Lynx,005084,47a757,https://a.espncdn.com/i/teamlogos/wnba/500/min.png,75,,,
401230837,2020,2,2020-08-25,2020-08-25 19:00:00-04:00,9,s:40~l:59~t:9,new-york-liberty,New York,LIBERTY,NY,New York Liberty,Liberty,0d79b9,89c9bf,https://a.espncdn.com/i/teamlogos/wnba/500/ny.png,away,101,True,26,3,25,55.9,38,68,0,22,84.6,11,13,8,4,7,2,0,46.7,14,30,29,0,14,12,19,s:40~l:59~t:19,chicago-sky,Chicago,Sky,CHI,Chicago Sky,Sky,4f91cd,f1f2f3,https://a.espncdn.com/i/teamlogos/wnba/500/chi.png,99,,,
401230837,2020,2,2020-08-25,2020-08-25 19:00:00-04:00,19,s:40~l:59~t:19,chicago-sky,Chicago,SKY,CHI,Chicago Sky,Sky,4f91cd,f1f2f3,https://a.espncdn.com/i/teamlogos/wnba/500/chi.png,home,99,False,20,2,22,46.5,33,71,0,13,79.3,23,29,16,12,5,0,0,40.0,10,25,34,0,9,9,9,s:40~l:59~t:9,new-york-liberty,New York,Liberty,NY,New York Liberty,Liberty,0d79b9,89c9bf,https://a.espncdn.com/i/teamlogos/wnba/500/ny.png,101,,,
401230838,2020,2,2020-08-25,2020-08-25 21:00:00-04:00,3,s:40~l:59~t:3,dallas-wings,Dallas,WINGS,DAL,Dallas Wings,Wings,11213e,c5d646,https://a.espncdn.com/i/teamlogos/wnba/500/dal.png,home,92,False,15,3,23,41.3,31,75,0,30,75.0,15,20,5,14,2,1,1,37.5,15,40,37,1,12,11,17,s:40~l:59~t:17,las-vegas-aces,Las Vegas,Aces,LV,Las Vegas Aces,Aces,000000,c7cfd4,https://a.espncdn.com/i/teamlogos/wnba/500/lv.png,96,,,
401230839,2020,2,2020-08-25,2020-08-25 22:00:00-04:00,5,s:40~l:59~t:5,indiana-fever,Indiana,FEVER,IND,Indiana Fever,Fever,e2382f,08265b,https://a.espncdn.com/i/teamlogos/wnba/500/ind.png,away,74,False,17,3,23,39.1,25,64,0,20,80.0,16,20,7,12,7,2,0,30.8,8,26,35,0,20,18,14,s:40~l:59~t:14,seattle-storm,Seattle,Storm,SEA,Seattle Storm,Storm,05452a,f7c43c,https://a.espncdn.com/i/teamlogos/wnba/500/sea.png,87,,,
401230838,2020,2,2020-08-25,2020-08-25 21:00:00-04:00,17,s:40~l:59~t:17,las-vegas-aces,Las Vegas,ACES,LV,Las Vegas Aces,Aces,000000,c7cfd4,https://a.espncdn.com/i/teamlogos/wnba/500/lv.png,away,96,True,22,2,28,48.4,31,64,0,20,86.5,32,37,17,11,6,0,0,33.3,2,6,39,0,8,8,3,s:40~l:59~t:3,dallas-wings,Dallas,Wings,DAL,Dallas Wings,Wings,11213e,c5d646,https://a.espncdn.com/i/teamlogos/wnba/500/dal.png,92,,,
401230839,2020,2,2020-08-25,2020-08-25 22:00:00-04:00,14,s:40~l:59~t:14,seattle-storm,Seattle,STORM,SEA,Seattle Storm,Storm,05452a,f7c43c,https://a.espncdn.com/i/teamlogos/wnba/500/sea.png,home,87,True,19,5,22,50.0,31,62,0,16,81.5,22,27,16,8,13,0,0,30.0,3,10,30,0,12,12,5,s:40~l:59~t:5,indiana-fever,Indiana,Fever,IND,Indiana Fever,Fever,e2382f,08265b,https://a.espncdn.com/i/teamlogos/wnba/500/ind.png,74,,,
401230845,2020,2,2020-08-28,2020-08-28 22:00:00-04:00,16,s:40~l:59~t:16,washington-mystics,Washington,MYSTICS,WSH,Washington Mystics,Mystics,e03a3e,09295a,https://a.espncdn.com/i/teamlogos/wnba/500/wsh.png,away,72,False,17,3,14,40.0,28,70,0,16,70.0,7,10,8,7,7,4,0,36.0,9,25,21,0,17,13,11,s:40~l:59~t:11,phoenix-mercury,Phoenix,Mercury,PHX,Phoenix Mercury,Mercury,3a267d,e56020,https://a.espncdn.com/i/teamlogos/wnba/500/phx.png,94,,,
401230845,2020,2,2020-08-28,2020-08-28 22:00:00-04:00,11,s:40~l:59~t:11,phoenix-mercury,Phoenix,MERCURY,PHX,Phoenix Mercury,Mercury,3a267d,e56020,https://a.espncdn.com/i/teamlogos/wnba/500/phx.png,home,94,True,25,6,27,56.9,33,58,0,15,100.0,15,15,22,4,7,3,0,50.0,13,26,31,0,17,14,16,s:40~l:59~t:16,washington-mystics,Washington,Mystics,WSH,Washington Mystics,Mystics,e03a3e,09295a,https://a.espncdn.com/i/teamlogos/wnba/500/wsh.png,72,,,
401230844,2020,2,2020-08-28,2020-08-28 20:00:00-04:00,18,s:40~l:59~t:18,connecticut-sun,Connecticut,SUN,CONN,Connecticut Sun,Sun,de6b36,002d62,https://a.espncdn.com/i/teamlogos/wnba/500/conn.png,home,76,False,19,2,24,49.2,31,63,0,25,100.0,7,7,11,8,12,0,0,41.2,7,17,32,0,23,23,6,s:40~l:59~t:6,los-angeles-sparks,Los Angeles,Sparks,LA,Los Angeles Sparks,Sparks,532481,49ac9c,https://a.espncdn.com/i/teamlogos/wnba/500/la.png,80,,,
401230844,2020,2,2020-08-28,2020-08-28 20:00:00-04:00,6,s:40~l:59~t:6,los-angeles-sparks,Los Angeles,SPARKS,LA,Los Angeles Sparks,Sparks,532481,49ac9c,https://a.espncdn.com/i/teamlogos/wnba/500/la.png,away,80,True,16,0,19,48.3,29,60,0,17,80.0,16,20,6,5,11,0,0,37.5,6,16,24,0,17,17,18,s:40~l:59~t:18,connecticut-sun,Connecticut,Sun,CONN,Connecticut Sun,Sun,de6b36,002d62,https://a.espncdn.com/i/teamlogos/wnba/500/conn.png,76,,,
401230843,2020,2,2020-08-28,2020-08-28 19:00:00-04:00,20,s:40~l:59~t:20,atlanta-dream,Atlanta,DREAM,ATL,Atlanta Dream,Dream,d02030,383a37,https://a.espncdn.com/i/teamlogos/wnba/500/atl.png,home,79,False,18,4,28,44.9,31,69,0,24,68.8,11,16,4,6,5,0,0,37.5,6,16,34,0,16,16,8,s:40~l:59~t:8,minnesota-lynx,Minnesota,Lynx,MIN,Minnesota Lynx,Lynx,005084,47a757,https://a.espncdn.com/i/teamlogos/wnba/500/min.png,88,,,
401230843,2020,2,2020-08-28,2020-08-28 19:00:00-04:00,8,s:40~l:59~t:8,minnesota-lynx,Minnesota,LYNX,MIN,Minnesota Lynx,Lynx,005084,47a757,https://a.espncdn.com/i/teamlogos/wnba/500/min.png,away,88,True,22,3,29,40.3,29,72,0,19,92.0,23,25,15,11,9,2,0,25.0,7,28,40,0,15,13,20,s:40~l:59~t:20,atlanta-dream,Atlanta,Dream,ATL,Atlanta Dream,Dream,d02030,383a37,https://a.espncdn.com/i/teamlogos/wnba/500/atl.png,79,,,
401230807,2020,2,2020-08-29,2020-08-29 12:00:00-04:00,9,s:40~l:59~t:9,new-york-liberty,New York,LIBERTY,NY,New York Liberty,Liberty,0d79b9,89c9bf,https://a.espncdn.com/i/teamlogos/wnba/500/ny.png,away,63,False,13,6,35,33.3,22,66,0,19,83.3,10,12,3,9,6,2,0,33.3,9,27,44,0,19,17,17,s:40~l:59~t:17,las-vegas-aces,Las Vegas,Aces,LV,Las Vegas Aces,Aces,000000,c7cfd4,https://a.espncdn.com/i/teamlogos/wnba/500/lv.png,80,,,
401230807,2020,2,2020-08-29,2020-08-29 12:00:00-04:00,17,s:40~l:59~t:17,las-vegas-aces,Las Vegas,ACES,LV,Las Vegas Aces,Aces,000000,c7cfd4,https://a.espncdn.com/i/teamlogos/wnba/500/lv.png,home,80,True,19,8,31,38.0,30,79,0,14,87.5,14,16,19,12,9,1,0,30.0,6,20,43,0,9,8,9,s:40~l:59~t:9,new-york-liberty,New York,Liberty,NY,New York Liberty,Liberty,0d79b9,89c9bf,https://a.espncdn.com/i/teamlogos/wnba/500/ny.png,63,,,
401230805,2020,2,2020-08-29,2020-08-29 16:00:00-04:00,5,s:40~l:59~t:5,indiana-fever,Indiana,FEVER,IND,Indiana Fever,Fever,e2382f,08265b,https://a.espncdn.com/i/teamlogos/wnba/500/ind.png,home,78,False,16,4,26,40.4,23,57,0,21,77.8,28,36,8,5,7,0,0,25.0,4,16,31,0,15,15,3,s:40~l:59~t:3,dallas-wings,Dallas,Wings,DAL,Dallas Wings,Wings,11213e,c5d646,https://a.espncdn.com/i/teamlogos/wnba/500/dal.png,82,,,
401230806,2020,2,2020-08-29,2020-08-29 14:00:00-04:00,19,s:40~l:59~t:19,chicago-sky,Chicago,SKY,CHI,Chicago Sky,Sky,4f91cd,f1f2f3,https://a.espncdn.com/i/teamlogos/wnba/500/chi.png,home,74,False,20,4,22,42.6,29,68,0,18,85.7,12,14,0,9,11,1,1,19.0,4,21,31,1,15,14,14,s:40~l:59~t:14,seattle-storm,Seattle,Storm,SEA,Seattle Storm,Storm,05452a,f7c43c,https://a.espncdn.com/i/teamlogos/wnba/500/sea.png,88,,,
401230805,2020,2,2020-08-29,2020-08-29 16:00:00-04:00,3,s:40~l:59~t:3,dallas-wings,Dallas,WINGS,DAL,Dallas Wings,Wings,11213e,c5d646,https://a.espncdn.com/i/teamlogos/wnba/500/dal.png,away,82,True,14,2,28,36.0,27,75,0,24,84.0,21,25,13,11,8,1,1,25.9,7,27,39,1,12,11,5,s:40~l:59~t:5,indiana-fever,Indiana,Fever,IND,Indiana Fever,Fever,e2382f,08265b,https://a.espncdn.com/i/teamlogos/wnba/500/ind.png,78,,,
401230806,2020,2,2020-08-29,2020-08-29 14:00:00-04:00,14,s:40~l:59~t:14,seattle-storm,Seattle,STORM,SEA,Seattle Storm,Storm,05452a,f7c43c,https://a.espncdn.com/i/teamlogos/wnba/500/sea.png,away,88,True,20,3,28,47.6,30,63,0,13,85.7,24,28,24,9,10,1,0,30.8,4,13,37,0,16,15,19,s:40~l:59~t:19,chicago-sky,Chicago,Sky,CHI,Chicago Sky,Sky,4f91cd,f1f2f3,https://a.espncdn.com/i/teamlogos/wnba/500/chi.png,74,,,
401230846,2020,2,2020-08-30,2020-08-30 16:00:00-04:00,18,s:40~l:59~t:18,connecticut-sun,Connecticut,SUN,CONN,Connecticut Sun,Sun,de6b36,002d62,https://a.espncdn.com/i/teamlogos/wnba/500/conn.png,away,76,True,26,2,26,45.6,31,68,0,15,55.6,5,9,20,9,8,3,2,47.4,9,19,35,2,16,13,16,s:40~l:59~t:16,washington-mystics,Washington,Mystics,WSH,Washington Mystics,Mystics,e03a3e,09295a,https://a.espncdn.com/i/teamlogos/wnba/500/wsh.png,63,,,
401230846,2020,2,2020-08-30,2020-08-30 16:00:00-04:00,16,s:40~l:59~t:16,washington-mystics,Washington,MYSTICS,WSH,Washington Mystics,Mystics,e03a3e,09295a,https://a.espncdn.com/i/teamlogos/wnba/500/wsh.png,home,63,False,16,2,25,32.2,19,59,0,10,89.5,17,19,3,8,7,2,1,30.8,8,26,33,1,18,16,18,s:40~l:59~t:18,connecticut-sun,Connecticut,Sun,CONN,Connecticut Sun,Sun,de6b36,002d62,https://a.espncdn.com/i/teamlogos/wnba/500/conn.png,76,,,
401230847,2020,2,2020-08-30,2020-08-30 18:00:00-04:00,11,s:40~l:59~t:11,phoenix-mercury,Phoenix,MERCURY,PHX,Phoenix Mercury,Mercury,3a267d,e56020,https://a.espncdn.com/i/teamlogos/wnba/500/phx.png,away,83,True,20,7,29,44.6,29,65,0,19,85.0,17,20,22,12,5,2,0,26.7,8,30,41,0,19,17,8,s:40~l:59~t:8,minnesota-lynx,Minnesota,Lynx,MIN,Minnesota Lynx,Lynx,005084,47a757,https://a.espncdn.com/i/teamlogos/wnba/500/min.png,79,,,
401230808,2020,2,2020-08-30,2020-08-30 20:00:00-04:00,20,s:40~l:59~t:20,atlanta-dream,Atlanta,DREAM,ATL,Atlanta Dream,Dream,d02030,383a37,https://a.espncdn.com/i/teamlogos/wnba/500/atl.png,away,79,False,16,3,30,41.3,31,75,0,16,75.0,12,16,6,15,6,0,0,45.5,5,11,45,0,15,15,6,s:40~l:59~t:6,los-angeles-sparks,Los Angeles,Sparks,LA,Los Angeles Sparks,Sparks,532481,49ac9c,https://a.espncdn.com/i/teamlogos/wnba/500/la.png,84,,,
401230808,2020,2,2020-08-30,2020-08-30 20:00:00-04:00,6,s:40~l:59~t:6,los-angeles-sparks,Los Angeles,SPARKS,LA,Los Angeles Sparks,Sparks,532481,49ac9c,https://a.espncdn.com/i/teamlogos/wnba/500/la.png,home,84,True,19,3,27,50.0,36,72,0,17,72.7,8,11,7,7,8,0,0,28.6,4,14,34,0,13,13,20,s:40~l:59~t:20,atlanta-dream,Atlanta,Dream,ATL,Atlanta Dream,Dream,d02030,383a37,https://a.espncdn.com/i/teamlogos/wnba/500/atl.png,79,,,
401230847,2020,2,2020-08-30,2020-08-30 18:00:00-04:00,8,s:40~l:59~t:8,minnesota-lynx,Minnesota,LYNX,MIN,Minnesota Lynx,Lynx,005084,47a757,https://a.espncdn.com/i/teamlogos/wnba/500/min.png,home,79,False,17,2,22,40.5,30,74,0,19,92.9,13,14,3,8,11,0,0,26.1,6,23,30,0,11,11,11,s:40~l:59~t:11,phoenix-mercury,Phoenix,Mercury,PHX,Phoenix Mercury,Mercury,3a267d,e56020,https://a.espncdn.com/i/teamlogos/wnba/500/phx.png,83,,,
401241307,2020,2,2020-08-31,2020-08-31 22:00:00-04:00,8,s:40~l:59~t:8,minnesota-lynx,Minnesota,LYNX,MIN,Minnesota Lynx,Lynx,005084,47a757,https://a.espncdn.com/i/teamlogos/wnba/500/min.png,home,96,True,30,3,26,53.6,37,69,0,13,80.0,8,10,21,6,5,0,0,51.9,14,27,32,0,7,7,6,s:40~l:59~t:6,los-angeles-sparks,Los Angeles,Sparks,LA,Los Angeles Sparks,Sparks,532481,49ac9c,https://a.espncdn.com/i/teamlogos/wnba/500/la.png,78,,,
401241307,2020,2,2020-08-31,2020-08-31 22:00:00-04:00,6,s:40~l:59~t:6,los-angeles-sparks,Los Angeles,SPARKS,LA,Los Angeles Sparks,Sparks,532481,49ac9c,https://a.espncdn.com/i/teamlogos/wnba/500/la.png,away,78,False,19,3,22,44.8,30,67,0,12,61.5,8,13,11,8,3,1,0,40.0,10,25,30,0,11,10,8,s:40~l:59~t:8,minnesota-lynx,Minnesota,Lynx,MIN,Minnesota Lynx,Lynx,005084,47a757,https://a.espncdn.com/i/teamlogos/wnba/500/min.png,96,,,
401241306,2020,2,2020-08-31,2020-08-31 18:00:00-04:00,5,s:40~l:59~t:5,indiana-fever,Indiana,FEVER,IND,Indiana Fever,Fever,e2382f,08265b,https://a.espncdn.com/i/teamlogos/wnba/500/ind.png,home,77,False,24,3,27,38.9,28,72,0,21,81.0,17,21,2,11,7,0,0,22.2,4,18,38,0,13,13,19,s:40~l:59~t:19,chicago-sky,Chicago,Sky,CHI,Chicago Sky,Sky,4f91cd,f1f2f3,https://a.espncdn.com/i/teamlogos/wnba/500/chi.png,100,,,
401241306,2020,2,2020-08-31,2020-08-31 18:00:00-04:00,19,s:40~l:59~t:19,chicago-sky,Chicago,SKY,CHI,Chicago Sky,Sky,4f91cd,f1f2f3,https://a.espncdn.com/i/teamlogos/wnba/500/chi.png,away,100,True,29,5,28,54.3,38,70,0,20,85.0,17,20,25,5,7,0,0,36.8,7,19,33,0,11,11,5,s:40~l:59~t:5,indiana-fever,Indiana,Fever,IND,Indiana Fever,Fever,e2382f,08265b,https://a.espncdn.com/i/teamlogos/wnba/500/ind.png,77,,,
401230850,2020,2,2020-09-01,2020-09-01 22:00:00-04:00,17,s:40~l:59~t:17,las-vegas-aces,Las Vegas,ACES,LV,Las Vegas Aces,Aces,000000,c7cfd4,https://a.espncdn.com/i/teamlogos/wnba/500/lv.png,home,85,False,21,2,31,42.7,32,75,0,14,85.7,18,21,3,13,6,0,0,30.0,3,10,44,0,12,12,11,s:40~l:59~t:11,phoenix-mercury,Phoenix,Mercury,PHX,Phoenix Mercury,Mercury,3a267d,e56020,https://a.espncdn.com/i/teamlogos/wnba/500/phx.png,92,,,
401230850,2020,2,2020-09-01,2020-09-01 22:00:00-04:00,11,s:40~l:59~t:11,phoenix-mercury,Phoenix,MERCURY,PHX,Phoenix Mercury,Mercury,3a267d,e56020,https://a.espncdn.com/i/teamlogos/wnba/500/phx.png,away,92,True,26,12,30,45.9,34,74,0,19,83.3,10,12,13,6,4,1,0,43.8,14,32,36,0,9,8,17,s:40~l:59~t:17,las-vegas-aces,Las Vegas,Aces,LV,Las Vegas Aces,Aces,000000,c7cfd4,https://a.espncdn.com/i/teamlogos/wnba/500/lv.png,85,,,
401230849,2020,2,2020-09-01,2020-09-01 20:00:00-04:00,20,s:40~l:59~t:20,atlanta-dream,Atlanta,DREAM,ATL,Atlanta Dream,Dream,d02030,383a37,https://a.espncdn.com/i/teamlogos/wnba/500/atl.png,home,102,True,21,2,26,53.6,37,69,0,25,81.8,18,22,19,6,7,1,0,50.0,10,20,32,0,10,9,5,s:40~l:59~t:5,indiana-fever,Indiana,Fever,IND,Indiana Fever,Fever,e2382f,08265b,https://a.espncdn.com/i/teamlogos/wnba/500/ind.png,90,,,
401230849,2020,2,2020-09-01,2020-09-01 20:00:00-04:00,5,s:40~l:59~t:5,indiana-fever,Indiana,FEVER,IND,Indiana Fever,Fever,e2382f,08265b,https://a.espncdn.com/i/teamlogos/wnba/500/ind.png,away,90,False,19,5,23,44.3,31,70,0,15,75.9,22,29,3,13,6,0,0,31.6,6,19,36,0,12,12,20,s:40~l:59~t:20,atlanta-dream,Atlanta,Dream,ATL,Atlanta Dream,Dream,d02030,383a37,https://a.espncdn.com/i/teamlogos/wnba/500/atl.png,102,,,
401230848,2020,2,2020-09-01,2020-09-01 19:00:00-04:00,9,s:40~l:59~t:9,new-york-liberty,New York,LIBERTY,NY,New York Liberty,Liberty,0d79b9,89c9bf,https://a.espncdn.com/i/teamlogos/wnba/500/ny.png,home,65,False,13,6,32,34.5,19,55,0,20,77.8,21,27,3,3,7,1,0,27.3,6,22,35,0,19,18,18,s:40~l:59~t:18,connecticut-sun,Connecticut,Sun,CONN,Connecticut Sun,Sun,de6b36,002d62,https://a.espncdn.com/i/teamlogos/wnba/500/conn.png,70,,,
401230848,2020,2,2020-09-01,2020-09-01 19:00:00-04:00,18,s:40~l:59~t:18,connecticut-sun,Connecticut,SUN,CONN,Connecticut Sun,Sun,de6b36,002d62,https://a.espncdn.com/i/teamlogos/wnba/500/conn.png,away,70,True,12,2,33,32.9,23,70,0,22,87.0,20,23,11,9,12,1,2,26.7,4,15,42,2,13,12,9,s:40~l:59~t:9,new-york-liberty,New York,Liberty,NY,New York Liberty,Liberty,0d79b9,89c9bf,https://a.espncdn.com/i/teamlogos/wnba/500/ny.png,65,,,
401230851,2020,2,2020-09-02,2020-09-02 19:00:00-04:00,8,s:40~l:59~t:8,minnesota-lynx,Minnesota,LYNX,MIN,Minnesota Lynx,Lynx,005084,47a757,https://a.espncdn.com/i/teamlogos/wnba/500/min.png,away,86,True,23,4,21,44.6,33,74,0,14,71.4,10,14,18,11,16,0,0,52.6,10,19,32,0,16,16,19,s:40~l:59~t:19,chicago-sky,Chicago,Sky,CHI,Chicago Sky,Sky,4f91cd,f1f2f3,https://a.espncdn.com/i/teamlogos/wnba/500/chi.png,83,,,
401230851,2020,2,2020-09-02,2020-09-02 19:00:00-04:00,19,s:40~l:59~t:19,chicago-sky,Chicago,SKY,CHI,Chicago Sky,Sky,4f91cd,f1f2f3,https://a.espncdn.com/i/teamlogos/wnba/500/chi.png,home,83,False,23,6,29,49.3,33,67,0,16,88.9,8,9,2,8,11,0,0,30.0,9,30,37,0,23,23,8,s:40~l:59~t:8,minnesota-lynx,Minnesota,Lynx,MIN,Minnesota Lynx,Lynx,005084,47a757,https://a.espncdn.com/i/teamlogos/wnba/500/min.png,86,,,
401230809,2020,2,2020-09-02,2020-09-02 20:00:00-04:00,3,s:40~l:59~t:3,dallas-wings,Dallas,WINGS,DAL,Dallas Wings,Wings,11213e,c5d646,https://a.espncdn.com/i/teamlogos/wnba/500/dal.png,home,83,False,14,1,25,37.5,27,72,0,24,76.2,16,21,9,12,7,1,0,35.1,13,37,37,0,12,11,6,s:40~l:59~t:6,los-angeles-sparks,Los Angeles,Sparks,LA,Los Angeles Sparks,Sparks,532481,49ac9c,https://a.espncdn.com/i/teamlogos/wnba/500/la.png,91,,,
401230852,2020,2,2020-09-02,2020-09-02 22:00:00-04:00,16,s:40~l:59~t:16,washington-mystics,Washington,MYSTICS,WSH,Washington Mystics,Mystics,e03a3e,09295a,https://a.espncdn.com/i/teamlogos/wnba/500/wsh.png,away,64,False,19,3,20,37.7,26,69,0,16,100.0,5,5,2,5,5,4,1,25.9,7,27,25,1,11,7,14,s:40~l:59~t:14,seattle-storm,Seattle,Storm,SEA,Seattle Storm,Storm,05452a,f7c43c,https://a.espncdn.com/i/teamlogos/wnba/500/sea.png,71,,,
401230809,2020,2,2020-09-02,2020-09-02 20:00:00-04:00,6,s:40~l:59~t:6,los-angeles-sparks,Los Angeles,SPARKS,LA,Los Angeles Sparks,Sparks,532481,49ac9c,https://a.espncdn.com/i/teamlogos/wnba/500/la.png,away,91,True,17,4,29,51.7,31,60,0,16,71.4,20,28,18,7,6,0,0,52.9,9,17,36,0,13,13,3,s:40~l:59~t:3,dallas-wings,Dallas,Wings,DAL,Dallas Wings,Wings,11213e,c5d646,https://a.espncdn.com/i/teamlogos/wnba/500/dal.png,83,,,
401230852,2020,2,2020-09-02,2020-09-02 22:00:00-04:00,14,s:40~l:59~t:14,seattle-storm,Seattle,STORM,SEA,Seattle Storm,Storm,05452a,f7c43c,https://a.espncdn.com/i/teamlogos/wnba/500/sea.png,home,71,True,18,2,32,38.7,24,62,0,10,81.8,18,22,16,11,5,3,0,23.8,5,21,43,0,16,13,16,s:40~l:59~t:16,washington-mystics,Washington,Mystics,WSH,Washington Mystics,Mystics,e03a3e,09295a,https://a.espncdn.com/i/teamlogos/wnba/500/wsh.png,64,,,
401230812,2020,2,2020-09-03,2020-09-03 22:00:00-04:00,11,s:40~l:59~t:11,phoenix-mercury,Phoenix,MERCURY,PHX,Phoenix Mercury,Mercury,3a267d,e56020,https://a.espncdn.com/i/teamlogos/wnba/500/phx.png,home,105,True,22,8,26,51.9,40,77,0,22,77.8,14,18,28,7,10,0,0,39.3,11,28,33,0,10,10,5,s:40~l:59~t:5,indiana-fever,Indiana,Fever,IND,Indiana Fever,Fever,e2382f,08265b,https://a.espncdn.com/i/teamlogos/wnba/500/ind.png,81,,,
401230812,2020,2,2020-09-03,2020-09-03 22:00:00-04:00,5,s:40~l:59~t:5,indiana-fever,Indiana,FEVER,IND,Indiana Fever,Fever,e2382f,08265b,https://a.espncdn.com/i/teamlogos/wnba/500/ind.png,away,81,False,17,4,27,41.8,28,67,0,16,72.0,18,25,0,8,3,0,1,41.2,7,17,35,1,18,18,11,s:40~l:59~t:11,phoenix-mercury,Phoenix,Mercury,PHX,Phoenix Mercury,Mercury,3a267d,e56020,https://a.espncdn.com/i/teamlogos/wnba/500/phx.png,105,,,
401230811,2020,2,2020-09-03,2020-09-03 20:00:00-04:00,18,s:40~l:59~t:18,connecticut-sun,Connecticut,SUN,CONN,Connecticut Sun,Sun,de6b36,002d62,https://a.espncdn.com/i/teamlogos/wnba/500/conn.png,home,78,False,11,7,24,41.0,25,61,0,17,82.8,24,29,5,17,5,1,0,21.1,4,19,41,0,22,21,17,s:40~l:59~t:17,las-vegas-aces,Las Vegas,Aces,LV,Las Vegas Aces,Aces,000000,c7cfd4,https://a.espncdn.com/i/teamlogos/wnba/500/lv.png,93,,,
401230811,2020,2,2020-09-03,2020-09-03 20:00:00-04:00,17,s:40~l:59~t:17,las-vegas-aces,Las Vegas,ACES,LV,Las Vegas Aces,Aces,000000,c7cfd4,https://a.espncdn.com/i/teamlogos/wnba/500/lv.png,away,93,True,25,5,17,52.1,38,73,0,18,100.0,12,12,18,6,11,0,1,41.7,5,12,23,1,10,10,18,s:40~l:59~t:18,connecticut-sun,Connecticut,Sun,CONN,Connecticut Sun,Sun,de6b36,002d62,https://a.espncdn.com/i/teamlogos/wnba/500/conn.png,78,,,
401230810,2020,2,2020-09-03,2020-09-03 18:30:00-04:00,9,s:40~l:59~t:9,new-york-liberty,New York,LIBERTY,NY,New York Liberty,Liberty,0d79b9,89c9bf,https://a.espncdn.com/i/teamlogos/wnba/500/ny.png,home,56,False,10,5,35,26.0,19,73,0,12,70.6,12,17,9,12,8,1,0,17.1,6,35,47,0,17,16,20,s:40~l:59~t:20,atlanta-dream,Atlanta,Dream,ATL,Atlanta Dream,Dream,d02030,383a37,https://a.espncdn.com/i/teamlogos/wnba/500/atl.png,62,,,
401230810,2020,2,2020-09-03,2020-09-03 18:30:00-04:00,20,s:40~l:59~t:20,atlanta-dream,Atlanta,DREAM,ATL,Atlanta Dream,Dream,d02030,383a37,https://a.espncdn.com/i/teamlogos/wnba/500/atl.png,away,62,True,11,8,37,32.1,26,81,0,14,88.9,8,9,6,12,9,0,0,11.1,2,18,49,0,12,12,9,s:40~l:59~t:9,new-york-liberty,New York,Liberty,NY,New York Liberty,Liberty,0d79b9,89c9bf,https://a.espncdn.com/i/teamlogos/wnba/500/ny.png,56,,,
401230853,2020,2,2020-09-04,2020-09-04 19:00:00-04:00,19,s:40~l:59~t:19,chicago-sky,Chicago,SKY,CHI,Chicago Sky,Sky,4f91cd,f1f2f3,https://a.espncdn.com/i/teamlogos/wnba/500/chi.png,away,69,False,18,2,25,44.4,28,63,0,14,85.7,6,7,0,4,5,2,0,26.9,7,26,29,0,14,12,16,s:40~l:59~t:16,washington-mystics,Washington,Mystics,WSH,Washington Mystics,Mystics,e03a3e,09295a,https://a.espncdn.com/i/teamlogos/wnba/500/wsh.png,79,,,
401230853,2020,2,2020-09-04,2020-09-04 19:00:00-04:00,16,s:40~l:59~t:16,washington-mystics,Washington,MYSTICS,WSH,Washington Mystics,Mystics,e03a3e,09295a,https://a.espncdn.com/i/teamlogos/wnba/500/wsh.png,home,79,True,26,1,27,48.4,31,64,0,12,87.5,7,8,12,4,7,4,0,34.5,10,29,31,0,13,9,19,s:40~l:59~t:19,chicago-sky,Chicago,Sky,CHI,Chicago Sky,Sky,4f91cd,f1f2f3,https://a.espncdn.com/i/teamlogos/wnba/500/chi.png,69,,,
401230813,2020,2,2020-09-04,2020-09-04 22:00:00-04:00,6,s:40~l:59~t:6,los-angeles-sparks,Los Angeles,SPARKS,LA,Los Angeles Sparks,Sparks,532481,49ac9c,https://a.espncdn.com/i/teamlogos/wnba/500/la.png,home,89,False,20,6,22,53.2,33,62,0,20,93.8,15,16,13,3,7,1,0,42.1,8,19,25,0,14,13,14,s:40~l:59~t:14,seattle-storm,Seattle,Storm,SEA,Seattle Storm,Storm,05452a,f7c43c,https://a.espncdn.com/i/teamlogos/wnba/500/sea.png,90,,,
401230854,2020,2,2020-09-04,2020-09-04 20:00:00-04:00,3,s:40~l:59~t:3,dallas-wings,Dallas,WINGS,DAL,Dallas Wings,Wings,11213e,c5d646,https://a.espncdn.com/i/teamlogos/wnba/500/dal.png,home,75,False,18,3,20,42.2,27,64,0,22,100.0,16,16,15,3,8,0,0,19.2,5,26,23,0,10,10,8,s:40~l:59~t:8,minnesota-lynx,Minnesota,Lynx,MIN,Minnesota Lynx,Lynx,005084,47a757,https://a.espncdn.com/i/teamlogos/wnba/500/min.png,88,,,
401230813,2020,2,2020-09-04,2020-09-04 22:00:00-04:00,14,s:40~l:59~t:14,seattle-storm,Seattle,STORM,SEA,Seattle Storm,Storm,05452a,f7c43c,https://a.espncdn.com/i/teamlogos/wnba/500/sea.png,away,90,True,25,4,22,48.5,32,66,0,17,79.2,19,24,4,8,10,0,1,35.0,7,20,30,1,14,14,6,s:40~l:59~t:6,los-angeles-sparks,Los Angeles,Sparks,LA,Los Angeles Sparks,Sparks,532481,49ac9c,https://a.espncdn.com/i/teamlogos/wnba/500/la.png,89,,,
401230854,2020,2,2020-09-04,2020-09-04 20:00:00-04:00,8,s:40~l:59~t:8,minnesota-lynx,Minnesota,LYNX,MIN,Minnesota Lynx,Lynx,005084,47a757,https://a.espncdn.com/i/teamlogos/wnba/500/min.png,away,88,True,22,0,30,44.3,31,70,0,15,76.2,16,21,13,13,6,0,1,47.6,10,21,43,1,12,12,3,s:40~l:59~t:3,dallas-wings,Dallas,Wings,DAL,Dallas Wings,Wings,11213e,c5d646,https://a.espncdn.com/i/teamlogos/wnba/500/dal.png,75,,,
401230855,2020,2,2020-09-05,2020-09-05 16:00:00-04:00,5,s:40~l:59~t:5,indiana-fever,Indiana,FEVER,IND,Indiana Fever,Fever,e2382f,08265b,https://a.espncdn.com/i/teamlogos/wnba/500/ind.png,home,77,False,24,4,23,45.2,28,62,0,15,85.7,12,14,0,8,3,0,0,40.9,9,22,31,0,19,19,18,s:40~l:59~t:18,connecticut-sun,Connecticut,Sun,CONN,Connecticut Sun,Sun,de6b36,002d62,https://a.espncdn.com/i/teamlogos/wnba/500/conn.png,96,,,
401230855,2020,2,2020-09-05,2020-09-05 16:00:00-04:00,18,s:40~l:59~t:18,connecticut-sun,Connecticut,SUN,CONN,Connecticut Sun,Sun,de6b36,002d62,https://a.espncdn.com/i/teamlogos/wnba/500/conn.png,away,96,True,25,4,24,51.4,36,70,0,15,95.5,21,22,22,9,13,0,1,33.3,3,9,33,1,6,6,5,s:40~l:59~t:5,indiana-fever,Indiana,Fever,IND,Indiana Fever,Fever,e2382f,08265b,https://a.espncdn.com/i/teamlogos/wnba/500/ind.png,77,,,
401230814,2020,2,2020-09-05,2020-09-05 18:00:00-04:00,20,s:40~l:59~t:20,atlanta-dream,Atlanta,DREAM,ATL,Atlanta Dream,Dream,d02030,383a37,https://a.espncdn.com/i/teamlogos/wnba/500/atl.png,home,79,False,16,4,23,44.7,34,76,0,17,66.7,10,15,5,7,9,0,0,8.3,1,12,30,0,9,9,17,s:40~l:59~t:17,las-vegas-aces,Las Vegas,Aces,LV,Las Vegas Aces,Aces,000000,c7cfd4,https://a.espncdn.com/i/teamlogos/wnba/500/lv.png,89,,,
401230815,2020,2,2020-09-05,2020-09-05 20:00:00-04:00,9,s:40~l:59~t:9,new-york-liberty,New York,LIBERTY,NY,New York Liberty,Liberty,0d79b9,89c9bf,https://a.espncdn.com/i/teamlogos/wnba/500/ny.png,away,67,False,10,3,32,27.2,22,81,0,18,79.2,19,24,2,21,4,2,1,11.4,4,35,53,1,9,7,11,s:40~l:59~t:11,phoenix-mercury,Phoenix,Mercury,PHX,Phoenix Mercury,Mercury,3a267d,e56020,https://a.espncdn.com/i/teamlogos/wnba/500/phx.png,83,,,
401230814,2020,2,2020-09-05,2020-09-05 18:00:00-04:00,17,s:40~l:59~t:17,las-vegas-aces,Las Vegas,ACES,LV,Las Vegas Aces,Aces,000000,c7cfd4,https://a.espncdn.com/i/teamlogos/wnba/500/lv.png,away,89,True,19,3,33,52.4,33,63,0,17,82.6,19,23,14,5,8,0,0,33.3,4,12,38,0,16,16,20,s:40~l:59~t:20,atlanta-dream,Atlanta,Dream,ATL,Atlanta Dream,Dream,d02030,383a37,https://a.espncdn.com/i/teamlogos/wnba/500/atl.png,79,,,
401230815,2020,2,2020-09-05,2020-09-05 20:00:00-04:00,11,s:40~l:59~t:11,phoenix-mercury,Phoenix,MERCURY,PHX,Phoenix Mercury,Mercury,3a267d,e56020,https://a.espncdn.com/i/teamlogos/wnba/500/phx.png,home,83,True,12,9,35,41.3,31,75,0,21,78.6,11,14,18,8,4,0,0,33.3,10,30,43,0,10,10,9,s:40~l:59~t:9,new-york-liberty,New York,Liberty,NY,New York Liberty,Liberty,0d79b9,89c9bf,https://a.espncdn.com/i/teamlogos/wnba/500/ny.png,67,,,
401230856,2020,2,2020-09-06,2020-09-06 16:00:00-04:00,3,s:40~l:59~t:3,dallas-wings,Dallas,WINGS,DAL,Dallas Wings,Wings,11213e,c5d646,https://a.espncdn.com/i/teamlogos/wnba/500/dal.png,away,101,True,14,1,22,48.5,33,68,0,14,89.3,25,28,7,4,9,3,0,41.7,10,24,26,0,13,10,16,s:40~l:59~t:16,washington-mystics,Washington,Mystics,WSH,Washington Mystics,Mystics,e03a3e,09295a,https://a.espncdn.com/i/teamlogos/wnba/500/wsh.png,94,,,
401230856,2020,2,2020-09-06,2020-09-06 16:00:00-04:00,16,s:40~l:59~t:16,washington-mystics,Washington,MYSTICS,WSH,Washington Mystics,Mystics,e03a3e,09295a,https://a.espncdn.com/i/teamlogos/wnba/500/wsh.png,home,94,False,27,3,26,52.8,38,72,0,21,85.7,12,14,9,4,4,2,0,28.6,6,21,30,0,16,14,3,s:40~l:59~t:3,dallas-wings,Dallas,Wings,DAL,Dallas Wings,Wings,11213e,c5d646,https://a.espncdn.com/i/teamlogos/wnba/500/dal.png,101,,,
401230858,2020,2,2020-09-06,2020-09-06 20:00:00-04:00,19,s:40~l:59~t:19,chicago-sky,Chicago,SKY,CHI,Chicago Sky,Sky,4f91cd,f1f2f3,https://a.espncdn.com/i/teamlogos/wnba/500/chi.png,away,80,False,23,3,26,44.6,33,74,0,19,60.0,6,10,13,10,8,0,1,29.6,8,27,36,1,15,15,6,s:40~l:59~t:6,los-angeles-sparks,Los Angeles,Sparks,LA,Los Angeles Sparks,Sparks,532481,49ac9c,https://a.espncdn.com/i/teamlogos/wnba/500/la.png,86,,,
401230857,2020,2,2020-09-06,2020-09-06 18:00:00-04:00,8,s:40~l:59~t:8,minnesota-lynx,Minnesota,LYNX,MIN,Minnesota Lynx,Lynx,005084,47a757,https://a.espncdn.com/i/teamlogos/wnba/500/min.png,home,88,False,21,0,20,46.8,29,62,0,19,85.7,18,21,4,14,7,2,0,46.2,12,26,34,0,26,24,14,s:40~l:59~t:14,seattle-storm,Seattle,Storm,SEA,Seattle Storm,Storm,05452a,f7c43c,https://a.espncdn.com/i/teamlogos/wnba/500/sea.png,103,,,
401230857,2020,2,2020-09-06,2020-09-06 18:00:00-04:00,14,s:40~l:59~t:14,seattle-storm,Seattle,STORM,SEA,Seattle Storm,Storm,05452a,f7c43c,https://a.espncdn.com/i/teamlogos/wnba/500/sea.png,away,103,True,28,2,17,52.2,35,67,0,16,91.7,22,24,21,7,15,0,0,42.3,11,26,24,0,12,12,8,s:40~l:59~t:8,minnesota-lynx,Minnesota,Lynx,MIN,Minnesota Lynx,Lynx,005084,47a757,https://a.espncdn.com/i/teamlogos/wnba/500/min.png,88,,,
401230858,2020,2,2020-09-06,2020-09-06 20:00:00-04:00,6,s:40~l:59~t:6,los-angeles-sparks,Los Angeles,SPARKS,LA,Los Angeles Sparks,Sparks,532481,49ac9c,https://a.espncdn.com/i/teamlogos/wnba/500/la.png,home,86,True,19,3,29,50.7,34,67,0,17,76.9,10,13,9,9,6,0,0,57.1,8,14,38,0,16,16,19,s:40~l:59~t:19,chicago-sky,Chicago,Sky,CHI,Chicago Sky,Sky,4f91cd,f1f2f3,https://a.espncdn.com/i/teamlogos/wnba/500/chi.png,80,,,
401241308,2020,2,2020-09-07,2020-09-07 18:00:00-04:00,11,s:40~l:59~t:11,phoenix-mercury,Phoenix,MERCURY,PHX,Phoenix Mercury,Mercury,3a267d,e56020,https://a.espncdn.com/i/teamlogos/wnba/500/phx.png,home,70,False,14,1,25,35.0,21,60,0,15,91.3,21,23,0,7,3,1,0,26.9,7,26,32,0,17,16,18,s:40~l:59~t:18,connecticut-sun,Connecticut,Sun,CONN,Connecticut Sun,Sun,de6b36,002d62,https://a.espncdn.com/i/teamlogos/wnba/500/conn.png,85,,,
401241308,2020,2,2020-09-07,2020-09-07 18:00:00-04:00,18,s:40~l:59~t:18,connecticut-sun,Connecticut,SUN,CONN,Connecticut Sun,Sun,de6b36,002d62,https://a.espncdn.com/i/teamlogos/wnba/500/conn.png,away,85,True,22,3,27,44.0,33,75,0,19,80.0,12,15,18,9,7,0,0,38.9,7,18,36,0,9,9,11,s:40~l:59~t:11,phoenix-mercury,Phoenix,Mercury,PHX,Phoenix Mercury,Mercury,3a267d,e56020,https://a.espncdn.com/i/teamlogos/wnba/500/phx.png,70,,,
401230861,2020,2,2020-09-08,2020-09-08 22:00:00-04:00,17,s:40~l:59~t:17,las-vegas-aces,Las Vegas,ACES,LV,Las Vegas Aces,Aces,000000,c7cfd4,https://a.espncdn.com/i/teamlogos/wnba/500/lv.png,home,92,True,23,4,29,45.7,32,70,0,7,81.3,26,32,20,13,9,0,2,33.3,2,6,42,2,9,9,5,s:40~l:59~t:5,indiana-fever,Indiana,Fever,IND,Indiana Fever,Fever,e2382f,08265b,https://a.espncdn.com/i/teamlogos/wnba/500/ind.png,86,,,
401230861,2020,2,2020-09-08,2020-09-08 22:00:00-04:00,5,s:40~l:59~t:5,indiana-fever,Indiana,FEVER,IND,Indiana Fever,Fever,e2382f,08265b,https://a.espncdn.com/i/teamlogos/wnba/500/ind.png,away,86,False,24,3,24,48.6,34,70,0,21,100.0,8,8,3,4,6,0,1,43.5,10,23,28,1,13,13,17,s:40~l:59~t:17,las-vegas-aces,Las Vegas,Aces,LV,Las Vegas Aces,Aces,000000,c7cfd4,https://a.espncdn.com/i/teamlogos/wnba/500/lv.png,92,,,
401230860,2020,2,2020-09-08,2020-09-08 20:00:00-04:00,16,s:40~l:59~t:16,washington-mystics,Washington,MYSTICS,WSH,Washington Mystics,Mystics,e03a3e,09295a,https://a.espncdn.com/i/teamlogos/wnba/500/wsh.png,home,89,True,22,1,17,54.1,33,61,0,13,93.3,14,15,12,6,6,6,0,34.6,9,26,23,0,16,10,8,s:40~l:59~t:8,minnesota-lynx,Minnesota,Lynx,MIN,Minnesota Lynx,Lynx,005084,47a757,https://a.espncdn.com/i/teamlogos/wnba/500/min.png,86,,,
401230860,2020,2,2020-09-08,2020-09-08 20:00:00-04:00,8,s:40~l:59~t:8,minnesota-lynx,Minnesota,LYNX,MIN,Minnesota Lynx,Lynx,005084,47a757,https://a.espncdn.com/i/teamlogos/wnba/500/min.png,away,86,False,17,2,18,54.5,36,66,0,14,81.8,9,11,3,10,4,3,0,27.8,5,18,28,0,15,12,16,s:40~l:59~t:16,washington-mystics,Washington,Mystics,WSH,Washington Mystics,Mystics,e03a3e,09295a,https://a.espncdn.com/i/teamlogos/wnba/500/wsh.png,89,,,
401230859,2020,2,2020-09-08,2020-09-08 19:00:00-04:00,9,s:40~l:59~t:9,new-york-liberty,New York,LIBERTY,NY,New York Liberty,Liberty,0d79b9,89c9bf,https://a.espncdn.com/i/teamlogos/wnba/500/ny.png,home,70,False,18,4,22,37.9,22,58,0,18,87.5,14,16,1,4,7,0,1,34.3,12,35,26,1,17,17,6,s:40~l:59~t:6,los-angeles-sparks,Los Angeles,Sparks,LA,Los Angeles Sparks,Sparks,532481,49ac9c,https://a.espncdn.com/i/teamlogos/wnba/500/la.png,96,,,
401230859,2020,2,2020-09-08,2020-09-08 19:00:00-04:00,6,s:40~l:59~t:6,los-angeles-sparks,Los Angeles,SPARKS,LA,Los Angeles Sparks,Sparks,532481,49ac9c,https://a.espncdn.com/i/teamlogos/wnba/500/la.png,away,96,True,32,3,27,54.4,37,68,0,19,93.3,14,15,30,4,9,1,0,42.1,8,19,31,0,12,11,9,s:40~l:59~t:9,new-york-liberty,New York,Liberty,NY,New York Liberty,Liberty,0d79b9,89c9bf,https://a.espncdn.com/i/teamlogos/wnba/500/ny.png,70,,,
401230816,2020,2,2020-09-09,2020-09-09 22:00:00-04:00,14,s:40~l:59~t:14,seattle-storm,Seattle,STORM,SEA,Seattle Storm,Storm,05452a,f7c43c,https://a.espncdn.com/i/teamlogos/wnba/500/sea.png,home,107,True,30,4,27,50.6,39,77,0,22,90.9,20,22,12,9,8,0,0,45.0,9,20,36,0,10,10,3,s:40~l:59~t:3,dallas-wings,Dallas,Wings,DAL,Dallas Wings,Wings,11213e,c5d646,https://a.espncdn.com/i/teamlogos/wnba/500/dal.png,95,,,
401230816,2020,2,2020-09-09,2020-09-09 22:00:00-04:00,3,s:40~l:59~t:3,dallas-wings,Dallas,WINGS,DAL,Dallas Wings,Wings,11213e,c5d646,https://a.espncdn.com/i/teamlogos/wnba/500/dal.png,away,95,False,20,3,26,48.5,33,68,0,24,84.0,21,25,6,3,2,0,0,33.3,8,24,29,0,12,12,14,s:40~l:59~t:14,seattle-storm,Seattle,Storm,SEA,Seattle Storm,Storm,05452a,f7c43c,https://a.espncdn.com/i/teamlogos/wnba/500/sea.png,107,,,
401230863,2020,2,2020-09-09,2020-09-09 20:00:00-04:00,19,s:40~l:59~t:19,chicago-sky,Chicago,SKY,CHI,Chicago Sky,Sky,4f91cd,f1f2f3,https://a.espncdn.com/i/teamlogos/wnba/500/chi.png,home,89,False,22,4,29,46.7,35,75,0,13,84.6,11,13,18,6,6,1,0,33.3,8,24,35,0,12,11,20,s:40~l:59~t:20,atlanta-dream,Atlanta,Dream,ATL,Atlanta Dream,Dream,d02030,383a37,https://a.espncdn.com/i/teamlogos/wnba/500/atl.png,97,,,
401230863,2020,2,2020-09-09,2020-09-09 20:00:00-04:00,20,s:40~l:59~t:20,atlanta-dream,Atlanta,DREAM,ATL,Atlanta Dream,Dream,d02030,383a37,https://a.espncdn.com/i/teamlogos/wnba/500/atl.png,away,97,True,19,2,29,46.3,37,80,0,12,88.2,15,17,9,12,9,1,0,61.5,8,13,41,0,10,9,19,s:40~l:59~t:19,chicago-sky,Chicago,Sky,CHI,Chicago Sky,Sky,4f91cd,f1f2f3,https://a.espncdn.com/i/teamlogos/wnba/500/chi.png,89,,,
401230862,2020,2,2020-09-09,2020-09-09 19:00:00-04:00,18,s:40~l:59~t:18,connecticut-sun,Connecticut,SUN,CONN,Connecticut Sun,Sun,de6b36,002d62,https://a.espncdn.com/i/teamlogos/wnba/500/conn.png,home,95,False,13,5,34,36.9,31,84,0,23,83.3,25,30,4,21,8,0,1,28.6,8,28,55,1,16,16,11,s:40~l:59~t:11,phoenix-mercury,Phoenix,Mercury,PHX,Phoenix Mercury,Mercury,3a267d,e56020,https://a.espncdn.com/i/teamlogos/wnba/500/phx.png,100,,,
401230862,2020,2,2020-09-09,2020-09-09 19:00:00-04:00,11,s:40~l:59~t:11,phoenix-mercury,Phoenix,MERCURY,PHX,Phoenix Mercury,Mercury,3a267d,e56020,https://a.espncdn.com/i/teamlogos/wnba/500/phx.png,away,100,True,24,7,29,42.7,35,82,0,24,84.0,21,25,22,10,7,1,1,27.3,9,33,39,1,12,11,18,s:40~l:59~t:18,connecticut-sun,Connecticut,Sun,CONN,Connecticut Sun,Sun,de6b36,002d62,https://a.espncdn.com/i/teamlogos/wnba/500/conn.png,95,,,
401230864,2020,2,2020-09-10,2020-09-10 19:00:00-04:00,9,s:40~l:59~t:9,new-york-liberty,New York,LIBERTY,NY,New York Liberty,Liberty,0d79b9,89c9bf,https://a.espncdn.com/i/teamlogos/wnba/500/ny.png,away,75,False,14,5,28,39.5,30,76,0,23,100.0,9,9,4,6,7,0,0,23.1,6,26,34,0,15,15,5,s:40~l:59~t:5,indiana-fever,Indiana,Fever,IND,Indiana Fever,Fever,e2382f,08265b,https://a.espncdn.com/i/teamlogos/wnba/500/ind.png,85,,,
401230864,2020,2,2020-09-10,2020-09-10 19:00:00-04:00,5,s:40~l:59~t:5,indiana-fever,Indiana,FEVER,IND,Indiana Fever,Fever,e2382f,08265b,https://a.espncdn.com/i/teamlogos/wnba/500/ind.png,home,85,True,23,9,30,43.1,31,72,0,15,95.0,19,20,12,6,5,1,0,25.0,4,16,36,0,14,13,9,s:40~l:59~t:9,new-york-liberty,New York,Liberty,NY,New York Liberty,Liberty,0d79b9,89c9bf,https://a.espncdn.com/i/teamlogos/wnba/500/ny.png,75,,,
401230866,2020,2,2020-09-10,2020-09-10 22:00:00-04:00,16,s:40~l:59~t:16,washington-mystics,Washington,MYSTICS,WSH,Washington Mystics,Mystics,e03a3e,09295a,https://a.espncdn.com/i/teamlogos/wnba/500/wsh.png,away,80,True,24,3,26,50.8,32,63,0,13,58.3,7,12,8,3,10,2,0,39.1,9,23,29,0,12,10,6,s:40~l:59~t:6,los-angeles-sparks,Los Angeles,Sparks,LA,Los Angeles Sparks,Sparks,532481,49ac9c,https://a.espncdn.com/i/teamlogos/wnba/500/la.png,72,,,
401230865,2020,2,2020-09-10,2020-09-10 20:00:00-04:00,8,s:40~l:59~t:8,minnesota-lynx,Minnesota,LYNX,MIN,Minnesota Lynx,Lynx,005084,47a757,https://a.espncdn.com/i/teamlogos/wnba/500/min.png,home,89,False,24,3,26,45.8,33,72,0,16,92.9,13,14,6,7,4,0,0,34.5,10,29,33,0,12,12,17,s:40~l:59~t:17,las-vegas-aces,Las Vegas,Aces,LV,Las Vegas Aces,Aces,000000,c7cfd4,https://a.espncdn.com/i/teamlogos/wnba/500/lv.png,104,,,
401230865,2020,2,2020-09-10,2020-09-10 20:00:00-04:00,17,s:40~l:59~t:17,las-vegas-aces,Las Vegas,ACES,LV,Las Vegas Aces,Aces,000000,c7cfd4,https://a.espncdn.com/i/teamlogos/wnba/500/lv.png,away,104,True,31,4,30,49.3,37,75,0,13,87.0,20,23,21,7,10,2,0,55.6,10,18,37,0,8,6,8,s:40~l:59~t:8,minnesota-lynx,Minnesota,Lynx,MIN,Minnesota Lynx,Lynx,005084,47a757,https://a.espncdn.com/i/teamlogos/wnba/500/min.png,89,,,
401230866,2020,2,2020-09-10,2020-09-10 22:00:00-04:00,6,s:40~l:59~t:6,los-angeles-sparks,Los Angeles,SPARKS,LA,Los Angeles Sparks,Sparks,532481,49ac9c,https://a.espncdn.com/i/teamlogos/wnba/500/la.png,home,72,False,15,4,28,41.4,29,70,0,14,90.9,10,11,9,13,7,2,1,25.0,4,16,41,1,15,13,16,s:40~l:59~t:16,washington-mystics,Washington,Mystics,WSH,Washington Mystics,Mystics,e03a3e,09295a,https://a.espncdn.com/i/teamlogos/wnba/500/wsh.png,80,,,
401230869,2020,2,2020-09-11,2020-09-11 22:00:00-04:00,11,s:40~l:59~t:11,phoenix-mercury,Phoenix,MERCURY,PHX,Phoenix Mercury,Mercury,3a267d,e56020,https://a.espncdn.com/i/teamlogos/wnba/500/phx.png,home,60,False,12,4,21,24.2,15,62,0,16,96.4,27,28,0,11,8,3,1,12.0,3,25,32,1,17,14,14,s:40~l:59~t:14,seattle-storm,Seattle,Storm,SEA,Seattle Storm,Storm,05452a,f7c43c,https://a.espncdn.com/i/teamlogos/wnba/500/sea.png,83,,,
401230869,2020,2,2020-09-11,2020-09-11 22:00:00-04:00,14,s:40~l:59~t:14,seattle-storm,Seattle,STORM,SEA,Seattle Storm,Storm,05452a,f7c43c,https://a.espncdn.com/i/teamlogos/wnba/500/sea.png,away,83,True,22,2,27,47.0,31,66,0,23,82.4,14,17,38,9,5,0,0,41.2,7,17,36,0,16,16,11,s:40~l:59~t:11,phoenix-mercury,Phoenix,Mercury,PHX,Phoenix Mercury,Mercury,3a267d,e56020,https://a.espncdn.com/i/teamlogos/wnba/500/phx.png,60,,,
401230868,2020,2,2020-09-11,2020-09-11 20:00:00-04:00,3,s:40~l:59~t:3,dallas-wings,Dallas,WINGS,DAL,Dallas Wings,Wings,11213e,c5d646,https://a.espncdn.com/i/teamlogos/wnba/500/dal.png,home,88,False,20,3,17,39.8,33,83,0,15,70.6,12,17,7,15,8,0,0,32.3,10,31,32,0,4,4,19,s:40~l:59~t:19,chicago-sky,Chicago,Sky,CHI,Chicago Sky,Sky,4f91cd,f1f2f3,https://a.espncdn.com/i/teamlogos/wnba/500/chi.png,95,,,
401230868,2020,2,2020-09-11,2020-09-11 20:00:00-04:00,19,s:40~l:59~t:19,chicago-sky,Chicago,SKY,CHI,Chicago Sky,Sky,4f91cd,f1f2f3,https://a.espncdn.com/i/teamlogos/wnba/500/chi.png,away,95,True,25,6,32,57.6,34,59,0,14,91.3,21,23,9,5,3,0,0,54.5,6,11,37,0,12,12,3,s:40~l:59~t:3,dallas-wings,Dallas,Wings,DAL,Dallas Wings,Wings,11213e,c5d646,https://a.espncdn.com/i/teamlogos/wnba/500/dal.png,88,,,
401230867,2020,2,2020-09-11,2020-09-11 19:00:00-04:00,18,s:40~l:59~t:18,connecticut-sun,Connecticut,SUN,CONN,Connecticut Sun,Sun,de6b36,002d62,https://a.espncdn.com/i/teamlogos/wnba/500/conn.png,home,75,False,16,5,31,43.8,28,64,0,19,65.0,13,20,8,5,4,1,3,28.6,6,21,36,3,14,13,20,s:40~l:59~t:20,atlanta-dream,Atlanta,Dream,ATL,Atlanta Dream,Dream,d02030,383a37,https://a.espncdn.com/i/teamlogos/wnba/500/atl.png,82,,,
401230867,2020,2,2020-09-11,2020-09-11 19:00:00-04:00,20,s:40~l:59~t:20,atlanta-dream,Atlanta,DREAM,ATL,Atlanta Dream,Dream,d02030,383a37,https://a.espncdn.com/i/teamlogos/wnba/500/atl.png,away,82,True,14,3,32,40.3,31,77,0,17,81.0,17,21,13,10,9,0,1,27.3,3,11,42,1,8,8,18,s:40~l:59~t:18,connecticut-sun,Connecticut,Sun,CONN,Connecticut Sun,Sun,de6b36,002d62,https://a.espncdn.com/i/teamlogos/wnba/500/conn.png,75,,,
401230817,2020,2,2020-09-12,2020-09-12 12:00:00-04:00,9,s:40~l:59~t:9,new-york-liberty,New York,LIBERTY,NY,New York Liberty,Liberty,0d79b9,89c9bf,https://a.espncdn.com/i/teamlogos/wnba/500/ny.png,home,58,False,16,6,30,38.2,21,55,0,9,87.5,7,8,0,5,6,1,0,37.5,9,24,35,0,26,25,16,s:40~l:59~t:16,washington-mystics,Washington,Mystics,WSH,Washington Mystics,Mystics,e03a3e,09295a,https://a.espncdn.com/i/teamlogos/wnba/500/wsh.png,75,,,
401230817,2020,2,2020-09-12,2020-09-12 12:00:00-04:00,16,s:40~l:59~t:16,washington-mystics,Washington,MYSTICS,WSH,Washington Mystics,Mystics,e03a3e,09295a,https://a.espncdn.com/i/teamlogos/wnba/500/wsh.png,away,75,True,20,3,27,39.7,29,73,0,11,100.0,11,11,20,9,15,2,0,26.1,6,23,36,0,10,8,9,s:40~l:59~t:9,new-york-liberty,New York,Liberty,NY,New York Liberty,Liberty,0d79b9,89c9bf,https://a.espncdn.com/i/teamlogos/wnba/500/ny.png,58,,,
401230819,2020,2,2020-09-12,2020-09-12 15:00:00-04:00,17,s:40~l:59~t:17,las-vegas-aces,Las Vegas,ACES,LV,Las Vegas Aces,Aces,000000,c7cfd4,https://a.espncdn.com/i/teamlogos/wnba/500/lv.png,away,84,True,22,4,33,52.5,32,61,0,16,78.9,15,19,15,5,6,1,0,55.6,5,9,38,0,16,15,6,s:40~l:59~t:6,los-angeles-sparks,Los Angeles,Sparks,LA,Los Angeles Sparks,Sparks,532481,49ac9c,https://a.espncdn.com/i/teamlogos/wnba/500/la.png,70,,,
401230818,2020,2,2020-09-12,2020-09-12 18:00:00-04:00,8,s:40~l:59~t:8,minnesota-lynx,Minnesota,LYNX,MIN,Minnesota Lynx,Lynx,005084,47a757,https://a.espncdn.com/i/teamlogos/wnba/500/min.png,away,98,True,29,2,21,55.1,38,69,0,12,75.0,9,12,15,10,5,0,1,59.1,13,22,31,1,9,9,5,s:40~l:59~t:5,indiana-fever,Indiana,Fever,IND,Indiana Fever,Fever,e2382f,08265b,https://a.espncdn.com/i/teamlogos/wnba/500/ind.png,86,,,
401230819,2020,2,2020-09-12,2020-09-12 15:00:00-04:00,6,s:40~l:59~t:6,los-angeles-sparks,Los Angeles,SPARKS,LA,Los Angeles Sparks,Sparks,532481,49ac9c,https://a.espncdn.com/i/teamlogos/wnba/500/la.png,home,70,False,25,3,23,37.5,27,72,0,16,91.7,11,12,2,6,8,0,0,22.7,5,22,29,0,12,12,17,s:40~l:59~t:17,las-vegas-aces,Las Vegas,Aces,LV,Las Vegas Aces,Aces,000000,c7cfd4,https://a.espncdn.com/i/teamlogos/wnba/500/lv.png,84,,,
401230818,2020,2,2020-09-12,2020-09-12 18:00:00-04:00,5,s:40~l:59~t:5,indiana-fever,Indiana,FEVER,IND,Indiana Fever,Fever,e2382f,08265b,https://a.espncdn.com/i/teamlogos/wnba/500/ind.png,home,86,False,27,2,19,45.6,31,68,0,13,88.2,15,17,1,13,5,1,0,34.6,9,26,32,0,13,12,8,s:40~l:59~t:8,minnesota-lynx,Minnesota,Lynx,MIN,Minnesota Lynx,Lynx,005084,47a757,https://a.espncdn.com/i/teamlogos/wnba/500/min.png,98,,,
401241309,2020,2,2020-09-13,2020-09-13 12:00:00-04:00,3,s:40~l:59~t:3,dallas-wings,Dallas,WINGS,DAL,Dallas Wings,Wings,11213e,c5d646,https://a.espncdn.com/i/teamlogos/wnba/500/dal.png,away,82,True,14,5,27,38.6,27,70,0,16,86.4,19,22,16,8,10,0,3,25.0,9,36,35,3,12,12,9,s:40~l:59~t:9,new-york-liberty,New York,Liberty,NY,New York Liberty,Liberty,0d79b9,89c9bf,https://a.espncdn.com/i/teamlogos/wnba/500/ny.png,79,,,
401241309,2020,2,2020-09-13,2020-09-13 12:00:00-04:00,9,s:40~l:59~t:9,new-york-liberty,New York,LIBERTY,NY,New York Liberty,Liberty,0d79b9,89c9bf,https://a.espncdn.com/i/teamlogos/wnba/500/ny.png,home,79,False,18,4,28,47.8,32,67,0,21,70.6,12,17,8,6,4,2,1,15.8,3,19,34,1,16,14,3,s:40~l:59~t:3,dallas-wings,Dallas,Wings,DAL,Dallas Wings,Wings,11213e,c5d646,https://a.espncdn.com/i/teamlogos/wnba/500/dal.png,82,,,
401241311,2020,2,2020-09-13,2020-09-13 17:00:00-04:00,16,s:40~l:59~t:16,washington-mystics,Washington,MYSTICS,WSH,Washington Mystics,Mystics,e03a3e,09295a,https://a.espncdn.com/i/teamlogos/wnba/500/wsh.png,away,85,True,21,5,23,44.8,30,67,0,13,100.0,18,18,,4,6,1,1,28.0,7,25,27,1,2,1,20,s:40~l:59~t:20,atlanta-dream,Atlanta,Dream,ATL,Atlanta Dream,Dream,d02030,383a37,https://a.espncdn.com/i/teamlogos/wnba/500/atl.png,78,,,
401241310,2020,2,2020-09-13,2020-09-13 15:00:00-04:00,14,s:40~l:59~t:14,seattle-storm,Seattle,STORM,SEA,Seattle Storm,Storm,05452a,f7c43c,https://a.espncdn.com/i/teamlogos/wnba/500/sea.png,home,84,False,19,4,26,41.1,30,73,0,19,75.0,15,20,10,9,5,1,0,42.9,9,21,35,0,12,11,17,s:40~l:59~t:17,las-vegas-aces,Las Vegas,Aces,LV,Las Vegas Aces,Aces,000000,c7cfd4,https://a.espncdn.com/i/teamlogos/wnba/500/lv.png,86,,,
401241310,2020,2,2020-09-13,2020-09-13 15:00:00-04:00,17,s:40~l:59~t:17,las-vegas-aces,Las Vegas,ACES,LV,Las Vegas Aces,Aces,000000,c7cfd4,https://a.espncdn.com/i/teamlogos/wnba/500/lv.png,away,86,True,25,4,29,43.5,30,69,0,19,66.7,18,27,5,8,4,0,1,42.1,8,19,37,1,9,9,14,s:40~l:59~t:14,seattle-storm,Seattle,Storm,SEA,Seattle Storm,Storm,05452a,f7c43c,https://a.espncdn.com/i/teamlogos/wnba/500/sea.png,84,,,
401241311,2020,2,2020-09-13,2020-09-13 17:00:00-04:00,20,s:40~l:59~t:20,atlanta-dream,Atlanta,DREAM,ATL,Atlanta Dream,Dream,d02030,383a37,https://a.espncdn.com/i/teamlogos/wnba/500/atl.png,home,78,False,8,0,28,46.5,33,71,0,16,69.2,9,13,,12,1,2,0,25.0,3,12,40,0,11,9,16,s:40~l:59~t:16,washington-mystics,Washington,Mystics,WSH,Washington Mystics,Mystics,e03a3e,09295a,https://a.espncdn.com/i/teamlogos/wnba/500/wsh.png,85,,,
401244170,2020,3,2020-09-15,2020-09-15 21:00:00-04:00,11,s:40~l:59~t:11,phoenix-mercury,Phoenix,MERCURY,PHX,Phoenix Mercury,Mercury,3a267d,e56020,https://a.espncdn.com/i/teamlogos/wnba/500/phx.png,home,85,True,18,6,27,45.2,28,62,0,18,78.3,18,23,5,7,6,1,0,45.8,11,24,34,0,12,11,16,s:40~l:59~t:16,washington-mystics,Washington,Mystics,WSH,Washington Mystics,Mystics,e03a3e,09295a,https://a.espncdn.com/i/teamlogos/wnba/500/wsh.png,84,,,
401244170,2020,3,2020-09-15,2020-09-15 21:00:00-04:00,16,s:40~l:59~t:16,washington-mystics,Washington,MYSTICS,WSH,Washington Mystics,Mystics,e03a3e,09295a,https://a.espncdn.com/i/teamlogos/wnba/500/wsh.png,away,84,False,19,5,25,43.2,32,74,0,17,84.6,11,13,13,9,5,3,1,50.0,9,18,34,1,12,9,11,s:40~l:59~t:11,phoenix-mercury,Phoenix,Mercury,PHX,Phoenix Mercury,Mercury,3a267d,e56020,https://a.espncdn.com/i/teamlogos/wnba/500/phx.png,85,,,
401244169,2020,3,2020-09-15,2020-09-15 19:00:00-04:00,19,s:40~l:59~t:19,chicago-sky,Chicago,SKY,CHI,Chicago Sky,Sky,4f91cd,f1f2f3,https://a.espncdn.com/i/teamlogos/wnba/500/chi.png,home,81,False,18,4,16,50.0,30,60,0,19,81.3,13,16,3,5,8,2,0,40.0,8,20,21,0,14,12,18,s:40~l:59~t:18,connecticut-sun,Connecticut,Sun,CONN,Connecticut Sun,Sun,de6b36,002d62,https://a.espncdn.com/i/teamlogos/wnba/500/conn.png,94,,,
401244169,2020,3,2020-09-15,2020-09-15 19:00:00-04:00,18,s:40~l:59~t:18,connecticut-sun,Connecticut,SUN,CONN,Connecticut Sun,Sun,de6b36,002d62,https://a.espncdn.com/i/teamlogos/wnba/500/conn.png,away,94,True,22,1,23,44.3,31,70,0,15,93.1,27,29,20,17,6,1,0,29.4,5,17,40,0,13,12,19,s:40~l:59~t:19,chicago-sky,Chicago,Sky,CHI,Chicago Sky,Sky,4f91cd,f1f2f3,https://a.espncdn.com/i/teamlogos/wnba/500/chi.png,81,,,
401244172,2020,3,2020-09-17,2020-09-17 21:20:00-04:00,6,s:40~l:59~t:6,los-angeles-sparks,Los Angeles,SPARKS,LA,Los Angeles Sparks,Sparks,532481,49ac9c,https://a.espncdn.com/i/teamlogos/wnba/500/la.png,home,59,False,14,5,28,33.3,20,60,0,16,94.4,17,18,4,7,5,1,0,11.1,2,18,35,0,15,14,18,s:40~l:59~t:18,connecticut-sun,Connecticut,Sun,CONN,Connecticut Sun,Sun,de6b36,002d62,https://a.espncdn.com/i/teamlogos/wnba/500/conn.png,73,,,
401244172,2020,3,2020-09-17,2020-09-17 21:20:00-04:00,18,s:40~l:59~t:18,connecticut-sun,Connecticut,SUN,CONN,Connecticut Sun,Sun,de6b36,002d62,https://a.espncdn.com/i/teamlogos/wnba/500/conn.png,away,73,True,23,2,29,38.0,27,71,0,15,100.0,10,10,20,5,7,3,0,45.0,9,20,34,0,11,8,6,s:40~l:59~t:6,los-angeles-sparks,Los Angeles,Sparks,LA,Los Angeles Sparks,Sparks,532481,49ac9c,https://a.espncdn.com/i/teamlogos/wnba/500/la.png,59,,,
401244171,2020,3,2020-09-17,2020-09-17 19:00:00-04:00,8,s:40~l:59~t:8,minnesota-lynx,Minnesota,LYNX,MIN,Minnesota Lynx,Lynx,005084,47a757,https://a.espncdn.com/i/teamlogos/wnba/500/min.png,home,80,True,15,1,24,47.1,32,68,0,14,81.8,9,11,7,5,8,1,0,41.2,7,17,29,0,13,12,11,s:40~l:59~t:11,phoenix-mercury,Phoenix,Mercury,PHX,Phoenix Mercury,Mercury,3a267d,e56020,https://a.espncdn.com/i/teamlogos/wnba/500/phx.png,79,,,
401244171,2020,3,2020-09-17,2020-09-17 19:00:00-04:00,11,s:40~l:59~t:11,phoenix-mercury,Phoenix,MERCURY,PHX,Phoenix Mercury,Mercury,3a267d,e56020,https://a.espncdn.com/i/teamlogos/wnba/500/phx.png,away,79,False,23,1,29,44.8,30,67,0,17,80.0,8,10,12,5,5,0,1,36.7,11,30,34,1,15,15,8,s:40~l:59~t:8,minnesota-lynx,Minnesota,Lynx,MIN,Minnesota Lynx,Lynx,005084,47a757,https://a.espncdn.com/i/teamlogos/wnba/500/min.png,80,,,
401244173,2020,3,2020-09-20,2020-09-20 13:00:00-04:00,17,s:40~l:59~t:17,las-vegas-aces,Las Vegas,ACES,LV,Las Vegas Aces,Aces,000000,c7cfd4,https://a.espncdn.com/i/teamlogos/wnba/500/lv.png,home,62,False,14,2,24,33.8,23,68,0,11,83.3,15,18,2,5,7,0,0,7.1,1,14,29,0,14,14,18,s:40~l:59~t:18,connecticut-sun,Connecticut,Sun,CONN,Connecticut Sun,Sun,de6b36,002d62,https://a.espncdn.com/i/teamlogos/wnba/500/conn.png,87,,,
401244173,2020,3,2020-09-20,2020-09-20 13:00:00-04:00,18,s:40~l:59~t:18,connecticut-sun,Connecticut,SUN,CONN,Connecticut Sun,Sun,de6b36,002d62,https://a.espncdn.com/i/teamlogos/wnba/500/conn.png,away,87,True,21,7,32,50.0,34,68,0,20,84.6,11,13,30,7,10,1,0,42.1,8,19,39,0,13,12,17,s:40~l:59~t:17,las-vegas-aces,Las Vegas,Aces,LV,Las Vegas Aces,Aces,000000,c7cfd4,https://a.espncdn.com/i/teamlogos/wnba/500/lv.png,62,,,
401244176,2020,3,2020-09-22,2020-09-22 19:00:00-04:00,18,s:40~l:59~t:18,connecticut-sun,Connecticut,SUN,CONN,Connecticut Sun,Sun,de6b36,002d62,https://a.espncdn.com/i/teamlogos/wnba/500/conn.png,away,75,False,15,7,22,44.9,31,69,0,22,100.0,7,7,7,9,6,1,0,30.0,6,20,31,0,18,17,17,s:40~l:59~t:17,las-vegas-aces,Las Vegas,Aces,LV,Las Vegas Aces,Aces,000000,c7cfd4,https://a.espncdn.com/i/teamlogos/wnba/500/lv.png,83,,,
401244175,2020,3,2020-09-22,2020-09-22 21:20:00-04:00,8,s:40~l:59~t:8,minnesota-lynx,Minnesota,LYNX,MIN,Minnesota Lynx,Lynx,005084,47a757,https://a.espncdn.com/i/teamlogos/wnba/500/min.png,away,86,False,21,7,24,43.1,31,72,0,17,83.3,10,12,9,5,8,1,0,45.2,14,31,29,0,10,9,14,s:40~l:59~t:14,seattle-storm,Seattle,Storm,SEA,Seattle Storm,Storm,05452a,f7c43c,https://a.espncdn.com/i/teamlogos/wnba/500/sea.png,88,,,
401244175,2020,3,2020-09-22,2020-09-22 21:20:00-04:00,14,s:40~l:59~t:14,seattle-storm,Seattle,STORM,SEA,Seattle Storm,Storm,05452a,f7c43c,https://a.espncdn.com/i/teamlogos/wnba/500/sea.png,home,88,True,24,5,28,44.3,31,70,0,18,92.9,13,14,10,8,4,0,0,50.0,13,26,36,0,16,16,8,s:40~l:59~t:8,minnesota-lynx,Minnesota,Lynx,MIN,Minnesota Lynx,Lynx,005084,47a757,https://a.espncdn.com/i/teamlogos/wnba/500/min.png,86,,,
401244176,2020,3,2020-09-22,2020-09-22 19:00:00-04:00,17,s:40~l:59~t:17,las-vegas-aces,Las Vegas,ACES,LV,Las Vegas Aces,Aces,000000,c7cfd4,https://a.espncdn.com/i/teamlogos/wnba/500/lv.png,home,83,True,19,8,23,47.7,31,65,0,18,75.0,21,28,8,7,6,1,0,0.0,0,4,30,0,13,12,18,s:40~l:59~t:18,connecticut-sun,Connecticut,Sun,CONN,Connecticut Sun,Sun,de6b36,002d62,https://a.espncdn.com/i/teamlogos/wnba/500/conn.png,75,,,
401244177,2020,3,2020-09-24,2020-09-24 21:30:00-04:00,17,s:40~l:59~t:17,las-vegas-aces,Las Vegas,ACES,LV,Las Vegas Aces,Aces,000000,c7cfd4,https://a.espncdn.com/i/teamlogos/wnba/500/lv.png,away,68,False,23,5,34,38.8,26,67,0,19,100.0,11,11,7,8,3,1,0,35.7,5,14,42,0,16,15,18,s:40~l:59~t:18,connecticut-sun,Connecticut,Sun,CONN,Connecticut Sun,Sun,de6b36,002d62,https://a.espncdn.com/i/teamlogos/wnba/500/conn.png,77,,,
401244178,2020,3,2020-09-24,2020-09-24 19:30:00-04:00,14,s:40~l:59~t:14,seattle-storm,Seattle,STORM,SEA,Seattle Storm,Storm,05452a,f7c43c,https://a.espncdn.com/i/teamlogos/wnba/500/sea.png,home,89,True,23,3,32,50.8,31,61,0,19,94.4,17,18,21,5,7,0,0,32.3,10,31,37,0,13,13,8,s:40~l:59~t:8,minnesota-lynx,Minnesota,Lynx,MIN,Minnesota Lynx,Lynx,005084,47a757,https://a.espncdn.com/i/teamlogos/wnba/500/min.png,79,,,
401244178,2020,3,2020-09-24,2020-09-24 19:30:00-04:00,8,s:40~l:59~t:8,minnesota-lynx,Minnesota,LYNX,MIN,Minnesota Lynx,Lynx,005084,47a757,https://a.espncdn.com/i/teamlogos/wnba/500/min.png,away,79,False,20,1,21,40.0,26,65,0,17,77.8,14,18,5,7,5,1,0,46.4,13,28,28,0,10,9,14,s:40~l:59~t:14,seattle-storm,Seattle,Storm,SEA,Seattle Storm,Storm,05452a,f7c43c,https://a.espncdn.com/i/teamlogos/wnba/500/sea.png,89,,,
401244177,2020,3,2020-09-24,2020-09-24 21:30:00-04:00,18,s:40~l:59~t:18,connecticut-sun,Connecticut,SUN,CONN,Connecticut Sun,Sun,de6b36,002d62,https://a.espncdn.com/i/teamlogos/wnba/500/conn.png,home,77,True,17,1,28,39.0,32,82,0,14,80.0,12,15,9,14,11,1,0,9.1,1,11,42,0,5,4,17,s:40~l:59~t:17,las-vegas-aces,Las Vegas,Aces,LV,Las Vegas Aces,Aces,000000,c7cfd4,https://a.espncdn.com/i/teamlogos/wnba/500/lv.png,68,,,
401244180,2020,3,2020-09-27,2020-09-27 15:00:00-04:00,8,s:40~l:59~t:8,minnesota-lynx,Minnesota,LYNX,MIN,Minnesota Lynx,Lynx,005084,47a757,https://a.espncdn.com/i/teamlogos/wnba/500/min.png,home,71,False,17,4,29,38.2,26,68,0,17,85.7,12,14,6,11,3,0,1,31.8,7,22,40,1,19,19,14,s:40~l:59~t:14,seattle-storm,Seattle,Storm,SEA,Seattle Storm,Storm,05452a,f7c43c,https://a.espncdn.com/i/teamlogos/wnba/500/sea.png,92,,,
401244180,2020,3,2020-09-27,2020-09-27 15:00:00-04:00,14,s:40~l:59~t:14,seattle-storm,Seattle,STORM,SEA,Seattle Storm,Storm,05452a,f7c43c,https://a.espncdn.com/i/teamlogos/wnba/500/sea.png,away,92,True,31,2,27,47.4,37,78,0,18,84.6,11,13,23,7,10,2,0,26.9,7,26,34,0,7,5,8,s:40~l:59~t:8,minnesota-lynx,Minnesota,Lynx,MIN,Minnesota Lynx,Lynx,005084,47a757,https://a.espncdn.com/i/teamlogos/wnba/500/min.png,71,,,
401244179,2020,3,2020-09-27,2020-09-27 13:00:00-04:00,18,s:40~l:59~t:18,connecticut-sun,Connecticut,SUN,CONN,Connecticut Sun,Sun,de6b36,002d62,https://a.espncdn.com/i/teamlogos/wnba/500/conn.png,home,75,False,19,3,27,41.3,26,63,0,14,70.0,14,20,7,6,4,1,1,37.5,9,24,33,1,13,12,17,s:40~l:59~t:17,las-vegas-aces,Las Vegas,Aces,LV,Las Vegas Aces,Aces,000000,c7cfd4,https://a.espncdn.com/i/teamlogos/wnba/500/lv.png,84,,,
401244179,2020,3,2020-09-27,2020-09-27 13:00:00-04:00,17,s:40~l:59~t:17,las-vegas-aces,Las Vegas,ACES,LV,Las Vegas Aces,Aces,000000,c7cfd4,https://a.espncdn.com/i/teamlogos/wnba/500/lv.png,away,84,True,19,3,27,47.9,34,71,0,15,88.2,15,17,15,5,7,0,0,11.1,1,9,32,0,7,7,18,s:40~l:59~t:18,connecticut-sun,Connecticut,Sun,CONN,Connecticut Sun,Sun,de6b36,002d62,https://a.espncdn.com/i/teamlogos/wnba/500/conn.png,75,,,
401248413,2020,3,2020-09-29,2020-09-29 19:30:00-04:00,17,s:40~l:59~t:17,las-vegas-aces,Las Vegas,ACES,LV,Las Vegas Aces,Aces,000000,c7cfd4,https://a.espncdn.com/i/teamlogos/wnba/500/lv.png,home,66,True,16,4,31,35.5,22,62,0,15,86.4,19,22,3,11,8,0,2,33.3,3,9,42,2,18,18,18,s:40~l:59~t:18,connecticut-sun,Connecticut,Sun,CONN,Connecticut Sun,Sun,de6b36,002d62,https://a.espncdn.com/i/teamlogos/wnba/500/conn.png,63,,,
401248413,2020,3,2020-09-29,2020-09-29 19:30:00-04:00,18,s:40~l:59~t:18,connecticut-sun,Connecticut,SUN,CONN,Connecticut Sun,Sun,de6b36,002d62,https://a.espncdn.com/i/teamlogos/wnba/500/conn.png,away,63,False,19,4,26,36.6,26,71,0,21,88.9,8,9,16,10,14,0,0,15.8,3,19,36,0,15,15,17,s:40~l:59~t:17,las-vegas-aces,Las Vegas,Aces,LV,Las Vegas Aces,Aces,000000,c7cfd4,https://a.espncdn.com/i/teamlogos/wnba/500/lv.png,66,,,
401244183,2020,3,2020-10-02,2020-10-02 19:00:00-04:00,17,s:40~l:59~t:17,las-vegas-aces,Las Vegas,ACES,LV,Las Vegas Aces,Aces,000000,c7cfd4,https://a.espncdn.com/i/teamlogos/wnba/500/lv.png,home,80,False,17,2,28,35.1,27,77,0,14,80.0,16,20,8,11,3,1,1,47.6,10,21,39,1,9,8,14,s:40~l:59~t:14,seattle-storm,Seattle,Storm,SEA,Seattle Storm,Storm,05452a,f7c43c,https://a.espncdn.com/i/teamlogos/wnba/500/sea.png,93,,,
401244183,2020,3,2020-10-02,2020-10-02 19:00:00-04:00,14,s:40~l:59~t:14,seattle-storm,Seattle,STORM,SEA,Seattle Storm,Storm,05452a,f7c43c,https://a.espncdn.com/i/teamlogos/wnba/500/sea.png,away,93,True,27,9,34,50.0,36,72,0,19,85.7,12,14,19,3,6,1,0,36.0,9,25,37,0,9,8,17,s:40~l:59~t:17,las-vegas-aces,Las Vegas,Aces,LV,Las Vegas Aces,Aces,000000,c7cfd4,https://a.espncdn.com/i/teamlogos/wnba/500/lv.png,80,,,
401244184,2020,3,2020-10-04,2020-10-04 15:00:00-04:00,17,s:40~l:59~t:17,las-vegas-aces,Las Vegas,ACES,LV,Las Vegas Aces,Aces,000000,c7cfd4,https://a.espncdn.com/i/teamlogos/wnba/500/lv.png,home,91,False,29,2,21,52.0,39,75,0,19,100.0,5,5,3,13,6,1,0,42.1,8,19,34,0,16,15,14,s:40~l:59~t:14,seattle-storm,Seattle,Storm,SEA,Seattle Storm,Storm,05452a,f7c43c,https://a.espncdn.com/i/teamlogos/wnba/500/sea.png,104,,,
401244184,2020,3,2020-10-04,2020-10-04 15:00:00-04:00,14,s:40~l:59~t:14,seattle-storm,Seattle,STORM,SEA,Seattle Storm,Storm,05452a,f7c43c,https://a.espncdn.com/i/teamlogos/wnba/500/sea.png,away,104,True,33,5,19,57.1,40,70,0,11,80.0,12,15,18,7,10,0,0,46.2,12,26,26,0,10,10,17,s:40~l:59~t:17,las-vegas-aces,Las Vegas,Aces,LV,Las Vegas Aces,Aces,000000,c7cfd4,https://a.espncdn.com/i/teamlogos/wnba/500/lv.png,91,,,
401244185,2020,3,2020-10-06,2020-10-06 19:00:00-04:00,17,s:40~l:59~t:17,las-vegas-aces,Las Vegas,ACES,LV,Las Vegas Aces,Aces,000000,c7cfd4,https://a.espncdn.com/i/teamlogos/wnba/500/lv.png,away,59,False,14,2,26,34.4,22,64,0,21,72.2,13,18,9,7,5,1,0,40.0,2,5,33,0,19,18,14,s:40~l:59~t:14,seattle-storm,Seattle,Storm,SEA,Seattle Storm,Storm,05452a,f7c43c,https://a.espncdn.com/i/teamlogos/wnba/500/sea.png,92,,,
401244185,2020,3,2020-10-06,2020-10-06 19:00:00-04:00,14,s:40~l:59~t:14,seattle-storm,Seattle,STORM,SEA,Seattle Storm,Storm,05452a,f7c43c,https://a.espncdn.com/i/teamlogos/wnba/500/sea.png,home,92,True,26,2,31,47.5,38,80,0,18,75.0,9,12,35,11,8,2,0,26.9,7,26,42,0,8,6,17,s:40~l:59~t:17,las-vegas-aces,Las Vegas,Aces,LV,Las Vegas Aces,Aces,000000,c7cfd4,https://a.espncdn.com/i/teamlogos/wnba/500/lv.png,59,,,
401320568,2021,2,2021-05-14,2021-05-14 22:30:00-04:00,6,s:40~l:59~t:6,los-angeles-sparks,Los Angeles,SPARKS,LA,Los Angeles Sparks,Sparks,532481,49ac9c,https://a.espncdn.com/i/teamlogos/wnba/500/la.png,home,71,False,15,3,19,35.9,28,78,0,17,57.1,8,14,9,6,12,0,1,25.0,7,28,25,1,15,15,3,s:40~l:59~t:3,dallas-wings,Dallas,Wings,DAL,Dallas Wings,Wings,11213e,c5d646,https://a.espncdn.com/i/teamlogos/wnba/500/dal.png,94,,,
401320568,2021,2,2021-05-14,2021-05-14 22:30:00-04:00,3,s:40~l:59~t:3,dallas-wings,Dallas,WINGS,DAL,Dallas Wings,Wings,11213e,c5d646,https://a.espncdn.com/i/teamlogos/wnba/500/dal.png,away,94,True,19,3,37,53.1,34,64,0,17,81.8,18,22,23,8,8,1,0,47.1,8,17,45,0,27,26,6,s:40~l:59~t:6,los-angeles-sparks,Los Angeles,Sparks,LA,Los Angeles Sparks,Sparks,532481,49ac9c,https://a.espncdn.com/i/teamlogos/wnba/500/la.png,71,,,
401320567,2021,2,2021-05-14,2021-05-14 21:00:00-04:00,8,s:40~l:59~t:8,minnesota-lynx,Minnesota,LYNX,MIN,Minnesota Lynx,Lynx,005084,47a757,https://a.espncdn.com/i/teamlogos/wnba/500/min.png,home,75,False,16,6,30,40.3,29,72,0,21,85.7,12,14,4,6,5,0,0,31.3,5,16,36,0,14,14,11,s:40~l:59~t:11,phoenix-mercury,Phoenix,Mercury,PHX,Phoenix Mercury,Mercury,3a267d,e56020,https://a.espncdn.com/i/teamlogos/wnba/500/phx.png,77,,,
401320567,2021,2,2021-05-14,2021-05-14 21:00:00-04:00,11,s:40~l:59~t:11,phoenix-mercury,Phoenix,MERCURY,PHX,Phoenix Mercury,Mercury,3a267d,e56020,https://a.espncdn.com/i/teamlogos/wnba/500/phx.png,away,77,True,20,9,31,41.3,31,75,0,16,57.9,11,19,11,11,6,0,0,20.0,4,20,42,0,11,11,8,s:40~l:59~t:8,minnesota-lynx,Minnesota,Lynx,MIN,Minnesota Lynx,Lynx,005084,47a757,https://a.espncdn.com/i/teamlogos/wnba/500/min.png,75,,,
401320566,2021,2,2021-05-14,2021-05-14 19:30:00-04:00,20,s:40~l:59~t:20,atlanta-dream,Atlanta,DREAM,ATL,Atlanta Dream,Dream,d02030,383a37,https://a.espncdn.com/i/teamlogos/wnba/500/atl.png,home,67,False,14,7,18,35.9,23,64,0,17,85.7,18,21,1,8,14,1,0,16.7,3,18,26,0,14,13,18,s:40~l:59~t:18,connecticut-sun,Connecticut,Sun,CONN,Connecticut Sun,Sun,de6b36,002d62,https://a.espncdn.com/i/teamlogos/wnba/500/conn.png,78,,,
401320566,2021,2,2021-05-14,2021-05-14 19:30:00-04:00,18,s:40~l:59~t:18,connecticut-sun,Connecticut,SUN,CONN,Connecticut Sun,Sun,de6b36,002d62,https://a.espncdn.com/i/teamlogos/wnba/500/conn.png,away,78,True,20,4,30,44.3,27,61,0,21,63.6,14,22,20,12,7,1,0,43.5,10,23,42,0,21,20,20,s:40~l:59~t:20,atlanta-dream,Atlanta,Dream,ATL,Atlanta Dream,Dream,d02030,383a37,https://a.espncdn.com/i/teamlogos/wnba/500/atl.png,67,,,
401320565,2021,2,2021-05-14,2021-05-14 19:00:00-04:00,9,s:40~l:59~t:9,new-york-liberty,New York,LIBERTY,NY,New York Liberty,Liberty,0d79b9,89c9bf,https://a.espncdn.com/i/teamlogos/wnba/500/ny.png,home,90,True,20,2,25,47.0,31,66,0,20,83.3,15,18,11,3,5,0,0,50.0,13,26,28,0,14,14,5,s:40~l:59~t:5,indiana-fever,Indiana,Fever,IND,Indiana Fever,Fever,e2382f,08265b,https://a.espncdn.com/i/teamlogos/wnba/500/ind.png,87,,,
401320565,2021,2,2021-05-14,2021-05-14 19:00:00-04:00,5,s:40~l:59~t:5,indiana-fever,Indiana,FEVER,IND,Indiana Fever,Fever,e2382f,08265b,https://a.espncdn.com/i/teamlogos/wnba/500/ind.png,away,87,False,14,3,26,42.0,37,88,0,21,76.9,10,13,4,19,6,1,0,16.7,3,18,45,0,12,11,9,s:40~l:59~t:9,new-york-liberty,New York,Liberty,NY,New York Liberty,Liberty,0d79b9,89c9bf,https://a.espncdn.com/i/teamlogos/wnba/500/ny.png,90,,,
401320570,2021,2,2021-05-15,2021-05-15 15:00:00-04:00,14,s:40~l:59~t:14,seattle-storm,Seattle,STORM,SEA,Seattle Storm,Storm,05452a,f7c43c,https://a.espncdn.com/i/teamlogos/wnba/500/sea.png,home,97,True,23,5,38,50.7,37,73,0,11,73.3,11,15,19,6,4,0,0,44.4,12,27,44,0,11,11,17,s:40~l:59~t:17,las-vegas-aces,Las Vegas,Aces,LV,Las Vegas Aces,Aces,000000,c7cfd4,https://a.espncdn.com/i/teamlogos/wnba/500/lv.png,83,,,
401320570,2021,2,2021-05-15,2021-05-15 15:00:00-04:00,17,s:40~l:59~t:17,las-vegas-aces,Las Vegas,ACES,LV,Las Vegas Aces,Aces,000000,c7cfd4,https://a.espncdn.com/i/teamlogos/wnba/500/lv.png,away,83,False,22,4,27,43.8,35,80,0,13,83.3,10,12,9,6,4,0,0,25.0,3,12,33,0,6,6,14,s:40~l:59~t:14,seattle-storm,Seattle,Storm,SEA,Seattle Storm,Storm,05452a,f7c43c,https://a.espncdn.com/i/teamlogos/wnba/500/sea.png,97,,,
401320569,2021,2,2021-05-15,2021-05-15 13:00:00-04:00,16,s:40~l:59~t:16,washington-mystics,Washington,MYSTICS,WSH,Washington Mystics,Mystics,e03a3e,09295a,https://a.espncdn.com/i/teamlogos/wnba/500/wsh.png,home,56,False,10,4,30,25.0,18,72,0,20,84.2,16,19,4,14,10,2,0,13.3,4,30,44,0,16,14,19,s:40~l:59~t:19,chicago-sky,Chicago,Sky,CHI,Chicago Sky,Sky,4f91cd,f1f2f3,https://a.espncdn.com/i/teamlogos/wnba/500/chi.png,70,,,
401320569,2021,2,2021-05-15,2021-05-15 13:00:00-04:00,19,s:40~l:59~t:19,chicago-sky,Chicago,SKY,CHI,Chicago Sky,Sky,4f91cd,f1f2f3,https://a.espncdn.com/i/teamlogos/wnba/500/chi.png,away,70,True,21,2,33,36.7,22,60,0,20,85.7,18,21,21,3,7,1,0,47.1,8,17,36,0,15,14,16,s:40~l:59~t:16,washington-mystics,Washington,Mystics,WSH,Washington Mystics,Mystics,e03a3e,09295a,https://a.espncdn.com/i/teamlogos/wnba/500/wsh.png,56,,,
401320571,2021,2,2021-05-16,2021-05-16 14:00:00-04:00,9,s:40~l:59~t:9,new-york-liberty,New York,LIBERTY,NY,New York Liberty,Liberty,0d79b9,89c9bf,https://a.espncdn.com/i/teamlogos/wnba/500/ny.png,away,73,True,17,3,33,40.0,26,65,0,22,80.0,12,15,19,5,9,1,2,36.0,9,25,38,2,23,22,5,s:40~l:59~t:5,indiana-fever,Indiana,Fever,IND,Indiana Fever,Fever,e2382f,08265b,https://a.espncdn.com/i/teamlogos/wnba/500/ind.png,65,,,
401320571,2021,2,2021-05-16,2021-05-16 14:00:00-04:00,5,s:40~l:59~t:5,indiana-fever,Indiana,FEVER,IND,Indiana Fever,Fever,e2382f,08265b,https://a.espncdn.com/i/teamlogos/wnba/500/ind.png,home,65,False,15,4,31,32.5,25,77,0,24,63.2,12,19,1,9,8,0,2,14.3,3,21,40,2,21,21,9,s:40~l:59~t:9,new-york-liberty,New York,Liberty,NY,New York Liberty,Liberty,0d79b9,89c9bf,https://a.espncdn.com/i/teamlogos/wnba/500/ny.png,73,,,
401320572,2021,2,2021-05-16,2021-05-16 19:00:00-04:00,18,s:40~l:59~t:18,connecticut-sun,Connecticut,SUN,CONN,Connecticut Sun,Sun,de6b36,002d62,https://a.espncdn.com/i/teamlogos/wnba/500/conn.png,home,86,True,15,3,24,42.4,28,66,0,21,81.5,22,27,13,10,8,1,0,47.1,8,17,34,0,13,12,11,s:40~l:59~t:11,phoenix-mercury,Phoenix,Mercury,PHX,Phoenix Mercury,Mercury,3a267d,e56020,https://a.espncdn.com/i/teamlogos/wnba/500/phx.png,78,,,
401320572,2021,2,2021-05-16,2021-05-16 19:00:00-04:00,11,s:40~l:59~t:11,phoenix-mercury,Phoenix,MERCURY,PHX,Phoenix Mercury,Mercury,3a267d,e56020,https://a.espncdn.com/i/teamlogos/wnba/500/phx.png,away,78,False,20,7,23,43.9,25,57,0,24,83.3,20,24,8,4,6,2,1,32.0,8,25,27,1,17,15,18,s:40~l:59~t:18,connecticut-sun,Connecticut,Sun,CONN,Connecticut Sun,Sun,de6b36,002d62,https://a.espncdn.com/i/teamlogos/wnba/500/conn.png,86,,,
401320575,2021,2,2021-05-18,2021-05-18 22:00:00-04:00,14,s:40~l:59~t:14,seattle-storm,Seattle,STORM,SEA,Seattle Storm,Storm,05452a,f7c43c,https://a.espncdn.com/i/teamlogos/wnba/500/sea.png,home,80,False,17,5,26,42.1,32,76,0,13,75.0,9,12,0,8,8,0,0,28.0,7,25,34,0,9,9,17,s:40~l:59~t:17,las-vegas-aces,Las Vegas,Aces,LV,Las Vegas Aces,Aces,000000,c7cfd4,https://a.espncdn.com/i/teamlogos/wnba/500/lv.png,96,,,
401320575,2021,2,2021-05-18,2021-05-18 22:00:00-04:00,17,s:40~l:59~t:17,las-vegas-aces,Las Vegas,ACES,LV,Las Vegas Aces,Aces,000000,c7cfd4,https://a.espncdn.com/i/teamlogos/wnba/500/lv.png,away,96,True,24,7,32,52.9,37,70,0,14,88.9,16,18,21,8,7,0,0,40.0,6,15,40,0,11,11,14,s:40~l:59~t:14,seattle-storm,Seattle,Storm,SEA,Seattle Storm,Storm,05452a,f7c43c,https://a.espncdn.com/i/teamlogos/wnba/500/sea.png,80,,,
401320574,2021,2,2021-05-18,2021-05-18 20:00:00-04:00,16,s:40~l:59~t:16,washington-mystics,Washington,MYSTICS,WSH,Washington Mystics,Mystics,e03a3e,09295a,https://a.espncdn.com/i/teamlogos/wnba/500/wsh.png,home,70,False,17,4,19,30.7,23,75,0,22,90.5,19,21,0,15,10,1,1,17.9,5,28,34,1,12,11,11,s:40~l:59~t:11,phoenix-mercury,Phoenix,Mercury,PHX,Phoenix Mercury,Mercury,3a267d,e56020,https://a.espncdn.com/i/teamlogos/wnba/500/phx.png,91,,,
401320574,2021,2,2021-05-18,2021-05-18 20:00:00-04:00,11,s:40~l:59~t:11,phoenix-mercury,Phoenix,MERCURY,PHX,Phoenix Mercury,Mercury,3a267d,e56020,https://a.espncdn.com/i/teamlogos/wnba/500/phx.png,away,91,True,22,3,33,45.5,30,66,0,22,80.0,20,25,21,17,4,0,1,39.3,11,28,50,1,19,19,16,s:40~l:59~t:16,washington-mystics,Washington,Mystics,WSH,Washington Mystics,Mystics,e03a3e,09295a,https://a.espncdn.com/i/teamlogos/wnba/500/wsh.png,70,,,
401320573,2021,2,2021-05-18,2021-05-18 19:00:00-04:00,9,s:40~l:59~t:9,new-york-liberty,New York,LIBERTY,NY,New York Liberty,Liberty,0d79b9,89c9bf,https://a.espncdn.com/i/teamlogos/wnba/500/ny.png,home,86,True,24,4,37,44.8,30,67,0,17,87.5,14,16,15,3,4,1,0,44.4,12,27,40,0,17,16,8,s:40~l:59~t:8,minnesota-lynx,Minnesota,Lynx,MIN,Minnesota Lynx,Lynx,005084,47a757,https://a.espncdn.com/i/teamlogos/wnba/500/min.png,75,,,
401320573,2021,2,2021-05-18,2021-05-18 19:00:00-04:00,8,s:40~l:59~t:8,minnesota-lynx,Minnesota,LYNX,MIN,Minnesota Lynx,Lynx,005084,47a757,https://a.espncdn.com/i/teamlogos/wnba/500/min.png,away,75,False,18,4,28,37.8,28,74,0,18,80.0,16,20,4,8,8,0,0,13.0,3,23,36,0,10,10,9,s:40~l:59~t:9,new-york-liberty,New York,Liberty,NY,New York Liberty,Liberty,0d79b9,89c9bf,https://a.espncdn.com/i/teamlogos/wnba/500/ny.png,86,,,
401320576,2021,2,2021-05-19,2021-05-19 19:00:00-04:00,20,s:40~l:59~t:20,atlanta-dream,Atlanta,DREAM,ATL,Atlanta Dream,Dream,d02030,383a37,https://a.espncdn.com/i/teamlogos/wnba/500/atl.png,home,77,False,16,7,23,39.0,30,77,0,28,50.0,12,24,0,12,17,1,1,33.3,5,15,35,1,19,18,19,s:40~l:59~t:19,chicago-sky,Chicago,Sky,CHI,Chicago Sky,Sky,4f91cd,f1f2f3,https://a.espncdn.com/i/teamlogos/wnba/500/chi.png,85,,,
401320576,2021,2,2021-05-19,2021-05-19 19:00:00-04:00,19,s:40~l:59~t:19,chicago-sky,Chicago,SKY,CHI,Chicago Sky,Sky,4f91cd,f1f2f3,https://a.espncdn.com/i/teamlogos/wnba/500/chi.png,away,85,True,18,6,33,40.0,28,70,0,21,77.8,28,36,23,14,8,0,0,7.7,1,13,47,0,24,24,20,s:40~l:59~t:20,atlanta-dream,Atlanta,Dream,ATL,Atlanta Dream,Dream,d02030,383a37,https://a.espncdn.com/i/teamlogos/wnba/500/atl.png,77,,,
401320577,2021,2,2021-05-19,2021-05-19 19:00:00-04:00,18,s:40~l:59~t:18,connecticut-sun,Connecticut,SUN,CONN,Connecticut Sun,Sun,de6b36,002d62,https://a.espncdn.com/i/teamlogos/wnba/500/conn.png,home,88,True,29,3,26,55.2,37,67,0,19,57.1,4,7,28,12,8,2,0,47.6,10,21,38,0,15,13,5,s:40~l:59~t:5,indiana-fever,Indiana,Fever,IND,Indiana Fever,Fever,e2382f,08265b,https://a.espncdn.com/i/teamlogos/wnba/500/ind.png,67,,,
401320577,2021,2,2021-05-19,2021-05-19 19:00:00-04:00,5,s:40~l:59~t:5,indiana-fever,Indiana,FEVER,IND,Indiana Fever,Fever,e2382f,08265b,https://a.espncdn.com/i/teamlogos/wnba/500/ind.png,away,67,False,14,4,19,36.4,24,66,0,13,93.8,15,16,8,12,7,1,0,26.7,4,15,31,0,13,12,18,s:40~l:59~t:18,connecticut-sun,Connecticut,Sun,CONN,Connecticut Sun,Sun,de6b36,002d62,https://a.espncdn.com/i/teamlogos/wnba/500/conn.png,88,,,
401320578,2021,2,2021-05-20,2021-05-20 20:00:00-04:00,8,s:40~l:59~t:8,minnesota-lynx,Minnesota,LYNX,MIN,Minnesota Lynx,Lynx,005084,47a757,https://a.espncdn.com/i/teamlogos/wnba/500/min.png,home,78,False,22,1,25,44.1,30,68,0,16,61.9,13,21,19,6,6,0,0,29.4,5,17,31,0,17,17,14,s:40~l:59~t:14,seattle-storm,Seattle,Storm,SEA,Seattle Storm,Storm,05452a,f7c43c,https://a.espncdn.com/i/teamlogos/wnba/500/sea.png,90,,,
401320578,2021,2,2021-05-20,2021-05-20 20:00:00-04:00,14,s:40~l:59~t:14,seattle-storm,Seattle,STORM,SEA,Seattle Storm,Storm,05452a,f7c43c,https://a.espncdn.com/i/teamlogos/wnba/500/sea.png,away,90,True,23,6,30,49.2,31,63,0,17,80.0,16,20,12,5,12,0,0,48.0,12,25,35,0,17,17,8,s:40~l:59~t:8,minnesota-lynx,Minnesota,Lynx,MIN,Minnesota Lynx,Lynx,005084,47a757,https://a.espncdn.com/i/teamlogos/wnba/500/min.png,78,,,
401320579,2021,2,2021-05-21,2021-05-21 19:00:00-04:00,5,s:40~l:59~t:5,indiana-fever,Indiana,FEVER,IND,Indiana Fever,Fever,e2382f,08265b,https://a.espncdn.com/i/teamlogos/wnba/500/ind.png,home,79,False,20,4,28,46.3,31,67,0,16,84.6,11,13,5,6,0,1,0,33.3,6,18,34,0,17,16,20,s:40~l:59~t:20,atlanta-dream,Atlanta,Dream,ATL,Atlanta Dream,Dream,d02030,383a37,https://a.espncdn.com/i/teamlogos/wnba/500/atl.png,83,,,
401320582,2021,2,2021-05-21,2021-05-21 22:30:00-04:00,17,s:40~l:59~t:17,las-vegas-aces,Las Vegas,ACES,LV,Las Vegas Aces,Aces,000000,c7cfd4,https://a.espncdn.com/i/teamlogos/wnba/500/lv.png,home,97,True,18,12,40,53.2,33,62,0,15,84.4,27,32,29,4,7,0,1,28.6,4,14,44,1,15,15,6,s:40~l:59~t:6,los-angeles-sparks,Los Angeles,Sparks,LA,Los Angeles Sparks,Sparks,532481,49ac9c,https://a.espncdn.com/i/teamlogos/wnba/500/la.png,69,,,
401320582,2021,2,2021-05-21,2021-05-21 22:30:00-04:00,6,s:40~l:59~t:6,los-angeles-sparks,Los Angeles,SPARKS,LA,Los Angeles Sparks,Sparks,532481,49ac9c,https://a.espncdn.com/i/teamlogos/wnba/500/la.png,away,69,False,18,1,23,36.5,27,74,1,24,66.7,10,15,5,5,8,2,1,29.4,5,17,28,1,13,11,17,s:40~l:59~t:17,las-vegas-aces,Las Vegas,Aces,LV,Las Vegas Aces,Aces,000000,c7cfd4,https://a.espncdn.com/i/teamlogos/wnba/500/lv.png,97,,,
401320581,2021,2,2021-05-21,2021-05-21 22:00:00-04:00,11,s:40~l:59~t:11,phoenix-mercury,Phoenix,MERCURY,PHX,Phoenix Mercury,Mercury,3a267d,e56020,https://a.espncdn.com/i/teamlogos/wnba/500/phx.png,home,67,False,14,6,17,38.2,26,68,0,12,71.4,10,14,0,7,4,0,1,25.0,5,20,24,1,6,6,18,s:40~l:59~t:18,connecticut-sun,Connecticut,Sun,CONN,Connecticut Sun,Sun,de6b36,002d62,https://a.espncdn.com/i/teamlogos/wnba/500/conn.png,84,,,
401320581,2021,2,2021-05-21,2021-05-21 22:00:00-04:00,18,s:40~l:59~t:18,connecticut-sun,Connecticut,SUN,CONN,Connecticut Sun,Sun,de6b36,002d62,https://a.espncdn.com/i/teamlogos/wnba/500/conn.png,away,84,True,19,3,31,44.7,34,76,0,17,75.0,6,8,22,17,6,2,0,38.5,10,26,48,0,13,11,11,s:40~l:59~t:11,phoenix-mercury,Phoenix,Mercury,PHX,Phoenix Mercury,Mercury,3a267d,e56020,https://a.espncdn.com/i/teamlogos/wnba/500/phx.png,67,,,
401320580,2021,2,2021-05-21,2021-05-21 19:00:00-04:00,16,s:40~l:59~t:16,washington-mystics,Washington,MYSTICS,WSH,Washington Mystics,Mystics,e03a3e,09295a,https://a.espncdn.com/i/teamlogos/wnba/500/wsh.png,home,101,True,21,3,31,47.3,35,74,0,15,88.2,15,17,32,11,4,0,1,51.6,16,31,42,1,12,12,9,s:40~l:59~t:9,new-york-liberty,New York,Liberty,NY,New York Liberty,Liberty,0d79b9,89c9bf,https://a.espncdn.com/i/teamlogos/wnba/500/ny.png,72,,,
401320580,2021,2,2021-05-21,2021-05-21 19:00:00-04:00,9,s:40~l:59~t:9,new-york-liberty,New York,LIBERTY,NY,New York Liberty,Liberty,0d79b9,89c9bf,https://a.espncdn.com/i/teamlogos/wnba/500/ny.png,away,72,False,18,5,25,43.1,28,65,0,12,71.4,5,7,1,3,6,0,2,40.7,11,27,28,2,16,16,16,s:40~l:59~t:16,washington-mystics,Washington,Mystics,WSH,Washington Mystics,Mystics,e03a3e,09295a,https://a.espncdn.com/i/teamlogos/wnba/500/wsh.png,101,,,
401320579,2021,2,2021-05-21,2021-05-21 19:00:00-04:00,20,s:40~l:59~t:20,atlanta-dream,Atlanta,DREAM,ATL,Atlanta Dream,Dream,d02030,383a37,https://a.espncdn.com/i/teamlogos/wnba/500/atl.png,away,83,True,20,6,17,40.0,30,75,0,19,75.0,12,16,8,11,7,0,0,50.0,11,22,28,0,5,5,5,s:40~l:59~t:5,indiana-fever,Indiana,Fever,IND,Indiana Fever,Fever,e2382f,08265b,https://a.espncdn.com/i/teamlogos/wnba/500/ind.png,79,,,
401320583,2021,2,2021-05-22,2021-05-22 20:00:00-04:00,14,s:40~l:59~t:14,seattle-storm,Seattle,STORM,SEA,Seattle Storm,Storm,05452a,f7c43c,https://a.espncdn.com/i/teamlogos/wnba/500/sea.png,away,100,True,26,8,28,43.8,35,80,0,15,85.2,23,27,9,11,9,2,0,28.0,7,25,39,0,11,9,3,s:40~l:59~t:3,dallas-wings,Dallas,Wings,DAL,Dallas Wings,Wings,11213e,c5d646,https://a.espncdn.com/i/teamlogos/wnba/500/dal.png,97,,,
401320583,2021,2,2021-05-22,2021-05-22 20:00:00-04:00,3,s:40~l:59~t:3,dallas-wings,Dallas,WINGS,DAL,Dallas Wings,Wings,11213e,c5d646,https://a.espncdn.com/i/teamlogos/wnba/500/dal.png,home,97,False,21,4,33,45.1,37,82,0,24,81.3,13,16,4,13,5,1,0,32.3,10,31,46,0,17,16,14,s:40~l:59~t:14,seattle-storm,Seattle,Storm,SEA,Seattle Storm,Storm,05452a,f7c43c,https://a.espncdn.com/i/teamlogos/wnba/500/sea.png,100,,,
401320586,2021,2,2021-05-23,2021-05-23 18:00:00-04:00,17,s:40~l:59~t:17,las-vegas-aces,Las Vegas,ACES,LV,Las Vegas Aces,Aces,000000,c7cfd4,https://a.espncdn.com/i/teamlogos/wnba/500/lv.png,home,65,False,16,13,25,40.7,22,54,0,15,76.2,16,21,8,1,4,0,0,31.3,5,16,26,0,14,14,18,s:40~l:59~t:18,connecticut-sun,Connecticut,Sun,CONN,Connecticut Sun,Sun,de6b36,002d62,https://a.espncdn.com/i/teamlogos/wnba/500/conn.png,72,,,
401320586,2021,2,2021-05-23,2021-05-23 18:00:00-04:00,18,s:40~l:59~t:18,connecticut-sun,Connecticut,SUN,CONN,Connecticut Sun,Sun,de6b36,002d62,https://a.espncdn.com/i/teamlogos/wnba/500/conn.png,away,72,True,16,2,32,33.8,27,80,0,17,91.7,11,12,11,12,10,3,0,26.9,7,26,44,0,11,8,17,s:40~l:59~t:17,las-vegas-aces,Las Vegas,Aces,LV,Las Vegas Aces,Aces,000000,c7cfd4,https://a.espncdn.com/i/teamlogos/wnba/500/lv.png,65,,,
401320585,2021,2,2021-05-23,2021-05-23 13:00:00-04:00,5,s:40~l:59~t:5,indiana-fever,Indiana,FEVER,IND,Indiana Fever,Fever,e2382f,08265b,https://a.espncdn.com/i/teamlogos/wnba/500/ind.png,home,89,True,26,4,30,51.6,33,64,0,13,69.6,16,23,17,7,6,0,0,46.7,7,15,37,0,14,14,16,s:40~l:59~t:16,washington-mystics,Washington,Mystics,WSH,Washington Mystics,Mystics,e03a3e,09295a,https://a.espncdn.com/i/teamlogos/wnba/500/wsh.png,77,,,
401320585,2021,2,2021-05-23,2021-05-23 13:00:00-04:00,16,s:40~l:59~t:16,washington-mystics,Washington,MYSTICS,WSH,Washington Mystics,Mystics,e03a3e,09295a,https://a.espncdn.com/i/teamlogos/wnba/500/wsh.png,away,77,False,15,3,23,38.6,27,70,0,21,82.4,14,17,1,9,6,0,0,33.3,9,27,32,0,11,11,5,s:40~l:59~t:5,indiana-fever,Indiana,Fever,IND,Indiana Fever,Fever,e2382f,08265b,https://a.espncdn.com/i/teamlogos/wnba/500/ind.png,89,,,
401320584,2021,2,2021-05-23,2021-05-23 13:00:00-04:00,19,s:40~l:59~t:19,chicago-sky,Chicago,SKY,CHI,Chicago Sky,Sky,4f91cd,f1f2f3,https://a.espncdn.com/i/teamlogos/wnba/500/chi.png,home,85,False,22,5,25,40.7,33,81,0,15,86.7,13,15,6,10,8,0,0,50.0,6,12,35,0,12,12,9,s:40~l:59~t:9,new-york-liberty,New York,Liberty,NY,New York Liberty,Liberty,0d79b9,89c9bf,https://a.espncdn.com/i/teamlogos/wnba/500/ny.png,93,,,
401320584,2021,2,2021-05-23,2021-05-23 13:00:00-04:00,9,s:40~l:59~t:9,new-york-liberty,New York,LIBERTY,NY,New York Liberty,Liberty,0d79b9,89c9bf,https://a.espncdn.com/i/teamlogos/wnba/500/ny.png,away,93,True,25,10,28,49.3,36,73,0,17,70.0,7,10,8,12,4,0,0,50.0,14,28,40,0,22,22,19,s:40~l:59~t:19,chicago-sky,Chicago,Sky,CHI,Chicago Sky,Sky,4f91cd,f1f2f3,https://a.espncdn.com/i/teamlogos/wnba/500/chi.png,85,,,
401320588,2021,2,2021-05-24,2021-05-24 19:00:00-04:00,9,s:40~l:59~t:9,new-york-liberty,New York,LIBERTY,NY,New York Liberty,Liberty,0d79b9,89c9bf,https://a.espncdn.com/i/teamlogos/wnba/500/ny.png,home,88,True,19,3,23,46.7,28,60,0,23,81.5,22,27,15,10,7,1,0,40.0,10,25,33,0,15,14,3,s:40~l:59~t:3,dallas-wings,Dallas,Wings,DAL,Dallas Wings,Wings,11213e,c5d646,https://a.espncdn.com/i/teamlogos/wnba/500/dal.png,81,,,
401320588,2021,2,2021-05-24,2021-05-24 19:00:00-04:00,3,s:40~l:59~t:3,dallas-wings,Dallas,WINGS,DAL,Dallas Wings,Wings,11213e,c5d646,https://a.espncdn.com/i/teamlogos/wnba/500/dal.png,away,81,False,17,2,23,41.4,29,70,0,23,72.7,16,22,8,11,9,1,1,33.3,7,21,34,1,13,12,9,s:40~l:59~t:9,new-york-liberty,New York,Liberty,NY,New York Liberty,Liberty,0d79b9,89c9bf,https://a.espncdn.com/i/teamlogos/wnba/500/ny.png,88,,,
401320589,2021,2,2021-05-25,2021-05-25 20:00:00-04:00,19,s:40~l:59~t:19,chicago-sky,Chicago,SKY,CHI,Chicago Sky,Sky,4f91cd,f1f2f3,https://a.espncdn.com/i/teamlogos/wnba/500/chi.png,home,83,False,22,5,28,40.3,25,62,0,22,96.4,27,28,2,13,5,0,2,35.3,6,17,41,2,21,21,20,s:40~l:59~t:20,atlanta-dream,Atlanta,Dream,ATL,Atlanta Dream,Dream,d02030,383a37,https://a.espncdn.com/i/teamlogos/wnba/500/atl.png,90,,,
401320587,2021,2,2021-05-25,2021-05-25 19:00:00-04:00,16,s:40~l:59~t:16,washington-mystics,Washington,MYSTICS,WSH,Washington Mystics,Mystics,e03a3e,09295a,https://a.espncdn.com/i/teamlogos/wnba/500/wsh.png,away,85,True,25,2,21,50.0,34,68,0,14,83.3,5,6,18,5,0,0,0,42.9,12,28,26,0,10,10,5,s:40~l:59~t:5,indiana-fever,Indiana,Fever,IND,Indiana Fever,Fever,e2382f,08265b,https://a.espncdn.com/i/teamlogos/wnba/500/ind.png,69,,,
401320587,2021,2,2021-05-25,2021-05-25 19:00:00-04:00,5,s:40~l:59~t:5,indiana-fever,Indiana,FEVER,IND,Indiana Fever,Fever,e2382f,08265b,https://a.espncdn.com/i/teamlogos/wnba/500/ind.png,home,69,False,21,2,26,43.8,28,64,0,10,80.0,8,10,0,7,5,2,0,35.7,5,14,33,0,15,13,16,s:40~l:59~t:16,washington-mystics,Washington,Mystics,WSH,Washington Mystics,Mystics,e03a3e,09295a,https://a.espncdn.com/i/teamlogos/wnba/500/wsh.png,85,,,
401320590,2021,2,2021-05-25,2021-05-25 22:00:00-04:00,14,s:40~l:59~t:14,seattle-storm,Seattle,STORM,SEA,Seattle Storm,Storm,05452a,f7c43c,https://a.espncdn.com/i/teamlogos/wnba/500/sea.png,home,90,True,22,2,29,40.3,29,72,0,17,76.0,19,25,11,9,11,0,0,46.4,13,28,38,0,12,12,18,s:40~l:59~t:18,connecticut-sun,Connecticut,Sun,CONN,Connecticut Sun,Sun,de6b36,002d62,https://a.espncdn.com/i/teamlogos/wnba/500/conn.png,87,,,
401320590,2021,2,2021-05-25,2021-05-25 22:00:00-04:00,18,s:40~l:59~t:18,connecticut-sun,Connecticut,SUN,CONN,Connecticut Sun,Sun,de6b36,002d62,https://a.espncdn.com/i/teamlogos/wnba/500/conn.png,away,87,False,19,11,32,47.1,33,70,0,24,76.5,13,17,5,5,7,2,0,42.1,8,19,37,0,18,16,14,s:40~l:59~t:14,seattle-storm,Seattle,Storm,SEA,Seattle Storm,Storm,05452a,f7c43c,https://a.espncdn.com/i/teamlogos/wnba/500/sea.png,90,,,
401320589,2021,2,2021-05-25,2021-05-25 20:00:00-04:00,20,s:40~l:59~t:20,atlanta-dream,Atlanta,DREAM,ATL,Atlanta Dream,Dream,d02030,383a37,https://a.espncdn.com/i/teamlogos/wnba/500/atl.png,away,90,True,17,6,17,41.9,31,74,0,21,80.0,20,25,15,15,11,0,0,44.4,8,18,32,0,10,10,19,s:40~l:59~t:19,chicago-sky,Chicago,Sky,CHI,Chicago Sky,Sky,4f91cd,f1f2f3,https://a.espncdn.com/i/teamlogos/wnba/500/chi.png,83,,,
401320591,2021,2,2021-05-26,2021-05-26 22:00:00-04:00,11,s:40~l:59~t:11,phoenix-mercury,Phoenix,MERCURY,PHX,Phoenix Mercury,Mercury,3a267d,e56020,https://a.espncdn.com/i/teamlogos/wnba/500/phx.png,home,79,False,22,7,27,46.4,32,69,0,14,100.0,10,10,4,6,3,0,0,29.4,5,17,33,0,13,13,17,s:40~l:59~t:17,las-vegas-aces,Las Vegas,Aces,LV,Las Vegas Aces,Aces,000000,c7cfd4,https://a.espncdn.com/i/teamlogos/wnba/500/lv.png,85,,,
401320591,2021,2,2021-05-26,2021-05-26 22:00:00-04:00,17,s:40~l:59~t:17,las-vegas-aces,Las Vegas,ACES,LV,Las Vegas Aces,Aces,000000,c7cfd4,https://a.espncdn.com/i/teamlogos/wnba/500/lv.png,away,85,True,19,3,25,44.0,33,75,0,9,88.2,15,17,8,11,8,0,0,25.0,4,16,36,0,9,9,11,s:40~l:59~t:11,phoenix-mercury,Phoenix,Mercury,PHX,Phoenix Mercury,Mercury,3a267d,e56020,https://a.espncdn.com/i/teamlogos/wnba/500/phx.png,79,,,
401320592,2021,2,2021-05-27,2021-05-27 19:00:00-04:00,3,s:40~l:59~t:3,dallas-wings,Dallas,WINGS,DAL,Dallas Wings,Wings,11213e,c5d646,https://a.espncdn.com/i/teamlogos/wnba/500/dal.png,away,95,False,17,3,25,45.5,30,66,0,26,83.3,25,30,3,7,8,0,1,40.0,10,25,32,1,10,10,20,s:40~l:59~t:20,atlanta-dream,Atlanta,Dream,ATL,Atlanta Dream,Dream,d02030,383a37,https://a.espncdn.com/i/teamlogos/wnba/500/atl.png,101,,,
401320592,2021,2,2021-05-27,2021-05-27 19:00:00-04:00,20,s:40~l:59~t:20,atlanta-dream,Atlanta,DREAM,ATL,Atlanta Dream,Dream,d02030,383a37,https://a.espncdn.com/i/teamlogos/wnba/500/atl.png,home,101,True,19,3,31,48.0,36,75,0,20,69.7,23,33,11,14,5,2,0,30.0,6,20,45,0,13,11,3,s:40~l:59~t:3,dallas-wings,Dallas,Wings,DAL,Dallas Wings,Wings,11213e,c5d646,https://a.espncdn.com/i/teamlogos/wnba/500/dal.png,95,,,
401320593,2021,2,2021-05-28,2021-05-28 19:00:00-04:00,18,s:40~l:59~t:18,connecticut-sun,Connecticut,SUN,CONN,Connecticut Sun,Sun,de6b36,002d62,https://a.espncdn.com/i/teamlogos/wnba/500/conn.png,home,86,True,17,4,26,50.0,29,58,0,24,65.4,17,26,12,6,7,0,1,44.0,11,25,32,1,14,14,16,s:40~l:59~t:16,washington-mystics,Washington,Mystics,WSH,Washington Mystics,Mystics,e03a3e,09295a,https://a.espncdn.com/i/teamlogos/wnba/500/wsh.png,81,,,
401320594,2021,2,2021-05-28,2021-05-28 20:00:00-04:00,6,s:40~l:59~t:6,los-angeles-sparks,Los Angeles,SPARKS,LA,Los Angeles Sparks,Sparks,532481,49ac9c,https://a.espncdn.com/i/teamlogos/wnba/500/la.png,away,76,True,17,3,21,39.4,26,66,0,18,83.3,15,18,21,9,13,1,0,47.4,9,19,30,0,20,19,19,s:40~l:59~t:19,chicago-sky,Chicago,Sky,CHI,Chicago Sky,Sky,4f91cd,f1f2f3,https://a.espncdn.com/i/teamlogos/wnba/500/chi.png,61,,,
401320593,2021,2,2021-05-28,2021-05-28 19:00:00-04:00,16,s:40~l:59~t:16,washington-mystics,Washington,MYSTICS,WSH,Washington Mystics,Mystics,e03a3e,09295a,https://a.espncdn.com/i/teamlogos/wnba/500/wsh.png,away,81,False,14,4,24,39.4,28,71,0,23,88.9,16,18,11,9,7,1,0,30.0,9,30,33,0,11,10,18,s:40~l:59~t:18,connecticut-sun,Connecticut,Sun,CONN,Connecticut Sun,Sun,de6b36,002d62,https://a.espncdn.com/i/teamlogos/wnba/500/conn.png,86,,,
401320594,2021,2,2021-05-28,2021-05-28 20:00:00-04:00,19,s:40~l:59~t:19,chicago-sky,Chicago,SKY,CHI,Chicago Sky,Sky,4f91cd,f1f2f3,https://a.espncdn.com/i/teamlogos/wnba/500/chi.png,home,61,False,12,3,28,41.2,21,51,1,25,92.9,13,14,7,5,7,1,2,31.6,6,19,33,2,28,27,6,s:40~l:59~t:6,los-angeles-sparks,Los Angeles,Sparks,LA,Los Angeles Sparks,Sparks,532481,49ac9c,https://a.espncdn.com/i/teamlogos/wnba/500/la.png,76,,,
401320595,2021,2,2021-05-28,2021-05-28 22:00:00-04:00,8,s:40~l:59~t:8,minnesota-lynx,Minnesota,LYNX,MIN,Minnesota Lynx,Lynx,005084,47a757,https://a.espncdn.com/i/teamlogos/wnba/500/min.png,away,72,False,20,2,25,37.3,25,67,0,12,88.9,16,18,0,7,5,0,1,24.0,6,25,32,1,12,12,14,s:40~l:59~t:14,seattle-storm,Seattle,Storm,SEA,Seattle Storm,Storm,05452a,f7c43c,https://a.espncdn.com/i/teamlogos/wnba/500/sea.png,82,,,
401320595,2021,2,2021-05-28,2021-05-28 22:00:00-04:00,14,s:40~l:59~t:14,seattle-storm,Seattle,STORM,SEA,Seattle Storm,Storm,05452a,f7c43c,https://a.espncdn.com/i/teamlogos/wnba/500/sea.png,home,82,True,20,7,27,48.6,35,72,0,17,100.0,8,8,30,8,8,1,0,23.5,4,17,35,0,13,12,8,s:40~l:59~t:8,minnesota-lynx,Minnesota,Lynx,MIN,Minnesota Lynx,Lynx,005084,47a757,https://a.espncdn.com/i/teamlogos/wnba/500/min.png,72,,,
401320596,2021,2,2021-05-28,2021-05-28 22:30:00-04:00,5,s:40~l:59~t:5,indiana-fever,Indiana,FEVER,IND,Indiana Fever,Fever,e2382f,08265b,https://a.espncdn.com/i/teamlogos/wnba/500/ind.png,away,77,False,15,3,25,39.4,26,66,0,28,87.5,21,24,2,9,4,2,0,25.0,4,16,34,0,22,20,17,s:40~l:59~t:17,las-vegas-aces,Las Vegas,Aces,LV,Las Vegas Aces,Aces,000000,c7cfd4,https://a.espncdn.com/i/teamlogos/wnba/500/lv.png,113,,,
401320596,2021,2,2021-05-28,2021-05-28 22:30:00-04:00,17,s:40~l:59~t:17,las-vegas-aces,Las Vegas,ACES,LV,Las Vegas Aces,Aces,000000,c7cfd4,https://a.espncdn.com/i/teamlogos/wnba/500/lv.png,home,113,True,23,4,29,55.1,38,69,0,16,76.9,30,39,43,3,12,0,0,46.7,7,15,32,0,8,8,5,s:40~l:59~t:5,indiana-fever,Indiana,Fever,IND,Indiana Fever,Fever,e2382f,08265b,https://a.espncdn.com/i/teamlogos/wnba/500/ind.png,77,,,
401320598,2021,2,2021-05-29,2021-05-29 20:00:00-04:00,3,s:40~l:59~t:3,dallas-wings,Dallas,WINGS,DAL,Dallas Wings,Wings,11213e,c5d646,https://a.espncdn.com/i/teamlogos/wnba/500/dal.png,home,85,False,14,1,20,37.2,29,78,0,21,81.8,18,22,0,10,7,0,2,39.1,9,23,30,2,4,4,11,s:40~l:59~t:11,phoenix-mercury,Phoenix,Mercury,PHX,Phoenix Mercury,Mercury,3a267d,e56020,https://a.espncdn.com/i/teamlogos/wnba/500/phx.png,89,,,
401320598,2021,2,2021-05-29,2021-05-29 20:00:00-04:00,11,s:40~l:59~t:11,phoenix-mercury,Phoenix,MERCURY,PHX,Phoenix Mercury,Mercury,3a267d,e56020,https://a.espncdn.com/i/teamlogos/wnba/500/phx.png,away,89,True,22,7,33,50.0,31,62,0,20,73.1,19,26,16,11,0,2,1,36.4,8,22,44,1,12,10,3,s:40~l:59~t:3,dallas-wings,Dallas,Wings,DAL,Dallas Wings,Wings,11213e,c5d646,https://a.espncdn.com/i/teamlogos/wnba/500/dal.png,85,,,
401320597,2021,2,2021-05-29,2021-05-29 14:00:00-04:00,9,s:40~l:59~t:9,new-york-liberty,New York,LIBERTY,NY,New York Liberty,Liberty,0d79b9,89c9bf,https://a.espncdn.com/i/teamlogos/wnba/500/ny.png,home,87,False,23,3,32,39.1,27,69,0,9,90.5,19,21,3,4,9,1,0,41.2,14,34,36,0,21,20,20,s:40~l:59~t:20,atlanta-dream,Atlanta,Dream,ATL,Atlanta Dream,Dream,d02030,383a37,https://a.espncdn.com/i/teamlogos/wnba/500/atl.png,90,,,
401320597,2021,2,2021-05-29,2021-05-29 14:00:00-04:00,20,s:40~l:59~t:20,atlanta-dream,Atlanta,DREAM,ATL,Atlanta Dream,Dream,d02030,383a37,https://a.espncdn.com/i/teamlogos/wnba/500/atl.png,away,90,True,21,8,35,46.0,40,87,0,19,50.0,4,8,13,10,11,0,2,28.6,6,21,45,2,17,17,9,s:40~l:59~t:9,new-york-liberty,New York,Liberty,NY,New York Liberty,Liberty,0d79b9,89c9bf,https://a.espncdn.com/i/teamlogos/wnba/500/ny.png,87,,,
401320599,2021,2,2021-05-30,2021-05-30 18:00:00-04:00,6,s:40~l:59~t:6,los-angeles-sparks,Los Angeles,SPARKS,LA,Los Angeles Sparks,Sparks,532481,49ac9c,https://a.espncdn.com/i/teamlogos/wnba/500/la.png,away,82,True,20,8,25,41.1,30,73,1,19,77.8,14,18,5,8,11,1,1,44.4,8,18,33,1,20,19,19,s:40~l:59~t:19,chicago-sky,Chicago,Sky,CHI,Chicago Sky,Sky,4f91cd,f1f2f3,https://a.espncdn.com/i/teamlogos/wnba/500/chi.png,79,,,
401320600,2021,2,2021-05-30,2021-05-30 18:00:00-04:00,5,s:40~l:59~t:5,indiana-fever,Indiana,FEVER,IND,Indiana Fever,Fever,e2382f,08265b,https://a.espncdn.com/i/teamlogos/wnba/500/ind.png,away,78,False,18,2,20,38.8,31,80,0,19,100.0,11,11,5,12,8,2,0,21.7,5,23,32,0,13,11,17,s:40~l:59~t:17,las-vegas-aces,Las Vegas,Aces,LV,Las Vegas Aces,Aces,000000,c7cfd4,https://a.espncdn.com/i/teamlogos/wnba/500/lv.png,101,,,
401320599,2021,2,2021-05-30,2021-05-30 18:00:00-04:00,19,s:40~l:59~t:19,chicago-sky,Chicago,SKY,CHI,Chicago Sky,Sky,4f91cd,f1f2f3,https://a.espncdn.com/i/teamlogos/wnba/500/chi.png,home,79,False,16,8,32,40.0,30,75,2,21,100.0,12,12,17,13,9,3,0,33.3,7,21,45,0,25,22,6,s:40~l:59~t:6,los-angeles-sparks,Los Angeles,Sparks,LA,Los Angeles Sparks,Sparks,532481,49ac9c,https://a.espncdn.com/i/teamlogos/wnba/500/la.png,82,,,
401320601,2021,2,2021-05-30,2021-05-30 19:00:00-04:00,18,s:40~l:59~t:18,connecticut-sun,Connecticut,SUN,CONN,Connecticut Sun,Sun,de6b36,002d62,https://a.espncdn.com/i/teamlogos/wnba/500/conn.png,away,74,False,16,5,23,38.0,27,71,0,22,86.7,13,15,14,5,8,1,0,29.2,7,24,28,0,12,11,8,s:40~l:59~t:8,minnesota-lynx,Minnesota,Lynx,MIN,Minnesota Lynx,Lynx,005084,47a757,https://a.espncdn.com/i/teamlogos/wnba/500/min.png,79,,,
401320601,2021,2,2021-05-30,2021-05-30 19:00:00-04:00,8,s:40~l:59~t:8,minnesota-lynx,Minnesota,LYNX,MIN,Minnesota Lynx,Lynx,005084,47a757,https://a.espncdn.com/i/teamlogos/wnba/500/min.png,home,79,True,23,8,28,40.0,28,70,0,17,86.7,13,15,7,10,5,3,0,40.0,10,25,38,0,17,14,18,s:40~l:59~t:18,connecticut-sun,Connecticut,Sun,CONN,Connecticut Sun,Sun,de6b36,002d62,https://a.espncdn.com/i/teamlogos/wnba/500/conn.png,74,,,
401320600,2021,2,2021-05-30,2021-05-30 18:00:00-04:00,17,s:40~l:59~t:17,las-vegas-aces,Las Vegas,ACES,LV,Las Vegas Aces,Aces,000000,c7cfd4,https://a.espncdn.com/i/teamlogos/wnba/500/lv.png,home,101,True,22,7,31,56.7,38,67,0,13,78.3,18,23,27,5,8,0,0,50.0,7,14,36,0,11,11,5,s:40~l:59~t:5,indiana-fever,Indiana,Fever,IND,Indiana Fever,Fever,e2382f,08265b,https://a.espncdn.com/i/teamlogos/wnba/500/ind.png,78,,,
401320605,2021,2,2021-06-01,2021-06-01 22:30:00-04:00,14,s:40~l:59~t:14,seattle-storm,Seattle,STORM,SEA,Seattle Storm,Storm,05452a,f7c43c,https://a.espncdn.com/i/teamlogos/wnba/500/sea.png,home,88,True,22,4,29,43.1,28,65,1,17,87.5,21,24,16,7,5,0,0,50.0,11,22,36,0,11,11,5,s:40~l:59~t:5,indiana-fever,Indiana,Fever,IND,Indiana Fever,Fever,e2382f,08265b,https://a.espncdn.com/i/teamlogos/wnba/500/ind.png,73,,,
401320605,2021,2,2021-06-01,2021-06-01 22:30:00-04:00,5,s:40~l:59~t:5,indiana-fever,Indiana,FEVER,IND,Indiana Fever,Fever,e2382f,08265b,https://a.espncdn.com/i/teamlogos/wnba/500/ind.png,away,73,False,21,4,27,39.2,29,74,0,19,78.6,11,14,5,8,7,1,1,23.5,4,17,35,1,10,9,14,s:40~l:59~t:14,seattle-storm,Seattle,Storm,SEA,Seattle Storm,Storm,05452a,f7c43c,https://a.espncdn.com/i/teamlogos/wnba/500/sea.png,88,,,
401320603,2021,2,2021-06-01,2021-06-01 20:30:00-04:00,19,s:40~l:59~t:19,chicago-sky,Chicago,SKY,CHI,Chicago Sky,Sky,4f91cd,f1f2f3,https://a.espncdn.com/i/teamlogos/wnba/500/chi.png,home,83,False,18,2,16,38.0,30,79,0,18,95.0,19,20,10,12,10,0,1,28.6,4,14,28,1,10,10,11,s:40~l:59~t:11,phoenix-mercury,Phoenix,Mercury,PHX,Phoenix Mercury,Mercury,3a267d,e56020,https://a.espncdn.com/i/teamlogos/wnba/500/phx.png,84,,,
401320603,2021,2,2021-06-01,2021-06-01 20:30:00-04:00,11,s:40~l:59~t:11,phoenix-mercury,Phoenix,MERCURY,PHX,Phoenix Mercury,Mercury,3a267d,e56020,https://a.espncdn.com/i/teamlogos/wnba/500/phx.png,away,84,True,22,9,30,52.5,31,59,0,22,70.0,14,20,13,5,6,2,1,40.0,8,20,35,1,21,19,19,s:40~l:59~t:19,chicago-sky,Chicago,Sky,CHI,Chicago Sky,Sky,4f91cd,f1f2f3,https://a.espncdn.com/i/teamlogos/wnba/500/chi.png,83,,,
401320604,2021,2,2021-06-01,2021-06-01 20:00:00-04:00,3,s:40~l:59~t:3,dallas-wings,Dallas,WINGS,DAL,Dallas Wings,Wings,11213e,c5d646,https://a.espncdn.com/i/teamlogos/wnba/500/dal.png,home,79,True,21,3,29,39.4,26,66,0,22,94.4,17,18,18,12,5,2,0,35.7,10,28,41,0,18,16,6,s:40~l:59~t:6,los-angeles-sparks,Los Angeles,Sparks,LA,Los Angeles Sparks,Sparks,532481,49ac9c,https://a.espncdn.com/i/teamlogos/wnba/500/la.png,69,,,
401320604,2021,2,2021-06-01,2021-06-01 20:00:00-04:00,6,s:40~l:59~t:6,los-angeles-sparks,Los Angeles,SPARKS,LA,Los Angeles Sparks,Sparks,532481,49ac9c,https://a.espncdn.com/i/teamlogos/wnba/500/la.png,away,69,False,11,10,20,37.5,24,64,0,19,91.7,11,12,9,4,5,1,0,33.3,10,30,24,0,13,12,3,s:40~l:59~t:3,dallas-wings,Dallas,Wings,DAL,Dallas Wings,Wings,11213e,c5d646,https://a.espncdn.com/i/teamlogos/wnba/500/dal.png,79,,,
401320602,2021,2,2021-06-01,2021-06-01 19:00:00-04:00,18,s:40~l:59~t:18,connecticut-sun,Connecticut,SUN,CONN,Connecticut Sun,Sun,de6b36,002d62,https://a.espncdn.com/i/teamlogos/wnba/500/conn.png,home,74,True,15,5,26,40.0,24,60,0,14,95.7,22,23,9,8,8,1,0,23.5,4,17,34,0,15,14,17,s:40~l:59~t:17,las-vegas-aces,Las Vegas,Aces,LV,Las Vegas Aces,Aces,000000,c7cfd4,https://a.espncdn.com/i/teamlogos/wnba/500/lv.png,67,,,
401320602,2021,2,2021-06-01,2021-06-01 19:00:00-04:00,17,s:40~l:59~t:17,las-vegas-aces,Las Vegas,ACES,LV,Las Vegas Aces,Aces,000000,c7cfd4,https://a.espncdn.com/i/teamlogos/wnba/500/lv.png,away,67,False,20,3,26,43.8,28,64,0,17,91.7,11,12,2,3,6,1,0,0.0,0,5,29,0,13,12,18,s:40~l:59~t:18,connecticut-sun,Connecticut,Sun,CONN,Connecticut Sun,Sun,de6b36,002d62,https://a.espncdn.com/i/teamlogos/wnba/500/conn.png,74,,,
401320606,2021,2,2021-06-03,2021-06-03 19:00:00-04:00,9,s:40~l:59~t:9,new-york-liberty,New York,LIBERTY,NY,New York Liberty,Liberty,0d79b9,89c9bf,https://a.espncdn.com/i/teamlogos/wnba/500/ny.png,home,82,False,25,4,28,40.7,33,81,0,21,77.8,7,9,0,10,8,0,1,30.0,9,30,38,1,11,11,17,s:40~l:59~t:17,las-vegas-aces,Las Vegas,Aces,LV,Las Vegas Aces,Aces,000000,c7cfd4,https://a.espncdn.com/i/teamlogos/wnba/500/lv.png,94,,,
401320606,2021,2,2021-06-03,2021-06-03 19:00:00-04:00,17,s:40~l:59~t:17,las-vegas-aces,Las Vegas,ACES,LV,Las Vegas Aces,Aces,000000,c7cfd4,https://a.espncdn.com/i/teamlogos/wnba/500/lv.png,away,94,True,21,4,31,45.7,32,70,0,13,89.7,26,29,19,7,4,0,1,36.4,4,11,38,1,11,11,9,s:40~l:59~t:9,new-york-liberty,New York,Liberty,NY,New York Liberty,Liberty,0d79b9,89c9bf,https://a.espncdn.com/i/teamlogos/wnba/500/ny.png,82,,,
401320607,2021,2,2021-06-03,2021-06-03 22:00:00-04:00,19,s:40~l:59~t:19,chicago-sky,Chicago,SKY,CHI,Chicago Sky,Sky,4f91cd,f1f2f3,https://a.espncdn.com/i/teamlogos/wnba/500/chi.png,away,74,False,22,5,30,34.6,27,78,0,23,85.7,12,14,13,9,11,4,1,25.8,8,31,39,1,12,8,11,s:40~l:59~t:11,phoenix-mercury,Phoenix,Mercury,PHX,Phoenix Mercury,Mercury,3a267d,e56020,https://a.espncdn.com/i/teamlogos/wnba/500/phx.png,77,,,
401320608,2021,2,2021-06-03,2021-06-03 22:30:00-04:00,6,s:40~l:59~t:6,los-angeles-sparks,Los Angeles,SPARKS,LA,Los Angeles Sparks,Sparks,532481,49ac9c,https://a.espncdn.com/i/teamlogos/wnba/500/la.png,home,98,True,14,4,25,56.1,37,66,0,18,90.9,10,11,38,2,9,0,0,50.0,14,28,27,0,8,8,5,s:40~l:59~t:5,indiana-fever,Indiana,Fever,IND,Indiana Fever,Fever,e2382f,08265b,https://a.espncdn.com/i/teamlogos/wnba/500/ind.png,63,,,
401320608,2021,2,2021-06-03,2021-06-03 22:30:00-04:00,5,s:40~l:59~t:5,indiana-fever,Indiana,FEVER,IND,Indiana Fever,Fever,e2382f,08265b,https://a.espncdn.com/i/teamlogos/wnba/500/ind.png,away,63,False,17,4,23,34.3,23,67,0,13,68.8,11,16,2,11,3,0,0,30.0,6,20,34,0,18,18,6,s:40~l:59~t:6,los-angeles-sparks,Los Angeles,Sparks,LA,Los Angeles Sparks,Sparks,532481,49ac9c,https://a.espncdn.com/i/teamlogos/wnba/500/la.png,98,,,
401320607,2021,2,2021-06-03,2021-06-03 22:00:00-04:00,11,s:40~l:59~t:11,phoenix-mercury,Phoenix,MERCURY,PHX,Phoenix Mercury,Mercury,3a267d,e56020,https://a.espncdn.com/i/teamlogos/wnba/500/phx.png,home,77,True,19,8,31,42.9,30,70,0,16,70.6,12,17,10,7,4,1,0,35.7,5,14,38,0,18,17,19,s:40~l:59~t:19,chicago-sky,Chicago,Sky,CHI,Chicago Sky,Sky,4f91cd,f1f2f3,https://a.espncdn.com/i/teamlogos/wnba/500/chi.png,74,,,
401320610,2021,2,2021-06-04,2021-06-04 22:00:00-04:00,14,s:40~l:59~t:14,seattle-storm,Seattle,STORM,SEA,Seattle Storm,Storm,05452a,f7c43c,https://a.espncdn.com/i/teamlogos/wnba/500/sea.png,home,105,True,31,7,35,50.0,36,72,0,16,79.3,23,29,10,5,8,0,0,38.5,10,26,40,0,16,16,3,s:40~l:59~t:3,dallas-wings,Dallas,Wings,DAL,Dallas Wings,Wings,11213e,c5d646,https://a.espncdn.com/i/teamlogos/wnba/500/dal.png,102,,,
401320610,2021,2,2021-06-04,2021-06-04 22:00:00-04:00,3,s:40~l:59~t:3,dallas-wings,Dallas,WINGS,DAL,Dallas Wings,Wings,11213e,c5d646,https://a.espncdn.com/i/teamlogos/wnba/500/dal.png,away,102,False,25,4,30,44.8,43,96,0,24,41.7,5,12,6,14,9,0,0,39.3,11,28,44,0,13,13,14,s:40~l:59~t:14,seattle-storm,Seattle,Storm,SEA,Seattle Storm,Storm,05452a,f7c43c,https://a.espncdn.com/i/teamlogos/wnba/500/sea.png,105,,,
401320609,2021,2,2021-06-04,2021-06-04 20:00:00-04:00,8,s:40~l:59~t:8,minnesota-lynx,Minnesota,LYNX,MIN,Minnesota Lynx,Lynx,005084,47a757,https://a.espncdn.com/i/teamlogos/wnba/500/min.png,home,86,True,20,3,26,52.6,30,57,1,21,75.0,18,24,8,5,9,0,1,38.1,8,21,31,1,20,20,20,s:40~l:59~t:20,atlanta-dream,Atlanta,Dream,ATL,Atlanta Dream,Dream,d02030,383a37,https://a.espncdn.com/i/teamlogos/wnba/500/atl.png,84,,,
401320609,2021,2,2021-06-04,2021-06-04 20:00:00-04:00,20,s:40~l:59~t:20,atlanta-dream,Atlanta,DREAM,ATL,Atlanta Dream,Dream,d02030,383a37,https://a.espncdn.com/i/teamlogos/wnba/500/atl.png,away,84,False,20,2,25,42.9,30,70,0,25,60.0,12,20,9,7,9,1,0,41.4,12,29,32,0,19,18,8,s:40~l:59~t:8,minnesota-lynx,Minnesota,Lynx,MIN,Minnesota Lynx,Lynx,005084,47a757,https://a.espncdn.com/i/teamlogos/wnba/500/min.png,86,,,
401320611,2021,2,2021-06-05,2021-06-05 13:00:00-04:00,17,s:40~l:59~t:17,las-vegas-aces,Las Vegas,ACES,LV,Las Vegas Aces,Aces,000000,c7cfd4,https://a.espncdn.com/i/teamlogos/wnba/500/lv.png,away,96,True,20,1,36,43.4,33,76,0,18,88.9,24,27,13,8,9,0,1,37.5,6,16,44,1,12,12,16,s:40~l:59~t:16,washington-mystics,Washington,Mystics,WSH,Washington Mystics,Mystics,e03a3e,09295a,https://a.espncdn.com/i/teamlogos/wnba/500/wsh.png,93,,,
401320611,2021,2,2021-06-05,2021-06-05 13:00:00-04:00,16,s:40~l:59~t:16,washington-mystics,Washington,MYSTICS,WSH,Washington Mystics,Mystics,e03a3e,09295a,https://a.espncdn.com/i/teamlogos/wnba/500/wsh.png,home,93,False,26,1,29,44.2,34,77,0,23,73.7,14,19,11,6,8,1,1,36.7,11,30,35,1,13,12,17,s:40~l:59~t:17,las-vegas-aces,Las Vegas,Aces,LV,Las Vegas Aces,Aces,000000,c7cfd4,https://a.espncdn.com/i/teamlogos/wnba/500/lv.png,96,,,
401320612,2021,2,2021-06-05,2021-06-05 15:00:00-04:00,19,s:40~l:59~t:19,chicago-sky,Chicago,SKY,CHI,Chicago Sky,Sky,4f91cd,f1f2f3,https://a.espncdn.com/i/teamlogos/wnba/500/chi.png,away,63,False,13,5,29,33.9,21,62,0,22,69.6,16,23,4,14,6,0,0,27.8,5,18,43,0,18,18,6,s:40~l:59~t:6,los-angeles-sparks,Los Angeles,Sparks,LA,Los Angeles Sparks,Sparks,532481,49ac9c,https://a.espncdn.com/i/teamlogos/wnba/500/la.png,68,,,
401320613,2021,2,2021-06-05,2021-06-05 19:00:00-04:00,9,s:40~l:59~t:9,new-york-liberty,New York,LIBERTY,NY,New York Liberty,Liberty,0d79b9,89c9bf,https://a.espncdn.com/i/teamlogos/wnba/500/ny.png,away,64,False,20,4,19,43.6,24,55,0,22,83.3,5,6,4,3,5,2,0,40.7,11,27,22,0,17,15,18,s:40~l:59~t:18,connecticut-sun,Connecticut,Sun,CONN,Connecticut Sun,Sun,de6b36,002d62,https://a.espncdn.com/i/teamlogos/wnba/500/conn.png,85,,,
401320613,2021,2,2021-06-05,2021-06-05 19:00:00-04:00,18,s:40~l:59~t:18,connecticut-sun,Connecticut,SUN,CONN,Connecticut Sun,Sun,de6b36,002d62,https://a.espncdn.com/i/teamlogos/wnba/500/conn.png,home,85,True,21,3,24,43.7,31,71,0,18,84.2,16,19,23,14,8,0,0,33.3,7,21,38,0,11,11,9,s:40~l:59~t:9,new-york-liberty,New York,Liberty,NY,New York Liberty,Liberty,0d79b9,89c9bf,https://a.espncdn.com/i/teamlogos/wnba/500/ny.png,64,,,
401320612,2021,2,2021-06-05,2021-06-05 15:00:00-04:00,6,s:40~l:59~t:6,los-angeles-sparks,Los Angeles,SPARKS,LA,Los Angeles Sparks,Sparks,532481,49ac9c,https://a.espncdn.com/i/teamlogos/wnba/500/la.png,home,68,True,13,6,29,36.8,25,68,0,20,71.4,15,21,11,9,4,0,0,15.8,3,19,38,0,11,11,19,s:40~l:59~t:19,chicago-sky,Chicago,Sky,CHI,Chicago Sky,Sky,4f91cd,f1f2f3,https://a.espncdn.com/i/teamlogos/wnba/500/chi.png,63,,,
401320615,2021,2,2021-06-06,2021-06-06 19:00:00-04:00,14,s:40~l:59~t:14,seattle-storm,Seattle,STORM,SEA,Seattle Storm,Storm,05452a,f7c43c,https://a.espncdn.com/i/teamlogos/wnba/500/sea.png,home,67,False,16,4,30,34.4,21,61,1,12,73.9,17,23,12,4,8,0,0,33.3,8,24,34,0,11,11,3,s:40~l:59~t:3,dallas-wings,Dallas,Wings,DAL,Dallas Wings,Wings,11213e,c5d646,https://a.espncdn.com/i/teamlogos/wnba/500/dal.png,68,,,
401320615,2021,2,2021-06-06,2021-06-06 19:00:00-04:00,3,s:40~l:59~t:3,dallas-wings,Dallas,WINGS,DAL,Dallas Wings,Wings,11213e,c5d646,https://a.espncdn.com/i/teamlogos/wnba/500/dal.png,away,68,True,13,3,33,35.7,25,70,0,18,100.0,13,13,4,9,5,1,0,22.7,5,22,42,0,14,13,14,s:40~l:59~t:14,seattle-storm,Seattle,Storm,SEA,Seattle Storm,Storm,05452a,f7c43c,https://a.espncdn.com/i/teamlogos/wnba/500/sea.png,67,,,
401320614,2021,2,2021-06-06,2021-06-06 19:00:00-04:00,8,s:40~l:59~t:8,minnesota-lynx,Minnesota,LYNX,MIN,Minnesota Lynx,Lynx,005084,47a757,https://a.espncdn.com/i/teamlogos/wnba/500/min.png,home,100,True,26,1,22,51.5,35,68,0,20,79.2,19,24,21,10,12,0,1,44.0,11,25,32,1,10,10,20,s:40~l:59~t:20,atlanta-dream,Atlanta,Dream,ATL,Atlanta Dream,Dream,d02030,383a37,https://a.espncdn.com/i/teamlogos/wnba/500/atl.png,80,,,
401320614,2021,2,2021-06-06,2021-06-06 19:00:00-04:00,20,s:40~l:59~t:20,atlanta-dream,Atlanta,DREAM,ATL,Atlanta Dream,Dream,d02030,383a37,https://a.espncdn.com/i/teamlogos/wnba/500/atl.png,away,80,False,16,1,20,43.8,28,64,0,22,73.7,14,19,0,13,7,2,0,40.0,10,25,33,0,20,18,8,s:40~l:59~t:8,minnesota-lynx,Minnesota,Lynx,MIN,Minnesota Lynx,Lynx,005084,47a757,https://a.espncdn.com/i/teamlogos/wnba/500/min.png,100,,,
401320616,2021,2,2021-06-08,2021-06-08 19:00:00-04:00,8,s:40~l:59~t:8,minnesota-lynx,Minnesota,LYNX,MIN,Minnesota Lynx,Lynx,005084,47a757,https://a.espncdn.com/i/teamlogos/wnba/500/min.png,away,81,False,19,4,31,40.6,26,64,0,25,92.0,23,25,9,5,8,0,1,27.3,6,22,36,1,21,21,16,s:40~l:59~t:16,washington-mystics,Washington,Mystics,WSH,Washington Mystics,Mystics,e03a3e,09295a,https://a.espncdn.com/i/teamlogos/wnba/500/wsh.png,85,,,
401320616,2021,2,2021-06-08,2021-06-08 19:00:00-04:00,16,s:40~l:59~t:16,washington-mystics,Washington,MYSTICS,WSH,Washington Mystics,Mystics,e03a3e,09295a,https://a.espncdn.com/i/teamlogos/wnba/500/wsh.png,home,85,True,20,6,25,42.6,29,68,0,19,95.5,21,22,18,4,13,0,0,30.0,6,20,29,0,12,12,8,s:40~l:59~t:8,minnesota-lynx,Minnesota,Lynx,MIN,Minnesota Lynx,Lynx,005084,47a757,https://a.espncdn.com/i/teamlogos/wnba/500/min.png,81,,,
401320619,2021,2,2021-06-08,2021-06-08 22:00:00-04:00,3,s:40~l:59~t:3,dallas-wings,Dallas,WINGS,DAL,Dallas Wings,Wings,11213e,c5d646,https://a.espncdn.com/i/teamlogos/wnba/500/dal.png,away,85,True,20,4,29,42.7,32,75,0,22,84.6,11,13,11,12,5,0,2,38.5,10,26,41,2,9,9,11,s:40~l:59~t:11,phoenix-mercury,Phoenix,Mercury,PHX,Phoenix Mercury,Mercury,3a267d,e56020,https://a.espncdn.com/i/teamlogos/wnba/500/phx.png,81,,,
401320619,2021,2,2021-06-08,2021-06-08 22:00:00-04:00,11,s:40~l:59~t:11,phoenix-mercury,Phoenix,MERCURY,PHX,Phoenix Mercury,Mercury,3a267d,e56020,https://a.espncdn.com/i/teamlogos/wnba/500/phx.png,home,81,False,20,7,25,41.4,29,70,0,10,78.3,18,23,4,11,3,1,0,20.0,5,25,36,0,8,7,3,s:40~l:59~t:3,dallas-wings,Dallas,Wings,DAL,Dallas Wings,Wings,11213e,c5d646,https://a.espncdn.com/i/teamlogos/wnba/500/dal.png,85,,,
401320618,2021,2,2021-06-09,2021-06-09 20:00:00-04:00,19,s:40~l:59~t:19,chicago-sky,Chicago,SKY,CHI,Chicago Sky,Sky,4f91cd,f1f2f3,https://a.espncdn.com/i/teamlogos/wnba/500/chi.png,home,92,True,24,7,29,45.1,32,71,0,17,90.5,19,21,18,12,7,1,0,39.1,9,23,41,0,11,10,5,s:40~l:59~t:5,indiana-fever,Indiana,Fever,IND,Indiana Fever,Fever,e2382f,08265b,https://a.espncdn.com/i/teamlogos/wnba/500/ind.png,76,,,
401320618,2021,2,2021-06-09,2021-06-09 20:00:00-04:00,5,s:40~l:59~t:5,indiana-fever,Indiana,FEVER,IND,Indiana Fever,Fever,e2382f,08265b,https://a.espncdn.com/i/teamlogos/wnba/500/ind.png,away,76,False,18,6,26,41.1,30,73,0,20,100.0,10,10,0,11,8,1,0,35.3,6,17,37,0,16,15,19,s:40~l:59~t:19,chicago-sky,Chicago,Sky,CHI,Chicago Sky,Sky,4f91cd,f1f2f3,https://a.espncdn.com/i/teamlogos/wnba/500/chi.png,92,,,
401320617,2021,2,2021-06-09,2021-06-09 19:00:00-04:00,20,s:40~l:59~t:20,atlanta-dream,Atlanta,DREAM,ATL,Atlanta Dream,Dream,d02030,383a37,https://a.espncdn.com/i/teamlogos/wnba/500/atl.png,home,71,False,18,2,26,35.4,29,82,0,18,76.9,10,13,2,17,9,1,0,11.5,3,26,43,0,14,13,14,s:40~l:59~t:14,seattle-storm,Seattle,Storm,SEA,Seattle Storm,Storm,05452a,f7c43c,https://a.espncdn.com/i/teamlogos/wnba/500/sea.png,95,,,
401320617,2021,2,2021-06-09,2021-06-09 19:00:00-04:00,14,s:40~l:59~t:14,seattle-storm,Seattle,STORM,SEA,Seattle Storm,Storm,05452a,f7c43c,https://a.espncdn.com/i/teamlogos/wnba/500/sea.png,away,95,True,27,9,28,54.7,35,64,0,16,81.3,13,16,26,3,8,1,0,54.5,12,22,31,0,13,12,20,s:40~l:59~t:20,atlanta-dream,Atlanta,Dream,ATL,Atlanta Dream,Dream,d02030,383a37,https://a.espncdn.com/i/teamlogos/wnba/500/atl.png,71,,,
401320620,2021,2,2021-06-10,2021-06-10 19:00:00-04:00,16,s:40~l:59~t:16,washington-mystics,Washington,MYSTICS,WSH,Washington Mystics,Mystics,e03a3e,09295a,https://a.espncdn.com/i/teamlogos/wnba/500/wsh.png,home,89,True,18,5,31,42.3,30,71,0,25,81.8,18,22,24,12,4,1,0,42.3,11,26,43,0,13,12,6,s:40~l:59~t:6,los-angeles-sparks,Los Angeles,Sparks,LA,Los Angeles Sparks,Sparks,532481,49ac9c,https://a.espncdn.com/i/teamlogos/wnba/500/la.png,71,,,
401320620,2021,2,2021-06-10,2021-06-10 19:00:00-04:00,6,s:40~l:59~t:6,los-angeles-sparks,Los Angeles,SPARKS,LA,Los Angeles Sparks,Sparks,532481,49ac9c,https://a.espncdn.com/i/teamlogos/wnba/500/la.png,away,71,False,13,4,22,32.8,22,67,0,19,67.9,19,28,0,9,6,1,0,34.8,8,23,31,0,12,11,16,s:40~l:59~t:16,washington-mystics,Washington,Mystics,WSH,Washington Mystics,Mystics,e03a3e,09295a,https://a.espncdn.com/i/teamlogos/wnba/500/wsh.png,89,,,
401320622,2021,2,2021-06-11,2021-06-11 22:00:00-04:00,11,s:40~l:59~t:11,phoenix-mercury,Phoenix,MERCURY,PHX,Phoenix Mercury,Mercury,3a267d,e56020,https://a.espncdn.com/i/teamlogos/wnba/500/phx.png,home,59,False,16,7,23,34.9,22,63,0,14,75.0,12,16,0,6,4,0,0,15.0,3,20,29,0,13,13,3,s:40~l:59~t:3,dallas-wings,Dallas,Wings,DAL,Dallas Wings,Wings,11213e,c5d646,https://a.espncdn.com/i/teamlogos/wnba/500/dal.png,77,,,
401320622,2021,2,2021-06-11,2021-06-11 22:00:00-04:00,3,s:40~l:59~t:3,dallas-wings,Dallas,WINGS,DAL,Dallas Wings,Wings,11213e,c5d646,https://a.espncdn.com/i/teamlogos/wnba/500/dal.png,away,77,True,16,4,28,41.7,30,72,0,16,91.7,11,12,18,12,6,1,0,27.3,6,22,40,0,14,13,11,s:40~l:59~t:11,phoenix-mercury,Phoenix,Mercury,PHX,Phoenix Mercury,Mercury,3a267d,e56020,https://a.espncdn.com/i/teamlogos/wnba/500/phx.png,59,,,
401320621,2021,2,2021-06-11,2021-06-11 20:00:00-04:00,20,s:40~l:59~t:20,atlanta-dream,Atlanta,DREAM,ATL,Atlanta Dream,Dream,d02030,383a37,https://a.espncdn.com/i/teamlogos/wnba/500/atl.png,home,75,False,14,2,25,36.1,26,72,0,15,86.4,19,22,2,8,5,1,0,22.2,4,18,33,0,7,6,14,s:40~l:59~t:14,seattle-storm,Seattle,Storm,SEA,Seattle Storm,Storm,05452a,f7c43c,https://a.espncdn.com/i/teamlogos/wnba/500/sea.png,86,,,
401320621,2021,2,2021-06-11,2021-06-11 20:00:00-04:00,14,s:40~l:59~t:14,seattle-storm,Seattle,STORM,SEA,Seattle Storm,Storm,05452a,f7c43c,https://a.espncdn.com/i/teamlogos/wnba/500/sea.png,away,86,True,22,0,36,50.8,31,61,1,20,87.5,14,16,18,5,2,2,0,47.6,10,21,41,0,15,13,20,s:40~l:59~t:20,atlanta-dream,Atlanta,Dream,ATL,Atlanta Dream,Dream,d02030,383a37,https://a.espncdn.com/i/teamlogos/wnba/500/atl.png,75,,,
401320623,2021,2,2021-06-12,2021-06-12 13:00:00-04:00,19,s:40~l:59~t:19,chicago-sky,Chicago,SKY,CHI,Chicago Sky,Sky,4f91cd,f1f2f3,https://a.espncdn.com/i/teamlogos/wnba/500/chi.png,away,83,True,16,4,22,42.9,27,63,0,24,84.0,21,25,9,5,7,0,1,44.4,8,18,27,1,16,16,5,s:40~l:59~t:5,indiana-fever,Indiana,Fever,IND,Indiana Fever,Fever,e2382f,08265b,https://a.espncdn.com/i/teamlogos/wnba/500/ind.png,79,,,
401320623,2021,2,2021-06-12,2021-06-12 13:00:00-04:00,5,s:40~l:59~t:5,indiana-fever,Indiana,FEVER,IND,Indiana Fever,Fever,e2382f,08265b,https://a.espncdn.com/i/teamlogos/wnba/500/ind.png,home,79,False,13,5,21,48.4,30,62,1,21,68.2,15,22,3,10,10,0,1,36.4,4,11,31,1,17,17,19,s:40~l:59~t:19,chicago-sky,Chicago,Sky,CHI,Chicago Sky,Sky,4f91cd,f1f2f3,https://a.espncdn.com/i/teamlogos/wnba/500/chi.png,83,,,
401320624,2021,2,2021-06-12,2021-06-12 20:00:00-04:00,8,s:40~l:59~t:8,minnesota-lynx,Minnesota,LYNX,MIN,Minnesota Lynx,Lynx,005084,47a757,https://a.espncdn.com/i/teamlogos/wnba/500/min.png,home,80,True,20,5,34,43.1,25,58,0,15,90.5,19,21,16,9,8,0,4,50.0,11,22,43,4,22,22,6,s:40~l:59~t:6,los-angeles-sparks,Los Angeles,Sparks,LA,Los Angeles Sparks,Sparks,532481,49ac9c,https://a.espncdn.com/i/teamlogos/wnba/500/la.png,64,,,
401320624,2021,2,2021-06-12,2021-06-12 20:00:00-04:00,6,s:40~l:59~t:6,los-angeles-sparks,Los Angeles,SPARKS,LA,Los Angeles Sparks,Sparks,532481,49ac9c,https://a.espncdn.com/i/teamlogos/wnba/500/la.png,away,64,False,15,5,18,32.9,23,70,0,18,83.3,10,12,1,9,9,1,3,34.8,8,23,27,3,13,12,8,s:40~l:59~t:8,minnesota-lynx,Minnesota,Lynx,MIN,Minnesota Lynx,Lynx,005084,47a757,https://a.espncdn.com/i/teamlogos/wnba/500/min.png,80,,,
401320625,2021,2,2021-06-13,2021-06-13 14:00:00-04:00,14,s:40~l:59~t:14,seattle-storm,Seattle,STORM,SEA,Seattle Storm,Storm,05452a,f7c43c,https://a.espncdn.com/i/teamlogos/wnba/500/sea.png,away,89,True,26,3,22,48.6,35,72,0,14,90.0,9,10,26,6,9,2,0,45.5,10,22,28,0,10,8,18,s:40~l:59~t:18,connecticut-sun,Connecticut,Sun,CONN,Connecticut Sun,Sun,de6b36,002d62,https://a.espncdn.com/i/teamlogos/wnba/500/conn.png,66,,,
401320628,2021,2,2021-06-13,2021-06-13 18:00:00-04:00,11,s:40~l:59~t:11,phoenix-mercury,Phoenix,MERCURY,PHX,Phoenix Mercury,Mercury,3a267d,e56020,https://a.espncdn.com/i/teamlogos/wnba/500/phx.png,home,83,False,16,4,34,38.5,25,65,0,16,84.8,28,33,3,8,4,0,0,20.8,5,24,42,0,15,15,9,s:40~l:59~t:9,new-york-liberty,New York,Liberty,NY,New York Liberty,Liberty,0d79b9,89c9bf,https://a.espncdn.com/i/teamlogos/wnba/500/ny.png,85,,,
401320628,2021,2,2021-06-13,2021-06-13 18:00:00-04:00,9,s:40~l:59~t:9,new-york-liberty,New York,LIBERTY,NY,New York Liberty,Liberty,0d79b9,89c9bf,https://a.espncdn.com/i/teamlogos/wnba/500/ny.png,away,85,True,18,3,29,42.1,32,76,0,22,78.6,11,14,17,7,7,0,1,31.3,10,32,36,1,10,10,11,s:40~l:59~t:11,phoenix-mercury,Phoenix,Mercury,PHX,Phoenix Mercury,Mercury,3a267d,e56020,https://a.espncdn.com/i/teamlogos/wnba/500/phx.png,83,,,
401320627,2021,2,2021-06-13,2021-06-13 18:00:00-04:00,17,s:40~l:59~t:17,las-vegas-aces,Las Vegas,ACES,LV,Las Vegas Aces,Aces,000000,c7cfd4,https://a.espncdn.com/i/teamlogos/wnba/500/lv.png,home,85,True,17,4,37,46.9,30,64,0,25,80.8,21,26,11,4,6,0,0,33.3,4,12,41,0,16,16,3,s:40~l:59~t:3,dallas-wings,Dallas,Wings,DAL,Dallas Wings,Wings,11213e,c5d646,https://a.espncdn.com/i/teamlogos/wnba/500/dal.png,78,,,
401320627,2021,2,2021-06-13,2021-06-13 18:00:00-04:00,3,s:40~l:59~t:3,dallas-wings,Dallas,WINGS,DAL,Dallas Wings,Wings,11213e,c5d646,https://a.espncdn.com/i/teamlogos/wnba/500/dal.png,away,78,False,17,2,22,32.5,25,77,1,26,85.2,23,27,3,14,11,1,1,20.8,5,24,36,1,11,10,17,s:40~l:59~t:17,las-vegas-aces,Las Vegas,Aces,LV,Las Vegas Aces,Aces,000000,c7cfd4,https://a.espncdn.com/i/teamlogos/wnba/500/lv.png,85,,,
401320626,2021,2,2021-06-13,2021-06-13 15:30:00-04:00,20,s:40~l:59~t:20,atlanta-dream,Atlanta,DREAM,ATL,Atlanta Dream,Dream,d02030,383a37,https://a.espncdn.com/i/teamlogos/wnba/500/atl.png,home,101,True,20,2,23,50.7,36,71,0,22,76.2,16,21,23,10,10,0,0,44.8,13,29,33,0,13,13,16,s:40~l:59~t:16,washington-mystics,Washington,Mystics,WSH,Washington Mystics,Mystics,e03a3e,09295a,https://a.espncdn.com/i/teamlogos/wnba/500/wsh.png,78,,,
401320626,2021,2,2021-06-13,2021-06-13 15:30:00-04:00,16,s:40~l:59~t:16,washington-mystics,Washington,MYSTICS,WSH,Washington Mystics,Mystics,e03a3e,09295a,https://a.espncdn.com/i/teamlogos/wnba/500/wsh.png,away,78,False,15,4,21,37.7,23,61,0,19,80.8,21,26,11,12,8,0,0,40.7,11,27,33,0,17,17,20,s:40~l:59~t:20,atlanta-dream,Atlanta,Dream,ATL,Atlanta Dream,Dream,d02030,383a37,https://a.espncdn.com/i/teamlogos/wnba/500/atl.png,101,,,
401320625,2021,2,2021-06-13,2021-06-13 14:00:00-04:00,18,s:40~l:59~t:18,connecticut-sun,Connecticut,SUN,CONN,Connecticut Sun,Sun,de6b36,002d62,https://a.espncdn.com/i/teamlogos/wnba/500/conn.png,home,66,False,16,2,26,45.0,27,60,0,14,75.0,6,8,2,5,4,2,0,40.0,6,15,31,0,19,17,14,s:40~l:59~t:14,seattle-storm,Seattle,Storm,SEA,Seattle Storm,Storm,05452a,f7c43c,https://a.espncdn.com/i/teamlogos/wnba/500/sea.png,89,,,
401320630,2021,2,2021-06-15,2021-06-15 21:00:00-04:00,8,s:40~l:59~t:8,minnesota-lynx,Minnesota,LYNX,MIN,Minnesota Lynx,Lynx,005084,47a757,https://a.espncdn.com/i/teamlogos/wnba/500/min.png,home,89,False,15,2,23,45.7,32,70,0,17,74.1,20,27,2,9,7,0,1,35.7,5,14,32,1,20,20,19,s:40~l:59~t:19,chicago-sky,Chicago,Sky,CHI,Chicago Sky,Sky,4f91cd,f1f2f3,https://a.espncdn.com/i/teamlogos/wnba/500/chi.png,105,,,
401320631,2021,2,2021-06-15,2021-06-15 22:00:00-04:00,9,s:40~l:59~t:9,new-york-liberty,New York,LIBERTY,NY,New York Liberty,Liberty,0d79b9,89c9bf,https://a.espncdn.com/i/teamlogos/wnba/500/ny.png,away,78,False,18,5,20,47.5,29,61,0,18,64.7,11,17,11,4,9,1,1,32.1,9,28,24,1,19,18,17,s:40~l:59~t:17,las-vegas-aces,Las Vegas,Aces,LV,Las Vegas Aces,Aces,000000,c7cfd4,https://a.espncdn.com/i/teamlogos/wnba/500/lv.png,100,,,
401320630,2021,2,2021-06-15,2021-06-15 21:00:00-04:00,19,s:40~l:59~t:19,chicago-sky,Chicago,SKY,CHI,Chicago Sky,Sky,4f91cd,f1f2f3,https://a.espncdn.com/i/teamlogos/wnba/500/chi.png,away,105,True,32,3,26,57.1,40,70,2,18,81.3,13,16,27,4,12,1,1,46.2,12,26,30,1,14,13,8,s:40~l:59~t:8,minnesota-lynx,Minnesota,Lynx,MIN,Minnesota Lynx,Lynx,005084,47a757,https://a.espncdn.com/i/teamlogos/wnba/500/min.png,89,,,
401320629,2021,2,2021-06-15,2021-06-15 19:00:00-04:00,5,s:40~l:59~t:5,indiana-fever,Indiana,FEVER,IND,Indiana Fever,Fever,e2382f,08265b,https://a.espncdn.com/i/teamlogos/wnba/500/ind.png,home,70,False,18,7,27,42.2,27,64,0,16,54.2,13,24,2,5,5,0,0,17.6,3,17,32,0,9,9,14,s:40~l:59~t:14,seattle-storm,Seattle,Storm,SEA,Seattle Storm,Storm,05452a,f7c43c,https://a.espncdn.com/i/teamlogos/wnba/500/sea.png,87,,,
401320631,2021,2,2021-06-15,2021-06-15 22:00:00-04:00,17,s:40~l:59~t:17,las-vegas-aces,Las Vegas,ACES,LV,Las Vegas Aces,Aces,000000,c7cfd4,https://a.espncdn.com/i/teamlogos/wnba/500/lv.png,home,100,True,26,1,29,55.6,40,72,0,16,93.8,15,16,23,7,10,1,0,38.5,5,13,36,0,16,15,9,s:40~l:59~t:9,new-york-liberty,New York,Liberty,NY,New York Liberty,Liberty,0d79b9,89c9bf,https://a.espncdn.com/i/teamlogos/wnba/500/ny.png,78,,,
401320629,2021,2,2021-06-15,2021-06-15 19:00:00-04:00,14,s:40~l:59~t:14,seattle-storm,Seattle,STORM,SEA,Seattle Storm,Storm,05452a,f7c43c,https://a.espncdn.com/i/teamlogos/wnba/500/sea.png,away,87,True,27,1,33,49.3,34,69,0,16,84.6,11,13,20,5,5,0,0,36.4,8,22,38,0,10,10,5,s:40~l:59~t:5,indiana-fever,Indiana,Fever,IND,Indiana Fever,Fever,e2382f,08265b,https://a.espncdn.com/i/teamlogos/wnba/500/ind.png,70,,,
401320632,2021,2,2021-06-16,2021-06-16 22:30:00-04:00,11,s:40~l:59~t:11,phoenix-mercury,Phoenix,MERCURY,PHX,Phoenix Mercury,Mercury,3a267d,e56020,https://a.espncdn.com/i/teamlogos/wnba/500/phx.png,away,80,False,18,1,29,41.3,26,63,0,15,75.0,21,28,4,9,1,1,0,33.3,7,21,38,0,11,10,6,s:40~l:59~t:6,los-angeles-sparks,Los Angeles,Sparks,LA,Los Angeles Sparks,Sparks,532481,49ac9c,https://a.espncdn.com/i/teamlogos/wnba/500/la.png,85,,,
401320632,2021,2,2021-06-16,2021-06-16 22:30:00-04:00,6,s:40~l:59~t:6,los-angeles-sparks,Los Angeles,SPARKS,LA,Los Angeles Sparks,Sparks,532481,49ac9c,https://a.espncdn.com/i/teamlogos/wnba/500/la.png,home,85,True,17,6,21,45.0,36,80,0,23,66.7,4,6,14,14,3,0,0,32.1,9,28,35,0,5,5,11,s:40~l:59~t:11,phoenix-mercury,Phoenix,Mercury,PHX,Phoenix Mercury,Mercury,3a267d,e56020,https://a.espncdn.com/i/teamlogos/wnba/500/phx.png,80,,,
401320633,2021,2,2021-06-17,2021-06-17 19:00:00-04:00,5,s:40~l:59~t:5,indiana-fever,Indiana,FEVER,IND,Indiana Fever,Fever,e2382f,08265b,https://a.espncdn.com/i/teamlogos/wnba/500/ind.png,home,69,False,16,5,29,41.9,26,62,0,16,88.2,15,17,5,3,6,0,0,14.3,2,14,32,0,15,15,14,s:40~l:59~t:14,seattle-storm,Seattle,Storm,SEA,Seattle Storm,Storm,05452a,f7c43c,https://a.espncdn.com/i/teamlogos/wnba/500/sea.png,79,,,
401320637,2021,2,2021-06-17,2021-06-17 22:00:00-04:00,17,s:40~l:59~t:17,las-vegas-aces,Las Vegas,ACES,LV,Las Vegas Aces,Aces,000000,c7cfd4,https://a.espncdn.com/i/teamlogos/wnba/500/lv.png,home,103,True,25,10,37,44.2,34,77,0,21,80.0,24,30,27,15,5,1,1,47.8,11,23,52,1,13,12,9,s:40~l:59~t:9,new-york-liberty,New York,Liberty,NY,New York Liberty,Liberty,0d79b9,89c9bf,https://a.espncdn.com/i/teamlogos/wnba/500/ny.png,76,,,
401320637,2021,2,2021-06-17,2021-06-17 22:00:00-04:00,9,s:40~l:59~t:9,new-york-liberty,New York,LIBERTY,NY,New York Liberty,Liberty,0d79b9,89c9bf,https://a.espncdn.com/i/teamlogos/wnba/500/ny.png,away,76,False,20,4,27,31.3,26,83,1,24,73.7,14,19,4,9,6,0,1,26.3,10,38,36,1,11,11,17,s:40~l:59~t:17,las-vegas-aces,Las Vegas,Aces,LV,Las Vegas Aces,Aces,000000,c7cfd4,https://a.espncdn.com/i/teamlogos/wnba/500/lv.png,103,,,
401320636,2021,2,2021-06-17,2021-06-17 20:00:00-04:00,3,s:40~l:59~t:3,dallas-wings,Dallas,WINGS,DAL,Dallas Wings,Wings,11213e,c5d646,https://a.espncdn.com/i/teamlogos/wnba/500/dal.png,home,73,False,15,3,24,34.7,26,75,0,18,77.8,14,18,1,10,8,2,0,35.0,7,20,34,0,12,10,8,s:40~l:59~t:8,minnesota-lynx,Minnesota,Lynx,MIN,Minnesota Lynx,Lynx,005084,47a757,https://a.espncdn.com/i/teamlogos/wnba/500/min.png,85,,,
401320636,2021,2,2021-06-17,2021-06-17 20:00:00-04:00,8,s:40~l:59~t:8,minnesota-lynx,Minnesota,LYNX,MIN,Minnesota Lynx,Lynx,005084,47a757,https://a.espncdn.com/i/teamlogos/wnba/500/min.png,away,85,True,19,3,33,48.5,33,68,0,19,85.7,12,14,18,7,6,1,0,33.3,7,21,40,0,15,14,3,s:40~l:59~t:3,dallas-wings,Dallas,Wings,DAL,Dallas Wings,Wings,11213e,c5d646,https://a.espncdn.com/i/teamlogos/wnba/500/dal.png,73,,,
401320635,2021,2,2021-06-17,2021-06-17 20:00:00-04:00,19,s:40~l:59~t:19,chicago-sky,Chicago,SKY,CHI,Chicago Sky,Sky,4f91cd,f1f2f3,https://a.espncdn.com/i/teamlogos/wnba/500/chi.png,home,81,True,19,4,28,41.2,28,68,0,23,83.3,20,24,14,10,9,1,0,21.7,5,23,38,0,13,12,18,s:40~l:59~t:18,connecticut-sun,Connecticut,Sun,CONN,Connecticut Sun,Sun,de6b36,002d62,https://a.espncdn.com/i/teamlogos/wnba/500/conn.png,75,,,
401320635,2021,2,2021-06-17,2021-06-17 20:00:00-04:00,18,s:40~l:59~t:18,connecticut-sun,Connecticut,SUN,CONN,Connecticut Sun,Sun,de6b36,002d62,https://a.espncdn.com/i/teamlogos/wnba/500/conn.png,away,75,False,9,5,26,40.3,25,62,1,23,77.8,21,27,9,8,4,0,1,30.8,4,13,34,1,14,14,19,s:40~l:59~t:19,chicago-sky,Chicago,Sky,CHI,Chicago Sky,Sky,4f91cd,f1f2f3,https://a.espncdn.com/i/teamlogos/wnba/500/chi.png,81,,,
401320634,2021,2,2021-06-17,2021-06-17 19:00:00-04:00,16,s:40~l:59~t:16,washington-mystics,Washington,MYSTICS,WSH,Washington Mystics,Mystics,e03a3e,09295a,https://a.espncdn.com/i/teamlogos/wnba/500/wsh.png,home,96,True,22,1,26,49.3,33,67,0,17,85.0,17,20,4,5,7,0,1,41.9,13,31,31,1,15,15,20,s:40~l:59~t:20,atlanta-dream,Atlanta,Dream,ATL,Atlanta Dream,Dream,d02030,383a37,https://a.espncdn.com/i/teamlogos/wnba/500/atl.png,93,,,
401320634,2021,2,2021-06-17,2021-06-17 19:00:00-04:00,20,s:40~l:59~t:20,atlanta-dream,Atlanta,DREAM,ATL,Atlanta Dream,Dream,d02030,383a37,https://a.espncdn.com/i/teamlogos/wnba/500/atl.png,away,93,False,23,6,29,48.6,34,70,0,17,81.0,17,21,14,8,14,1,3,38.1,8,21,37,3,14,13,16,s:40~l:59~t:16,washington-mystics,Washington,Mystics,WSH,Washington Mystics,Mystics,e03a3e,09295a,https://a.espncdn.com/i/teamlogos/wnba/500/wsh.png,96,,,
401320633,2021,2,2021-06-17,2021-06-17 19:00:00-04:00,14,s:40~l:59~t:14,seattle-storm,Seattle,STORM,SEA,Seattle Storm,Storm,05452a,f7c43c,https://a.espncdn.com/i/teamlogos/wnba/500/sea.png,away,79,True,22,2,31,43.1,31,72,0,19,73.3,11,15,12,9,9,1,0,30.0,6,20,40,0,15,14,5,s:40~l:59~t:5,indiana-fever,Indiana,Fever,IND,Indiana Fever,Fever,e2382f,08265b,https://a.espncdn.com/i/teamlogos/wnba/500/ind.png,69,,,
401320638,2021,2,2021-06-18,2021-06-18 22:30:00-04:00,11,s:40~l:59~t:11,phoenix-mercury,Phoenix,MERCURY,PHX,Phoenix Mercury,Mercury,3a267d,e56020,https://a.espncdn.com/i/teamlogos/wnba/500/phx.png,away,80,True,13,3,29,45.5,25,55,0,19,80.6,25,31,18,4,8,3,1,31.3,5,16,33,1,15,12,6,s:40~l:59~t:6,los-angeles-sparks,Los Angeles,Sparks,LA,Los Angeles Sparks,Sparks,532481,49ac9c,https://a.espncdn.com/i/teamlogos/wnba/500/la.png,66,,,
401320638,2021,2,2021-06-18,2021-06-18 22:30:00-04:00,6,s:40~l:59~t:6,los-angeles-sparks,Los Angeles,SPARKS,LA,Los Angeles Sparks,Sparks,532481,49ac9c,https://a.espncdn.com/i/teamlogos/wnba/500/la.png,home,66,False,10,2,23,38.3,23,60,0,25,72.7,16,22,2,5,8,1,1,28.6,4,14,28,1,13,12,11,s:40~l:59~t:11,phoenix-mercury,Phoenix,Mercury,PHX,Phoenix Mercury,Mercury,3a267d,e56020,https://a.espncdn.com/i/teamlogos/wnba/500/phx.png,80,,,
401320639,2021,2,2021-06-19,2021-06-19 14:00:00-04:00,18,s:40~l:59~t:18,connecticut-sun,Connecticut,SUN,CONN,Connecticut Sun,Sun,de6b36,002d62,https://a.espncdn.com/i/teamlogos/wnba/500/conn.png,away,81,False,22,4,24,46.0,29,63,0,17,85.0,17,20,11,8,6,1,0,33.3,6,18,32,0,19,18,19,s:40~l:59~t:19,chicago-sky,Chicago,Sky,CHI,Chicago Sky,Sky,4f91cd,f1f2f3,https://a.espncdn.com/i/teamlogos/wnba/500/chi.png,91,,,
401320641,2021,2,2021-06-19,2021-06-19 20:00:00-04:00,3,s:40~l:59~t:3,dallas-wings,Dallas,WINGS,DAL,Dallas Wings,Wings,11213e,c5d646,https://a.espncdn.com/i/teamlogos/wnba/500/dal.png,home,95,True,17,4,31,50.0,32,64,0,23,100.0,14,14,25,9,9,0,1,60.7,17,28,40,1,15,15,8,s:40~l:59~t:8,minnesota-lynx,Minnesota,Lynx,MIN,Minnesota Lynx,Lynx,005084,47a757,https://a.espncdn.com/i/teamlogos/wnba/500/min.png,77,,,
401320641,2021,2,2021-06-19,2021-06-19 20:00:00-04:00,8,s:40~l:59~t:8,minnesota-lynx,Minnesota,LYNX,MIN,Minnesota Lynx,Lynx,005084,47a757,https://a.espncdn.com/i/teamlogos/wnba/500/min.png,away,77,False,16,4,21,40.3,27,67,0,15,85.7,12,14,3,5,7,0,1,40.7,11,27,26,1,14,14,3,s:40~l:59~t:3,dallas-wings,Dallas,Wings,DAL,Dallas Wings,Wings,11213e,c5d646,https://a.espncdn.com/i/teamlogos/wnba/500/dal.png,95,,,
401320640,2021,2,2021-06-19,2021-06-19 19:00:00-04:00,16,s:40~l:59~t:16,washington-mystics,Washington,MYSTICS,WSH,Washington Mystics,Mystics,e03a3e,09295a,https://a.espncdn.com/i/teamlogos/wnba/500/wsh.png,home,82,True,16,0,25,37.0,30,81,0,18,88.2,15,17,9,15,7,0,0,20.6,7,34,40,0,10,10,5,s:40~l:59~t:5,indiana-fever,Indiana,Fever,IND,Indiana Fever,Fever,e2382f,08265b,https://a.espncdn.com/i/teamlogos/wnba/500/ind.png,77,,,
401320640,2021,2,2021-06-19,2021-06-19 19:00:00-04:00,5,s:40~l:59~t:5,indiana-fever,Indiana,FEVER,IND,Indiana Fever,Fever,e2382f,08265b,https://a.espncdn.com/i/teamlogos/wnba/500/ind.png,away,77,False,15,4,30,44.8,30,67,0,20,92.9,13,14,12,6,5,3,0,30.8,4,13,36,0,15,12,16,s:40~l:59~t:16,washington-mystics,Washington,Mystics,WSH,Washington Mystics,Mystics,e03a3e,09295a,https://a.espncdn.com/i/teamlogos/wnba/500/wsh.png,82,,,
401320639,2021,2,2021-06-19,2021-06-19 14:00:00-04:00,19,s:40~l:59~t:19,chicago-sky,Chicago,SKY,CHI,Chicago Sky,Sky,4f91cd,f1f2f3,https://a.espncdn.com/i/teamlogos/wnba/500/chi.png,home,91,True,24,5,24,50.0,32,64,0,21,95.2,20,21,13,5,9,0,1,38.9,7,18,29,1,12,12,18,s:40~l:59~t:18,connecticut-sun,Connecticut,Sun,CONN,Connecticut Sun,Sun,de6b36,002d62,https://a.espncdn.com/i/teamlogos/wnba/500/conn.png,81,,,
401320642,2021,2,2021-06-20,2021-06-20 16:00:00-04:00,9,s:40~l:59~t:9,new-york-liberty,New York,LIBERTY,NY,New York Liberty,Liberty,0d79b9,89c9bf,https://a.espncdn.com/i/teamlogos/wnba/500/ny.png,away,76,True,18,3,27,42.1,24,57,0,16,90.0,18,20,14,11,9,1,0,32.3,10,31,38,0,30,29,6,s:40~l:59~t:6,los-angeles-sparks,Los Angeles,Sparks,LA,Los Angeles Sparks,Sparks,532481,49ac9c,https://a.espncdn.com/i/teamlogos/wnba/500/la.png,73,,,
401320642,2021,2,2021-06-20,2021-06-20 16:00:00-04:00,6,s:40~l:59~t:6,los-angeles-sparks,Los Angeles,SPARKS,LA,Los Angeles Sparks,Sparks,532481,49ac9c,https://a.espncdn.com/i/teamlogos/wnba/500/la.png,home,73,False,16,2,19,45.6,31,68,0,19,50.0,5,10,4,8,17,0,0,25.0,6,24,27,0,18,18,9,s:40~l:59~t:9,new-york-liberty,New York,Liberty,NY,New York Liberty,Liberty,0d79b9,89c9bf,https://a.espncdn.com/i/teamlogos/wnba/500/ny.png,76,,,
401320643,2021,2,2021-06-22,2021-06-22 19:00:00-04:00,18,s:40~l:59~t:18,connecticut-sun,Connecticut,SUN,CONN,Connecticut Sun,Sun,de6b36,002d62,https://a.espncdn.com/i/teamlogos/wnba/500/conn.png,home,80,True,19,6,25,43.7,31,71,0,15,93.3,14,15,12,12,6,0,0,20.0,4,20,37,0,12,12,3,s:40~l:59~t:3,dallas-wings,Dallas,Wings,DAL,Dallas Wings,Wings,11213e,c5d646,https://a.espncdn.com/i/teamlogos/wnba/500/dal.png,70,,,
401320643,2021,2,2021-06-22,2021-06-22 19:00:00-04:00,3,s:40~l:59~t:3,dallas-wings,Dallas,WINGS,DAL,Dallas Wings,Wings,11213e,c5d646,https://a.espncdn.com/i/teamlogos/wnba/500/dal.png,away,70,False,15,3,21,44.3,27,61,0,19,76.9,10,13,14,6,5,0,0,42.9,6,14,27,0,12,12,18,s:40~l:59~t:18,connecticut-sun,Connecticut,Sun,CONN,Connecticut Sun,Sun,de6b36,002d62,https://a.espncdn.com/i/teamlogos/wnba/500/conn.png,80,,,
401320644,2021,2,2021-06-22,2021-06-22 19:00:00-04:00,19,s:40~l:59~t:19,chicago-sky,Chicago,SKY,CHI,Chicago Sky,Sky,4f91cd,f1f2f3,https://a.espncdn.com/i/teamlogos/wnba/500/chi.png,away,92,True,26,2,35,45.0,36,80,0,15,100.0,13,13,28,7,8,2,1,29.2,7,24,42,1,11,9,9,s:40~l:59~t:9,new-york-liberty,New York,Liberty,NY,New York Liberty,Liberty,0d79b9,89c9bf,https://a.espncdn.com/i/teamlogos/wnba/500/ny.png,72,,,
401320645,2021,2,2021-06-22,2021-06-22 22:00:00-04:00,14,s:40~l:59~t:14,seattle-storm,Seattle,STORM,SEA,Seattle Storm,Storm,05452a,f7c43c,https://a.espncdn.com/i/teamlogos/wnba/500/sea.png,home,83,False,21,6,27,45.1,32,71,0,12,91.7,11,12,5,9,4,0,0,42.1,8,19,36,0,7,7,16,s:40~l:59~t:16,washington-mystics,Washington,Mystics,WSH,Washington Mystics,Mystics,e03a3e,09295a,https://a.espncdn.com/i/teamlogos/wnba/500/wsh.png,87,,,
401320645,2021,2,2021-06-22,2021-06-22 22:00:00-04:00,16,s:40~l:59~t:16,washington-mystics,Washington,MYSTICS,WSH,Washington Mystics,Mystics,e03a3e,09295a,https://a.espncdn.com/i/teamlogos/wnba/500/wsh.png,away,87,True,25,2,27,44.2,34,77,0,13,60.0,3,5,15,12,2,0,0,42.1,16,38,39,0,7,7,14,s:40~l:59~t:14,seattle-storm,Seattle,Storm,SEA,Seattle Storm,Storm,05452a,f7c43c,https://a.espncdn.com/i/teamlogos/wnba/500/sea.png,83,,,
401320644,2021,2,2021-06-22,2021-06-22 19:00:00-04:00,9,s:40~l:59~t:9,new-york-liberty,New York,LIBERTY,NY,New York Liberty,Liberty,0d79b9,89c9bf,https://a.espncdn.com/i/teamlogos/wnba/500/ny.png,home,72,False,19,9,29,42.6,29,68,0,12,72.7,8,11,2,3,3,0,0,21.4,6,28,32,0,16,16,19,s:40~l:59~t:19,chicago-sky,Chicago,Sky,CHI,Chicago Sky,Sky,4f91cd,f1f2f3,https://a.espncdn.com/i/teamlogos/wnba/500/chi.png,92,,,
401320646,2021,2,2021-06-23,2021-06-23 19:00:00-04:00,8,s:40~l:59~t:8,minnesota-lynx,Minnesota,LYNX,MIN,Minnesota Lynx,Lynx,005084,47a757,https://a.espncdn.com/i/teamlogos/wnba/500/min.png,away,87,True,24,6,24,52.3,34,65,0,19,80.0,12,15,5,11,7,0,0,29.2,7,24,35,0,17,17,20,s:40~l:59~t:20,atlanta-dream,Atlanta,Dream,ATL,Atlanta Dream,Dream,d02030,383a37,https://a.espncdn.com/i/teamlogos/wnba/500/atl.png,85,,,
401320646,2021,2,2021-06-23,2021-06-23 19:00:00-04:00,20,s:40~l:59~t:20,atlanta-dream,Atlanta,DREAM,ATL,Atlanta Dream,Dream,d02030,383a37,https://a.espncdn.com/i/teamlogos/wnba/500/atl.png,home,85,False,17,5,21,47.8,33,69,0,15,82.4,14,17,18,6,13,1,1,38.5,5,13,27,1,11,10,8,s:40~l:59~t:8,minnesota-lynx,Minnesota,Lynx,MIN,Minnesota Lynx,Lynx,005084,47a757,https://a.espncdn.com/i/teamlogos/wnba/500/min.png,87,,,
401320647,2021,2,2021-06-24,2021-06-24 19:00:00-04:00,3,s:40~l:59~t:3,dallas-wings,Dallas,WINGS,DAL,Dallas Wings,Wings,11213e,c5d646,https://a.espncdn.com/i/teamlogos/wnba/500/dal.png,away,89,True,17,7,24,47.1,32,68,0,22,100.0,17,17,28,10,8,0,1,32.0,8,25,34,1,13,13,5,s:40~l:59~t:5,indiana-fever,Indiana,Fever,IND,Indiana Fever,Fever,e2382f,08265b,https://a.espncdn.com/i/teamlogos/wnba/500/ind.png,64,,,
401320648,2021,2,2021-06-24,2021-06-24 19:00:00-04:00,9,s:40~l:59~t:9,new-york-liberty,New York,LIBERTY,NY,New York Liberty,Liberty,0d79b9,89c9bf,https://a.espncdn.com/i/teamlogos/wnba/500/ny.png,home,68,False,13,3,28,37.3,25,67,0,19,77.8,14,18,0,9,3,0,0,16.0,4,25,37,0,21,21,19,s:40~l:59~t:19,chicago-sky,Chicago,Sky,CHI,Chicago Sky,Sky,4f91cd,f1f2f3,https://a.espncdn.com/i/teamlogos/wnba/500/chi.png,91,,,
401320647,2021,2,2021-06-24,2021-06-24 19:00:00-04:00,5,s:40~l:59~t:5,indiana-fever,Indiana,FEVER,IND,Indiana Fever,Fever,e2382f,08265b,https://a.espncdn.com/i/teamlogos/wnba/500/ind.png,home,64,False,13,0,20,35.4,23,65,0,16,86.7,13,15,0,9,3,3,0,29.4,5,17,29,0,22,19,3,s:40~l:59~t:3,dallas-wings,Dallas,Wings,DAL,Dallas Wings,Wings,11213e,c5d646,https://a.espncdn.com/i/teamlogos/wnba/500/dal.png,89,,,
401320649,2021,2,2021-06-24,2021-06-24 22:30:00-04:00,6,s:40~l:59~t:6,los-angeles-sparks,Los Angeles,SPARKS,LA,Los Angeles Sparks,Sparks,532481,49ac9c,https://a.espncdn.com/i/teamlogos/wnba/500/la.png,home,89,True,16,6,22,51.6,33,64,0,18,86.7,13,15,7,0,8,0,1,58.8,10,17,22,1,12,12,16,s:40~l:59~t:16,washington-mystics,Washington,Mystics,WSH,Washington Mystics,Mystics,e03a3e,09295a,https://a.espncdn.com/i/teamlogos/wnba/500/wsh.png,82,,,
401320649,2021,2,2021-06-24,2021-06-24 22:30:00-04:00,16,s:40~l:59~t:16,washington-mystics,Washington,MYSTICS,WSH,Washington Mystics,Mystics,e03a3e,09295a,https://a.espncdn.com/i/teamlogos/wnba/500/wsh.png,away,82,False,18,2,28,40.0,26,65,0,20,82.6,19,23,11,10,4,1,1,40.7,11,27,38,1,21,20,6,s:40~l:59~t:6,los-angeles-sparks,Los Angeles,Sparks,LA,Los Angeles Sparks,Sparks,532481,49ac9c,https://a.espncdn.com/i/teamlogos/wnba/500/la.png,89,,,
401320648,2021,2,2021-06-24,2021-06-24 19:00:00-04:00,19,s:40~l:59~t:19,chicago-sky,Chicago,SKY,CHI,Chicago Sky,Sky,4f91cd,f1f2f3,https://a.espncdn.com/i/teamlogos/wnba/500/chi.png,away,91,True,25,4,30,50.0,37,74,0,18,88.9,8,9,30,5,9,0,0,47.4,9,19,35,0,14,14,9,s:40~l:59~t:9,new-york-liberty,New York,Liberty,NY,New York Liberty,Liberty,0d79b9,89c9bf,https://a.espncdn.com/i/teamlogos/wnba/500/ny.png,68,,,
401320650,2021,2,2021-06-25,2021-06-25 20:00:00-04:00,8,s:40~l:59~t:8,minnesota-lynx,Minnesota,LYNX,MIN,Minnesota Lynx,Lynx,005084,47a757,https://a.espncdn.com/i/teamlogos/wnba/500/min.png,home,90,True,24,7,33,46.1,35,76,0,26,85.7,18,21,10,5,8,0,0,13.3,2,15,38,0,13,13,17,s:40~l:59~t:17,las-vegas-aces,Las Vegas,Aces,LV,Las Vegas Aces,Aces,000000,c7cfd4,https://a.espncdn.com/i/teamlogos/wnba/500/lv.png,89,,,
401320650,2021,2,2021-06-25,2021-06-25 20:00:00-04:00,17,s:40~l:59~t:17,las-vegas-aces,Las Vegas,ACES,LV,Las Vegas Aces,Aces,000000,c7cfd4,https://a.espncdn.com/i/teamlogos/wnba/500/lv.png,away,89,False,19,2,30,38.5,30,78,0,16,80.6,25,31,8,14,7,0,1,36.4,4,11,44,1,16,16,8,s:40~l:59~t:8,minnesota-lynx,Minnesota,Lynx,MIN,Minnesota Lynx,Lynx,005084,47a757,https://a.espncdn.com/i/teamlogos/wnba/500/min.png,90,,,
401320651,2021,2,2021-06-26,2021-06-26 13:00:00-04:00,16,s:40~l:59~t:16,washington-mystics,Washington,MYSTICS,WSH,Washington Mystics,Mystics,e03a3e,09295a,https://a.espncdn.com/i/teamlogos/wnba/500/wsh.png,away,74,False,24,4,27,41.7,30,72,1,11,71.4,5,7,3,5,7,0,0,29.0,9,31,32,0,10,10,3,s:40~l:59~t:3,dallas-wings,Dallas,Wings,DAL,Dallas Wings,Wings,11213e,c5d646,https://a.espncdn.com/i/teamlogos/wnba/500/dal.png,85,,,
401320652,2021,2,2021-06-26,2021-06-26 19:00:00-04:00,20,s:40~l:59~t:20,atlanta-dream,Atlanta,DREAM,ATL,Atlanta Dream,Dream,d02030,383a37,https://a.espncdn.com/i/teamlogos/wnba/500/atl.png,home,78,False,14,2,18,40.8,29,71,1,21,84.2,16,19,0,7,13,0,0,23.5,4,17,25,0,14,14,9,s:40~l:59~t:9,new-york-liberty,New York,Liberty,NY,New York Liberty,Liberty,0d79b9,89c9bf,https://a.espncdn.com/i/teamlogos/wnba/500/ny.png,101,,,
401320652,2021,2,2021-06-26,2021-06-26 19:00:00-04:00,9,s:40~l:59~t:9,new-york-liberty,New York,LIBERTY,NY,New York Liberty,Liberty,0d79b9,89c9bf,https://a.espncdn.com/i/teamlogos/wnba/500/ny.png,away,101,True,22,5,30,54.2,32,59,0,15,85.7,24,28,26,6,5,1,0,40.6,13,32,36,0,19,18,20,s:40~l:59~t:20,atlanta-dream,Atlanta,Dream,ATL,Atlanta Dream,Dream,d02030,383a37,https://a.espncdn.com/i/teamlogos/wnba/500/atl.png,78,,,
401320651,2021,2,2021-06-26,2021-06-26 13:00:00-04:00,3,s:40~l:59~t:3,dallas-wings,Dallas,WINGS,DAL,Dallas Wings,Wings,11213e,c5d646,https://a.espncdn.com/i/teamlogos/wnba/500/dal.png,home,85,True,20,3,30,42.3,33,78,0,11,100.0,9,9,17,10,9,0,0,34.5,10,29,40,0,8,8,16,s:40~l:59~t:16,washington-mystics,Washington,Mystics,WSH,Washington Mystics,Mystics,e03a3e,09295a,https://a.espncdn.com/i/teamlogos/wnba/500/wsh.png,74,,,
401320653,2021,2,2021-06-27,2021-06-27 18:00:00-04:00,11,s:40~l:59~t:11,phoenix-mercury,Phoenix,MERCURY,PHX,Phoenix Mercury,Mercury,3a267d,e56020,https://a.espncdn.com/i/teamlogos/wnba/500/phx.png,home,88,True,13,4,36,45.2,28,62,0,18,88.5,23,26,19,8,3,0,0,42.9,9,21,44,0,18,18,6,s:40~l:59~t:6,los-angeles-sparks,Los Angeles,Sparks,LA,Los Angeles Sparks,Sparks,532481,49ac9c,https://a.espncdn.com/i/teamlogos/wnba/500/la.png,79,,,
401320653,2021,2,2021-06-27,2021-06-27 18:00:00-04:00,6,s:40~l:59~t:6,los-angeles-sparks,Los Angeles,SPARKS,LA,Los Angeles Sparks,Sparks,532481,49ac9c,https://a.espncdn.com/i/teamlogos/wnba/500/la.png,away,79,False,14,3,26,41.9,31,74,0,24,73.3,11,15,4,5,7,0,0,30.0,6,20,31,0,9,9,11,s:40~l:59~t:11,phoenix-mercury,Phoenix,Mercury,PHX,Phoenix Mercury,Mercury,3a267d,e56020,https://a.espncdn.com/i/teamlogos/wnba/500/phx.png,88,,,
401320655,2021,2,2021-06-27,2021-06-27 16:00:00-04:00,17,s:40~l:59~t:17,las-vegas-aces,Las Vegas,ACES,LV,Las Vegas Aces,Aces,000000,c7cfd4,https://a.espncdn.com/i/teamlogos/wnba/500/lv.png,home,95,True,18,3,28,43.8,35,80,0,16,82.6,19,23,3,7,8,0,1,54.5,6,11,35,1,12,12,14,s:40~l:59~t:14,seattle-storm,Seattle,Storm,SEA,Seattle Storm,Storm,05452a,f7c43c,https://a.espncdn.com/i/teamlogos/wnba/500/sea.png,92,,,
401320655,2021,2,2021-06-27,2021-06-27 16:00:00-04:00,14,s:40~l:59~t:14,seattle-storm,Seattle,STORM,SEA,Seattle Storm,Storm,05452a,f7c43c,https://a.espncdn.com/i/teamlogos/wnba/500/sea.png,away,92,False,21,4,35,46.3,38,82,0,21,88.9,8,9,9,8,7,0,0,30.8,8,26,43,0,16,16,17,s:40~l:59~t:17,las-vegas-aces,Las Vegas,Aces,LV,Las Vegas Aces,Aces,000000,c7cfd4,https://a.espncdn.com/i/teamlogos/wnba/500/lv.png,95,,,
401320654,2021,2,2021-06-27,2021-06-27 14:00:00-04:00,19,s:40~l:59~t:19,chicago-sky,Chicago,SKY,CHI,Chicago Sky,Sky,4f91cd,f1f2f3,https://a.espncdn.com/i/teamlogos/wnba/500/chi.png,away,58,False,13,6,20,33.3,23,69,0,18,100.0,7,7,2,14,5,1,0,20.8,5,24,34,0,19,18,18,s:40~l:59~t:18,connecticut-sun,Connecticut,Sun,CONN,Connecticut Sun,Sun,de6b36,002d62,https://a.espncdn.com/i/teamlogos/wnba/500/conn.png,74,,,
401320654,2021,2,2021-06-27,2021-06-27 14:00:00-04:00,18,s:40~l:59~t:18,connecticut-sun,Connecticut,SUN,CONN,Connecticut Sun,Sun,de6b36,002d62,https://a.espncdn.com/i/teamlogos/wnba/500/conn.png,home,74,True,13,3,25,42.2,27,64,0,18,73.7,14,19,21,13,9,2,0,42.9,6,14,38,0,20,18,19,s:40~l:59~t:19,chicago-sky,Chicago,Sky,CHI,Chicago Sky,Sky,4f91cd,f1f2f3,https://a.espncdn.com/i/teamlogos/wnba/500/chi.png,58,,,
401320657,2021,2,2021-06-29,2021-06-29 19:00:00-04:00,16,s:40~l:59~t:16,washington-mystics,Washington,MYSTICS,WSH,Washington Mystics,Mystics,e03a3e,09295a,https://a.espncdn.com/i/teamlogos/wnba/500/wsh.png,home,71,False,21,7,12,38.1,24,63,0,8,84.6,11,13,0,1,11,1,0,33.3,12,36,13,0,11,10,18,s:40~l:59~t:18,connecticut-sun,Connecticut,Sun,CONN,Connecticut Sun,Sun,de6b36,002d62,https://a.espncdn.com/i/teamlogos/wnba/500/conn.png,90,,,
401320657,2021,2,2021-06-29,2021-06-29 19:00:00-04:00,18,s:40~l:59~t:18,connecticut-sun,Connecticut,SUN,CONN,Connecticut Sun,Sun,de6b36,002d62,https://a.espncdn.com/i/teamlogos/wnba/500/conn.png,away,90,True,21,1,35,50.0,35,70,0,20,88.9,8,9,27,17,7,1,1,50.0,12,24,52,1,21,20,16,s:40~l:59~t:16,washington-mystics,Washington,Mystics,WSH,Washington Mystics,Mystics,e03a3e,09295a,https://a.espncdn.com/i/teamlogos/wnba/500/wsh.png,71,,,
401320656,2021,2,2021-06-29,2021-06-29 19:00:00-04:00,20,s:40~l:59~t:20,atlanta-dream,Atlanta,DREAM,ATL,Atlanta Dream,Dream,d02030,383a37,https://a.espncdn.com/i/teamlogos/wnba/500/atl.png,home,73,True,17,6,22,35.5,27,76,0,12,75.0,12,16,8,12,10,1,0,38.9,7,18,34,0,9,8,9,s:40~l:59~t:9,new-york-liberty,New York,Liberty,NY,New York Liberty,Liberty,0d79b9,89c9bf,https://a.espncdn.com/i/teamlogos/wnba/500/ny.png,69,,,
401320656,2021,2,2021-06-29,2021-06-29 19:00:00-04:00,9,s:40~l:59~t:9,new-york-liberty,New York,LIBERTY,NY,New York Liberty,Liberty,0d79b9,89c9bf,https://a.espncdn.com/i/teamlogos/wnba/500/ny.png,away,69,False,14,3,29,40.0,24,60,0,14,80.0,12,15,4,7,4,3,0,37.5,9,24,36,0,18,15,20,s:40~l:59~t:20,atlanta-dream,Atlanta,Dream,ATL,Atlanta Dream,Dream,d02030,383a37,https://a.espncdn.com/i/teamlogos/wnba/500/atl.png,73,,,
401320659,2021,2,2021-06-30,2021-06-30 22:00:00-04:00,8,s:40~l:59~t:8,minnesota-lynx,Minnesota,LYNX,MIN,Minnesota Lynx,Lynx,005084,47a757,https://a.espncdn.com/i/teamlogos/wnba/500/min.png,away,82,True,21,4,27,50.7,34,67,0,18,88.9,8,9,11,12,4,1,0,46.2,6,13,39,0,17,16,11,s:40~l:59~t:11,phoenix-mercury,Phoenix,Mercury,PHX,Phoenix Mercury,Mercury,3a267d,e56020,https://a.espncdn.com/i/teamlogos/wnba/500/phx.png,76,,,
401320658,2021,2,2021-06-30,2021-06-30 20:00:00-04:00,19,s:40~l:59~t:19,chicago-sky,Chicago,SKY,CHI,Chicago Sky,Sky,4f91cd,f1f2f3,https://a.espncdn.com/i/teamlogos/wnba/500/chi.png,away,91,True,28,2,30,47.9,34,71,0,21,68.4,13,19,30,8,7,0,0,43.5,10,23,38,0,16,16,3,s:40~l:59~t:3,dallas-wings,Dallas,Wings,DAL,Dallas Wings,Wings,11213e,c5d646,https://a.espncdn.com/i/teamlogos/wnba/500/dal.png,81,,,
401320658,2021,2,2021-06-30,2021-06-30 20:00:00-04:00,3,s:40~l:59~t:3,dallas-wings,Dallas,WINGS,DAL,Dallas Wings,Wings,11213e,c5d646,https://a.espncdn.com/i/teamlogos/wnba/500/dal.png,home,81,False,19,6,28,41.3,31,75,0,20,81.3,13,16,0,9,10,0,1,24.0,6,25,37,1,17,17,19,s:40~l:59~t:19,chicago-sky,Chicago,Sky,CHI,Chicago Sky,Sky,4f91cd,f1f2f3,https://a.espncdn.com/i/teamlogos/wnba/500/chi.png,91,,,
401320660,2021,2,2021-06-30,2021-06-30 22:30:00-04:00,6,s:40~l:59~t:6,los-angeles-sparks,Los Angeles,SPARKS,LA,Los Angeles Sparks,Sparks,532481,49ac9c,https://a.espncdn.com/i/teamlogos/wnba/500/la.png,home,75,False,12,3,29,34.1,28,82,0,13,70.6,12,17,4,10,9,0,1,29.2,7,24,39,1,11,11,17,s:40~l:59~t:17,las-vegas-aces,Las Vegas,Aces,LV,Las Vegas Aces,Aces,000000,c7cfd4,https://a.espncdn.com/i/teamlogos/wnba/500/lv.png,99,,,
401320660,2021,2,2021-06-30,2021-06-30 22:30:00-04:00,17,s:40~l:59~t:17,las-vegas-aces,Las Vegas,ACES,LV,Las Vegas Aces,Aces,000000,c7cfd4,https://a.espncdn.com/i/teamlogos/wnba/500/lv.png,away,99,True,27,6,43,45.7,37,81,0,16,94.7,18,19,26,12,8,0,0,31.8,7,22,55,0,16,16,6,s:40~l:59~t:6,los-angeles-sparks,Los Angeles,Sparks,LA,Los Angeles Sparks,Sparks,532481,49ac9c,https://a.espncdn.com/i/teamlogos/wnba/500/la.png,75,,,
401320659,2021,2,2021-06-30,2021-06-30 22:00:00-04:00,11,s:40~l:59~t:11,phoenix-mercury,Phoenix,MERCURY,PHX,Phoenix Mercury,Mercury,3a267d,e56020,https://a.espncdn.com/i/teamlogos/wnba/500/phx.png,home,76,False,17,5,17,42.6,29,68,0,12,80.0,12,15,11,5,6,0,1,27.3,6,22,22,1,9,9,8,s:40~l:59~t:8,minnesota-lynx,Minnesota,Lynx,MIN,Minnesota Lynx,Lynx,005084,47a757,https://a.espncdn.com/i/teamlogos/wnba/500/min.png,82,,,
401320661,2021,2,2021-07-01,2021-07-01 19:00:00-04:00,18,s:40~l:59~t:18,connecticut-sun,Connecticut,SUN,CONN,Connecticut Sun,Sun,de6b36,002d62,https://a.espncdn.com/i/teamlogos/wnba/500/conn.png,away,86,True,19,4,18,46.0,29,63,0,21,88.5,23,26,18,11,9,0,0,25.0,5,20,29,0,15,15,5,s:40~l:59~t:5,indiana-fever,Indiana,Fever,IND,Indiana Fever,Fever,e2382f,08265b,https://a.espncdn.com/i/teamlogos/wnba/500/ind.png,80,,,
401320661,2021,2,2021-07-01,2021-07-01 19:00:00-04:00,5,s:40~l:59~t:5,indiana-fever,Indiana,FEVER,IND,Indiana Fever,Fever,e2382f,08265b,https://a.espncdn.com/i/teamlogos/wnba/500/ind.png,home,80,False,18,1,19,48.3,29,60,0,22,90.9,20,22,4,5,9,0,1,22.2,2,9,24,1,15,15,18,s:40~l:59~t:18,connecticut-sun,Connecticut,Sun,CONN,Connecticut Sun,Sun,de6b36,002d62,https://a.espncdn.com/i/teamlogos/wnba/500/conn.png,86,,,
401320662,2021,2,2021-07-02,2021-07-02 20:00:00-04:00,3,s:40~l:59~t:3,dallas-wings,Dallas,WINGS,DAL,Dallas Wings,Wings,11213e,c5d646,https://a.espncdn.com/i/teamlogos/wnba/500/dal.png,home,100,True,23,7,16,53.1,34,64,0,15,80.8,21,26,10,10,4,0,1,55.0,11,20,26,1,13,13,19,s:40~l:59~t:19,chicago-sky,Chicago,Sky,CHI,Chicago Sky,Sky,4f91cd,f1f2f3,https://a.espncdn.com/i/teamlogos/wnba/500/chi.png,91,,,
401320663,2021,2,2021-07-02,2021-07-02 22:00:00-04:00,17,s:40~l:59~t:17,las-vegas-aces,Las Vegas,ACES,LV,Las Vegas Aces,Aces,000000,c7cfd4,https://a.espncdn.com/i/teamlogos/wnba/500/lv.png,away,66,True,11,4,29,37.7,23,61,0,14,78.3,18,23,12,5,7,1,0,18.2,2,11,34,0,13,12,6,s:40~l:59~t:6,los-angeles-sparks,Los Angeles,Sparks,LA,Los Angeles Sparks,Sparks,532481,49ac9c,https://a.espncdn.com/i/teamlogos/wnba/500/la.png,58,,,
401320662,2021,2,2021-07-02,2021-07-02 20:00:00-04:00,19,s:40~l:59~t:19,chicago-sky,Chicago,SKY,CHI,Chicago Sky,Sky,4f91cd,f1f2f3,https://a.espncdn.com/i/teamlogos/wnba/500/chi.png,away,91,False,26,3,21,56.1,37,66,0,18,90.9,10,11,10,6,4,2,1,35.0,7,20,27,1,12,10,3,s:40~l:59~t:3,dallas-wings,Dallas,Wings,DAL,Dallas Wings,Wings,11213e,c5d646,https://a.espncdn.com/i/teamlogos/wnba/500/dal.png,100,,,
401320665,2021,2,2021-07-02,2021-07-02 22:00:00-04:00,20,s:40~l:59~t:20,atlanta-dream,Atlanta,DREAM,ATL,Atlanta Dream,Dream,d02030,383a37,https://a.espncdn.com/i/teamlogos/wnba/500/atl.png,away,88,False,26,3,24,47.4,37,78,0,17,75.0,6,8,5,7,11,2,0,40.0,8,20,31,0,11,9,14,s:40~l:59~t:14,seattle-storm,Seattle,Storm,SEA,Seattle Storm,Storm,05452a,f7c43c,https://a.espncdn.com/i/teamlogos/wnba/500/sea.png,91,,,
401320665,2021,2,2021-07-02,2021-07-02 22:00:00-04:00,14,s:40~l:59~t:14,seattle-storm,Seattle,STORM,SEA,Seattle Storm,Storm,05452a,f7c43c,https://a.espncdn.com/i/teamlogos/wnba/500/sea.png,home,91,True,23,4,27,48.4,30,62,0,11,77.3,17,22,10,6,6,0,0,63.6,14,22,33,0,15,15,20,s:40~l:59~t:20,atlanta-dream,Atlanta,Dream,ATL,Atlanta Dream,Dream,d02030,383a37,https://a.espncdn.com/i/teamlogos/wnba/500/atl.png,88,,,
401320663,2021,2,2021-07-02,2021-07-02 22:00:00-04:00,6,s:40~l:59~t:6,los-angeles-sparks,Los Angeles,SPARKS,LA,Los Angeles Sparks,Sparks,532481,49ac9c,https://a.espncdn.com/i/teamlogos/wnba/500/la.png,home,58,False,12,6,28,35.5,22,62,0,20,80.0,8,10,2,5,5,2,0,28.6,6,21,33,0,15,13,17,s:40~l:59~t:17,las-vegas-aces,Las Vegas,Aces,LV,Las Vegas Aces,Aces,000000,c7cfd4,https://a.espncdn.com/i/teamlogos/wnba/500/lv.png,66,,,
401320664,2021,2,2021-07-03,2021-07-03 22:00:00-04:00,11,s:40~l:59~t:11,phoenix-mercury,Phoenix,MERCURY,PHX,Phoenix Mercury,Mercury,3a267d,e56020,https://a.espncdn.com/i/teamlogos/wnba/500/phx.png,home,68,False,16,3,24,32.8,21,64,0,17,94.1,16,17,5,2,5,1,3,38.5,10,26,26,3,12,11,8,s:40~l:59~t:8,minnesota-lynx,Minnesota,Lynx,MIN,Minnesota Lynx,Lynx,005084,47a757,https://a.espncdn.com/i/teamlogos/wnba/500/min.png,99,,,
401320667,2021,2,2021-07-03,2021-07-03 13:00:00-04:00,9,s:40~l:59~t:9,new-york-liberty,New York,LIBERTY,NY,New York Liberty,Liberty,0d79b9,89c9bf,https://a.espncdn.com/i/teamlogos/wnba/500/ny.png,home,82,True,16,5,36,45.3,29,64,0,20,84.2,16,19,3,3,5,1,0,40.0,8,20,39,0,12,11,16,s:40~l:59~t:16,washington-mystics,Washington,Mystics,WSH,Washington Mystics,Mystics,e03a3e,09295a,https://a.espncdn.com/i/teamlogos/wnba/500/wsh.png,79,,,
401320667,2021,2,2021-07-03,2021-07-03 13:00:00-04:00,16,s:40~l:59~t:16,washington-mystics,Washington,MYSTICS,WSH,Washington Mystics,Mystics,e03a3e,09295a,https://a.espncdn.com/i/teamlogos/wnba/500/wsh.png,away,79,False,21,6,26,42.7,32,75,0,15,62.5,10,16,20,8,5,0,0,20.8,5,24,34,0,8,8,9,s:40~l:59~t:9,new-york-liberty,New York,Liberty,NY,New York Liberty,Liberty,0d79b9,89c9bf,https://a.espncdn.com/i/teamlogos/wnba/500/ny.png,82,,,
401320666,2021,2,2021-07-03,2021-07-03 13:00:00-04:00,5,s:40~l:59~t:5,indiana-fever,Indiana,FEVER,IND,Indiana Fever,Fever,e2382f,08265b,https://a.espncdn.com/i/teamlogos/wnba/500/ind.png,home,73,True,9,6,30,39.7,25,63,0,20,70.4,19,27,8,9,4,0,0,23.5,4,17,39,0,7,7,18,s:40~l:59~t:18,connecticut-sun,Connecticut,Sun,CONN,Connecticut Sun,Sun,de6b36,002d62,https://a.espncdn.com/i/teamlogos/wnba/500/conn.png,67,,,
401320666,2021,2,2021-07-03,2021-07-03 13:00:00-04:00,18,s:40~l:59~t:18,connecticut-sun,Connecticut,SUN,CONN,Connecticut Sun,Sun,de6b36,002d62,https://a.espncdn.com/i/teamlogos/wnba/500/conn.png,away,67,False,15,3,27,35.8,24,67,0,20,75.0,15,20,4,10,5,0,1,23.5,4,17,37,1,8,8,5,s:40~l:59~t:5,indiana-fever,Indiana,Fever,IND,Indiana Fever,Fever,e2382f,08265b,https://a.espncdn.com/i/teamlogos/wnba/500/ind.png,73,,,
401320664,2021,2,2021-07-03,2021-07-03 22:00:00-04:00,8,s:40~l:59~t:8,minnesota-lynx,Minnesota,LYNX,MIN,Minnesota Lynx,Lynx,005084,47a757,https://a.espncdn.com/i/teamlogos/wnba/500/min.png,away,99,True,26,4,38,55.1,38,69,0,18,100.0,14,14,34,3,6,1,0,37.5,9,24,41,0,11,10,11,s:40~l:59~t:11,phoenix-mercury,Phoenix,Mercury,PHX,Phoenix Mercury,Mercury,3a267d,e56020,https://a.espncdn.com/i/teamlogos/wnba/500/phx.png,68,,,
401320668,2021,2,2021-07-04,2021-07-04 18:00:00-04:00,17,s:40~l:59~t:17,las-vegas-aces,Las Vegas,ACES,LV,Las Vegas Aces,Aces,000000,c7cfd4,https://a.espncdn.com/i/teamlogos/wnba/500/lv.png,home,118,True,31,2,33,59.7,43,72,0,14,75.0,21,28,25,10,4,1,1,64.7,11,17,43,1,12,11,20,s:40~l:59~t:20,atlanta-dream,Atlanta,Dream,ATL,Atlanta Dream,Dream,d02030,383a37,https://a.espncdn.com/i/teamlogos/wnba/500/atl.png,95,,,
401320669,2021,2,2021-07-04,2021-07-04 21:00:00-04:00,6,s:40~l:59~t:6,los-angeles-sparks,Los Angeles,SPARKS,LA,Los Angeles Sparks,Sparks,532481,49ac9c,https://a.espncdn.com/i/teamlogos/wnba/500/la.png,home,74,False,18,5,23,38.5,25,65,0,18,100.0,17,17,8,7,5,1,0,38.9,7,18,30,0,13,12,14,s:40~l:59~t:14,seattle-storm,Seattle,Storm,SEA,Seattle Storm,Storm,05452a,f7c43c,https://a.espncdn.com/i/teamlogos/wnba/500/sea.png,84,,,
401320669,2021,2,2021-07-04,2021-07-04 21:00:00-04:00,14,s:40~l:59~t:14,seattle-storm,Seattle,STORM,SEA,Seattle Storm,Storm,05452a,f7c43c,https://a.espncdn.com/i/teamlogos/wnba/500/sea.png,away,84,True,19,4,26,46.9,30,64,0,16,94.1,16,17,14,7,7,1,0,40.0,8,20,33,0,12,11,6,s:40~l:59~t:6,los-angeles-sparks,Los Angeles,Sparks,LA,Los Angeles Sparks,Sparks,532481,49ac9c,https://a.espncdn.com/i/teamlogos/wnba/500/la.png,74,,,
401320668,2021,2,2021-07-04,2021-07-04 18:00:00-04:00,20,s:40~l:59~t:20,atlanta-dream,Atlanta,DREAM,ATL,Atlanta Dream,Dream,d02030,383a37,https://a.espncdn.com/i/teamlogos/wnba/500/atl.png,away,95,False,24,2,20,46.9,38,81,0,22,75.0,12,16,8,8,5,0,0,36.8,7,19,28,0,6,6,17,s:40~l:59~t:17,las-vegas-aces,Las Vegas,Aces,LV,Las Vegas Aces,Aces,000000,c7cfd4,https://a.espncdn.com/i/teamlogos/wnba/500/lv.png,118,,,
401320670,2021,2,2021-07-05,2021-07-05 19:00:00-04:00,3,s:40~l:59~t:3,dallas-wings,Dallas,WINGS,DAL,Dallas Wings,Wings,11213e,c5d646,https://a.espncdn.com/i/teamlogos/wnba/500/dal.png,away,96,False,23,6,21,50.0,38,76,0,16,86.7,13,15,5,10,8,1,0,43.8,7,16,31,0,13,12,9,s:40~l:59~t:9,new-york-liberty,New York,Liberty,NY,New York Liberty,Liberty,0d79b9,89c9bf,https://a.espncdn.com/i/teamlogos/wnba/500/ny.png,99,,,
401320670,2021,2,2021-07-05,2021-07-05 19:00:00-04:00,9,s:40~l:59~t:9,new-york-liberty,New York,LIBERTY,NY,New York Liberty,Liberty,0d79b9,89c9bf,https://a.espncdn.com/i/teamlogos/wnba/500/ny.png,home,99,True,27,5,23,56.3,40,71,0,17,50.0,4,8,10,6,8,1,0,48.4,15,31,29,0,16,15,3,s:40~l:59~t:3,dallas-wings,Dallas,Wings,DAL,Dallas Wings,Wings,11213e,c5d646,https://a.espncdn.com/i/teamlogos/wnba/500/dal.png,96,,,
401320671,2021,2,2021-07-07,2021-07-07 20:00:00-04:00,3,s:40~l:59~t:3,dallas-wings,Dallas,WINGS,DAL,Dallas Wings,Wings,11213e,c5d646,https://a.espncdn.com/i/teamlogos/wnba/500/dal.png,away,79,False,15,4,24,41.9,31,74,0,20,100.0,8,8,11,10,7,3,2,32.1,9,28,34,2,14,11,8,s:40~l:59~t:8,minnesota-lynx,Minnesota,Lynx,MIN,Minnesota Lynx,Lynx,005084,47a757,https://a.espncdn.com/i/teamlogos/wnba/500/min.png,85,,,
401320671,2021,2,2021-07-07,2021-07-07 20:00:00-04:00,8,s:40~l:59~t:8,minnesota-lynx,Minnesota,LYNX,MIN,Minnesota Lynx,Lynx,005084,47a757,https://a.espncdn.com/i/teamlogos/wnba/500/min.png,home,85,True,22,6,27,50.8,33,65,0,10,70.6,12,17,10,5,6,0,1,35.0,7,20,32,1,13,13,3,s:40~l:59~t:3,dallas-wings,Dallas,Wings,DAL,Dallas Wings,Wings,11213e,c5d646,https://a.espncdn.com/i/teamlogos/wnba/500/dal.png,79,,,
401320673,2021,2,2021-07-07,2021-07-07 22:00:00-04:00,14,s:40~l:59~t:14,seattle-storm,Seattle,STORM,SEA,Seattle Storm,Storm,05452a,f7c43c,https://a.espncdn.com/i/teamlogos/wnba/500/sea.png,home,71,True,11,4,23,37.7,23,61,0,19,95.2,20,21,17,14,11,0,0,25.0,5,20,37,0,19,19,6,s:40~l:59~t:6,los-angeles-sparks,Los Angeles,Sparks,LA,Los Angeles Sparks,Sparks,532481,49ac9c,https://a.espncdn.com/i/teamlogos/wnba/500/la.png,62,,,
401320672,2021,2,2021-07-07,2021-07-07 22:00:00-04:00,17,s:40~l:59~t:17,las-vegas-aces,Las Vegas,ACES,LV,Las Vegas Aces,Aces,000000,c7cfd4,https://a.espncdn.com/i/teamlogos/wnba/500/lv.png,home,90,False,22,3,34,43.9,36,82,0,21,62.5,15,24,7,9,7,0,0,23.1,3,13,43,0,6,6,11,s:40~l:59~t:11,phoenix-mercury,Phoenix,Mercury,PHX,Phoenix Mercury,Mercury,3a267d,e56020,https://a.espncdn.com/i/teamlogos/wnba/500/phx.png,99,,,
401320673,2021,2,2021-07-07,2021-07-07 22:00:00-04:00,6,s:40~l:59~t:6,los-angeles-sparks,Los Angeles,SPARKS,LA,Los Angeles Sparks,Sparks,532481,49ac9c,https://a.espncdn.com/i/teamlogos/wnba/500/la.png,away,62,False,8,5,21,35.6,21,59,0,19,80.0,16,20,1,7,11,1,0,21.1,4,19,28,0,18,17,14,s:40~l:59~t:14,seattle-storm,Seattle,Storm,SEA,Seattle Storm,Storm,05452a,f7c43c,https://a.espncdn.com/i/teamlogos/wnba/500/sea.png,71,,,
401320672,2021,2,2021-07-07,2021-07-07 22:00:00-04:00,11,s:40~l:59~t:11,phoenix-mercury,Phoenix,MERCURY,PHX,Phoenix Mercury,Mercury,3a267d,e56020,https://a.espncdn.com/i/teamlogos/wnba/500/phx.png,away,99,True,22,6,35,43.2,32,74,0,21,86.2,25,29,11,10,4,1,0,37.0,10,27,45,0,12,11,17,s:40~l:59~t:17,las-vegas-aces,Las Vegas,Aces,LV,Las Vegas Aces,Aces,000000,c7cfd4,https://a.espncdn.com/i/teamlogos/wnba/500/lv.png,90,,,
401320674,2021,2,2021-07-09,2021-07-09 19:00:00-04:00,20,s:40~l:59~t:20,atlanta-dream,Atlanta,DREAM,ATL,Atlanta Dream,Dream,d02030,383a37,https://a.espncdn.com/i/teamlogos/wnba/500/atl.png,away,72,False,15,4,25,38.5,25,65,0,18,70.0,14,20,2,3,6,0,0,32.0,8,25,28,0,10,10,18,s:40~l:59~t:18,connecticut-sun,Connecticut,Sun,CONN,Connecticut Sun,Sun,de6b36,002d62,https://a.espncdn.com/i/teamlogos/wnba/500/conn.png,84,,,
401320675,2021,2,2021-07-09,2021-07-09 19:00:00-04:00,9,s:40~l:59~t:9,new-york-liberty,New York,LIBERTY,NY,New York Liberty,Liberty,0d79b9,89c9bf,https://a.espncdn.com/i/teamlogos/wnba/500/ny.png,away,69,False,18,3,29,39.4,26,66,0,18,84.6,11,13,7,9,3,0,0,26.1,6,23,38,0,20,20,5,s:40~l:59~t:5,indiana-fever,Indiana,Fever,IND,Indiana Fever,Fever,e2382f,08265b,https://a.espncdn.com/i/teamlogos/wnba/500/ind.png,82,,,
401320675,2021,2,2021-07-09,2021-07-09 19:00:00-04:00,5,s:40~l:59~t:5,indiana-fever,Indiana,FEVER,IND,Indiana Fever,Fever,e2382f,08265b,https://a.espncdn.com/i/teamlogos/wnba/500/ind.png,home,82,True,17,6,26,46.5,33,71,0,15,100.0,13,13,14,6,8,1,0,23.1,3,13,32,0,9,8,9,s:40~l:59~t:9,new-york-liberty,New York,Liberty,NY,New York Liberty,Liberty,0d79b9,89c9bf,https://a.espncdn.com/i/teamlogos/wnba/500/ny.png,69,,,
401320674,2021,2,2021-07-09,2021-07-09 19:00:00-04:00,18,s:40~l:59~t:18,connecticut-sun,Connecticut,SUN,CONN,Connecticut Sun,Sun,de6b36,002d62,https://a.espncdn.com/i/teamlogos/wnba/500/conn.png,home,84,True,22,1,33,51.5,35,68,0,12,61.5,8,13,15,5,5,0,0,31.6,6,19,38,0,11,11,20,s:40~l:59~t:20,atlanta-dream,Atlanta,Dream,ATL,Atlanta Dream,Dream,d02030,383a37,https://a.espncdn.com/i/teamlogos/wnba/500/atl.png,72,,,
401320676,2021,2,2021-07-09,2021-07-09 21:00:00-04:00,11,s:40~l:59~t:11,phoenix-mercury,Phoenix,MERCURY,PHX,Phoenix Mercury,Mercury,3a267d,e56020,https://a.espncdn.com/i/teamlogos/wnba/500/phx.png,home,85,True,21,6,30,47.1,33,70,0,12,88.2,15,17,9,9,7,1,0,22.2,4,18,39,0,12,11,14,s:40~l:59~t:14,seattle-storm,Seattle,Storm,SEA,Seattle Storm,Storm,05452a,f7c43c,https://a.espncdn.com/i/teamlogos/wnba/500/sea.png,77,,,
401320677,2021,2,2021-07-09,2021-07-09 22:30:00-04:00,8,s:40~l:59~t:8,minnesota-lynx,Minnesota,LYNX,MIN,Minnesota Lynx,Lynx,005084,47a757,https://a.espncdn.com/i/teamlogos/wnba/500/min.png,away,77,True,23,2,29,45.3,34,75,0,20,0.0,0,0,19,6,10,2,0,40.9,9,22,35,0,12,10,17,s:40~l:59~t:17,las-vegas-aces,Las Vegas,Aces,LV,Las Vegas Aces,Aces,000000,c7cfd4,https://a.espncdn.com/i/teamlogos/wnba/500/lv.png,67,,,
401320677,2021,2,2021-07-09,2021-07-09 22:30:00-04:00,17,s:40~l:59~t:17,las-vegas-aces,Las Vegas,ACES,LV,Las Vegas Aces,Aces,000000,c7cfd4,https://a.espncdn.com/i/teamlogos/wnba/500/lv.png,home,67,False,14,6,31,35.8,24,67,0,8,84.2,16,19,0,11,4,0,0,20.0,3,15,42,0,15,15,8,s:40~l:59~t:8,minnesota-lynx,Minnesota,Lynx,MIN,Minnesota Lynx,Lynx,005084,47a757,https://a.espncdn.com/i/teamlogos/wnba/500/min.png,77,,,
401320676,2021,2,2021-07-09,2021-07-09 21:00:00-04:00,14,s:40~l:59~t:14,seattle-storm,Seattle,STORM,SEA,Seattle Storm,Storm,05452a,f7c43c,https://a.espncdn.com/i/teamlogos/wnba/500/sea.png,away,77,False,18,1,27,38.2,29,76,0,17,91.7,11,12,7,9,7,0,1,29.6,8,27,36,1,8,8,11,s:40~l:59~t:11,phoenix-mercury,Phoenix,Mercury,PHX,Phoenix Mercury,Mercury,3a267d,e56020,https://a.espncdn.com/i/teamlogos/wnba/500/phx.png,85,,,
401320678,2021,2,2021-07-10,2021-07-10 20:00:00-04:00,19,s:40~l:59~t:19,chicago-sky,Chicago,SKY,CHI,Chicago Sky,Sky,4f91cd,f1f2f3,https://a.espncdn.com/i/teamlogos/wnba/500/chi.png,home,85,False,27,7,27,43.6,34,78,0,21,84.6,11,13,4,8,8,1,0,22.2,6,27,35,0,13,12,16,s:40~l:59~t:16,washington-mystics,Washington,Mystics,WSH,Washington Mystics,Mystics,e03a3e,09295a,https://a.espncdn.com/i/teamlogos/wnba/500/wsh.png,89,,,
401320678,2021,2,2021-07-10,2021-07-10 20:00:00-04:00,16,s:40~l:59~t:16,washington-mystics,Washington,MYSTICS,WSH,Washington Mystics,Mystics,e03a3e,09295a,https://a.espncdn.com/i/teamlogos/wnba/500/wsh.png,away,89,True,24,2,34,44.3,35,79,0,11,73.3,11,15,11,10,7,1,1,33.3,8,24,44,1,16,15,19,s:40~l:59~t:19,chicago-sky,Chicago,Sky,CHI,Chicago Sky,Sky,4f91cd,f1f2f3,https://a.espncdn.com/i/teamlogos/wnba/500/chi.png,85,,,
401320679,2021,2,2021-07-11,2021-07-11 13:00:00-04:00,17,s:40~l:59~t:17,las-vegas-aces,Las Vegas,ACES,LV,Las Vegas Aces,Aces,000000,c7cfd4,https://a.espncdn.com/i/teamlogos/wnba/500/lv.png,away,95,True,25,11,34,50.7,34,67,0,12,80.0,24,30,20,9,2,0,0,37.5,3,8,43,0,10,10,3,s:40~l:59~t:3,dallas-wings,Dallas,Wings,DAL,Dallas Wings,Wings,11213e,c5d646,https://a.espncdn.com/i/teamlogos/wnba/500/dal.png,79,,,
401320679,2021,2,2021-07-11,2021-07-11 13:00:00-04:00,3,s:40~l:59~t:3,dallas-wings,Dallas,WINGS,DAL,Dallas Wings,Wings,11213e,c5d646,https://a.espncdn.com/i/teamlogos/wnba/500/dal.png,home,79,False,17,2,25,33.7,28,83,0,20,84.2,16,19,7,15,4,1,1,29.2,7,24,40,1,7,6,17,s:40~l:59~t:17,las-vegas-aces,Las Vegas,Aces,LV,Las Vegas Aces,Aces,000000,c7cfd4,https://a.espncdn.com/i/teamlogos/wnba/500/lv.png,95,,,
401320680,2021,2,2021-07-11,2021-07-11 14:00:00-04:00,18,s:40~l:59~t:18,connecticut-sun,Connecticut,SUN,CONN,Connecticut Sun,Sun,de6b36,002d62,https://a.espncdn.com/i/teamlogos/wnba/500/conn.png,away,71,True,15,1,35,37.9,25,66,0,21,90.9,10,11,24,7,11,0,0,36.7,11,30,42,0,10,10,9,s:40~l:59~t:9,new-york-liberty,New York,Liberty,NY,New York Liberty,Liberty,0d79b9,89c9bf,https://a.espncdn.com/i/teamlogos/wnba/500/ny.png,54,,,
401320680,2021,2,2021-07-11,2021-07-11 14:00:00-04:00,9,s:40~l:59~t:9,new-york-liberty,New York,LIBERTY,NY,New York Liberty,Liberty,0d79b9,89c9bf,https://a.espncdn.com/i/teamlogos/wnba/500/ny.png,home,54,False,15,1,29,30.4,17,56,0,11,64.7,11,17,1,5,0,0,0,31.0,9,29,34,0,16,16,18,s:40~l:59~t:18,connecticut-sun,Connecticut,Sun,CONN,Connecticut Sun,Sun,de6b36,002d62,https://a.espncdn.com/i/teamlogos/wnba/500/conn.png,71,,,
401320681,2021,2,2021-07-11,2021-07-11 17:00:00-04:00,20,s:40~l:59~t:20,atlanta-dream,Atlanta,DREAM,ATL,Atlanta Dream,Dream,d02030,383a37,https://a.espncdn.com/i/teamlogos/wnba/500/atl.png,home,68,False,16,5,22,35.5,27,76,0,22,65.0,13,20,10,8,10,1,0,7.7,1,13,30,0,7,6,5,s:40~l:59~t:5,indiana-fever,Indiana,Fever,IND,Indiana Fever,Fever,e2382f,08265b,https://a.espncdn.com/i/teamlogos/wnba/500/ind.png,79,,,
401320682,2021,2,2021-07-11,2021-07-11 18:00:00-04:00,11,s:40~l:59~t:11,phoenix-mercury,Phoenix,MERCURY,PHX,Phoenix Mercury,Mercury,3a267d,e56020,https://a.espncdn.com/i/teamlogos/wnba/500/phx.png,away,75,False,21,2,24,40.3,27,67,0,21,75.0,12,16,7,8,6,1,0,39.1,9,23,32,0,15,14,14,s:40~l:59~t:14,seattle-storm,Seattle,Storm,SEA,Seattle Storm,Storm,05452a,f7c43c,https://a.espncdn.com/i/teamlogos/wnba/500/sea.png,82,,,
401320682,2021,2,2021-07-11,2021-07-11 18:00:00-04:00,14,s:40~l:59~t:14,seattle-storm,Seattle,STORM,SEA,Seattle Storm,Storm,05452a,f7c43c,https://a.espncdn.com/i/teamlogos/wnba/500/sea.png,home,82,True,17,1,28,48.4,30,62,0,16,75.0,12,16,18,6,5,1,0,37.0,10,27,34,0,12,11,11,s:40~l:59~t:11,phoenix-mercury,Phoenix,Mercury,PHX,Phoenix Mercury,Mercury,3a267d,e56020,https://a.espncdn.com/i/teamlogos/wnba/500/phx.png,75,,,
401320683,2021,2,2021-07-11,2021-07-11 21:00:00-04:00,8,s:40~l:59~t:8,minnesota-lynx,Minnesota,LYNX,MIN,Minnesota Lynx,Lynx,005084,47a757,https://a.espncdn.com/i/teamlogos/wnba/500/min.png,away,86,True,26,4,29,55.9,33,59,1,20,73.3,11,15,28,8,6,0,1,47.4,9,19,37,1,18,18,6,s:40~l:59~t:6,los-angeles-sparks,Los Angeles,Sparks,LA,Los Angeles Sparks,Sparks,532481,49ac9c,https://a.espncdn.com/i/teamlogos/wnba/500/la.png,61,,,
401320683,2021,2,2021-07-11,2021-07-11 21:00:00-04:00,6,s:40~l:59~t:6,los-angeles-sparks,Los Angeles,SPARKS,LA,Los Angeles Sparks,Sparks,532481,49ac9c,https://a.espncdn.com/i/teamlogos/wnba/500/la.png,home,61,False,14,4,18,36.7,22,60,0,16,76.5,13,17,2,6,12,0,2,26.7,4,15,24,2,15,15,8,s:40~l:59~t:8,minnesota-lynx,Minnesota,Lynx,MIN,Minnesota Lynx,Lynx,005084,47a757,https://a.espncdn.com/i/teamlogos/wnba/500/min.png,86,,,
401320681,2021,2,2021-07-11,2021-07-11 17:00:00-04:00,5,s:40~l:59~t:5,indiana-fever,Indiana,FEVER,IND,Indiana Fever,Fever,e2382f,08265b,https://a.espncdn.com/i/teamlogos/wnba/500/ind.png,away,79,True,18,4,37,41.5,27,65,0,18,76.9,20,26,17,12,2,1,0,29.4,5,17,49,0,20,19,20,s:40~l:59~t:20,atlanta-dream,Atlanta,Dream,ATL,Atlanta Dream,Dream,d02030,383a37,https://a.espncdn.com/i/teamlogos/wnba/500/atl.png,68,,,
401341447,2021,2,2021-07-14,2021-07-14 19:00:00-04:00,96,s:40~l:59~t:96,team-wnba,Team WNBA,TEAM WNBA,ALL,Team WNBA,Team WNBA,,,,home,93,True,25,4,28,46.4,39,84,0,9,57.1,4,7,,13,10,1,0,36.7,11,30,41,0,8,7,97,s:40~l:59~t:97,team-usa,Team USA,Team Usa,USA,Team Usa,Team Usa,,,,85,,,
401341447,2021,2,2021-07-14,2021-07-14 19:00:00-04:00,97,s:40~l:59~t:97,team-usa,Team USA,TEAM USA,USA,Team Usa,Team Usa,,,,away,85,False,26,6,29,47.3,35,74,0,10,80.0,8,10,,8,5,0,0,35.0,7,20,37,0,15,15,96,s:40~l:59~t:96,team-wnba,Team WNBA,Team WNBA,ALL,Team WNBA,Team WNBA,,,,93,,,
401353913,2021,2,2021-08-12,2021-08-12 21:00:00-04:00,14,s:40~l:59~t:14,seattle-storm,Seattle,STORM,SEA,Seattle Storm,Storm,05452a,f7c43c,https://a.espncdn.com/i/teamlogos/wnba/500/sea.png,home,79,True,18,7,19,49.2,32,65,0,11,58.3,7,12,31,7,14,1,0,34.8,8,23,26,0,17,16,18,s:40~l:59~t:18,connecticut-sun,Connecticut,Sun,CONN,Connecticut Sun,Sun,de6b36,002d62,https://a.espncdn.com/i/teamlogos/wnba/500/conn.png,57,,,
401353913,2021,2,2021-08-12,2021-08-12 21:00:00-04:00,18,s:40~l:59~t:18,connecticut-sun,Connecticut,SUN,CONN,Connecticut Sun,Sun,de6b36,002d62,https://a.espncdn.com/i/teamlogos/wnba/500/conn.png,away,57,False,11,5,24,32.9,23,70,0,11,75.0,6,8,0,12,7,6,0,27.8,5,18,36,0,26,20,14,s:40~l:59~t:14,seattle-storm,Seattle,Storm,SEA,Seattle Storm,Storm,05452a,f7c43c,https://a.espncdn.com/i/teamlogos/wnba/500/sea.png,79,,,
401320684,2021,2,2021-08-15,2021-08-15 16:00:00-04:00,14,s:40~l:59~t:14,seattle-storm,Seattle,STORM,SEA,Seattle Storm,Storm,05452a,f7c43c,https://a.espncdn.com/i/teamlogos/wnba/500/sea.png,away,85,False,22,5,34,34.5,29,84,0,17,75.0,21,28,11,13,9,2,0,33.3,6,18,47,0,10,8,19,s:40~l:59~t:19,chicago-sky,Chicago,Sky,CHI,Chicago Sky,Sky,4f91cd,f1f2f3,https://a.espncdn.com/i/teamlogos/wnba/500/chi.png,87,,,
401320684,2021,2,2021-08-15,2021-08-15 16:00:00-04:00,19,s:40~l:59~t:19,chicago-sky,Chicago,SKY,CHI,Chicago Sky,Sky,4f91cd,f1f2f3,https://a.espncdn.com/i/teamlogos/wnba/500/chi.png,home,87,True,28,4,34,42.9,33,77,0,22,70.6,12,17,5,10,3,1,0,37.5,9,24,44,0,19,18,14,s:40~l:59~t:14,seattle-storm,Seattle,Storm,SEA,Seattle Storm,Storm,05452a,f7c43c,https://a.espncdn.com/i/teamlogos/wnba/500/sea.png,85,,,
401320685,2021,2,2021-08-15,2021-08-15 16:00:00-04:00,18,s:40~l:59~t:18,connecticut-sun,Connecticut,SUN,CONN,Connecticut Sun,Sun,de6b36,002d62,https://a.espncdn.com/i/teamlogos/wnba/500/conn.png,away,80,True,19,5,25,50.0,33,66,0,10,87.5,7,8,22,9,12,1,0,41.2,7,17,34,0,12,11,3,s:40~l:59~t:3,dallas-wings,Dallas,Wings,DAL,Dallas Wings,Wings,11213e,c5d646,https://a.espncdn.com/i/teamlogos/wnba/500/dal.png,59,,,
401320685,2021,2,2021-08-15,2021-08-15 16:00:00-04:00,3,s:40~l:59~t:3,dallas-wings,Dallas,WINGS,DAL,Dallas Wings,Wings,11213e,c5d646,https://a.espncdn.com/i/teamlogos/wnba/500/dal.png,home,59,False,12,4,21,46.2,24,52,0,16,66.7,4,6,2,1,6,2,0,43.8,7,16,22,0,21,19,18,s:40~l:59~t:18,connecticut-sun,Connecticut,Sun,CONN,Connecticut Sun,Sun,de6b36,002d62,https://a.espncdn.com/i/teamlogos/wnba/500/conn.png,80,,,
401320686,2021,2,2021-08-15,2021-08-15 18:00:00-04:00,16,s:40~l:59~t:16,washington-mystics,Washington,MYSTICS,WSH,Washington Mystics,Mystics,e03a3e,09295a,https://a.espncdn.com/i/teamlogos/wnba/500/wsh.png,away,83,False,18,2,27,45.2,33,73,0,24,77.8,7,9,21,6,5,1,0,34.5,10,29,33,0,12,11,17,s:40~l:59~t:17,las-vegas-aces,Las Vegas,Aces,LV,Las Vegas Aces,Aces,000000,c7cfd4,https://a.espncdn.com/i/teamlogos/wnba/500/lv.png,84,,,
401320688,2021,2,2021-08-15,2021-08-15 19:00:00-04:00,9,s:40~l:59~t:9,new-york-liberty,New York,LIBERTY,NY,New York Liberty,Liberty,0d79b9,89c9bf,https://a.espncdn.com/i/teamlogos/wnba/500/ny.png,away,78,False,16,2,23,45.1,32,71,0,20,72.7,8,11,3,7,9,2,0,30.0,6,20,30,0,10,8,8,s:40~l:59~t:8,minnesota-lynx,Minnesota,Lynx,MIN,Minnesota Lynx,Lynx,005084,47a757,https://a.espncdn.com/i/teamlogos/wnba/500/min.png,88,,,
401320687,2021,2,2021-08-15,2021-08-15 18:00:00-04:00,20,s:40~l:59~t:20,atlanta-dream,Atlanta,DREAM,ATL,Atlanta Dream,Dream,d02030,383a37,https://a.espncdn.com/i/teamlogos/wnba/500/atl.png,away,81,False,18,4,25,41.1,37,90,0,23,57.1,4,7,0,15,8,0,0,17.6,3,17,40,0,9,9,11,s:40~l:59~t:11,phoenix-mercury,Phoenix,Mercury,PHX,Phoenix Mercury,Mercury,3a267d,e56020,https://a.espncdn.com/i/teamlogos/wnba/500/phx.png,92,,,
401320687,2021,2,2021-08-15,2021-08-15 18:00:00-04:00,11,s:40~l:59~t:11,phoenix-mercury,Phoenix,MERCURY,PHX,Phoenix Mercury,Mercury,3a267d,e56020,https://a.espncdn.com/i/teamlogos/wnba/500/phx.png,home,92,True,27,10,34,50.0,35,70,0,12,70.6,12,17,16,11,3,0,0,40.0,10,25,45,0,17,17,20,s:40~l:59~t:20,atlanta-dream,Atlanta,Dream,ATL,Atlanta Dream,Dream,d02030,383a37,https://a.espncdn.com/i/teamlogos/wnba/500/atl.png,81,,,
401320688,2021,2,2021-08-15,2021-08-15 19:00:00-04:00,8,s:40~l:59~t:8,minnesota-lynx,Minnesota,LYNX,MIN,Minnesota Lynx,Lynx,005084,47a757,https://a.espncdn.com/i/teamlogos/wnba/500/min.png,home,88,True,24,6,28,48.5,32,66,0,14,85.7,18,21,10,8,6,0,0,31.6,6,19,36,0,11,11,9,s:40~l:59~t:9,new-york-liberty,New York,Liberty,NY,New York Liberty,Liberty,0d79b9,89c9bf,https://a.espncdn.com/i/teamlogos/wnba/500/ny.png,78,,,
401320689,2021,2,2021-08-15,2021-08-15 21:00:00-04:00,5,s:40~l:59~t:5,indiana-fever,Indiana,FEVER,IND,Indiana Fever,Fever,e2382f,08265b,https://a.espncdn.com/i/teamlogos/wnba/500/ind.png,away,70,False,10,3,24,33.3,24,72,1,19,85.7,18,21,1,15,8,1,0,22.2,4,18,39,0,15,14,6,s:40~l:59~t:6,los-angeles-sparks,Los Angeles,Sparks,LA,Los Angeles Sparks,Sparks,532481,49ac9c,https://a.espncdn.com/i/teamlogos/wnba/500/la.png,75,,,
401320686,2021,2,2021-08-15,2021-08-15 18:00:00-04:00,17,s:40~l:59~t:17,las-vegas-aces,Las Vegas,ACES,LV,Las Vegas Aces,Aces,000000,c7cfd4,https://a.espncdn.com/i/teamlogos/wnba/500/lv.png,home,84,True,21,1,30,47.8,33,69,0,13,71.4,15,21,2,8,4,0,0,30.0,3,10,38,0,11,11,16,s:40~l:59~t:16,washington-mystics,Washington,Mystics,WSH,Washington Mystics,Mystics,e03a3e,09295a,https://a.espncdn.com/i/teamlogos/wnba/500/wsh.png,83,,,
401320689,2021,2,2021-08-15,2021-08-15 21:00:00-04:00,6,s:40~l:59~t:6,los-angeles-sparks,Los Angeles,SPARKS,LA,Los Angeles Sparks,Sparks,532481,49ac9c,https://a.espncdn.com/i/teamlogos/wnba/500/la.png,home,75,True,17,6,30,43.9,29,66,0,24,71.4,10,14,12,7,3,0,0,35.0,7,20,37,0,15,15,5,s:40~l:59~t:5,indiana-fever,Indiana,Fever,IND,Indiana Fever,Fever,e2382f,08265b,https://a.espncdn.com/i/teamlogos/wnba/500/ind.png,70,,,
401320694,2021,2,2021-08-17,2021-08-17 22:30:00-04:00,6,s:40~l:59~t:6,los-angeles-sparks,Los Angeles,SPARKS,LA,Los Angeles Sparks,Sparks,532481,49ac9c,https://a.espncdn.com/i/teamlogos/wnba/500/la.png,home,85,True,29,5,35,44.4,36,81,0,18,80.0,8,10,6,6,9,1,1,22.7,5,22,41,1,15,14,20,s:40~l:59~t:20,atlanta-dream,Atlanta,Dream,ATL,Atlanta Dream,Dream,d02030,383a37,https://a.espncdn.com/i/teamlogos/wnba/500/atl.png,80,,,
401320694,2021,2,2021-08-17,2021-08-17 22:30:00-04:00,20,s:40~l:59~t:20,atlanta-dream,Atlanta,DREAM,ATL,Atlanta Dream,Dream,d02030,383a37,https://a.espncdn.com/i/teamlogos/wnba/500/atl.png,away,80,False,20,3,31,38.6,34,88,0,13,38.9,7,18,10,17,10,0,2,25.0,5,20,48,2,13,13,6,s:40~l:59~t:6,los-angeles-sparks,Los Angeles,Sparks,LA,Los Angeles Sparks,Sparks,532481,49ac9c,https://a.espncdn.com/i/teamlogos/wnba/500/la.png,85,,,
401320693,2021,2,2021-08-17,2021-08-17 22:00:00-04:00,11,s:40~l:59~t:11,phoenix-mercury,Phoenix,MERCURY,PHX,Phoenix Mercury,Mercury,3a267d,e56020,https://a.espncdn.com/i/teamlogos/wnba/500/phx.png,home,84,True,20,7,27,41.8,28,67,0,18,91.7,22,24,10,8,4,1,0,30.0,6,20,35,0,14,13,5,s:40~l:59~t:5,indiana-fever,Indiana,Fever,IND,Indiana Fever,Fever,e2382f,08265b,https://a.espncdn.com/i/teamlogos/wnba/500/ind.png,80,,,
401320693,2021,2,2021-08-17,2021-08-17 22:00:00-04:00,5,s:40~l:59~t:5,indiana-fever,Indiana,FEVER,IND,Indiana Fever,Fever,e2382f,08265b,https://a.espncdn.com/i/teamlogos/wnba/500/ind.png,away,80,False,16,3,27,45.5,30,66,1,20,58.8,10,17,7,11,8,1,0,45.5,10,22,38,0,14,13,11,s:40~l:59~t:11,phoenix-mercury,Phoenix,Mercury,PHX,Phoenix Mercury,Mercury,3a267d,e56020,https://a.espncdn.com/i/teamlogos/wnba/500/phx.png,84,,,
401320692,2021,2,2021-08-17,2021-08-17 22:00:00-04:00,17,s:40~l:59~t:17,las-vegas-aces,Las Vegas,ACES,LV,Las Vegas Aces,Aces,000000,c7cfd4,https://a.espncdn.com/i/teamlogos/wnba/500/lv.png,home,93,True,20,3,34,56.7,34,60,0,13,82.6,19,23,11,3,4,0,0,54.5,6,11,37,0,14,14,16,s:40~l:59~t:16,washington-mystics,Washington,Mystics,WSH,Washington Mystics,Mystics,e03a3e,09295a,https://a.espncdn.com/i/teamlogos/wnba/500/wsh.png,83,,,
401320692,2021,2,2021-08-17,2021-08-17 22:00:00-04:00,16,s:40~l:59~t:16,washington-mystics,Washington,MYSTICS,WSH,Washington Mystics,Mystics,e03a3e,09295a,https://a.espncdn.com/i/teamlogos/wnba/500/wsh.png,away,83,False,15,2,24,42.9,30,70,0,19,90.0,18,20,8,5,9,0,0,18.5,5,27,29,0,8,8,17,s:40~l:59~t:17,las-vegas-aces,Las Vegas,Aces,LV,Las Vegas Aces,Aces,000000,c7cfd4,https://a.espncdn.com/i/teamlogos/wnba/500/lv.png,93,,,
401320691,2021,2,2021-08-17,2021-08-17 20:00:00-04:00,19,s:40~l:59~t:19,chicago-sky,Chicago,SKY,CHI,Chicago Sky,Sky,4f91cd,f1f2f3,https://a.espncdn.com/i/teamlogos/wnba/500/chi.png,home,76,False,22,12,22,41.7,30,72,0,15,100.0,8,8,6,10,4,0,0,33.3,8,24,32,0,10,10,3,s:40~l:59~t:3,dallas-wings,Dallas,Wings,DAL,Dallas Wings,Wings,11213e,c5d646,https://a.espncdn.com/i/teamlogos/wnba/500/dal.png,80,,,
401320691,2021,2,2021-08-17,2021-08-17 20:00:00-04:00,3,s:40~l:59~t:3,dallas-wings,Dallas,WINGS,DAL,Dallas Wings,Wings,11213e,c5d646,https://a.espncdn.com/i/teamlogos/wnba/500/dal.png,away,80,True,20,5,30,38.5,30,78,0,6,86.7,13,15,12,15,7,3,0,50.0,7,14,45,0,15,12,19,s:40~l:59~t:19,chicago-sky,Chicago,Sky,CHI,Chicago Sky,Sky,4f91cd,f1f2f3,https://a.espncdn.com/i/teamlogos/wnba/500/chi.png,76,,,
401320690,2021,2,2021-08-17,2021-08-17 19:00:00-04:00,18,s:40~l:59~t:18,connecticut-sun,Connecticut,SUN,CONN,Connecticut Sun,Sun,de6b36,002d62,https://a.espncdn.com/i/teamlogos/wnba/500/conn.png,home,72,True,20,1,28,43.3,26,60,0,12,87.5,14,16,19,2,9,3,0,35.3,6,17,30,0,17,14,8,s:40~l:59~t:8,minnesota-lynx,Minnesota,Lynx,MIN,Minnesota Lynx,Lynx,005084,47a757,https://a.espncdn.com/i/teamlogos/wnba/500/min.png,60,,,
401320690,2021,2,2021-08-17,2021-08-17 19:00:00-04:00,8,s:40~l:59~t:8,minnesota-lynx,Minnesota,LYNX,MIN,Minnesota Lynx,Lynx,005084,47a757,https://a.espncdn.com/i/teamlogos/wnba/500/min.png,away,60,False,16,3,19,41.7,25,60,0,18,71.4,5,7,2,3,8,1,0,31.3,5,16,22,0,18,17,18,s:40~l:59~t:18,connecticut-sun,Connecticut,Sun,CONN,Connecticut Sun,Sun,de6b36,002d62,https://a.espncdn.com/i/teamlogos/wnba/500/conn.png,72,,,
401320695,2021,2,2021-08-18,2021-08-18 19:00:00-04:00,9,s:40~l:59~t:9,new-york-liberty,New York,LIBERTY,NY,New York Liberty,Liberty,0d79b9,89c9bf,https://a.espncdn.com/i/teamlogos/wnba/500/ny.png,home,83,True,19,4,26,51.7,31,60,0,13,90.0,9,10,7,5,6,0,1,48.0,12,25,31,1,21,21,14,s:40~l:59~t:14,seattle-storm,Seattle,Storm,SEA,Seattle Storm,Storm,05452a,f7c43c,https://a.espncdn.com/i/teamlogos/wnba/500/sea.png,79,,,
401320695,2021,2,2021-08-18,2021-08-18 19:00:00-04:00,14,s:40~l:59~t:14,seattle-storm,Seattle,STORM,SEA,Seattle Storm,Storm,05452a,f7c43c,https://a.espncdn.com/i/teamlogos/wnba/500/sea.png,away,79,False,18,3,22,43.7,31,71,0,14,80.0,8,10,15,4,14,0,0,34.6,9,26,26,0,14,14,9,s:40~l:59~t:9,new-york-liberty,New York,Liberty,NY,New York Liberty,Liberty,0d79b9,89c9bf,https://a.espncdn.com/i/teamlogos/wnba/500/ny.png,83,,,
401320696,2021,2,2021-08-19,2021-08-19 19:00:00-04:00,18,s:40~l:59~t:18,connecticut-sun,Connecticut,SUN,CONN,Connecticut Sun,Sun,de6b36,002d62,https://a.espncdn.com/i/teamlogos/wnba/500/conn.png,home,82,True,17,2,28,49.1,27,55,0,18,92.0,23,25,14,3,5,2,0,35.7,5,14,31,0,19,17,8,s:40~l:59~t:8,minnesota-lynx,Minnesota,Lynx,MIN,Minnesota Lynx,Lynx,005084,47a757,https://a.espncdn.com/i/teamlogos/wnba/500/min.png,71,,,
401320696,2021,2,2021-08-19,2021-08-19 19:00:00-04:00,8,s:40~l:59~t:8,minnesota-lynx,Minnesota,LYNX,MIN,Minnesota Lynx,Lynx,005084,47a757,https://a.espncdn.com/i/teamlogos/wnba/500/min.png,away,71,False,18,5,17,42.4,28,66,0,24,100.0,10,10,0,5,7,1,1,35.7,5,14,22,1,11,10,18,s:40~l:59~t:18,connecticut-sun,Connecticut,Sun,CONN,Connecticut Sun,Sun,de6b36,002d62,https://a.espncdn.com/i/teamlogos/wnba/500/conn.png,82,,,
401320697,2021,2,2021-08-19,2021-08-19 22:00:00-04:00,16,s:40~l:59~t:16,washington-mystics,Washington,MYSTICS,WSH,Washington Mystics,Mystics,e03a3e,09295a,https://a.espncdn.com/i/teamlogos/wnba/500/wsh.png,away,64,False,9,5,20,28.0,21,75,0,17,66.7,16,24,12,14,8,1,0,23.1,6,26,34,0,11,10,11,s:40~l:59~t:11,phoenix-mercury,Phoenix,Mercury,PHX,Phoenix Mercury,Mercury,3a267d,e56020,https://a.espncdn.com/i/teamlogos/wnba/500/phx.png,77,,,
401320698,2021,2,2021-08-19,2021-08-19 22:30:00-04:00,20,s:40~l:59~t:20,atlanta-dream,Atlanta,DREAM,ATL,Atlanta Dream,Dream,d02030,383a37,https://a.espncdn.com/i/teamlogos/wnba/500/atl.png,away,64,False,15,5,23,39.4,26,66,0,21,57.1,4,7,3,11,7,3,0,32.0,8,25,34,0,21,18,6,s:40~l:59~t:6,los-angeles-sparks,Los Angeles,Sparks,LA,Los Angeles Sparks,Sparks,532481,49ac9c,https://a.espncdn.com/i/teamlogos/wnba/500/la.png,66,,,
401320698,2021,2,2021-08-19,2021-08-19 22:30:00-04:00,6,s:40~l:59~t:6,los-angeles-sparks,Los Angeles,SPARKS,LA,Los Angeles Sparks,Sparks,532481,49ac9c,https://a.espncdn.com/i/teamlogos/wnba/500/la.png,home,66,True,16,2,24,44.6,25,56,0,15,64.7,11,17,17,8,6,0,0,35.7,5,14,32,0,19,19,20,s:40~l:59~t:20,atlanta-dream,Atlanta,Dream,ATL,Atlanta Dream,Dream,d02030,383a37,https://a.espncdn.com/i/teamlogos/wnba/500/atl.png,64,,,
401320697,2021,2,2021-08-19,2021-08-19 22:00:00-04:00,11,s:40~l:59~t:11,phoenix-mercury,Phoenix,MERCURY,PHX,Phoenix Mercury,Mercury,3a267d,e56020,https://a.espncdn.com/i/teamlogos/wnba/500/phx.png,home,77,True,19,4,34,51.6,32,62,0,22,69.2,9,13,18,10,2,1,2,28.6,4,14,44,2,19,18,16,s:40~l:59~t:16,washington-mystics,Washington,Mystics,WSH,Washington Mystics,Mystics,e03a3e,09295a,https://a.espncdn.com/i/teamlogos/wnba/500/wsh.png,64,,,
401320700,2021,2,2021-08-20,2021-08-20 20:00:00-04:00,3,s:40~l:59~t:3,dallas-wings,Dallas,WINGS,DAL,Dallas Wings,Wings,11213e,c5d646,https://a.espncdn.com/i/teamlogos/wnba/500/dal.png,home,81,False,18,6,23,46.7,28,60,0,19,88.9,16,18,12,7,5,1,0,40.9,9,22,30,0,15,14,5,s:40~l:59~t:5,indiana-fever,Indiana,Fever,IND,Indiana Fever,Fever,e2382f,08265b,https://a.espncdn.com/i/teamlogos/wnba/500/ind.png,83,,,
401320700,2021,2,2021-08-20,2021-08-20 20:00:00-04:00,5,s:40~l:59~t:5,indiana-fever,Indiana,FEVER,IND,Indiana Fever,Fever,e2382f,08265b,https://a.espncdn.com/i/teamlogos/wnba/500/ind.png,away,83,True,20,2,18,45.3,29,64,0,18,85.7,18,21,5,10,8,3,1,35.0,7,20,28,1,11,8,3,s:40~l:59~t:3,dallas-wings,Dallas,Wings,DAL,Dallas Wings,Wings,11213e,c5d646,https://a.espncdn.com/i/teamlogos/wnba/500/dal.png,81,,,
401320699,2021,2,2021-08-20,2021-08-20 19:00:00-04:00,9,s:40~l:59~t:9,new-york-liberty,New York,LIBERTY,NY,New York Liberty,Liberty,0d79b9,89c9bf,https://a.espncdn.com/i/teamlogos/wnba/500/ny.png,home,83,False,19,5,24,38.6,27,70,0,18,89.5,17,19,9,5,7,1,1,40.0,12,30,29,1,10,9,14,s:40~l:59~t:14,seattle-storm,Seattle,Storm,SEA,Seattle Storm,Storm,05452a,f7c43c,https://a.espncdn.com/i/teamlogos/wnba/500/sea.png,99,,,
401320699,2021,2,2021-08-20,2021-08-20 19:00:00-04:00,14,s:40~l:59~t:14,seattle-storm,Seattle,STORM,SEA,Seattle Storm,Storm,05452a,f7c43c,https://a.espncdn.com/i/teamlogos/wnba/500/sea.png,away,99,True,24,6,32,48.5,33,68,0,14,100.0,19,19,22,9,2,0,0,53.8,14,26,41,0,12,12,9,s:40~l:59~t:9,new-york-liberty,New York,Liberty,NY,New York Liberty,Liberty,0d79b9,89c9bf,https://a.espncdn.com/i/teamlogos/wnba/500/ny.png,83,,,
401320701,2021,2,2021-08-21,2021-08-21 12:00:00-04:00,11,s:40~l:59~t:11,phoenix-mercury,Phoenix,MERCURY,PHX,Phoenix Mercury,Mercury,3a267d,e56020,https://a.espncdn.com/i/teamlogos/wnba/500/phx.png,away,84,True,22,5,37,52.6,30,57,0,14,68.2,15,22,17,10,4,2,0,47.4,9,19,47,0,24,22,20,s:40~l:59~t:20,atlanta-dream,Atlanta,Dream,ATL,Atlanta Dream,Dream,d02030,383a37,https://a.espncdn.com/i/teamlogos/wnba/500/atl.png,69,,,
401320702,2021,2,2021-08-21,2021-08-21 20:00:00-04:00,19,s:40~l:59~t:19,chicago-sky,Chicago,SKY,CHI,Chicago Sky,Sky,4f91cd,f1f2f3,https://a.espncdn.com/i/teamlogos/wnba/500/chi.png,home,95,False,24,8,20,47.9,35,73,0,27,84.2,16,19,6,3,6,0,1,37.5,9,24,23,1,9,9,8,s:40~l:59~t:8,minnesota-lynx,Minnesota,Lynx,MIN,Minnesota Lynx,Lynx,005084,47a757,https://a.espncdn.com/i/teamlogos/wnba/500/min.png,101,,,
401320702,2021,2,2021-08-21,2021-08-21 20:00:00-04:00,8,s:40~l:59~t:8,minnesota-lynx,Minnesota,LYNX,MIN,Minnesota Lynx,Lynx,005084,47a757,https://a.espncdn.com/i/teamlogos/wnba/500/min.png,away,101,True,22,4,29,54.0,34,63,0,19,84.8,28,33,13,4,4,1,2,62.5,5,8,33,2,14,13,19,s:40~l:59~t:19,chicago-sky,Chicago,Sky,CHI,Chicago Sky,Sky,4f91cd,f1f2f3,https://a.espncdn.com/i/teamlogos/wnba/500/chi.png,95,,,
401320701,2021,2,2021-08-21,2021-08-21 12:00:00-04:00,20,s:40~l:59~t:20,atlanta-dream,Atlanta,DREAM,ATL,Atlanta Dream,Dream,d02030,383a37,https://a.espncdn.com/i/teamlogos/wnba/500/atl.png,home,69,False,11,5,18,40.3,29,72,0,19,75.0,6,8,1,6,13,1,0,23.8,5,21,24,0,10,9,11,s:40~l:59~t:11,phoenix-mercury,Phoenix,Mercury,PHX,Phoenix Mercury,Mercury,3a267d,e56020,https://a.espncdn.com/i/teamlogos/wnba/500/phx.png,84,,,
401320703,2021,2,2021-08-22,2021-08-22 14:00:00-04:00,9,s:40~l:59~t:9,new-york-liberty,New York,LIBERTY,NY,New York Liberty,Liberty,0d79b9,89c9bf,https://a.espncdn.com/i/teamlogos/wnba/500/ny.png,home,83,False,23,2,30,41.3,26,63,0,23,83.3,15,18,11,5,7,3,0,45.7,16,35,35,0,26,23,6,s:40~l:59~t:6,los-angeles-sparks,Los Angeles,Sparks,LA,Los Angeles Sparks,Sparks,532481,49ac9c,https://a.espncdn.com/i/teamlogos/wnba/500/la.png,86,,,
401320704,2021,2,2021-08-22,2021-08-22 15:00:00-04:00,14,s:40~l:59~t:14,seattle-storm,Seattle,STORM,SEA,Seattle Storm,Storm,05452a,f7c43c,https://a.espncdn.com/i/teamlogos/wnba/500/sea.png,away,85,True,20,11,35,44.6,33,74,0,13,81.3,13,16,14,7,13,0,1,25.0,6,24,42,1,12,12,16,s:40~l:59~t:16,washington-mystics,Washington,Mystics,WSH,Washington Mystics,Mystics,e03a3e,09295a,https://a.espncdn.com/i/teamlogos/wnba/500/wsh.png,78,,,
401320703,2021,2,2021-08-22,2021-08-22 14:00:00-04:00,6,s:40~l:59~t:6,los-angeles-sparks,Los Angeles,SPARKS,LA,Los Angeles Sparks,Sparks,532481,49ac9c,https://a.espncdn.com/i/teamlogos/wnba/500/la.png,away,86,True,22,6,22,47.1,32,68,1,23,73.7,14,19,9,4,12,0,0,34.8,8,23,26,0,10,10,9,s:40~l:59~t:9,new-york-liberty,New York,Liberty,NY,New York Liberty,Liberty,0d79b9,89c9bf,https://a.espncdn.com/i/teamlogos/wnba/500/ny.png,83,,,
401320704,2021,2,2021-08-22,2021-08-22 15:00:00-04:00,16,s:40~l:59~t:16,washington-mystics,Washington,MYSTICS,WSH,Washington Mystics,Mystics,e03a3e,09295a,https://a.espncdn.com/i/teamlogos/wnba/500/wsh.png,home,78,False,22,1,32,36.8,28,76,0,16,93.8,15,16,12,9,7,1,0,31.8,7,22,41,0,15,14,14,s:40~l:59~t:14,seattle-storm,Seattle,Storm,SEA,Seattle Storm,Storm,05452a,f7c43c,https://a.espncdn.com/i/teamlogos/wnba/500/sea.png,85,,,
401320706,2021,2,2021-08-24,2021-08-24 19:00:00-04:00,19,s:40~l:59~t:19,chicago-sky,Chicago,SKY,CHI,Chicago Sky,Sky,4f91cd,f1f2f3,https://a.espncdn.com/i/teamlogos/wnba/500/chi.png,away,86,True,24,4,31,51.5,34,66,0,17,71.4,10,14,15,4,3,0,0,47.1,8,17,35,0,12,12,20,s:40~l:59~t:20,atlanta-dream,Atlanta,Dream,ATL,Atlanta Dream,Dream,d02030,383a37,https://a.espncdn.com/i/teamlogos/wnba/500/atl.png,79,,,
401320705,2021,2,2021-08-24,2021-08-24 19:00:00-04:00,14,s:40~l:59~t:14,seattle-storm,Seattle,STORM,SEA,Seattle Storm,Storm,05452a,f7c43c,https://a.espncdn.com/i/teamlogos/wnba/500/sea.png,away,70,False,20,6,31,37.8,28,74,0,18,85.7,6,7,0,10,7,1,0,33.3,8,24,41,0,15,14,8,s:40~l:59~t:8,minnesota-lynx,Minnesota,Lynx,MIN,Minnesota Lynx,Lynx,005084,47a757,https://a.espncdn.com/i/teamlogos/wnba/500/min.png,76,,,
401320705,2021,2,2021-08-24,2021-08-24 19:00:00-04:00,8,s:40~l:59~t:8,minnesota-lynx,Minnesota,LYNX,MIN,Minnesota Lynx,Lynx,005084,47a757,https://a.espncdn.com/i/teamlogos/wnba/500/min.png,home,76,True,18,5,33,42.4,28,66,0,13,93.8,15,16,14,4,8,0,0,35.7,5,14,37,0,12,12,14,s:40~l:59~t:14,seattle-storm,Seattle,Storm,SEA,Seattle Storm,Storm,05452a,f7c43c,https://a.espncdn.com/i/teamlogos/wnba/500/sea.png,70,,,
401320706,2021,2,2021-08-24,2021-08-24 19:00:00-04:00,20,s:40~l:59~t:20,atlanta-dream,Atlanta,DREAM,ATL,Atlanta Dream,Dream,d02030,383a37,https://a.espncdn.com/i/teamlogos/wnba/500/atl.png,home,79,False,19,6,24,41.8,33,79,0,13,66.7,6,9,2,14,6,1,0,31.8,7,22,38,0,8,7,19,s:40~l:59~t:19,chicago-sky,Chicago,Sky,CHI,Chicago Sky,Sky,4f91cd,f1f2f3,https://a.espncdn.com/i/teamlogos/wnba/500/chi.png,86,,,
401320707,2021,2,2021-08-24,2021-08-24 19:00:00-04:00,18,s:40~l:59~t:18,connecticut-sun,Connecticut,SUN,CONN,Connecticut Sun,Sun,de6b36,002d62,https://a.espncdn.com/i/teamlogos/wnba/500/conn.png,home,76,True,16,2,31,44.8,30,67,0,14,83.3,10,12,14,8,11,3,0,33.3,6,18,39,0,14,11,17,s:40~l:59~t:17,las-vegas-aces,Las Vegas,Aces,LV,Las Vegas Aces,Aces,000000,c7cfd4,https://a.espncdn.com/i/teamlogos/wnba/500/lv.png,62,,,
401320708,2021,2,2021-08-24,2021-08-24 19:00:00-04:00,6,s:40~l:59~t:6,los-angeles-sparks,Los Angeles,SPARKS,LA,Los Angeles Sparks,Sparks,532481,49ac9c,https://a.espncdn.com/i/teamlogos/wnba/500/la.png,away,68,False,11,6,27,35.7,25,70,0,17,86.7,13,15,0,8,9,1,0,22.7,5,22,35,0,12,11,16,s:40~l:59~t:16,washington-mystics,Washington,Mystics,WSH,Washington Mystics,Mystics,e03a3e,09295a,https://a.espncdn.com/i/teamlogos/wnba/500/wsh.png,78,,,
401320708,2021,2,2021-08-24,2021-08-24 19:00:00-04:00,16,s:40~l:59~t:16,washington-mystics,Washington,MYSTICS,WSH,Washington Mystics,Mystics,e03a3e,09295a,https://a.espncdn.com/i/teamlogos/wnba/500/wsh.png,home,78,True,18,5,33,44.4,28,63,0,18,82.4,14,17,37,8,8,0,1,44.4,8,18,41,1,15,15,6,s:40~l:59~t:6,los-angeles-sparks,Los Angeles,Sparks,LA,Los Angeles Sparks,Sparks,532481,49ac9c,https://a.espncdn.com/i/teamlogos/wnba/500/la.png,68,,,
401320707,2021,2,2021-08-24,2021-08-24 19:00:00-04:00,17,s:40~l:59~t:17,las-vegas-aces,Las Vegas,ACES,LV,Las Vegas Aces,Aces,000000,c7cfd4,https://a.espncdn.com/i/teamlogos/wnba/500/lv.png,away,62,False,15,3,24,39.7,25,63,1,14,90.0,9,10,5,6,6,0,1,33.3,3,9,30,1,14,14,18,s:40~l:59~t:18,connecticut-sun,Connecticut,Sun,CONN,Connecticut Sun,Sun,de6b36,002d62,https://a.espncdn.com/i/teamlogos/wnba/500/conn.png,76,,,
401320709,2021,2,2021-08-25,2021-08-25 19:00:00-04:00,9,s:40~l:59~t:9,new-york-liberty,New York,LIBERTY,NY,New York Liberty,Liberty,0d79b9,89c9bf,https://a.espncdn.com/i/teamlogos/wnba/500/ny.png,home,79,False,19,4,23,37.8,28,74,0,10,83.3,10,12,2,10,7,0,0,36.1,13,36,33,0,8,8,11,s:40~l:59~t:11,phoenix-mercury,Phoenix,Mercury,PHX,Phoenix Mercury,Mercury,3a267d,e56020,https://a.espncdn.com/i/teamlogos/wnba/500/phx.png,106,,,
401320709,2021,2,2021-08-25,2021-08-25 19:00:00-04:00,11,s:40~l:59~t:11,phoenix-mercury,Phoenix,MERCURY,PHX,Phoenix Mercury,Mercury,3a267d,e56020,https://a.espncdn.com/i/teamlogos/wnba/500/phx.png,away,106,True,26,4,33,56.6,43,76,0,12,88.9,8,9,27,7,4,0,0,48.0,12,25,40,0,8,8,9,s:40~l:59~t:9,new-york-liberty,New York,Liberty,NY,New York Liberty,Liberty,0d79b9,89c9bf,https://a.espncdn.com/i/teamlogos/wnba/500/ny.png,79,,,
401320710,2021,2,2021-08-26,2021-08-26 19:00:00-04:00,17,s:40~l:59~t:17,las-vegas-aces,Las Vegas,ACES,LV,Las Vegas Aces,Aces,000000,c7cfd4,https://a.espncdn.com/i/teamlogos/wnba/500/lv.png,away,78,True,26,5,34,43.8,32,73,0,13,73.3,11,15,7,9,6,0,0,23.1,3,13,43,0,10,10,20,s:40~l:59~t:20,atlanta-dream,Atlanta,Dream,ATL,Atlanta Dream,Dream,d02030,383a37,https://a.espncdn.com/i/teamlogos/wnba/500/atl.png,71,,,
401320712,2021,2,2021-08-26,2021-08-26 19:00:00-04:00,16,s:40~l:59~t:16,washington-mystics,Washington,MYSTICS,WSH,Washington Mystics,Mystics,e03a3e,09295a,https://a.espncdn.com/i/teamlogos/wnba/500/wsh.png,home,77,False,21,5,20,48.3,28,58,0,17,66.7,12,18,12,5,6,1,0,40.9,9,22,25,0,14,13,3,s:40~l:59~t:3,dallas-wings,Dallas,Wings,DAL,Dallas Wings,Wings,11213e,c5d646,https://a.espncdn.com/i/teamlogos/wnba/500/dal.png,82,,,
401320712,2021,2,2021-08-26,2021-08-26 19:00:00-04:00,3,s:40~l:59~t:3,dallas-wings,Dallas,WINGS,DAL,Dallas Wings,Wings,11213e,c5d646,https://a.espncdn.com/i/teamlogos/wnba/500/dal.png,away,82,True,18,1,25,47.8,33,69,0,15,73.3,11,15,5,10,5,3,1,27.8,5,18,35,1,15,12,16,s:40~l:59~t:16,washington-mystics,Washington,Mystics,WSH,Washington Mystics,Mystics,e03a3e,09295a,https://a.espncdn.com/i/teamlogos/wnba/500/wsh.png,77,,,
401320711,2021,2,2021-08-26,2021-08-26 19:00:00-04:00,18,s:40~l:59~t:18,connecticut-sun,Connecticut,SUN,CONN,Connecticut Sun,Sun,de6b36,002d62,https://a.espncdn.com/i/teamlogos/wnba/500/conn.png,home,76,True,17,4,21,43.3,26,60,0,20,80.0,20,25,12,9,8,1,0,25.0,4,16,30,0,15,14,6,s:40~l:59~t:6,los-angeles-sparks,Los Angeles,Sparks,LA,Los Angeles Sparks,Sparks,532481,49ac9c,https://a.espncdn.com/i/teamlogos/wnba/500/la.png,72,,,
401320711,2021,2,2021-08-26,2021-08-26 19:00:00-04:00,6,s:40~l:59~t:6,los-angeles-sparks,Los Angeles,SPARKS,LA,Los Angeles Sparks,Sparks,532481,49ac9c,https://a.espncdn.com/i/teamlogos/wnba/500/la.png,away,72,False,20,4,20,47.4,27,57,0,24,92.9,13,14,9,3,7,1,1,31.3,5,16,23,1,16,15,18,s:40~l:59~t:18,connecticut-sun,Connecticut,Sun,CONN,Connecticut Sun,Sun,de6b36,002d62,https://a.espncdn.com/i/teamlogos/wnba/500/conn.png,76,,,
401320710,2021,2,2021-08-26,2021-08-26 19:00:00-04:00,20,s:40~l:59~t:20,atlanta-dream,Atlanta,DREAM,ATL,Atlanta Dream,Dream,d02030,383a37,https://a.espncdn.com/i/teamlogos/wnba/500/atl.png,home,71,False,19,6,29,36.1,26,72,0,20,80.0,12,15,10,5,8,1,0,30.4,7,23,34,0,9,8,17,s:40~l:59~t:17,las-vegas-aces,Las Vegas,Aces,LV,Las Vegas Aces,Aces,000000,c7cfd4,https://a.espncdn.com/i/teamlogos/wnba/500/lv.png,78,,,
401320713,2021,2,2021-08-27,2021-08-27 20:00:00-04:00,11,s:40~l:59~t:11,phoenix-mercury,Phoenix,MERCURY,PHX,Phoenix Mercury,Mercury,3a267d,e56020,https://a.espncdn.com/i/teamlogos/wnba/500/phx.png,away,80,True,16,6,32,39.7,27,68,0,14,81.8,18,22,19,7,5,1,0,30.8,8,26,39,0,13,12,9,s:40~l:59~t:9,new-york-liberty,New York,Liberty,NY,New York Liberty,Liberty,0d79b9,89c9bf,https://a.espncdn.com/i/teamlogos/wnba/500/ny.png,64,,,
401320713,2021,2,2021-08-27,2021-08-27 20:00:00-04:00,9,s:40~l:59~t:9,new-york-liberty,New York,LIBERTY,NY,New York Liberty,Liberty,0d79b9,89c9bf,https://a.espncdn.com/i/teamlogos/wnba/500/ny.png,home,64,False,20,4,32,37.3,25,67,0,19,100.0,4,4,1,3,4,0,0,30.3,10,33,35,0,17,17,11,s:40~l:59~t:11,phoenix-mercury,Phoenix,Mercury,PHX,Phoenix Mercury,Mercury,3a267d,e56020,https://a.espncdn.com/i/teamlogos/wnba/500/phx.png,80,,,
401320714,2021,2,2021-08-27,2021-08-27 22:00:00-04:00,14,s:40~l:59~t:14,seattle-storm,Seattle,STORM,SEA,Seattle Storm,Storm,05452a,f7c43c,https://a.espncdn.com/i/teamlogos/wnba/500/sea.png,home,69,False,17,4,26,36.8,25,68,0,15,94.1,16,17,9,8,9,0,0,17.6,3,17,34,0,17,17,19,s:40~l:59~t:19,chicago-sky,Chicago,Sky,CHI,Chicago Sky,Sky,4f91cd,f1f2f3,https://a.espncdn.com/i/teamlogos/wnba/500/chi.png,73,,,
401320714,2021,2,2021-08-27,2021-08-27 22:00:00-04:00,19,s:40~l:59~t:19,chicago-sky,Chicago,SKY,CHI,Chicago Sky,Sky,4f91cd,f1f2f3,https://a.espncdn.com/i/teamlogos/wnba/500/chi.png,away,73,True,24,1,30,42.0,29,69,0,18,66.7,8,12,5,9,9,1,0,30.4,7,23,39,0,19,18,14,s:40~l:59~t:14,seattle-storm,Seattle,Storm,SEA,Seattle Storm,Storm,05452a,f7c43c,https://a.espncdn.com/i/teamlogos/wnba/500/sea.png,69,,,
401320715,2021,2,2021-08-28,2021-08-28 13:00:00-04:00,17,s:40~l:59~t:17,las-vegas-aces,Las Vegas,ACES,LV,Las Vegas Aces,Aces,000000,c7cfd4,https://a.espncdn.com/i/teamlogos/wnba/500/lv.png,away,87,True,23,4,31,48.4,31,64,0,17,81.8,18,22,26,7,12,0,0,58.3,7,12,38,0,16,16,5,s:40~l:59~t:5,indiana-fever,Indiana,Fever,IND,Indiana Fever,Fever,e2382f,08265b,https://a.espncdn.com/i/teamlogos/wnba/500/ind.png,71,,,
401320717,2021,2,2021-08-28,2021-08-28 19:00:00-04:00,16,s:40~l:59~t:16,washington-mystics,Washington,MYSTICS,WSH,Washington Mystics,Mystics,e03a3e,09295a,https://a.espncdn.com/i/teamlogos/wnba/500/wsh.png,home,76,True,14,4,17,37.1,23,62,0,18,72.4,21,29,9,5,10,0,1,29.0,9,31,22,1,13,13,3,s:40~l:59~t:3,dallas-wings,Dallas,Wings,DAL,Dallas Wings,Wings,11213e,c5d646,https://a.espncdn.com/i/teamlogos/wnba/500/dal.png,75,,,
401320717,2021,2,2021-08-28,2021-08-28 19:00:00-04:00,3,s:40~l:59~t:3,dallas-wings,Dallas,WINGS,DAL,Dallas Wings,Wings,11213e,c5d646,https://a.espncdn.com/i/teamlogos/wnba/500/dal.png,away,75,False,13,0,30,53.2,25,47,0,21,76.0,19,25,18,4,6,4,3,42.9,6,14,34,3,27,23,16,s:40~l:59~t:16,washington-mystics,Washington,Mystics,WSH,Washington Mystics,Mystics,e03a3e,09295a,https://a.espncdn.com/i/teamlogos/wnba/500/wsh.png,76,,,
401320716,2021,2,2021-08-28,2021-08-28 19:00:00-04:00,18,s:40~l:59~t:18,connecticut-sun,Connecticut,SUN,CONN,Connecticut Sun,Sun,de6b36,002d62,https://a.espncdn.com/i/teamlogos/wnba/500/conn.png,home,76,True,16,3,30,47.5,28,59,0,23,75.0,15,20,20,8,12,2,0,25.0,5,20,38,0,20,18,6,s:40~l:59~t:6,los-angeles-sparks,Los Angeles,Sparks,LA,Los Angeles Sparks,Sparks,532481,49ac9c,https://a.espncdn.com/i/teamlogos/wnba/500/la.png,61,,,
401320716,2021,2,2021-08-28,2021-08-28 19:00:00-04:00,6,s:40~l:59~t:6,los-angeles-sparks,Los Angeles,SPARKS,LA,Los Angeles Sparks,Sparks,532481,49ac9c,https://a.espncdn.com/i/teamlogos/wnba/500/la.png,away,61,False,12,3,15,37.7,20,53,0,21,72.2,13,18,5,3,10,2,0,38.1,8,21,18,0,16,14,18,s:40~l:59~t:18,connecticut-sun,Connecticut,Sun,CONN,Connecticut Sun,Sun,de6b36,002d62,https://a.espncdn.com/i/teamlogos/wnba/500/conn.png,76,,,
401320715,2021,2,2021-08-28,2021-08-28 13:00:00-04:00,5,s:40~l:59~t:5,indiana-fever,Indiana,FEVER,IND,Indiana Fever,Fever,e2382f,08265b,https://a.espncdn.com/i/teamlogos/wnba/500/ind.png,home,71,False,18,2,23,40.3,27,67,0,18,65.0,13,20,4,8,9,1,0,26.7,4,15,31,0,16,15,17,s:40~l:59~t:17,las-vegas-aces,Las Vegas,Aces,LV,Las Vegas Aces,Aces,000000,c7cfd4,https://a.espncdn.com/i/teamlogos/wnba/500/lv.png,87,,,
401320718,2021,2,2021-08-29,2021-08-29 18:00:00-04:00,19,s:40~l:59~t:19,chicago-sky,Chicago,SKY,CHI,Chicago Sky,Sky,4f91cd,f1f2f3,https://a.espncdn.com/i/teamlogos/wnba/500/chi.png,away,107,True,26,3,26,56.2,41,73,0,13,90.9,10,11,32,10,8,1,0,68.2,15,22,36,0,10,9,14,s:40~l:59~t:14,seattle-storm,Seattle,Storm,SEA,Seattle Storm,Storm,05452a,f7c43c,https://a.espncdn.com/i/teamlogos/wnba/500/sea.png,75,,,
401320718,2021,2,2021-08-29,2021-08-29 18:00:00-04:00,14,s:40~l:59~t:14,seattle-storm,Seattle,STORM,SEA,Seattle Storm,Storm,05452a,f7c43c,https://a.espncdn.com/i/teamlogos/wnba/500/sea.png,home,75,False,22,2,19,45.3,29,64,0,9,85.7,12,14,1,3,3,0,0,29.4,5,17,22,0,12,12,19,s:40~l:59~t:19,chicago-sky,Chicago,Sky,CHI,Chicago Sky,Sky,4f91cd,f1f2f3,https://a.espncdn.com/i/teamlogos/wnba/500/chi.png,107,,,
401320719,2021,2,2021-08-31,2021-08-31 19:00:00-04:00,6,s:40~l:59~t:6,los-angeles-sparks,Los Angeles,SPARKS,LA,Los Angeles Sparks,Sparks,532481,49ac9c,https://a.espncdn.com/i/teamlogos/wnba/500/la.png,away,72,False,21,1,17,47.5,28,59,0,17,66.7,10,15,8,3,7,1,0,35.3,6,17,20,0,12,11,5,s:40~l:59~t:5,indiana-fever,Indiana,Fever,IND,Indiana Fever,Fever,e2382f,08265b,https://a.espncdn.com/i/teamlogos/wnba/500/ind.png,74,,,
401320719,2021,2,2021-08-31,2021-08-31 19:00:00-04:00,5,s:40~l:59~t:5,indiana-fever,Indiana,FEVER,IND,Indiana Fever,Fever,e2382f,08265b,https://a.espncdn.com/i/teamlogos/wnba/500/ind.png,home,74,True,11,3,25,40.0,24,60,0,14,83.3,20,24,8,14,6,1,1,35.3,6,17,39,1,16,15,6,s:40~l:59~t:6,los-angeles-sparks,Los Angeles,Sparks,LA,Los Angeles Sparks,Sparks,532481,49ac9c,https://a.espncdn.com/i/teamlogos/wnba/500/la.png,72,,,
401320721,2021,2,2021-08-31,2021-08-31 20:00:00-04:00,8,s:40~l:59~t:8,minnesota-lynx,Minnesota,LYNX,MIN,Minnesota Lynx,Lynx,005084,47a757,https://a.espncdn.com/i/teamlogos/wnba/500/min.png,home,74,True,10,3,33,34.8,24,69,0,21,87.5,21,24,9,10,5,1,0,19.2,5,26,43,0,15,14,9,s:40~l:59~t:9,new-york-liberty,New York,Liberty,NY,New York Liberty,Liberty,0d79b9,89c9bf,https://a.espncdn.com/i/teamlogos/wnba/500/ny.png,66,,,
401320720,2021,2,2021-08-31,2021-08-31 19:00:00-04:00,18,s:40~l:59~t:18,connecticut-sun,Connecticut,SUN,CONN,Connecticut Sun,Sun,de6b36,002d62,https://a.espncdn.com/i/teamlogos/wnba/500/conn.png,away,85,True,20,4,22,49.3,34,69,0,15,75.0,9,12,22,16,7,2,1,40.0,8,20,38,1,17,15,16,s:40~l:59~t:16,washington-mystics,Washington,Mystics,WSH,Washington Mystics,Mystics,e03a3e,09295a,https://a.espncdn.com/i/teamlogos/wnba/500/wsh.png,75,,,
401320722,2021,2,2021-08-31,2021-08-31 22:00:00-04:00,11,s:40~l:59~t:11,phoenix-mercury,Phoenix,MERCURY,PHX,Phoenix Mercury,Mercury,3a267d,e56020,https://a.espncdn.com/i/teamlogos/wnba/500/phx.png,home,103,True,26,5,26,52.0,39,75,0,11,91.7,11,12,20,9,8,2,0,51.9,14,27,35,0,10,8,19,s:40~l:59~t:19,chicago-sky,Chicago,Sky,CHI,Chicago Sky,Sky,4f91cd,f1f2f3,https://a.espncdn.com/i/teamlogos/wnba/500/chi.png,83,,,
401320720,2021,2,2021-08-31,2021-08-31 19:00:00-04:00,16,s:40~l:59~t:16,washington-mystics,Washington,MYSTICS,WSH,Washington Mystics,Mystics,e03a3e,09295a,https://a.espncdn.com/i/teamlogos/wnba/500/wsh.png,home,75,False,19,2,17,45.5,25,55,0,18,88.9,16,18,2,3,9,3,0,34.6,9,26,20,0,17,14,18,s:40~l:59~t:18,connecticut-sun,Connecticut,Sun,CONN,Connecticut Sun,Sun,de6b36,002d62,https://a.espncdn.com/i/teamlogos/wnba/500/conn.png,85,,,
401320722,2021,2,2021-08-31,2021-08-31 22:00:00-04:00,19,s:40~l:59~t:19,chicago-sky,Chicago,SKY,CHI,Chicago Sky,Sky,4f91cd,f1f2f3,https://a.espncdn.com/i/teamlogos/wnba/500/chi.png,away,83,False,13,4,21,45.1,32,71,0,16,86.7,13,15,1,11,2,0,0,30.0,6,20,32,0,11,11,11,s:40~l:59~t:11,phoenix-mercury,Phoenix,Mercury,PHX,Phoenix Mercury,Mercury,3a267d,e56020,https://a.espncdn.com/i/teamlogos/wnba/500/phx.png,103,,,
401320721,2021,2,2021-08-31,2021-08-31 20:00:00-04:00,9,s:40~l:59~t:9,new-york-liberty,New York,LIBERTY,NY,New York Liberty,Liberty,0d79b9,89c9bf,https://a.espncdn.com/i/teamlogos/wnba/500/ny.png,away,66,False,12,4,30,32.4,23,71,0,21,88.2,15,17,5,8,9,1,0,20.8,5,24,38,0,14,13,8,s:40~l:59~t:8,minnesota-lynx,Minnesota,Lynx,MIN,Minnesota Lynx,Lynx,005084,47a757,https://a.espncdn.com/i/teamlogos/wnba/500/min.png,74,,,
401320726,2021,2,2021-09-02,2021-09-02 22:00:00-04:00,9,s:40~l:59~t:9,new-york-liberty,New York,LIBERTY,NY,New York Liberty,Liberty,0d79b9,89c9bf,https://a.espncdn.com/i/teamlogos/wnba/500/ny.png,away,75,False,14,3,21,47.4,27,57,0,27,90.9,10,11,10,3,8,1,0,47.8,11,23,24,0,21,20,14,s:40~l:59~t:14,seattle-storm,Seattle,Storm,SEA,Seattle Storm,Storm,05452a,f7c43c,https://a.espncdn.com/i/teamlogos/wnba/500/sea.png,85,,,
401320726,2021,2,2021-09-02,2021-09-02 22:00:00-04:00,14,s:40~l:59~t:14,seattle-storm,Seattle,STORM,SEA,Seattle Storm,Storm,05452a,f7c43c,https://a.espncdn.com/i/teamlogos/wnba/500/sea.png,home,85,True,19,4,23,47.6,30,63,0,15,88.5,23,26,10,8,8,1,0,14.3,2,14,31,0,13,12,9,s:40~l:59~t:9,new-york-liberty,New York,Liberty,NY,New York Liberty,Liberty,0d79b9,89c9bf,https://a.espncdn.com/i/teamlogos/wnba/500/ny.png,75,,,
401320725,2021,2,2021-09-02,2021-09-02 22:00:00-04:00,17,s:40~l:59~t:17,las-vegas-aces,Las Vegas,ACES,LV,Las Vegas Aces,Aces,000000,c7cfd4,https://a.espncdn.com/i/teamlogos/wnba/500/lv.png,home,90,True,16,3,28,45.2,33,73,0,12,80.0,20,25,19,11,7,0,0,40.0,4,10,39,0,12,12,19,s:40~l:59~t:19,chicago-sky,Chicago,Sky,CHI,Chicago Sky,Sky,4f91cd,f1f2f3,https://a.espncdn.com/i/teamlogos/wnba/500/chi.png,83,,,
401320725,2021,2,2021-09-02,2021-09-02 22:00:00-04:00,19,s:40~l:59~t:19,chicago-sky,Chicago,SKY,CHI,Chicago Sky,Sky,4f91cd,f1f2f3,https://a.espncdn.com/i/teamlogos/wnba/500/chi.png,away,83,False,19,5,25,44.1,30,68,0,18,88.2,15,17,2,7,9,1,0,33.3,8,24,32,0,14,13,17,s:40~l:59~t:17,las-vegas-aces,Las Vegas,Aces,LV,Las Vegas Aces,Aces,000000,c7cfd4,https://a.espncdn.com/i/teamlogos/wnba/500/lv.png,90,,,
401320724,2021,2,2021-09-02,2021-09-02 20:00:00-04:00,8,s:40~l:59~t:8,minnesota-lynx,Minnesota,LYNX,MIN,Minnesota Lynx,Lynx,005084,47a757,https://a.espncdn.com/i/teamlogos/wnba/500/min.png,home,66,True,17,3,34,34.5,20,58,0,16,90.5,19,21,9,9,6,1,1,31.8,7,22,43,1,16,15,6,s:40~l:59~t:6,los-angeles-sparks,Los Angeles,Sparks,LA,Los Angeles Sparks,Sparks,532481,49ac9c,https://a.espncdn.com/i/teamlogos/wnba/500/la.png,57,,,
401320724,2021,2,2021-09-02,2021-09-02 20:00:00-04:00,6,s:40~l:59~t:6,los-angeles-sparks,Los Angeles,SPARKS,LA,Los Angeles Sparks,Sparks,532481,49ac9c,https://a.espncdn.com/i/teamlogos/wnba/500/la.png,away,57,False,12,6,26,31.1,19,61,0,16,76.5,13,17,9,3,9,1,2,31.6,6,19,29,2,13,12,8,s:40~l:59~t:8,minnesota-lynx,Minnesota,Lynx,MIN,Minnesota Lynx,Lynx,005084,47a757,https://a.espncdn.com/i/teamlogos/wnba/500/min.png,66,,,
401320723,2021,2,2021-09-02,2021-09-02 20:00:00-04:00,3,s:40~l:59~t:3,dallas-wings,Dallas,WINGS,DAL,Dallas Wings,Wings,11213e,c5d646,https://a.espncdn.com/i/teamlogos/wnba/500/dal.png,home,72,True,16,6,29,36.5,27,74,0,11,75.0,12,16,11,14,10,3,0,21.4,6,28,43,0,12,9,20,s:40~l:59~t:20,atlanta-dream,Atlanta,Dream,ATL,Atlanta Dream,Dream,d02030,383a37,https://a.espncdn.com/i/teamlogos/wnba/500/atl.png,68,,,
401320723,2021,2,2021-09-02,2021-09-02 20:00:00-04:00,20,s:40~l:59~t:20,atlanta-dream,Atlanta,DREAM,ATL,Atlanta Dream,Dream,d02030,383a37,https://a.espncdn.com/i/teamlogos/wnba/500/atl.png,away,68,False,19,9,27,43.1,28,65,0,14,62.5,5,8,4,7,5,0,0,33.3,7,21,34,0,14,14,3,s:40~l:59~t:3,dallas-wings,Dallas,Wings,DAL,Dallas Wings,Wings,11213e,c5d646,https://a.espncdn.com/i/teamlogos/wnba/500/dal.png,72,,,
401320727,2021,2,2021-09-04,2021-09-04 13:00:00-04:00,11,s:40~l:59~t:11,phoenix-mercury,Phoenix,MERCURY,PHX,Phoenix Mercury,Mercury,3a267d,e56020,https://a.espncdn.com/i/teamlogos/wnba/500/phx.png,away,87,True,18,3,28,45.5,30,66,0,19,75.0,18,24,25,8,10,1,0,33.3,9,27,36,0,12,11,5,s:40~l:59~t:5,indiana-fever,Indiana,Fever,IND,Indiana Fever,Fever,e2382f,08265b,https://a.espncdn.com/i/teamlogos/wnba/500/ind.png,65,,,
401320727,2021,2,2021-09-04,2021-09-04 13:00:00-04:00,5,s:40~l:59~t:5,indiana-fever,Indiana,FEVER,IND,Indiana Fever,Fever,e2382f,08265b,https://a.espncdn.com/i/teamlogos/wnba/500/ind.png,home,65,False,9,6,28,36.4,24,66,0,20,77.8,14,18,8,11,8,3,0,17.6,3,17,39,0,18,15,11,s:40~l:59~t:11,phoenix-mercury,Phoenix,Mercury,PHX,Phoenix Mercury,Mercury,3a267d,e56020,https://a.espncdn.com/i/teamlogos/wnba/500/phx.png,87,,,
401320728,2021,2,2021-09-04,2021-09-04 20:00:00-04:00,16,s:40~l:59~t:16,washington-mystics,Washington,MYSTICS,WSH,Washington Mystics,Mystics,e03a3e,09295a,https://a.espncdn.com/i/teamlogos/wnba/500/wsh.png,away,75,False,14,2,25,38.7,29,75,0,11,76.5,13,17,4,11,7,0,1,25.0,4,16,36,1,10,10,8,s:40~l:59~t:8,minnesota-lynx,Minnesota,Lynx,MIN,Minnesota Lynx,Lynx,005084,47a757,https://a.espncdn.com/i/teamlogos/wnba/500/min.png,93,,,
401320728,2021,2,2021-09-04,2021-09-04 20:00:00-04:00,8,s:40~l:59~t:8,minnesota-lynx,Minnesota,LYNX,MIN,Minnesota Lynx,Lynx,005084,47a757,https://a.espncdn.com/i/teamlogos/wnba/500/min.png,home,93,True,24,5,31,52.9,36,68,1,17,90.9,10,11,23,6,5,0,0,44.0,11,25,37,0,13,13,16,s:40~l:59~t:16,washington-mystics,Washington,Mystics,WSH,Washington Mystics,Mystics,e03a3e,09295a,https://a.espncdn.com/i/teamlogos/wnba/500/wsh.png,75,,,
401320730,2021,2,2021-09-05,2021-09-05 16:00:00-04:00,3,s:40~l:59~t:3,dallas-wings,Dallas,WINGS,DAL,Dallas Wings,Wings,11213e,c5d646,https://a.espncdn.com/i/teamlogos/wnba/500/dal.png,home,64,False,11,4,32,33.3,26,78,0,16,60.0,3,5,3,13,5,1,1,36.0,9,25,45,1,15,14,20,s:40~l:59~t:20,atlanta-dream,Atlanta,Dream,ATL,Atlanta Dream,Dream,d02030,383a37,https://a.espncdn.com/i/teamlogos/wnba/500/atl.png,69,,,
401320730,2021,2,2021-09-05,2021-09-05 16:00:00-04:00,20,s:40~l:59~t:20,atlanta-dream,Atlanta,DREAM,ATL,Atlanta Dream,Dream,d02030,383a37,https://a.espncdn.com/i/teamlogos/wnba/500/atl.png,away,69,True,17,6,33,40.0,28,70,0,11,84.6,11,13,9,9,5,1,0,28.6,2,7,42,0,10,9,3,s:40~l:59~t:3,dallas-wings,Dallas,Wings,DAL,Dallas Wings,Wings,11213e,c5d646,https://a.espncdn.com/i/teamlogos/wnba/500/dal.png,64,,,
401320729,2021,2,2021-09-05,2021-09-05 15:00:00-04:00,19,s:40~l:59~t:19,chicago-sky,Chicago,SKY,CHI,Chicago Sky,Sky,4f91cd,f1f2f3,https://a.espncdn.com/i/teamlogos/wnba/500/chi.png,home,92,True,30,6,31,50.7,34,67,0,18,73.9,17,23,12,7,2,1,1,36.8,7,19,38,1,8,7,17,s:40~l:59~t:17,las-vegas-aces,Las Vegas,Aces,LV,Las Vegas Aces,Aces,000000,c7cfd4,https://a.espncdn.com/i/teamlogos/wnba/500/lv.png,84,,,
401320729,2021,2,2021-09-05,2021-09-05 15:00:00-04:00,17,s:40~l:59~t:17,las-vegas-aces,Las Vegas,ACES,LV,Las Vegas Aces,Aces,000000,c7cfd4,https://a.espncdn.com/i/teamlogos/wnba/500/lv.png,away,84,False,19,4,28,41.1,30,73,0,16,86.4,19,22,1,9,6,0,0,38.5,5,13,37,0,6,6,19,s:40~l:59~t:19,chicago-sky,Chicago,Sky,CHI,Chicago Sky,Sky,4f91cd,f1f2f3,https://a.espncdn.com/i/teamlogos/wnba/500/chi.png,92,,,
401320731,2021,2,2021-09-06,2021-09-06 19:00:00-04:00,5,s:40~l:59~t:5,indiana-fever,Indiana,FEVER,IND,Indiana Fever,Fever,e2382f,08265b,https://a.espncdn.com/i/teamlogos/wnba/500/ind.png,home,81,False,20,3,21,43.1,31,72,0,15,92.3,12,13,9,10,4,2,1,31.8,7,22,31,1,8,6,11,s:40~l:59~t:11,phoenix-mercury,Phoenix,Mercury,PHX,Phoenix Mercury,Mercury,3a267d,e56020,https://a.espncdn.com/i/teamlogos/wnba/500/phx.png,86,,,
401320731,2021,2,2021-09-06,2021-09-06 19:00:00-04:00,11,s:40~l:59~t:11,phoenix-mercury,Phoenix,MERCURY,PHX,Phoenix Mercury,Mercury,3a267d,e56020,https://a.espncdn.com/i/teamlogos/wnba/500/phx.png,away,86,True,24,6,21,52.3,34,65,0,17,71.4,10,14,18,9,2,1,1,50.0,8,16,30,1,9,8,5,s:40~l:59~t:5,indiana-fever,Indiana,Fever,IND,Indiana Fever,Fever,e2382f,08265b,https://a.espncdn.com/i/teamlogos/wnba/500/ind.png,81,,,
401320732,2021,2,2021-09-07,2021-09-07 20:00:00-04:00,3,s:40~l:59~t:3,dallas-wings,Dallas,WINGS,DAL,Dallas Wings,Wings,11213e,c5d646,https://a.espncdn.com/i/teamlogos/wnba/500/dal.png,home,56,False,13,8,17,26.6,17,64,1,14,78.9,15,19,0,9,4,3,0,21.9,7,32,26,0,15,12,18,s:40~l:59~t:18,connecticut-sun,Connecticut,Sun,CONN,Connecticut Sun,Sun,de6b36,002d62,https://a.espncdn.com/i/teamlogos/wnba/500/conn.png,83,,,
401320732,2021,2,2021-09-07,2021-09-07 20:00:00-04:00,18,s:40~l:59~t:18,connecticut-sun,Connecticut,SUN,CONN,Connecticut Sun,Sun,de6b36,002d62,https://a.espncdn.com/i/teamlogos/wnba/500/conn.png,away,83,True,25,7,25,48.5,33,68,0,16,71.4,10,14,33,10,11,2,0,36.8,7,19,35,0,15,13,3,s:40~l:59~t:3,dallas-wings,Dallas,Wings,DAL,Dallas Wings,Wings,11213e,c5d646,https://a.espncdn.com/i/teamlogos/wnba/500/dal.png,56,,,
401320733,2021,2,2021-09-07,2021-09-07 22:00:00-04:00,14,s:40~l:59~t:14,seattle-storm,Seattle,STORM,SEA,Seattle Storm,Storm,05452a,f7c43c,https://a.espncdn.com/i/teamlogos/wnba/500/sea.png,home,105,True,28,2,29,59.1,39,66,0,19,81.3,13,16,37,6,12,0,0,60.9,14,23,35,0,15,15,16,s:40~l:59~t:16,washington-mystics,Washington,Mystics,WSH,Washington Mystics,Mystics,e03a3e,09295a,https://a.espncdn.com/i/teamlogos/wnba/500/wsh.png,71,,,
401320733,2021,2,2021-09-07,2021-09-07 22:00:00-04:00,16,s:40~l:59~t:16,washington-mystics,Washington,MYSTICS,WSH,Washington Mystics,Mystics,e03a3e,09295a,https://a.espncdn.com/i/teamlogos/wnba/500/wsh.png,away,71,False,14,0,21,39.3,24,61,0,18,82.4,14,17,3,3,7,2,0,27.3,9,33,24,0,20,18,14,s:40~l:59~t:14,seattle-storm,Seattle,Storm,SEA,Seattle Storm,Storm,05452a,f7c43c,https://a.espncdn.com/i/teamlogos/wnba/500/sea.png,105,,,
401320735,2021,2,2021-09-08,2021-09-08 21:00:00-04:00,17,s:40~l:59~t:17,las-vegas-aces,Las Vegas,ACES,LV,Las Vegas Aces,Aces,000000,c7cfd4,https://a.espncdn.com/i/teamlogos/wnba/500/lv.png,home,102,True,28,3,34,55.1,43,78,0,12,85.7,12,14,23,2,8,0,0,40.0,4,10,36,0,5,5,8,s:40~l:59~t:8,minnesota-lynx,Minnesota,Lynx,MIN,Minnesota Lynx,Lynx,005084,47a757,https://a.espncdn.com/i/teamlogos/wnba/500/min.png,81,,,
401320735,2021,2,2021-09-08,2021-09-08 21:00:00-04:00,8,s:40~l:59~t:8,minnesota-lynx,Minnesota,LYNX,MIN,Minnesota Lynx,Lynx,005084,47a757,https://a.espncdn.com/i/teamlogos/wnba/500/min.png,away,81,False,22,4,30,45.5,35,77,0,15,80.0,4,5,6,7,0,0,1,31.8,7,22,37,1,10,10,17,s:40~l:59~t:17,las-vegas-aces,Las Vegas,Aces,LV,Las Vegas Aces,Aces,000000,c7cfd4,https://a.espncdn.com/i/teamlogos/wnba/500/lv.png,102,,,
401320734,2021,2,2021-09-08,2021-09-08 19:00:00-04:00,20,s:40~l:59~t:20,atlanta-dream,Atlanta,DREAM,ATL,Atlanta Dream,Dream,d02030,383a37,https://a.espncdn.com/i/teamlogos/wnba/500/atl.png,home,75,False,19,3,27,47.1,33,70,0,14,60.0,6,10,16,4,12,2,1,23.1,3,13,31,1,10,8,11,s:40~l:59~t:11,phoenix-mercury,Phoenix,Mercury,PHX,Phoenix Mercury,Mercury,3a267d,e56020,https://a.espncdn.com/i/teamlogos/wnba/500/phx.png,76,,,
401320734,2021,2,2021-09-08,2021-09-08 19:00:00-04:00,11,s:40~l:59~t:11,phoenix-mercury,Phoenix,MERCURY,PHX,Phoenix Mercury,Mercury,3a267d,e56020,https://a.espncdn.com/i/teamlogos/wnba/500/phx.png,away,76,True,16,3,28,43.3,26,60,0,14,88.9,16,18,1,4,7,0,0,44.4,8,18,32,0,16,16,20,s:40~l:59~t:20,atlanta-dream,Atlanta,Dream,ATL,Atlanta Dream,Dream,d02030,383a37,https://a.espncdn.com/i/teamlogos/wnba/500/atl.png,75,,,
401320736,2021,2,2021-09-09,2021-09-09 22:30:00-04:00,6,s:40~l:59~t:6,los-angeles-sparks,Los Angeles,SPARKS,LA,Los Angeles Sparks,Sparks,532481,49ac9c,https://a.espncdn.com/i/teamlogos/wnba/500/la.png,home,57,False,13,4,14,41.8,23,55,0,22,81.8,9,11,0,5,10,3,1,20.0,2,10,19,1,20,17,18,s:40~l:59~t:18,connecticut-sun,Connecticut,Sun,CONN,Connecticut Sun,Sun,de6b36,002d62,https://a.espncdn.com/i/teamlogos/wnba/500/conn.png,75,,,
401320736,2021,2,2021-09-09,2021-09-09 22:30:00-04:00,18,s:40~l:59~t:18,connecticut-sun,Connecticut,SUN,CONN,Connecticut Sun,Sun,de6b36,002d62,https://a.espncdn.com/i/teamlogos/wnba/500/conn.png,away,75,True,14,4,23,44.2,23,52,0,17,89.7,26,29,22,9,13,3,0,23.1,3,13,32,0,22,19,6,s:40~l:59~t:6,los-angeles-sparks,Los Angeles,Sparks,LA,Los Angeles Sparks,Sparks,532481,49ac9c,https://a.espncdn.com/i/teamlogos/wnba/500/la.png,57,,,
401320737,2021,2,2021-09-10,2021-09-10 19:00:00-04:00,16,s:40~l:59~t:16,washington-mystics,Washington,MYSTICS,WSH,Washington Mystics,Mystics,e03a3e,09295a,https://a.espncdn.com/i/teamlogos/wnba/500/wsh.png,home,82,True,20,2,35,41.4,29,70,0,6,78.9,15,19,16,11,6,0,1,37.5,9,24,46,1,10,10,20,s:40~l:59~t:20,atlanta-dream,Atlanta,Dream,ATL,Atlanta Dream,Dream,d02030,383a37,https://a.espncdn.com/i/teamlogos/wnba/500/atl.png,74,,,
401320737,2021,2,2021-09-10,2021-09-10 19:00:00-04:00,20,s:40~l:59~t:20,atlanta-dream,Atlanta,DREAM,ATL,Atlanta Dream,Dream,d02030,383a37,https://a.espncdn.com/i/teamlogos/wnba/500/atl.png,away,74,False,12,5,30,41.0,32,78,0,16,50.0,4,8,6,11,8,1,0,27.3,6,22,41,0,8,7,16,s:40~l:59~t:16,washington-mystics,Washington,Mystics,WSH,Washington Mystics,Mystics,e03a3e,09295a,https://a.espncdn.com/i/teamlogos/wnba/500/wsh.png,82,,,
401320738,2021,2,2021-09-10,2021-09-10 20:00:00-04:00,8,s:40~l:59~t:8,minnesota-lynx,Minnesota,LYNX,MIN,Minnesota Lynx,Lynx,005084,47a757,https://a.espncdn.com/i/teamlogos/wnba/500/min.png,home,89,True,26,6,26,48.6,36,74,0,17,76.9,10,13,23,8,10,2,0,36.8,7,19,34,0,11,9,5,s:40~l:59~t:5,indiana-fever,Indiana,Fever,IND,Indiana Fever,Fever,e2382f,08265b,https://a.espncdn.com/i/teamlogos/wnba/500/ind.png,72,,,
401320738,2021,2,2021-09-10,2021-09-10 20:00:00-04:00,5,s:40~l:59~t:5,indiana-fever,Indiana,FEVER,IND,Indiana Fever,Fever,e2382f,08265b,https://a.espncdn.com/i/teamlogos/wnba/500/ind.png,away,72,False,19,5,22,42.0,29,69,0,12,72.7,8,11,5,14,4,1,0,25.0,6,24,36,0,18,17,8,s:40~l:59~t:8,minnesota-lynx,Minnesota,Lynx,MIN,Minnesota Lynx,Lynx,005084,47a757,https://a.espncdn.com/i/teamlogos/wnba/500/min.png,89,,,
401320740,2021,2,2021-09-11,2021-09-11 22:00:00-04:00,11,s:40~l:59~t:11,phoenix-mercury,Phoenix,MERCURY,PHX,Phoenix Mercury,Mercury,3a267d,e56020,https://a.espncdn.com/i/teamlogos/wnba/500/phx.png,home,67,False,20,6,27,48.2,27,56,0,21,88.9,8,9,4,4,5,1,0,29.4,5,17,31,0,16,15,18,s:40~l:59~t:18,connecticut-sun,Connecticut,Sun,CONN,Connecticut Sun,Sun,de6b36,002d62,https://a.espncdn.com/i/teamlogos/wnba/500/conn.png,76,,,
401320740,2021,2,2021-09-11,2021-09-11 22:00:00-04:00,18,s:40~l:59~t:18,connecticut-sun,Connecticut,SUN,CONN,Connecticut Sun,Sun,de6b36,002d62,https://a.espncdn.com/i/teamlogos/wnba/500/conn.png,away,76,True,14,1,22,37.5,24,64,0,12,94.7,18,19,11,9,2,1,1,43.5,10,23,31,1,10,9,11,s:40~l:59~t:11,phoenix-mercury,Phoenix,Mercury,PHX,Phoenix Mercury,Mercury,3a267d,e56020,https://a.espncdn.com/i/teamlogos/wnba/500/phx.png,67,,,
401320739,2021,2,2021-09-11,2021-09-11 20:00:00-04:00,3,s:40~l:59~t:3,dallas-wings,Dallas,WINGS,DAL,Dallas Wings,Wings,11213e,c5d646,https://a.espncdn.com/i/teamlogos/wnba/500/dal.png,home,77,True,18,3,27,36.1,26,72,0,13,78.9,15,19,7,10,6,0,1,37.0,10,27,37,1,6,6,9,s:40~l:59~t:9,new-york-liberty,New York,Liberty,NY,New York Liberty,Liberty,0d79b9,89c9bf,https://a.espncdn.com/i/teamlogos/wnba/500/ny.png,76,,,
401320739,2021,2,2021-09-11,2021-09-11 20:00:00-04:00,9,s:40~l:59~t:9,new-york-liberty,New York,LIBERTY,NY,New York Liberty,Liberty,0d79b9,89c9bf,https://a.espncdn.com/i/teamlogos/wnba/500/ny.png,away,76,False,22,2,31,44.8,30,67,0,16,81.8,9,11,13,8,2,1,1,29.2,7,24,39,1,10,9,3,s:40~l:59~t:3,dallas-wings,Dallas,Wings,DAL,Dallas Wings,Wings,11213e,c5d646,https://a.espncdn.com/i/teamlogos/wnba/500/dal.png,77,,,
401320741,2021,2,2021-09-12,2021-09-12 15:00:00-04:00,16,s:40~l:59~t:16,washington-mystics,Washington,MYSTICS,WSH,Washington Mystics,Mystics,e03a3e,09295a,https://a.espncdn.com/i/teamlogos/wnba/500/wsh.png,away,79,True,19,1,31,48.3,29,60,0,15,70.6,12,17,18,4,9,1,1,33.3,9,27,35,1,16,15,19,s:40~l:59~t:19,chicago-sky,Chicago,Sky,CHI,Chicago Sky,Sky,4f91cd,f1f2f3,https://a.espncdn.com/i/teamlogos/wnba/500/chi.png,71,,,
401320743,2021,2,2021-09-12,2021-09-12 21:00:00-04:00,6,s:40~l:59~t:6,los-angeles-sparks,Los Angeles,SPARKS,LA,Los Angeles Sparks,Sparks,532481,49ac9c,https://a.espncdn.com/i/teamlogos/wnba/500/la.png,home,81,True,13,3,29,48.4,30,62,0,18,93.8,15,16,30,8,6,1,0,46.2,6,13,37,0,13,12,14,s:40~l:59~t:14,seattle-storm,Seattle,Storm,SEA,Seattle Storm,Storm,05452a,f7c43c,https://a.espncdn.com/i/teamlogos/wnba/500/sea.png,53,,,
401320743,2021,2,2021-09-12,2021-09-12 21:00:00-04:00,14,s:40~l:59~t:14,seattle-storm,Seattle,STORM,SEA,Seattle Storm,Storm,05452a,f7c43c,https://a.espncdn.com/i/teamlogos/wnba/500/sea.png,away,53,False,11,4,23,32.1,18,56,0,16,84.6,11,13,2,5,7,1,0,22.2,6,27,28,0,18,17,6,s:40~l:59~t:6,los-angeles-sparks,Los Angeles,Sparks,LA,Los Angeles Sparks,Sparks,532481,49ac9c,https://a.espncdn.com/i/teamlogos/wnba/500/la.png,81,,,
401320742,2021,2,2021-09-12,2021-09-12 19:00:00-04:00,8,s:40~l:59~t:8,minnesota-lynx,Minnesota,LYNX,MIN,Minnesota Lynx,Lynx,005084,47a757,https://a.espncdn.com/i/teamlogos/wnba/500/min.png,home,90,True,18,6,21,56.1,32,57,0,8,95.5,21,22,16,8,6,0,1,38.5,5,13,29,1,16,16,5,s:40~l:59~t:5,indiana-fever,Indiana,Fever,IND,Indiana Fever,Fever,e2382f,08265b,https://a.espncdn.com/i/teamlogos/wnba/500/ind.png,80,,,
401320742,2021,2,2021-09-12,2021-09-12 19:00:00-04:00,5,s:40~l:59~t:5,indiana-fever,Indiana,FEVER,IND,Indiana Fever,Fever,e2382f,08265b,https://a.espncdn.com/i/teamlogos/wnba/500/ind.png,away,80,False,17,4,15,50.0,34,68,0,19,100.0,4,4,2,5,9,3,0,47.1,8,17,20,0,15,12,8,s:40~l:59~t:8,minnesota-lynx,Minnesota,Lynx,MIN,Minnesota Lynx,Lynx,005084,47a757,https://a.espncdn.com/i/teamlogos/wnba/500/min.png,90,,,
401320741,2021,2,2021-09-12,2021-09-12 15:00:00-04:00,19,s:40~l:59~t:19,chicago-sky,Chicago,SKY,CHI,Chicago Sky,Sky,4f91cd,f1f2f3,https://a.espncdn.com/i/teamlogos/wnba/500/chi.png,home,71,False,17,0,25,41.8,28,67,0,15,80.0,12,15,5,6,8,1,0,13.6,3,22,31,0,15,14,16,s:40~l:59~t:16,washington-mystics,Washington,Mystics,WSH,Washington Mystics,Mystics,e03a3e,09295a,https://a.espncdn.com/i/teamlogos/wnba/500/wsh.png,79,,,
401320744,2021,2,2021-09-13,2021-09-13 15:00:00-04:00,3,s:40~l:59~t:3,dallas-wings,Dallas,WINGS,DAL,Dallas Wings,Wings,11213e,c5d646,https://a.espncdn.com/i/teamlogos/wnba/500/dal.png,away,75,False,18,4,28,41.9,31,74,0,18,85.7,6,7,13,12,6,0,0,26.9,7,26,40,0,14,14,17,s:40~l:59~t:17,las-vegas-aces,Las Vegas,Aces,LV,Las Vegas Aces,Aces,000000,c7cfd4,https://a.espncdn.com/i/teamlogos/wnba/500/lv.png,85,,,
401320744,2021,2,2021-09-13,2021-09-13 15:00:00-04:00,17,s:40~l:59~t:17,las-vegas-aces,Las Vegas,ACES,LV,Las Vegas Aces,Aces,000000,c7cfd4,https://a.espncdn.com/i/teamlogos/wnba/500/lv.png,home,85,True,16,4,28,47.7,31,65,0,8,76.2,16,21,13,5,11,0,0,36.8,7,19,33,0,9,9,3,s:40~l:59~t:3,dallas-wings,Dallas,Wings,DAL,Dallas Wings,Wings,11213e,c5d646,https://a.espncdn.com/i/teamlogos/wnba/500/dal.png,75,,,
401320745,2021,2,2021-09-14,2021-09-14 19:00:00-04:00,20,s:40~l:59~t:20,atlanta-dream,Atlanta,DREAM,ATL,Atlanta Dream,Dream,d02030,383a37,https://a.espncdn.com/i/teamlogos/wnba/500/atl.png,home,85,True,19,13,22,47.8,33,69,0,10,80.0,12,15,12,11,5,2,0,43.8,7,16,33,0,15,13,5,s:40~l:59~t:5,indiana-fever,Indiana,Fever,IND,Indiana Fever,Fever,e2382f,08265b,https://a.espncdn.com/i/teamlogos/wnba/500/ind.png,78,,,
401320745,2021,2,2021-09-14,2021-09-14 19:00:00-04:00,5,s:40~l:59~t:5,indiana-fever,Indiana,FEVER,IND,Indiana Fever,Fever,e2382f,08265b,https://a.espncdn.com/i/teamlogos/wnba/500/ind.png,away,78,False,22,6,20,42.1,32,76,0,17,80.0,8,10,11,15,9,2,0,30.0,6,20,35,0,15,13,20,s:40~l:59~t:20,atlanta-dream,Atlanta,Dream,ATL,Atlanta Dream,Dream,d02030,383a37,https://a.espncdn.com/i/teamlogos/wnba/500/atl.png,85,,,
401320746,2021,2,2021-09-15,2021-09-15 19:00:00-04:00,18,s:40~l:59~t:18,connecticut-sun,Connecticut,SUN,CONN,Connecticut Sun,Sun,de6b36,002d62,https://a.espncdn.com/i/teamlogos/wnba/500/conn.png,home,98,True,23,4,25,50.7,36,71,0,18,85.7,18,21,31,13,14,1,0,44.4,8,18,38,0,21,20,9,s:40~l:59~t:9,new-york-liberty,New York,Liberty,NY,New York Liberty,Liberty,0d79b9,89c9bf,https://a.espncdn.com/i/teamlogos/wnba/500/ny.png,69,,,
401320746,2021,2,2021-09-15,2021-09-15 19:00:00-04:00,9,s:40~l:59~t:9,new-york-liberty,New York,LIBERTY,NY,New York Liberty,Liberty,0d79b9,89c9bf,https://a.espncdn.com/i/teamlogos/wnba/500/ny.png,away,69,False,18,4,15,41.9,26,62,0,15,90.9,10,11,11,6,12,0,0,28.0,7,25,21,0,28,28,18,s:40~l:59~t:18,connecticut-sun,Connecticut,Sun,CONN,Connecticut Sun,Sun,de6b36,002d62,https://a.espncdn.com/i/teamlogos/wnba/500/conn.png,98,,,
401320747,2021,2,2021-09-16,2021-09-16 19:00:00-04:00,20,s:40~l:59~t:20,atlanta-dream,Atlanta,DREAM,ATL,Atlanta Dream,Dream,d02030,383a37,https://a.espncdn.com/i/teamlogos/wnba/500/atl.png,home,68,False,13,1,29,38.1,24,63,0,26,88.2,15,17,7,7,5,1,1,27.8,5,18,36,1,15,14,6,s:40~l:59~t:6,los-angeles-sparks,Los Angeles,Sparks,LA,Los Angeles Sparks,Sparks,532481,49ac9c,https://a.espncdn.com/i/teamlogos/wnba/500/la.png,74,,,
401320747,2021,2,2021-09-16,2021-09-16 19:00:00-04:00,6,s:40~l:59~t:6,los-angeles-sparks,Los Angeles,SPARKS,LA,Los Angeles Sparks,Sparks,532481,49ac9c,https://a.espncdn.com/i/teamlogos/wnba/500/la.png,away,74,True,16,1,28,44.8,26,58,0,20,73.9,17,23,9,3,8,0,2,31.3,5,16,31,2,13,13,20,s:40~l:59~t:20,atlanta-dream,Atlanta,Dream,ATL,Atlanta Dream,Dream,d02030,383a37,https://a.espncdn.com/i/teamlogos/wnba/500/atl.png,68,,,
401320748,2021,2,2021-09-17,2021-09-17 19:00:00-04:00,8,s:40~l:59~t:8,minnesota-lynx,Minnesota,LYNX,MIN,Minnesota Lynx,Lynx,005084,47a757,https://a.espncdn.com/i/teamlogos/wnba/500/min.png,away,92,True,22,3,23,44.2,34,77,0,16,75.0,18,24,25,14,9,0,0,23.1,6,26,37,0,12,12,5,s:40~l:59~t:5,indiana-fever,Indiana,Fever,IND,Indiana Fever,Fever,e2382f,08265b,https://a.espncdn.com/i/teamlogos/wnba/500/ind.png,73,,,
401320748,2021,2,2021-09-17,2021-09-17 19:00:00-04:00,5,s:40~l:59~t:5,indiana-fever,Indiana,FEVER,IND,Indiana Fever,Fever,e2382f,08265b,https://a.espncdn.com/i/teamlogos/wnba/500/ind.png,home,73,False,15,3,27,36.2,25,69,1,17,100.0,18,18,4,9,7,2,0,22.7,5,22,36,0,18,16,8,s:40~l:59~t:8,minnesota-lynx,Minnesota,Lynx,MIN,Minnesota Lynx,Lynx,005084,47a757,https://a.espncdn.com/i/teamlogos/wnba/500/min.png,92,,,
401320749,2021,2,2021-09-17,2021-09-17 19:00:00-04:00,16,s:40~l:59~t:16,washington-mystics,Washington,MYSTICS,WSH,Washington Mystics,Mystics,e03a3e,09295a,https://a.espncdn.com/i/teamlogos/wnba/500/wsh.png,away,80,False,25,4,22,40.3,27,67,0,20,77.8,14,18,1,6,6,0,1,36.4,12,33,28,1,11,11,9,s:40~l:59~t:9,new-york-liberty,New York,Liberty,NY,New York Liberty,Liberty,0d79b9,89c9bf,https://a.espncdn.com/i/teamlogos/wnba/500/ny.png,91,,,
401320749,2021,2,2021-09-17,2021-09-17 19:00:00-04:00,9,s:40~l:59~t:9,new-york-liberty,New York,LIBERTY,NY,New York Liberty,Liberty,0d79b9,89c9bf,https://a.espncdn.com/i/teamlogos/wnba/500/ny.png,home,91,True,24,1,27,51.6,33,64,0,21,83.3,15,18,24,7,5,0,0,45.5,10,22,34,0,13,13,16,s:40~l:59~t:16,washington-mystics,Washington,Mystics,WSH,Washington Mystics,Mystics,e03a3e,09295a,https://a.espncdn.com/i/teamlogos/wnba/500/wsh.png,80,,,
401320750,2021,2,2021-09-17,2021-09-17 20:00:00-04:00,19,s:40~l:59~t:19,chicago-sky,Chicago,SKY,CHI,Chicago Sky,Sky,4f91cd,f1f2f3,https://a.espncdn.com/i/teamlogos/wnba/500/chi.png,home,70,False,19,7,17,40.0,28,70,0,11,100.0,6,6,2,2,6,0,0,26.7,8,30,19,0,12,12,17,s:40~l:59~t:17,las-vegas-aces,Las Vegas,Aces,LV,Las Vegas Aces,Aces,000000,c7cfd4,https://a.espncdn.com/i/teamlogos/wnba/500/lv.png,103,,,
401320751,2021,2,2021-09-17,2021-09-17 22:00:00-04:00,11,s:40~l:59~t:11,phoenix-mercury,Phoenix,MERCURY,PHX,Phoenix Mercury,Mercury,3a267d,e56020,https://a.espncdn.com/i/teamlogos/wnba/500/phx.png,away,85,False,20,3,19,46.9,30,64,0,13,90.0,18,20,1,13,7,3,0,29.2,7,24,32,0,13,10,14,s:40~l:59~t:14,seattle-storm,Seattle,Storm,SEA,Seattle Storm,Storm,05452a,f7c43c,https://a.espncdn.com/i/teamlogos/wnba/500/sea.png,94,,,
401320751,2021,2,2021-09-17,2021-09-17 22:00:00-04:00,14,s:40~l:59~t:14,seattle-storm,Seattle,STORM,SEA,Seattle Storm,Storm,05452a,f7c43c,https://a.espncdn.com/i/teamlogos/wnba/500/sea.png,home,94,True,27,1,20,53.8,35,65,0,15,92.9,13,14,22,6,7,1,2,50.0,11,22,26,2,12,11,11,s:40~l:59~t:11,phoenix-mercury,Phoenix,Mercury,PHX,Phoenix Mercury,Mercury,3a267d,e56020,https://a.espncdn.com/i/teamlogos/wnba/500/phx.png,85,,,
401320750,2021,2,2021-09-17,2021-09-17 20:00:00-04:00,17,s:40~l:59~t:17,las-vegas-aces,Las Vegas,ACES,LV,Las Vegas Aces,Aces,000000,c7cfd4,https://a.espncdn.com/i/teamlogos/wnba/500/lv.png,away,103,True,32,3,36,56.2,41,73,0,6,85.7,12,14,34,11,9,0,0,50.0,9,18,47,0,15,15,19,s:40~l:59~t:19,chicago-sky,Chicago,Sky,CHI,Chicago Sky,Sky,4f91cd,f1f2f3,https://a.espncdn.com/i/teamlogos/wnba/500/chi.png,70,,,
401320753,2021,2,2021-09-19,2021-09-19 15:00:00-04:00,17,s:40~l:59~t:17,las-vegas-aces,Las Vegas,ACES,LV,Las Vegas Aces,Aces,000000,c7cfd4,https://a.espncdn.com/i/teamlogos/wnba/500/lv.png,away,84,True,12,4,27,46.4,32,69,0,9,93.3,14,15,6,6,6,1,0,35.3,6,17,33,0,9,8,11,s:40~l:59~t:11,phoenix-mercury,Phoenix,Mercury,PHX,Phoenix Mercury,Mercury,3a267d,e56020,https://a.espncdn.com/i/teamlogos/wnba/500/phx.png,83,,,
401320752,2021,2,2021-09-19,2021-09-19 13:00:00-04:00,20,s:40~l:59~t:20,atlanta-dream,Atlanta,DREAM,ATL,Atlanta Dream,Dream,d02030,383a37,https://a.espncdn.com/i/teamlogos/wnba/500/atl.png,away,64,False,10,4,23,38.4,28,73,0,18,66.7,6,9,1,10,6,0,0,10.0,2,20,33,0,7,7,18,s:40~l:59~t:18,connecticut-sun,Connecticut,Sun,CONN,Connecticut Sun,Sun,de6b36,002d62,https://a.espncdn.com/i/teamlogos/wnba/500/conn.png,84,,,
401320752,2021,2,2021-09-19,2021-09-19 13:00:00-04:00,18,s:40~l:59~t:18,connecticut-sun,Connecticut,SUN,CONN,Connecticut Sun,Sun,de6b36,002d62,https://a.espncdn.com/i/teamlogos/wnba/500/conn.png,home,84,True,16,5,32,38.7,29,75,0,17,85.7,18,21,22,18,4,0,0,38.1,8,21,50,0,10,10,20,s:40~l:59~t:20,atlanta-dream,Atlanta,Dream,ATL,Atlanta Dream,Dream,d02030,383a37,https://a.espncdn.com/i/teamlogos/wnba/500/atl.png,64,,,
401320754,2021,2,2021-09-19,2021-09-19 15:00:00-04:00,8,s:40~l:59~t:8,minnesota-lynx,Minnesota,LYNX,MIN,Minnesota Lynx,Lynx,005084,47a757,https://a.espncdn.com/i/teamlogos/wnba/500/min.png,away,83,True,16,2,28,43.9,29,66,0,16,87.0,20,23,13,10,10,3,1,31.3,5,16,38,1,15,12,16,s:40~l:59~t:16,washington-mystics,Washington,Mystics,WSH,Washington Mystics,Mystics,e03a3e,09295a,https://a.espncdn.com/i/teamlogos/wnba/500/wsh.png,77,,,
401320753,2021,2,2021-09-19,2021-09-19 15:00:00-04:00,11,s:40~l:59~t:11,phoenix-mercury,Phoenix,MERCURY,PHX,Phoenix Mercury,Mercury,3a267d,e56020,https://a.espncdn.com/i/teamlogos/wnba/500/phx.png,home,83,False,23,1,26,44.9,31,69,0,13,70.0,7,10,10,7,7,1,1,46.7,14,30,33,1,11,10,17,s:40~l:59~t:17,las-vegas-aces,Las Vegas,Aces,LV,Las Vegas Aces,Aces,000000,c7cfd4,https://a.espncdn.com/i/teamlogos/wnba/500/lv.png,84,,,
401320755,2021,2,2021-09-19,2021-09-19 17:00:00-04:00,6,s:40~l:59~t:6,los-angeles-sparks,Los Angeles,SPARKS,LA,Los Angeles Sparks,Sparks,532481,49ac9c,https://a.espncdn.com/i/teamlogos/wnba/500/la.png,away,84,False,19,2,22,50.8,31,61,0,16,75.0,9,12,5,5,8,0,0,48.1,13,27,27,0,17,17,3,s:40~l:59~t:3,dallas-wings,Dallas,Wings,DAL,Dallas Wings,Wings,11213e,c5d646,https://a.espncdn.com/i/teamlogos/wnba/500/dal.png,87,,,
401320755,2021,2,2021-09-19,2021-09-19 17:00:00-04:00,3,s:40~l:59~t:3,dallas-wings,Dallas,WINGS,DAL,Dallas Wings,Wings,11213e,c5d646,https://a.espncdn.com/i/teamlogos/wnba/500/dal.png,home,87,True,19,5,21,50.0,30,60,0,17,89.5,17,19,13,4,9,0,0,45.5,10,22,25,0,14,14,6,s:40~l:59~t:6,los-angeles-sparks,Los Angeles,Sparks,LA,Los Angeles Sparks,Sparks,532481,49ac9c,https://a.espncdn.com/i/teamlogos/wnba/500/la.png,84,,,
401320756,2021,2,2021-09-19,2021-09-19 18:00:00-04:00,5,s:40~l:59~t:5,indiana-fever,Indiana,FEVER,IND,Indiana Fever,Fever,e2382f,08265b,https://a.espncdn.com/i/teamlogos/wnba/500/ind.png,away,87,False,21,3,22,47.8,33,69,0,19,83.3,15,18,7,9,6,1,1,37.5,6,16,31,1,16,15,19,s:40~l:59~t:19,chicago-sky,Chicago,Sky,CHI,Chicago Sky,Sky,4f91cd,f1f2f3,https://a.espncdn.com/i/teamlogos/wnba/500/chi.png,98,,,
401320756,2021,2,2021-09-19,2021-09-19 18:00:00-04:00,19,s:40~l:59~t:19,chicago-sky,Chicago,SKY,CHI,Chicago Sky,Sky,4f91cd,f1f2f3,https://a.espncdn.com/i/teamlogos/wnba/500/chi.png,home,98,True,27,3,26,49.3,35,71,1,18,79.2,19,24,17,9,8,0,1,39.1,9,23,35,1,10,10,5,s:40~l:59~t:5,indiana-fever,Indiana,Fever,IND,Indiana Fever,Fever,e2382f,08265b,https://a.espncdn.com/i/teamlogos/wnba/500/ind.png,87,,,
401320754,2021,2,2021-09-19,2021-09-19 15:00:00-04:00,16,s:40~l:59~t:16,washington-mystics,Washington,MYSTICS,WSH,Washington Mystics,Mystics,e03a3e,09295a,https://a.espncdn.com/i/teamlogos/wnba/500/wsh.png,home,77,False,16,4,22,45.3,29,64,0,20,85.7,12,14,3,7,5,0,1,31.8,7,22,29,1,15,15,8,s:40~l:59~t:8,minnesota-lynx,Minnesota,Lynx,MIN,Minnesota Lynx,Lynx,005084,47a757,https://a.espncdn.com/i/teamlogos/wnba/500/min.png,83,,,
401370431,2021,3,2021-09-23,2021-09-23 22:00:00-04:00,11,s:40~l:59~t:11,phoenix-mercury,Phoenix,MERCURY,PHX,Phoenix Mercury,Mercury,3a267d,e56020,https://a.espncdn.com/i/teamlogos/wnba/500/phx.png,home,83,True,20,5,28,41.8,28,67,0,15,83.3,15,18,11,7,3,3,1,37.5,12,32,35,1,10,7,9,s:40~l:59~t:9,new-york-liberty,New York,Liberty,NY,New York Liberty,Liberty,0d79b9,89c9bf,https://a.espncdn.com/i/teamlogos/wnba/500/ny.png,82,,,
401370431,2021,3,2021-09-23,2021-09-23 22:00:00-04:00,9,s:40~l:59~t:9,new-york-liberty,New York,LIBERTY,NY,New York Liberty,Liberty,0d79b9,89c9bf,https://a.espncdn.com/i/teamlogos/wnba/500/ny.png,away,82,False,19,4,25,46.4,32,69,0,22,85.7,6,7,7,6,5,1,0,42.9,12,28,31,0,10,9,11,s:40~l:59~t:11,phoenix-mercury,Phoenix,Mercury,PHX,Phoenix Mercury,Mercury,3a267d,e56020,https://a.espncdn.com/i/teamlogos/wnba/500/phx.png,83,,,
401370430,2021,3,2021-09-23,2021-09-23 20:00:00-04:00,19,s:40~l:59~t:19,chicago-sky,Chicago,SKY,CHI,Chicago Sky,Sky,4f91cd,f1f2f3,https://a.espncdn.com/i/teamlogos/wnba/500/chi.png,home,81,True,19,3,34,45.2,33,73,0,8,78.6,11,14,21,13,5,1,1,19.0,4,21,47,1,13,12,3,s:40~l:59~t:3,dallas-wings,Dallas,Wings,DAL,Dallas Wings,Wings,11213e,c5d646,https://a.espncdn.com/i/teamlogos/wnba/500/dal.png,64,,,
401370430,2021,3,2021-09-23,2021-09-23 20:00:00-04:00,3,s:40~l:59~t:3,dallas-wings,Dallas,WINGS,DAL,Dallas Wings,Wings,11213e,c5d646,https://a.espncdn.com/i/teamlogos/wnba/500/dal.png,away,64,False,14,2,26,36.2,25,69,0,18,66.7,6,9,1,9,6,1,1,36.4,8,22,35,1,12,11,19,s:40~l:59~t:19,chicago-sky,Chicago,Sky,CHI,Chicago Sky,Sky,4f91cd,f1f2f3,https://a.espncdn.com/i/teamlogos/wnba/500/chi.png,81,,,
401370433,2021,3,2021-09-26,2021-09-26 15:00:00-04:00,11,s:40~l:59~t:11,phoenix-mercury,Phoenix,MERCURY,PHX,Phoenix Mercury,Mercury,3a267d,e56020,https://a.espncdn.com/i/teamlogos/wnba/500/phx.png,away,85,True,22,8,34,40.5,32,79,0,18,54.2,13,24,12,14,8,3,0,27.6,8,29,48,0,13,10,14,s:40~l:59~t:14,seattle-storm,Seattle,Storm,SEA,Seattle Storm,Storm,05452a,f7c43c,https://a.espncdn.com/i/teamlogos/wnba/500/sea.png,80,,,
401370433,2021,3,2021-09-26,2021-09-26 15:00:00-04:00,14,s:40~l:59~t:14,seattle-storm,Seattle,STORM,SEA,Seattle Storm,Storm,05452a,f7c43c,https://a.espncdn.com/i/teamlogos/wnba/500/sea.png,home,80,False,19,7,33,36.8,28,76,0,21,93.8,15,16,6,6,5,0,0,36.0,9,25,39,0,13,13,11,s:40~l:59~t:11,phoenix-mercury,Phoenix,Mercury,PHX,Phoenix Mercury,Mercury,3a267d,e56020,https://a.espncdn.com/i/teamlogos/wnba/500/phx.png,85,,,
401370432,2021,3,2021-09-26,2021-09-26 17:00:00-04:00,19,s:40~l:59~t:19,chicago-sky,Chicago,SKY,CHI,Chicago Sky,Sky,4f91cd,f1f2f3,https://a.espncdn.com/i/teamlogos/wnba/500/chi.png,away,89,True,16,2,28,49.2,32,65,0,16,95.0,19,20,14,9,11,2,0,25.0,6,24,37,0,18,16,8,s:40~l:59~t:8,minnesota-lynx,Minnesota,Lynx,MIN,Minnesota Lynx,Lynx,005084,47a757,https://a.espncdn.com/i/teamlogos/wnba/500/min.png,76,,,
401370432,2021,3,2021-09-26,2021-09-26 17:00:00-04:00,8,s:40~l:59~t:8,minnesota-lynx,Minnesota,LYNX,MIN,Minnesota Lynx,Lynx,005084,47a757,https://a.espncdn.com/i/teamlogos/wnba/500/min.png,home,76,False,15,2,23,43.3,29,67,0,20,81.8,9,11,6,6,8,0,0,50.0,9,18,29,0,20,20,19,s:40~l:59~t:19,chicago-sky,Chicago,Sky,CHI,Chicago Sky,Sky,4f91cd,f1f2f3,https://a.espncdn.com/i/teamlogos/wnba/500/chi.png,89,,,
401370435,2021,3,2021-09-28,2021-09-28 22:00:00-04:00,17,s:40~l:59~t:17,las-vegas-aces,Las Vegas,ACES,LV,Las Vegas Aces,Aces,000000,c7cfd4,https://a.espncdn.com/i/teamlogos/wnba/500/lv.png,home,96,True,26,3,28,49.3,36,73,0,18,75.0,15,20,10,6,5,0,0,47.4,9,19,34,0,8,8,11,s:40~l:59~t:11,phoenix-mercury,Phoenix,Mercury,PHX,Phoenix Mercury,Mercury,3a267d,e56020,https://a.espncdn.com/i/teamlogos/wnba/500/phx.png,90,,,
401370435,2021,3,2021-09-28,2021-09-28 22:00:00-04:00,11,s:40~l:59~t:11,phoenix-mercury,Phoenix,MERCURY,PHX,Phoenix Mercury,Mercury,3a267d,e56020,https://a.espncdn.com/i/teamlogos/wnba/500/phx.png,away,90,False,25,5,24,47.9,34,71,0,18,81.3,13,16,9,6,4,1,0,29.0,9,31,30,0,7,6,17,s:40~l:59~t:17,las-vegas-aces,Las Vegas,Aces,LV,Las Vegas Aces,Aces,000000,c7cfd4,https://a.espncdn.com/i/teamlogos/wnba/500/lv.png,96,,,
401370434,2021,3,2021-09-28,2021-09-28 20:00:00-04:00,18,s:40~l:59~t:18,connecticut-sun,Connecticut,SUN,CONN,Connecticut Sun,Sun,de6b36,002d62,https://a.espncdn.com/i/teamlogos/wnba/500/conn.png,home,95,False,17,7,25,37.8,34,90,0,20,71.0,22,31,5,17,11,0,0,29.4,5,17,42,0,12,12,19,s:40~l:59~t:19,chicago-sky,Chicago,Sky,CHI,Chicago Sky,Sky,4f91cd,f1f2f3,https://a.espncdn.com/i/teamlogos/wnba/500/chi.png,101,,,
401370434,2021,3,2021-09-28,2021-09-28 20:00:00-04:00,19,s:40~l:59~t:19,chicago-sky,Chicago,SKY,CHI,Chicago Sky,Sky,4f91cd,f1f2f3,https://a.espncdn.com/i/teamlogos/wnba/500/chi.png,away,101,True,31,5,38,49.4,38,77,0,22,81.0,17,21,11,4,8,1,0,36.4,8,22,42,0,20,19,18,s:40~l:59~t:18,connecticut-sun,Connecticut,Sun,CONN,Connecticut Sun,Sun,de6b36,002d62,https://a.espncdn.com/i/teamlogos/wnba/500/conn.png,95,,,
401370436,2021,3,2021-09-30,2021-09-30 20:00:00-04:00,19,s:40~l:59~t:19,chicago-sky,Chicago,SKY,CHI,Chicago Sky,Sky,4f91cd,f1f2f3,https://a.espncdn.com/i/teamlogos/wnba/500/chi.png,away,68,False,17,8,20,39.7,25,63,0,15,91.7,11,12,11,6,6,3,0,26.9,7,26,26,0,14,11,18,s:40~l:59~t:18,connecticut-sun,Connecticut,Sun,CONN,Connecticut Sun,Sun,de6b36,002d62,https://a.espncdn.com/i/teamlogos/wnba/500/conn.png,79,,,
401370437,2021,3,2021-09-30,2021-09-30 22:00:00-04:00,17,s:40~l:59~t:17,las-vegas-aces,Las Vegas,ACES,LV,Las Vegas Aces,Aces,000000,c7cfd4,https://a.espncdn.com/i/teamlogos/wnba/500/lv.png,home,91,False,21,3,20,52.2,36,69,0,16,68.2,15,22,0,3,10,1,1,25.0,4,16,23,1,7,6,11,s:40~l:59~t:11,phoenix-mercury,Phoenix,Mercury,PHX,Phoenix Mercury,Mercury,3a267d,e56020,https://a.espncdn.com/i/teamlogos/wnba/500/phx.png,117,,,
401370437,2021,3,2021-09-30,2021-09-30 22:00:00-04:00,11,s:40~l:59~t:11,phoenix-mercury,Phoenix,MERCURY,PHX,Phoenix Mercury,Mercury,3a267d,e56020,https://a.espncdn.com/i/teamlogos/wnba/500/phx.png,away,117,True,26,5,31,60.6,40,66,0,21,95.8,23,24,26,5,3,0,0,53.8,14,26,36,0,14,14,17,s:40~l:59~t:17,las-vegas-aces,Las Vegas,Aces,LV,Las Vegas Aces,Aces,000000,c7cfd4,https://a.espncdn.com/i/teamlogos/wnba/500/lv.png,91,,,
401370436,2021,3,2021-09-30,2021-09-30 20:00:00-04:00,18,s:40~l:59~t:18,connecticut-sun,Connecticut,SUN,CONN,Connecticut Sun,Sun,de6b36,002d62,https://a.espncdn.com/i/teamlogos/wnba/500/conn.png,home,79,True,21,4,27,47.0,31,66,0,11,61.1,11,18,14,12,7,1,1,46.2,6,13,39,1,12,11,19,s:40~l:59~t:19,chicago-sky,Chicago,Sky,CHI,Chicago Sky,Sky,4f91cd,f1f2f3,https://a.espncdn.com/i/teamlogos/wnba/500/chi.png,68,,,
401370439,2021,3,2021-10-03,2021-10-03 13:00:00-04:00,18,s:40~l:59~t:18,connecticut-sun,Connecticut,SUN,CONN,Connecticut Sun,Sun,de6b36,002d62,https://a.espncdn.com/i/teamlogos/wnba/500/conn.png,away,83,False,23,7,23,48.5,33,68,0,17,80.0,8,10,8,7,9,1,0,45.0,9,20,30,0,17,16,19,s:40~l:59~t:19,chicago-sky,Chicago,Sky,CHI,Chicago Sky,Sky,4f91cd,f1f2f3,https://a.espncdn.com/i/teamlogos/wnba/500/chi.png,86,,,
401370439,2021,3,2021-10-03,2021-10-03 13:00:00-04:00,19,s:40~l:59~t:19,chicago-sky,Chicago,SKY,CHI,Chicago Sky,Sky,4f91cd,f1f2f3,https://a.espncdn.com/i/teamlogos/wnba/500/chi.png,home,86,True,21,4,23,46.3,31,67,1,13,78.9,15,19,6,12,10,2,0,45.0,9,20,35,0,14,12,18,s:40~l:59~t:18,connecticut-sun,Connecticut,Sun,CONN,Connecticut Sun,Sun,de6b36,002d62,https://a.espncdn.com/i/teamlogos/wnba/500/conn.png,83,,,
401370438,2021,3,2021-10-03,2021-10-03 15:00:00-04:00,17,s:40~l:59~t:17,las-vegas-aces,Las Vegas,ACES,LV,Las Vegas Aces,Aces,000000,c7cfd4,https://a.espncdn.com/i/teamlogos/wnba/500/lv.png,away,60,False,12,3,26,30.9,21,68,0,16,72.7,16,22,0,3,7,0,1,14.3,2,14,29,1,8,8,11,s:40~l:59~t:11,phoenix-mercury,Phoenix,Mercury,PHX,Phoenix Mercury,Mercury,3a267d,e56020,https://a.espncdn.com/i/teamlogos/wnba/500/phx.png,87,,,
401370438,2021,3,2021-10-03,2021-10-03 15:00:00-04:00,11,s:40~l:59~t:11,phoenix-mercury,Phoenix,MERCURY,PHX,Phoenix Mercury,Mercury,3a267d,e56020,https://a.espncdn.com/i/teamlogos/wnba/500/phx.png,home,87,True,24,6,45,44.3,35,79,0,20,84.6,11,13,27,13,4,1,0,28.6,6,21,58,0,13,12,17,s:40~l:59~t:17,las-vegas-aces,Las Vegas,Aces,LV,Las Vegas Aces,Aces,000000,c7cfd4,https://a.espncdn.com/i/teamlogos/wnba/500/lv.png,60,,,
401370440,2021,3,2021-10-06,2021-10-06 22:00:00-04:00,11,s:40~l:59~t:11,phoenix-mercury,Phoenix,MERCURY,PHX,Phoenix Mercury,Mercury,3a267d,e56020,https://a.espncdn.com/i/teamlogos/wnba/500/phx.png,home,76,False,20,6,26,41.3,31,75,0,14,66.7,6,9,9,9,6,3,0,42.1,8,19,35,0,19,16,17,s:40~l:59~t:17,las-vegas-aces,Las Vegas,Aces,LV,Las Vegas Aces,Aces,000000,c7cfd4,https://a.espncdn.com/i/teamlogos/wnba/500/lv.png,93,,,
401370440,2021,3,2021-10-06,2021-10-06 22:00:00-04:00,17,s:40~l:59~t:17,las-vegas-aces,Las Vegas,ACES,LV,Las Vegas Aces,Aces,000000,c7cfd4,https://a.espncdn.com/i/teamlogos/wnba/500/lv.png,away,93,True,22,5,27,48.1,37,77,0,13,72.7,8,11,27,10,9,0,0,50.0,11,22,37,0,10,10,11,s:40~l:59~t:11,phoenix-mercury,Phoenix,Mercury,PHX,Phoenix Mercury,Mercury,3a267d,e56020,https://a.espncdn.com/i/teamlogos/wnba/500/phx.png,76,,,
401370441,2021,3,2021-10-06,2021-10-06 20:00:00-04:00,19,s:40~l:59~t:19,chicago-sky,Chicago,SKY,CHI,Chicago Sky,Sky,4f91cd,f1f2f3,https://a.espncdn.com/i/teamlogos/wnba/500/chi.png,home,79,True,20,4,26,44.4,28,63,0,14,78.6,11,14,18,7,3,4,0,48.0,12,25,33,0,16,12,18,s:40~l:59~t:18,connecticut-sun,Connecticut,Sun,CONN,Connecticut Sun,Sun,de6b36,002d62,https://a.espncdn.com/i/teamlogos/wnba/500/conn.png,69,,,
401370441,2021,3,2021-10-06,2021-10-06 20:00:00-04:00,18,s:40~l:59~t:18,connecticut-sun,Connecticut,SUN,CONN,Connecticut Sun,Sun,de6b36,002d62,https://a.espncdn.com/i/teamlogos/wnba/500/conn.png,away,69,False,13,8,23,38.1,24,63,0,11,86.7,13,15,0,11,9,3,2,47.1,8,17,34,2,16,13,19,s:40~l:59~t:19,chicago-sky,Chicago,Sky,CHI,Chicago Sky,Sky,4f91cd,f1f2f3,https://a.espncdn.com/i/teamlogos/wnba/500/chi.png,79,,,
401370442,2021,3,2021-10-08,2021-10-08 21:00:00-04:00,17,s:40~l:59~t:17,las-vegas-aces,Las Vegas,ACES,LV,Las Vegas Aces,Aces,000000,c7cfd4,https://a.espncdn.com/i/teamlogos/wnba/500/lv.png,home,84,False,16,0,26,42.0,29,69,0,18,100.0,20,20,10,12,8,0,0,30.0,6,20,38,0,16,16,11,s:40~l:59~t:11,phoenix-mercury,Phoenix,Mercury,PHX,Phoenix Mercury,Mercury,3a267d,e56020,https://a.espncdn.com/i/teamlogos/wnba/500/phx.png,87,,,
401370442,2021,3,2021-10-08,2021-10-08 21:00:00-04:00,11,s:40~l:59~t:11,phoenix-mercury,Phoenix,MERCURY,PHX,Phoenix Mercury,Mercury,3a267d,e56020,https://a.espncdn.com/i/teamlogos/wnba/500/phx.png,away,87,True,16,6,24,46.2,30,65,0,17,84.6,22,26,10,5,9,0,0,23.8,5,21,29,0,11,11,17,s:40~l:59~t:17,las-vegas-aces,Las Vegas,Aces,LV,Las Vegas Aces,Aces,000000,c7cfd4,https://a.espncdn.com/i/teamlogos/wnba/500/lv.png,84,,,
401370395,2021,3,2021-10-10,2021-10-10 15:00:00-04:00,19,s:40~l:59~t:19,chicago-sky,Chicago,SKY,CHI,Chicago Sky,Sky,4f91cd,f1f2f3,https://a.espncdn.com/i/teamlogos/wnba/500/chi.png,away,91,True,24,4,24,52.9,36,68,0,21,100.0,11,11,23,10,6,3,0,34.8,8,23,34,0,18,15,11,s:40~l:59~t:11,phoenix-mercury,Phoenix,Mercury,PHX,Phoenix Mercury,Mercury,3a267d,e56020,https://a.espncdn.com/i/teamlogos/wnba/500/phx.png,77,,,
401370395,2021,3,2021-10-10,2021-10-10 15:00:00-04:00,11,s:40~l:59~t:11,phoenix-mercury,Phoenix,MERCURY,PHX,Phoenix Mercury,Mercury,3a267d,e56020,https://a.espncdn.com/i/teamlogos/wnba/500/phx.png,home,77,False,17,1,18,43.5,27,62,0,18,84.2,16,19,9,11,8,1,1,46.7,7,15,29,1,19,18,19,s:40~l:59~t:19,chicago-sky,Chicago,Sky,CHI,Chicago Sky,Sky,4f91cd,f1f2f3,https://a.espncdn.com/i/teamlogos/wnba/500/chi.png,91,,,
401370396,2021,3,2021-10-13,2021-10-13 21:00:00-04:00,11,s:40~l:59~t:11,phoenix-mercury,Phoenix,MERCURY,PHX,Phoenix Mercury,Mercury,3a267d,e56020,https://a.espncdn.com/i/teamlogos/wnba/500/phx.png,home,91,True,25,7,28,44.4,36,81,0,13,90.9,10,11,6,9,9,1,0,34.6,9,26,37,0,13,12,19,s:40~l:59~t:19,chicago-sky,Chicago,Sky,CHI,Chicago Sky,Sky,4f91cd,f1f2f3,https://a.espncdn.com/i/teamlogos/wnba/500/chi.png,86,,,
401370396,2021,3,2021-10-13,2021-10-13 21:00:00-04:00,19,s:40~l:59~t:19,chicago-sky,Chicago,SKY,CHI,Chicago Sky,Sky,4f91cd,f1f2f3,https://a.espncdn.com/i/teamlogos/wnba/500/chi.png,away,86,False,20,7,33,46.3,37,80,0,14,75.0,3,4,9,9,9,3,1,31.0,9,29,42,1,19,16,11,s:40~l:59~t:11,phoenix-mercury,Phoenix,Mercury,PHX,Phoenix Mercury,Mercury,3a267d,e56020,https://a.espncdn.com/i/teamlogos/wnba/500/phx.png,91,,,
401370397,2021,3,2021-10-15,2021-10-15 21:00:00-04:00,19,s:40~l:59~t:19,chicago-sky,Chicago,SKY,CHI,Chicago Sky,Sky,4f91cd,f1f2f3,https://a.espncdn.com/i/teamlogos/wnba/500/chi.png,home,86,True,22,5,27,50.0,30,60,0,16,81.8,18,22,36,7,13,1,0,44.4,8,18,34,0,13,12,11,s:40~l:59~t:11,phoenix-mercury,Phoenix,Mercury,PHX,Phoenix Mercury,Mercury,3a267d,e56020,https://a.espncdn.com/i/teamlogos/wnba/500/phx.png,50,,,
401370397,2021,3,2021-10-15,2021-10-15 21:00:00-04:00,11,s:40~l:59~t:11,phoenix-mercury,Phoenix,MERCURY,PHX,Phoenix Mercury,Mercury,3a267d,e56020,https://a.espncdn.com/i/teamlogos/wnba/500/phx.png,away,50,False,11,4,21,25.8,16,62,0,16,92.9,13,14,2,12,8,2,0,25.0,5,20,33,0,19,17,19,s:40~l:59~t:19,chicago-sky,Chicago,Sky,CHI,Chicago Sky,Sky,4f91cd,f1f2f3,https://a.espncdn.com/i/teamlogos/wnba/500/chi.png,86,,,
401370398,2021,3,2021-10-17,2021-10-17 15:11:00-04:00,19,s:40~l:59~t:19,chicago-sky,Chicago,SKY,CHI,Chicago Sky,Sky,4f91cd,f1f2f3,https://a.espncdn.com/i/teamlogos/wnba/500/chi.png,home,80,True,26,3,31,44.3,31,70,0,17,84.6,11,13,6,5,7,0,1,28.0,7,25,36,1,10,10,11,s:40~l:59~t:11,phoenix-mercury,Phoenix,Mercury,PHX,Phoenix Mercury,Mercury,3a267d,e56020,https://a.espncdn.com/i/teamlogos/wnba/500/phx.png,74,,,
401370398,2021,3,2021-10-17,2021-10-17 15:11:00-04:00,11,s:40~l:59~t:11,phoenix-mercury,Phoenix,MERCURY,PHX,Phoenix Mercury,Mercury,3a267d,e56020,https://a.espncdn.com/i/teamlogos/wnba/500/phx.png,away,74,False,20,5,29,41.2,28,68,0,14,92.3,12,13,14,5,4,0,1,30.0,6,20,34,1,15,15,19,s:40~l:59~t:19,chicago-sky,Chicago,Sky,CHI,Chicago Sky,Sky,4f91cd,f1f2f3,https://a.espncdn.com/i/teamlogos/wnba/500/chi.png,80,,,
401391651,2022,2,2022-05-06,2022-05-06 20:00:00-04:00,6,s:40~l:59~t:6,los-angeles-sparks,Los Angeles,SPARKS,LA,Los Angeles Sparks,Sparks,532481,49ac9c,https://a.espncdn.com/i/teamlogos/wnba/500/la.png,away,98,True,20,4,28,49.2,32,65,0,20,81.8,27,33,7,8,19,2,1,36.8,7,19,36,1,22,20,19,s:40~l:59~t:19,chicago-sky,Chicago,Sky,CHI,Chicago Sky,Sky,4f91cd,f1f2f3,https://a.espncdn.com/i/teamlogos/wnba/500/chi.png,91,,,
401391650,2022,2,2022-05-06,2022-05-06 19:00:00-04:00,5,s:40~l:59~t:5,indiana-fever,Indiana,FEVER,IND,Indiana Fever,Fever,e2382f,08265b,https://a.espncdn.com/i/teamlogos/wnba/500/ind.png,away,70,False,17,4,30,41.7,30,72,0,20,62.5,5,8,4,12,3,4,0,22.7,5,22,42,0,18,14,16,s:40~l:59~t:16,washington-mystics,Washington,Mystics,WSH,Washington Mystics,Mystics,e03a3e,09295a,https://a.espncdn.com/i/teamlogos/wnba/500/wsh.png,84,,,
401391650,2022,2,2022-05-06,2022-05-06 19:00:00-04:00,16,s:40~l:59~t:16,washington-mystics,Washington,MYSTICS,WSH,Washington Mystics,Mystics,e03a3e,09295a,https://a.espncdn.com/i/teamlogos/wnba/500/wsh.png,home,84,True,20,5,25,44.9,31,69,0,12,90.0,18,20,21,6,4,1,0,22.2,4,18,31,0,8,7,5,s:40~l:59~t:5,indiana-fever,Indiana,Fever,IND,Indiana Fever,Fever,e2382f,08265b,https://a.espncdn.com/i/teamlogos/wnba/500/ind.png,70,,,
401391651,2022,2,2022-05-06,2022-05-06 20:00:00-04:00,19,s:40~l:59~t:19,chicago-sky,Chicago,SKY,CHI,Chicago Sky,Sky,4f91cd,f1f2f3,https://a.espncdn.com/i/teamlogos/wnba/500/chi.png,home,91,False,28,2,25,51.4,36,70,0,22,80.0,12,15,10,6,11,0,1,31.8,7,22,31,1,25,25,6,s:40~l:59~t:6,los-angeles-sparks,Los Angeles,Sparks,LA,Los Angeles Sparks,Sparks,532481,49ac9c,https://a.espncdn.com/i/teamlogos/wnba/500/la.png,98,,,
401391652,2022,2,2022-05-06,2022-05-06 22:00:00-04:00,17,s:40~l:59~t:17,las-vegas-aces,Las Vegas,ACES,LV,Las Vegas Aces,Aces,000000,c7cfd4,https://a.espncdn.com/i/teamlogos/wnba/500/lv.png,away,106,True,27,5,33,58.2,39,67,0,23,94.4,17,18,28,5,2,0,0,52.4,11,21,38,0,16,16,11,s:40~l:59~t:11,phoenix-mercury,Phoenix,Mercury,PHX,Phoenix Mercury,Mercury,3a267d,e56020,https://a.espncdn.com/i/teamlogos/wnba/500/phx.png,88,,,
401391652,2022,2,2022-05-06,2022-05-06 22:00:00-04:00,11,s:40~l:59~t:11,phoenix-mercury,Phoenix,MERCURY,PHX,Phoenix Mercury,Mercury,3a267d,e56020,https://a.espncdn.com/i/teamlogos/wnba/500/phx.png,home,88,False,20,2,20,45.2,33,73,0,16,84.2,16,19,0,6,6,1,1,25.0,6,24,26,1,10,9,17,s:40~l:59~t:17,las-vegas-aces,Las Vegas,Aces,LV,Las Vegas Aces,Aces,000000,c7cfd4,https://a.espncdn.com/i/teamlogos/wnba/500/lv.png,106,,,
401391653,2022,2,2022-05-06,2022-05-06 22:00:00-04:00,8,s:40~l:59~t:8,minnesota-lynx,Minnesota,LYNX,MIN,Minnesota Lynx,Lynx,005084,47a757,https://a.espncdn.com/i/teamlogos/wnba/500/min.png,away,74,False,23,3,24,39.2,31,79,0,17,72.7,8,11,10,13,9,0,0,19.0,4,21,37,0,17,17,14,s:40~l:59~t:14,seattle-storm,Seattle,Storm,SEA,Seattle Storm,Storm,05452a,f7c43c,https://a.espncdn.com/i/teamlogos/wnba/500/sea.png,97,,,
401391653,2022,2,2022-05-06,2022-05-06 22:00:00-04:00,14,s:40~l:59~t:14,seattle-storm,Seattle,STORM,SEA,Seattle Storm,Storm,05452a,f7c43c,https://a.espncdn.com/i/teamlogos/wnba/500/sea.png,home,97,True,26,8,25,53.0,35,66,0,17,100.0,15,15,30,4,14,0,0,48.0,12,25,29,0,14,14,8,s:40~l:59~t:8,minnesota-lynx,Minnesota,Lynx,MIN,Minnesota Lynx,Lynx,005084,47a757,https://a.espncdn.com/i/teamlogos/wnba/500/min.png,74,,,
401391655,2022,2,2022-05-07,2022-05-07 20:00:00-04:00,3,s:40~l:59~t:3,dallas-wings,Dallas,WINGS,DAL,Dallas Wings,Wings,11213e,c5d646,https://a.espncdn.com/i/teamlogos/wnba/500/dal.png,home,59,False,9,7,28,24.3,17,70,0,19,77.8,21,27,0,11,12,2,2,21.1,4,19,39,2,19,17,20,s:40~l:59~t:20,atlanta-dream,Atlanta,Dream,ATL,Atlanta Dream,Dream,d02030,383a37,https://a.espncdn.com/i/teamlogos/wnba/500/atl.png,66,,,
401391655,2022,2,2022-05-07,2022-05-07 20:00:00-04:00,20,s:40~l:59~t:20,atlanta-dream,Atlanta,DREAM,ATL,Atlanta Dream,Dream,d02030,383a37,https://a.espncdn.com/i/teamlogos/wnba/500/atl.png,away,66,True,11,9,38,31.7,20,63,1,24,86.4,19,22,20,9,10,3,0,25.9,7,27,47,0,24,21,3,s:40~l:59~t:3,dallas-wings,Dallas,Wings,DAL,Dallas Wings,Wings,11213e,c5d646,https://a.espncdn.com/i/teamlogos/wnba/500/dal.png,59,,,
401391654,2022,2,2022-05-07,2022-05-07 18:00:00-04:00,9,s:40~l:59~t:9,new-york-liberty,New York,LIBERTY,NY,New York Liberty,Liberty,0d79b9,89c9bf,https://a.espncdn.com/i/teamlogos/wnba/500/ny.png,home,81,True,17,4,20,47.5,28,59,0,25,71.4,15,21,11,7,9,2,0,40.0,10,25,27,0,17,15,18,s:40~l:59~t:18,connecticut-sun,Connecticut,Sun,CONN,Connecticut Sun,Sun,de6b36,002d62,https://a.espncdn.com/i/teamlogos/wnba/500/conn.png,79,,,
401391654,2022,2,2022-05-07,2022-05-07 18:00:00-04:00,18,s:40~l:59~t:18,connecticut-sun,Connecticut,SUN,CONN,Connecticut Sun,Sun,de6b36,002d62,https://a.espncdn.com/i/teamlogos/wnba/500/conn.png,away,79,False,16,6,23,42.2,27,64,0,19,75.0,21,28,10,11,10,1,0,23.5,4,17,34,0,16,15,9,s:40~l:59~t:9,new-york-liberty,New York,Liberty,NY,New York Liberty,Liberty,0d79b9,89c9bf,https://a.espncdn.com/i/teamlogos/wnba/500/ny.png,81,,,
401391656,2022,2,2022-05-08,2022-05-08 15:00:00-04:00,6,s:40~l:59~t:6,los-angeles-sparks,Los Angeles,SPARKS,LA,Los Angeles Sparks,Sparks,532481,49ac9c,https://a.espncdn.com/i/teamlogos/wnba/500/la.png,away,87,True,18,5,30,47.9,34,71,0,16,90.0,18,20,13,11,15,2,0,10.0,1,10,41,0,21,19,5,s:40~l:59~t:5,indiana-fever,Indiana,Fever,IND,Indiana Fever,Fever,e2382f,08265b,https://a.espncdn.com/i/teamlogos/wnba/500/ind.png,77,,,
401391656,2022,2,2022-05-08,2022-05-08 15:00:00-04:00,5,s:40~l:59~t:5,indiana-fever,Indiana,FEVER,IND,Indiana Fever,Fever,e2382f,08265b,https://a.espncdn.com/i/teamlogos/wnba/500/ind.png,home,77,False,20,6,21,37.2,29,78,0,22,64.3,9,14,4,12,11,1,0,38.5,10,26,33,0,19,18,6,s:40~l:59~t:6,los-angeles-sparks,Los Angeles,Sparks,LA,Los Angeles Sparks,Sparks,532481,49ac9c,https://a.espncdn.com/i/teamlogos/wnba/500/la.png,87,,,
401391658,2022,2,2022-05-08,2022-05-08 20:00:00-04:00,16,s:40~l:59~t:16,washington-mystics,Washington,MYSTICS,WSH,Washington Mystics,Mystics,e03a3e,09295a,https://a.espncdn.com/i/teamlogos/wnba/500/wsh.png,away,78,True,21,1,30,42.0,29,69,0,21,100.0,13,13,27,8,5,1,1,33.3,7,21,38,1,16,15,8,s:40~l:59~t:8,minnesota-lynx,Minnesota,Lynx,MIN,Minnesota Lynx,Lynx,005084,47a757,https://a.espncdn.com/i/teamlogos/wnba/500/min.png,66,,,
401391658,2022,2,2022-05-08,2022-05-08 20:00:00-04:00,8,s:40~l:59~t:8,minnesota-lynx,Minnesota,LYNX,MIN,Minnesota Lynx,Lynx,005084,47a757,https://a.espncdn.com/i/teamlogos/wnba/500/min.png,home,66,False,17,8,26,34.8,23,66,0,18,68.2,15,22,2,10,6,2,1,33.3,5,15,36,1,17,15,16,s:40~l:59~t:16,washington-mystics,Washington,Mystics,WSH,Washington Mystics,Mystics,e03a3e,09295a,https://a.espncdn.com/i/teamlogos/wnba/500/wsh.png,78,,,
401391657,2022,2,2022-05-08,2022-05-08 22:00:00-04:00,14,s:40~l:59~t:14,seattle-storm,Seattle,STORM,SEA,Seattle Storm,Storm,05452a,f7c43c,https://a.espncdn.com/i/teamlogos/wnba/500/sea.png,away,74,False,17,8,23,35.5,27,76,0,19,81.8,9,11,3,7,6,1,0,32.4,11,34,30,0,11,10,17,s:40~l:59~t:17,las-vegas-aces,Las Vegas,Aces,LV,Las Vegas Aces,Aces,000000,c7cfd4,https://a.espncdn.com/i/teamlogos/wnba/500/lv.png,85,,,
401391657,2022,2,2022-05-08,2022-05-08 22:00:00-04:00,17,s:40~l:59~t:17,las-vegas-aces,Las Vegas,ACES,LV,Las Vegas Aces,Aces,000000,c7cfd4,https://a.espncdn.com/i/teamlogos/wnba/500/lv.png,home,85,True,18,10,38,44.8,30,67,0,21,81.8,18,22,12,7,5,0,0,38.9,7,18,45,0,16,16,14,s:40~l:59~t:14,seattle-storm,Seattle,Storm,SEA,Seattle Storm,Storm,05452a,f7c43c,https://a.espncdn.com/i/teamlogos/wnba/500/sea.png,74,,,
401391660,2022,2,2022-05-10,2022-05-10 19:00:00-04:00,5,s:40~l:59~t:5,indiana-fever,Indiana,FEVER,IND,Indiana Fever,Fever,e2382f,08265b,https://a.espncdn.com/i/teamlogos/wnba/500/ind.png,home,82,True,23,7,25,44.3,31,70,1,14,73.3,11,15,12,9,12,2,1,45.0,9,20,34,1,18,16,8,s:40~l:59~t:8,minnesota-lynx,Minnesota,Lynx,MIN,Minnesota Lynx,Lynx,005084,47a757,https://a.espncdn.com/i/teamlogos/wnba/500/min.png,76,,,
401391660,2022,2,2022-05-10,2022-05-10 19:00:00-04:00,8,s:40~l:59~t:8,minnesota-lynx,Minnesota,LYNX,MIN,Minnesota Lynx,Lynx,005084,47a757,https://a.espncdn.com/i/teamlogos/wnba/500/min.png,away,76,False,23,3,25,41.6,32,77,0,16,57.1,8,14,9,15,8,1,0,21.1,4,19,40,0,19,18,5,s:40~l:59~t:5,indiana-fever,Indiana,Fever,IND,Indiana Fever,Fever,e2382f,08265b,https://a.espncdn.com/i/teamlogos/wnba/500/ind.png,82,,,
401391659,2022,2,2022-05-10,2022-05-10 19:00:00-04:00,16,s:40~l:59~t:16,washington-mystics,Washington,MYSTICS,WSH,Washington Mystics,Mystics,e03a3e,09295a,https://a.espncdn.com/i/teamlogos/wnba/500/wsh.png,home,89,True,21,7,30,44.6,33,74,0,18,82.4,14,17,17,8,10,0,2,33.3,9,27,38,2,9,9,17,s:40~l:59~t:17,las-vegas-aces,Las Vegas,Aces,LV,Las Vegas Aces,Aces,000000,c7cfd4,https://a.espncdn.com/i/teamlogos/wnba/500/lv.png,76,,,
401391659,2022,2,2022-05-10,2022-05-10 19:00:00-04:00,17,s:40~l:59~t:17,las-vegas-aces,Las Vegas,ACES,LV,Las Vegas Aces,Aces,000000,c7cfd4,https://a.espncdn.com/i/teamlogos/wnba/500/lv.png,away,76,False,16,7,29,41.5,27,65,0,16,88.9,16,18,15,5,4,0,1,35.3,6,17,34,1,16,16,16,s:40~l:59~t:16,washington-mystics,Washington,Mystics,WSH,Washington Mystics,Mystics,e03a3e,09295a,https://a.espncdn.com/i/teamlogos/wnba/500/wsh.png,89,,,
401391661,2022,2,2022-05-11,2022-05-11 19:00:00-04:00,6,s:40~l:59~t:6,los-angeles-sparks,Los Angeles,SPARKS,LA,Los Angeles Sparks,Sparks,532481,49ac9c,https://a.espncdn.com/i/teamlogos/wnba/500/la.png,away,75,False,16,8,27,34.7,25,72,0,16,82.6,19,23,3,9,5,0,0,31.6,6,19,36,0,8,8,20,s:40~l:59~t:20,atlanta-dream,Atlanta,Dream,ATL,Atlanta Dream,Dream,d02030,383a37,https://a.espncdn.com/i/teamlogos/wnba/500/atl.png,77,,,
401391661,2022,2,2022-05-11,2022-05-11 19:00:00-04:00,20,s:40~l:59~t:20,atlanta-dream,Atlanta,DREAM,ATL,Atlanta Dream,Dream,d02030,383a37,https://a.espncdn.com/i/teamlogos/wnba/500/atl.png,home,77,True,14,1,32,34.8,24,69,0,20,84.2,16,19,10,7,3,1,0,43.3,13,30,39,0,14,13,6,s:40~l:59~t:6,los-angeles-sparks,Los Angeles,Sparks,LA,Los Angeles Sparks,Sparks,532481,49ac9c,https://a.espncdn.com/i/teamlogos/wnba/500/la.png,75,,,
401391662,2022,2,2022-05-11,2022-05-11 20:00:00-04:00,9,s:40~l:59~t:9,new-york-liberty,New York,LIBERTY,NY,New York Liberty,Liberty,0d79b9,89c9bf,https://a.espncdn.com/i/teamlogos/wnba/500/ny.png,away,50,False,16,5,25,33.3,20,60,0,14,88.9,8,9,0,6,3,1,1,13.3,2,15,31,1,15,14,19,s:40~l:59~t:19,chicago-sky,Chicago,Sky,CHI,Chicago Sky,Sky,4f91cd,f1f2f3,https://a.espncdn.com/i/teamlogos/wnba/500/chi.png,83,,,
401391663,2022,2,2022-05-11,2022-05-11 22:00:00-04:00,14,s:40~l:59~t:14,seattle-storm,Seattle,STORM,SEA,Seattle Storm,Storm,05452a,f7c43c,https://a.espncdn.com/i/teamlogos/wnba/500/sea.png,away,77,False,20,3,20,38.0,27,71,0,21,75.0,12,16,4,9,10,1,1,39.3,11,28,29,1,16,15,11,s:40~l:59~t:11,phoenix-mercury,Phoenix,Mercury,PHX,Phoenix Mercury,Mercury,3a267d,e56020,https://a.espncdn.com/i/teamlogos/wnba/500/phx.png,97,,,
401391663,2022,2,2022-05-11,2022-05-11 22:00:00-04:00,11,s:40~l:59~t:11,phoenix-mercury,Phoenix,MERCURY,PHX,Phoenix Mercury,Mercury,3a267d,e56020,https://a.espncdn.com/i/teamlogos/wnba/500/phx.png,home,97,True,26,3,32,57.1,36,63,0,22,76.5,13,17,21,5,6,0,1,57.1,12,21,37,1,18,18,14,s:40~l:59~t:14,seattle-storm,Seattle,Storm,SEA,Seattle Storm,Storm,05452a,f7c43c,https://a.espncdn.com/i/teamlogos/wnba/500/sea.png,77,,,
401391662,2022,2,2022-05-11,2022-05-11 20:00:00-04:00,19,s:40~l:59~t:19,chicago-sky,Chicago,SKY,CHI,Chicago Sky,Sky,4f91cd,f1f2f3,https://a.espncdn.com/i/teamlogos/wnba/500/chi.png,home,83,True,20,6,29,45.6,31,68,0,14,84.6,11,13,36,7,5,1,0,45.5,10,22,36,0,8,7,9,s:40~l:59~t:9,new-york-liberty,New York,Liberty,NY,New York Liberty,Liberty,0d79b9,89c9bf,https://a.espncdn.com/i/teamlogos/wnba/500/ny.png,50,,,
401391666,2022,2,2022-05-13,2022-05-13 20:00:00-04:00,9,s:40~l:59~t:9,new-york-liberty,New York,LIBERTY,NY,New York Liberty,Liberty,0d79b9,89c9bf,https://a.espncdn.com/i/teamlogos/wnba/500/ny.png,home,86,False,17,4,28,36.3,29,80,0,22,85.7,18,21,2,5,12,0,1,40.0,10,25,33,1,17,17,5,s:40~l:59~t:5,indiana-fever,Indiana,Fever,IND,Indiana Fever,Fever,e2382f,08265b,https://a.espncdn.com/i/teamlogos/wnba/500/ind.png,92,,,
401391666,2022,2,2022-05-13,2022-05-13 20:00:00-04:00,5,s:40~l:59~t:5,indiana-fever,Indiana,FEVER,IND,Indiana Fever,Fever,e2382f,08265b,https://a.espncdn.com/i/teamlogos/wnba/500/ind.png,away,92,True,12,5,41,38.3,31,81,1,23,79.3,23,29,10,16,9,1,0,31.8,7,22,57,0,21,20,9,s:40~l:59~t:9,new-york-liberty,New York,Liberty,NY,New York Liberty,Liberty,0d79b9,89c9bf,https://a.espncdn.com/i/teamlogos/wnba/500/ny.png,86,,,
401391665,2022,2,2022-05-13,2022-05-13 19:30:00-04:00,20,s:40~l:59~t:20,atlanta-dream,Atlanta,DREAM,ATL,Atlanta Dream,Dream,d02030,383a37,https://a.espncdn.com/i/teamlogos/wnba/500/atl.png,home,73,False,16,6,29,43.1,28,65,0,19,64.3,9,14,0,7,5,2,0,47.1,8,17,36,0,21,19,17,s:40~l:59~t:17,las-vegas-aces,Las Vegas,Aces,LV,Las Vegas Aces,Aces,000000,c7cfd4,https://a.espncdn.com/i/teamlogos/wnba/500/lv.png,96,,,
401391665,2022,2,2022-05-13,2022-05-13 19:30:00-04:00,17,s:40~l:59~t:17,las-vegas-aces,Las Vegas,ACES,LV,Las Vegas Aces,Aces,000000,c7cfd4,https://a.espncdn.com/i/teamlogos/wnba/500/lv.png,away,96,True,24,8,25,47.1,32,68,0,16,84.2,16,19,27,6,11,0,0,45.7,16,35,31,0,13,13,20,s:40~l:59~t:20,atlanta-dream,Atlanta,Dream,ATL,Atlanta Dream,Dream,d02030,383a37,https://a.espncdn.com/i/teamlogos/wnba/500/atl.png,73,,,
401391664,2022,2,2022-05-13,2022-05-13 19:00:00-04:00,16,s:40~l:59~t:16,washington-mystics,Washington,MYSTICS,WSH,Washington Mystics,Mystics,e03a3e,09295a,https://a.espncdn.com/i/teamlogos/wnba/500/wsh.png,home,86,False,23,3,25,52.5,31,59,1,19,64.7,11,17,15,7,6,3,0,52.0,13,25,32,0,21,18,3,s:40~l:59~t:3,dallas-wings,Dallas,Wings,DAL,Dallas Wings,Wings,11213e,c5d646,https://a.espncdn.com/i/teamlogos/wnba/500/dal.png,94,,,
401391664,2022,2,2022-05-13,2022-05-13 19:00:00-04:00,3,s:40~l:59~t:3,dallas-wings,Dallas,WINGS,DAL,Dallas Wings,Wings,11213e,c5d646,https://a.espncdn.com/i/teamlogos/wnba/500/dal.png,away,94,True,22,3,20,47.7,31,65,0,20,82.6,19,23,17,9,8,2,0,44.8,13,29,29,0,11,9,16,s:40~l:59~t:16,washington-mystics,Washington,Mystics,WSH,Washington Mystics,Mystics,e03a3e,09295a,https://a.espncdn.com/i/teamlogos/wnba/500/wsh.png,86,,,
401391668,2022,2,2022-05-14,2022-05-14 19:00:00-04:00,18,s:40~l:59~t:18,connecticut-sun,Connecticut,SUN,CONN,Connecticut Sun,Sun,de6b36,002d62,https://a.espncdn.com/i/teamlogos/wnba/500/conn.png,home,77,True,17,2,26,40.0,28,70,0,23,76.2,16,21,24,19,14,1,0,25.0,5,20,45,0,20,19,6,s:40~l:59~t:6,los-angeles-sparks,Los Angeles,Sparks,LA,Los Angeles Sparks,Sparks,532481,49ac9c,https://a.espncdn.com/i/teamlogos/wnba/500/la.png,60,,,
401391669,2022,2,2022-05-14,2022-05-14 20:00:00-04:00,8,s:40~l:59~t:8,minnesota-lynx,Minnesota,LYNX,MIN,Minnesota Lynx,Lynx,005084,47a757,https://a.espncdn.com/i/teamlogos/wnba/500/min.png,home,78,False,23,3,28,49.2,29,59,0,21,60.9,14,23,2,9,2,0,0,37.5,6,16,37,0,15,15,19,s:40~l:59~t:19,chicago-sky,Chicago,Sky,CHI,Chicago Sky,Sky,4f91cd,f1f2f3,https://a.espncdn.com/i/teamlogos/wnba/500/chi.png,82,,,
401391669,2022,2,2022-05-14,2022-05-14 20:00:00-04:00,19,s:40~l:59~t:19,chicago-sky,Chicago,SKY,CHI,Chicago Sky,Sky,4f91cd,f1f2f3,https://a.espncdn.com/i/teamlogos/wnba/500/chi.png,away,82,True,23,4,20,40.6,28,69,0,20,90.0,18,20,14,8,9,2,0,33.3,8,24,28,0,7,5,8,s:40~l:59~t:8,minnesota-lynx,Minnesota,Lynx,MIN,Minnesota Lynx,Lynx,005084,47a757,https://a.espncdn.com/i/teamlogos/wnba/500/min.png,78,,,
401391668,2022,2,2022-05-14,2022-05-14 19:00:00-04:00,6,s:40~l:59~t:6,los-angeles-sparks,Los Angeles,SPARKS,LA,Los Angeles Sparks,Sparks,532481,49ac9c,https://a.espncdn.com/i/teamlogos/wnba/500/la.png,away,60,False,11,2,13,35.2,19,54,1,23,86.4,19,22,0,8,11,1,0,25.0,3,12,21,0,20,19,18,s:40~l:59~t:18,connecticut-sun,Connecticut,Sun,CONN,Connecticut Sun,Sun,de6b36,002d62,https://a.espncdn.com/i/teamlogos/wnba/500/conn.png,77,,,
401391667,2022,2,2022-05-14,2022-05-14 15:00:00-04:00,14,s:40~l:59~t:14,seattle-storm,Seattle,STORM,SEA,Seattle Storm,Storm,05452a,f7c43c,https://a.espncdn.com/i/teamlogos/wnba/500/sea.png,home,64,False,12,8,25,31.2,24,77,0,11,80.0,8,10,4,14,8,0,0,25.8,8,31,39,0,10,10,11,s:40~l:59~t:11,phoenix-mercury,Phoenix,Mercury,PHX,Phoenix Mercury,Mercury,3a267d,e56020,https://a.espncdn.com/i/teamlogos/wnba/500/phx.png,69,,,
401391667,2022,2,2022-05-14,2022-05-14 15:00:00-04:00,11,s:40~l:59~t:11,phoenix-mercury,Phoenix,MERCURY,PHX,Phoenix Mercury,Mercury,3a267d,e56020,https://a.espncdn.com/i/teamlogos/wnba/500/phx.png,away,69,True,19,2,35,37.7,26,69,0,14,62.5,5,8,6,7,6,4,1,37.5,12,32,42,1,16,12,14,s:40~l:59~t:14,seattle-storm,Seattle,Storm,SEA,Seattle Storm,Storm,05452a,f7c43c,https://a.espncdn.com/i/teamlogos/wnba/500/sea.png,64,,,
401391670,2022,2,2022-05-15,2022-05-15 14:00:00-04:00,9,s:40~l:59~t:9,new-york-liberty,New York,LIBERTY,NY,New York Liberty,Liberty,0d79b9,89c9bf,https://a.espncdn.com/i/teamlogos/wnba/500/ny.png,home,71,False,18,4,24,48.3,29,60,0,20,54.5,6,11,7,4,7,1,0,31.8,7,22,28,0,18,17,3,s:40~l:59~t:3,dallas-wings,Dallas,Wings,DAL,Dallas Wings,Wings,11213e,c5d646,https://a.espncdn.com/i/teamlogos/wnba/500/dal.png,81,,,
401391670,2022,2,2022-05-15,2022-05-15 14:00:00-04:00,3,s:40~l:59~t:3,dallas-wings,Dallas,WINGS,DAL,Dallas Wings,Wings,11213e,c5d646,https://a.espncdn.com/i/teamlogos/wnba/500/dal.png,away,81,True,16,2,25,44.4,28,63,0,19,80.0,16,20,11,8,6,1,0,45.0,9,20,33,0,15,14,9,s:40~l:59~t:9,new-york-liberty,New York,Liberty,NY,New York Liberty,Liberty,0d79b9,89c9bf,https://a.espncdn.com/i/teamlogos/wnba/500/ny.png,71,,,
401391671,2022,2,2022-05-15,2022-05-15 15:00:00-04:00,5,s:40~l:59~t:5,indiana-fever,Indiana,FEVER,IND,Indiana Fever,Fever,e2382f,08265b,https://a.espncdn.com/i/teamlogos/wnba/500/ind.png,home,79,False,19,2,21,41.2,28,68,0,23,63.2,12,19,5,8,4,0,1,47.8,11,23,29,1,17,17,20,s:40~l:59~t:20,atlanta-dream,Atlanta,Dream,ATL,Atlanta Dream,Dream,d02030,383a37,https://a.espncdn.com/i/teamlogos/wnba/500/atl.png,85,,,
401391671,2022,2,2022-05-15,2022-05-15 15:00:00-04:00,20,s:40~l:59~t:20,atlanta-dream,Atlanta,DREAM,ATL,Atlanta Dream,Dream,d02030,383a37,https://a.espncdn.com/i/teamlogos/wnba/500/atl.png,away,85,True,12,3,28,49.1,28,57,0,23,76.7,23,30,13,4,8,1,1,35.3,6,17,32,1,20,19,5,s:40~l:59~t:5,indiana-fever,Indiana,Fever,IND,Indiana Fever,Fever,e2382f,08265b,https://a.espncdn.com/i/teamlogos/wnba/500/ind.png,79,,,
401391672,2022,2,2022-05-17,2022-05-17 19:00:00-04:00,18,s:40~l:59~t:18,connecticut-sun,Connecticut,SUN,CONN,Connecticut Sun,Sun,de6b36,002d62,https://a.espncdn.com/i/teamlogos/wnba/500/conn.png,away,92,True,16,2,21,48.4,30,62,0,21,89.3,25,28,34,5,16,1,1,46.7,7,15,26,1,18,17,9,s:40~l:59~t:9,new-york-liberty,New York,Liberty,NY,New York Liberty,Liberty,0d79b9,89c9bf,https://a.espncdn.com/i/teamlogos/wnba/500/ny.png,65,,,
401391672,2022,2,2022-05-17,2022-05-17 19:00:00-04:00,9,s:40~l:59~t:9,new-york-liberty,New York,LIBERTY,NY,New York Liberty,Liberty,0d79b9,89c9bf,https://a.espncdn.com/i/teamlogos/wnba/500/ny.png,home,65,False,13,2,23,42.3,22,52,0,22,77.8,14,18,8,5,9,3,0,31.8,7,22,28,0,32,29,18,s:40~l:59~t:18,connecticut-sun,Connecticut,Sun,CONN,Connecticut Sun,Sun,de6b36,002d62,https://a.espncdn.com/i/teamlogos/wnba/500/conn.png,92,,,
401391673,2022,2,2022-05-17,2022-05-17 19:00:00-04:00,5,s:40~l:59~t:5,indiana-fever,Indiana,FEVER,IND,Indiana Fever,Fever,e2382f,08265b,https://a.espncdn.com/i/teamlogos/wnba/500/ind.png,home,79,False,22,6,21,37.5,30,80,0,22,68.4,13,19,0,15,6,0,0,20.0,6,30,36,0,12,12,20,s:40~l:59~t:20,atlanta-dream,Atlanta,Dream,ATL,Atlanta Dream,Dream,d02030,383a37,https://a.espncdn.com/i/teamlogos/wnba/500/atl.png,101,,,
401391673,2022,2,2022-05-17,2022-05-17 19:00:00-04:00,20,s:40~l:59~t:20,atlanta-dream,Atlanta,DREAM,ATL,Atlanta Dream,Dream,d02030,383a37,https://a.espncdn.com/i/teamlogos/wnba/500/atl.png,away,101,True,19,2,31,54.0,34,63,0,26,88.5,23,26,25,4,8,2,1,45.5,10,22,35,1,15,13,5,s:40~l:59~t:5,indiana-fever,Indiana,Fever,IND,Indiana Fever,Fever,e2382f,08265b,https://a.espncdn.com/i/teamlogos/wnba/500/ind.png,79,,,
401391674,2022,2,2022-05-17,2022-05-17 20:00:00-04:00,16,s:40~l:59~t:16,washington-mystics,Washington,MYSTICS,WSH,Washington Mystics,Mystics,e03a3e,09295a,https://a.espncdn.com/i/teamlogos/wnba/500/wsh.png,away,84,True,23,2,30,51.5,34,66,0,17,72.7,8,11,21,7,10,0,0,50.0,8,16,37,0,13,13,3,s:40~l:59~t:3,dallas-wings,Dallas,Wings,DAL,Dallas Wings,Wings,11213e,c5d646,https://a.espncdn.com/i/teamlogos/wnba/500/dal.png,68,,,
401391676,2022,2,2022-05-17,2022-05-17 22:30:00-04:00,8,s:40~l:59~t:8,minnesota-lynx,Minnesota,LYNX,MIN,Minnesota Lynx,Lynx,005084,47a757,https://a.espncdn.com/i/teamlogos/wnba/500/min.png,away,87,True,19,2,27,48.4,31,64,0,21,84.2,16,19,9,13,9,1,0,52.9,9,17,40,0,19,18,6,s:40~l:59~t:6,los-angeles-sparks,Los Angeles,Sparks,LA,Los Angeles Sparks,Sparks,532481,49ac9c,https://a.espncdn.com/i/teamlogos/wnba/500/la.png,84,,,
401391675,2022,2,2022-05-17,2022-05-17 22:00:00-04:00,11,s:40~l:59~t:11,phoenix-mercury,Phoenix,MERCURY,PHX,Phoenix Mercury,Mercury,3a267d,e56020,https://a.espncdn.com/i/teamlogos/wnba/500/phx.png,away,74,False,19,2,28,43.3,26,60,0,25,93.3,14,15,12,3,4,3,0,32.0,8,25,31,0,18,15,17,s:40~l:59~t:17,las-vegas-aces,Las Vegas,Aces,LV,Las Vegas Aces,Aces,000000,c7cfd4,https://a.espncdn.com/i/teamlogos/wnba/500/lv.png,86,,,
401391675,2022,2,2022-05-17,2022-05-17 22:00:00-04:00,17,s:40~l:59~t:17,las-vegas-aces,Las Vegas,ACES,LV,Las Vegas Aces,Aces,000000,c7cfd4,https://a.espncdn.com/i/teamlogos/wnba/500/lv.png,home,86,True,19,3,26,46.8,29,62,0,20,73.1,19,26,19,3,6,1,1,39.1,9,23,29,1,10,9,11,s:40~l:59~t:11,phoenix-mercury,Phoenix,Mercury,PHX,Phoenix Mercury,Mercury,3a267d,e56020,https://a.espncdn.com/i/teamlogos/wnba/500/phx.png,74,,,
401391676,2022,2,2022-05-17,2022-05-17 22:30:00-04:00,6,s:40~l:59~t:6,los-angeles-sparks,Los Angeles,SPARKS,LA,Los Angeles Sparks,Sparks,532481,49ac9c,https://a.espncdn.com/i/teamlogos/wnba/500/la.png,home,84,False,23,6,19,47.8,32,67,0,20,70.6,12,17,8,7,10,0,0,40.0,8,20,26,0,14,14,8,s:40~l:59~t:8,minnesota-lynx,Minnesota,Lynx,MIN,Minnesota Lynx,Lynx,005084,47a757,https://a.espncdn.com/i/teamlogos/wnba/500/min.png,87,,,
401391674,2022,2,2022-05-17,2022-05-17 20:00:00-04:00,3,s:40~l:59~t:3,dallas-wings,Dallas,WINGS,DAL,Dallas Wings,Wings,11213e,c5d646,https://a.espncdn.com/i/teamlogos/wnba/500/dal.png,home,68,False,16,2,23,41.0,25,61,0,12,68.8,11,16,13,4,6,2,0,33.3,7,21,27,0,16,14,16,s:40~l:59~t:16,washington-mystics,Washington,Mystics,WSH,Washington Mystics,Mystics,e03a3e,09295a,https://a.espncdn.com/i/teamlogos/wnba/500/wsh.png,84,,,
401391677,2022,2,2022-05-18,2022-05-18 22:00:00-04:00,14,s:40~l:59~t:14,seattle-storm,Seattle,STORM,SEA,Seattle Storm,Storm,05452a,f7c43c,https://a.espncdn.com/i/teamlogos/wnba/500/sea.png,home,74,True,26,3,23,41.4,29,70,0,14,57.1,8,14,15,12,10,1,0,28.6,8,28,35,0,17,16,19,s:40~l:59~t:19,chicago-sky,Chicago,Sky,CHI,Chicago Sky,Sky,4f91cd,f1f2f3,https://a.espncdn.com/i/teamlogos/wnba/500/chi.png,71,,,
401391677,2022,2,2022-05-18,2022-05-18 22:00:00-04:00,19,s:40~l:59~t:19,chicago-sky,Chicago,SKY,CHI,Chicago Sky,Sky,4f91cd,f1f2f3,https://a.espncdn.com/i/teamlogos/wnba/500/chi.png,away,71,False,26,1,22,46.2,30,65,0,15,71.4,5,7,1,8,7,2,0,35.3,6,17,30,0,19,17,14,s:40~l:59~t:14,seattle-storm,Seattle,Storm,SEA,Seattle Storm,Storm,05452a,f7c43c,https://a.espncdn.com/i/teamlogos/wnba/500/sea.png,74,,,
401391679,2022,2,2022-05-19,2022-05-19 22:00:00-04:00,11,s:40~l:59~t:11,phoenix-mercury,Phoenix,MERCURY,PHX,Phoenix Mercury,Mercury,3a267d,e56020,https://a.espncdn.com/i/teamlogos/wnba/500/phx.png,home,84,False,15,3,26,39.7,29,73,1,18,91.3,21,23,2,7,3,1,1,20.8,5,24,33,1,5,4,3,s:40~l:59~t:3,dallas-wings,Dallas,Wings,DAL,Dallas Wings,Wings,11213e,c5d646,https://a.espncdn.com/i/teamlogos/wnba/500/dal.png,94,,,
401391679,2022,2,2022-05-19,2022-05-19 22:00:00-04:00,3,s:40~l:59~t:3,dallas-wings,Dallas,WINGS,DAL,Dallas Wings,Wings,11213e,c5d646,https://a.espncdn.com/i/teamlogos/wnba/500/dal.png,away,94,True,25,8,31,47.2,34,72,0,20,88.2,15,17,11,7,3,0,0,44.0,11,25,38,0,9,9,11,s:40~l:59~t:11,phoenix-mercury,Phoenix,Mercury,PHX,Phoenix Mercury,Mercury,3a267d,e56020,https://a.espncdn.com/i/teamlogos/wnba/500/phx.png,84,,,
401391678,2022,2,2022-05-19,2022-05-19 22:00:00-04:00,17,s:40~l:59~t:17,las-vegas-aces,Las Vegas,ACES,LV,Las Vegas Aces,Aces,000000,c7cfd4,https://a.espncdn.com/i/teamlogos/wnba/500/lv.png,home,93,True,22,1,22,46.3,31,67,0,15,75.9,22,29,13,10,8,1,1,33.3,9,27,32,1,11,10,8,s:40~l:59~t:8,minnesota-lynx,Minnesota,Lynx,MIN,Minnesota Lynx,Lynx,005084,47a757,https://a.espncdn.com/i/teamlogos/wnba/500/min.png,87,,,
401391678,2022,2,2022-05-19,2022-05-19 22:00:00-04:00,8,s:40~l:59~t:8,minnesota-lynx,Minnesota,LYNX,MIN,Minnesota Lynx,Lynx,005084,47a757,https://a.espncdn.com/i/teamlogos/wnba/500/min.png,away,87,False,21,5,28,45.6,31,68,1,21,86.4,19,22,0,8,5,2,0,28.6,6,21,36,0,12,10,17,s:40~l:59~t:17,las-vegas-aces,Las Vegas,Aces,LV,Las Vegas Aces,Aces,000000,c7cfd4,https://a.espncdn.com/i/teamlogos/wnba/500/lv.png,93,,,
401391680,2022,2,2022-05-20,2022-05-20 19:00:00-04:00,18,s:40~l:59~t:18,connecticut-sun,Connecticut,SUN,CONN,Connecticut Sun,Sun,de6b36,002d62,https://a.espncdn.com/i/teamlogos/wnba/500/conn.png,home,94,True,19,2,20,43.7,31,71,0,18,72.4,21,29,12,11,11,2,0,57.9,11,19,31,0,17,15,5,s:40~l:59~t:5,indiana-fever,Indiana,Fever,IND,Indiana Fever,Fever,e2382f,08265b,https://a.espncdn.com/i/teamlogos/wnba/500/ind.png,85,,,
401391681,2022,2,2022-05-20,2022-05-20 19:30:00-04:00,16,s:40~l:59~t:16,washington-mystics,Washington,MYSTICS,WSH,Washington Mystics,Mystics,e03a3e,09295a,https://a.espncdn.com/i/teamlogos/wnba/500/wsh.png,away,78,True,19,3,27,45.5,25,55,0,18,80.6,25,31,8,6,9,1,1,16.7,3,18,33,1,18,17,20,s:40~l:59~t:20,atlanta-dream,Atlanta,Dream,ATL,Atlanta Dream,Dream,d02030,383a37,https://a.espncdn.com/i/teamlogos/wnba/500/atl.png,73,,,
401391680,2022,2,2022-05-20,2022-05-20 19:00:00-04:00,5,s:40~l:59~t:5,indiana-fever,Indiana,FEVER,IND,Indiana Fever,Fever,e2382f,08265b,https://a.espncdn.com/i/teamlogos/wnba/500/ind.png,away,85,False,14,2,22,54.0,34,63,0,27,84.6,11,13,6,3,7,2,0,40.0,6,15,25,0,21,19,18,s:40~l:59~t:18,connecticut-sun,Connecticut,Sun,CONN,Connecticut Sun,Sun,de6b36,002d62,https://a.espncdn.com/i/teamlogos/wnba/500/conn.png,94,,,
401391682,2022,2,2022-05-20,2022-05-20 22:00:00-04:00,6,s:40~l:59~t:6,los-angeles-sparks,Los Angeles,SPARKS,LA,Los Angeles Sparks,Sparks,532481,49ac9c,https://a.espncdn.com/i/teamlogos/wnba/500/la.png,away,80,False,16,7,26,52.5,32,61,0,21,76.5,13,17,0,5,6,1,0,21.4,3,14,31,0,16,15,14,s:40~l:59~t:14,seattle-storm,Seattle,Storm,SEA,Seattle Storm,Storm,05452a,f7c43c,https://a.espncdn.com/i/teamlogos/wnba/500/sea.png,83,,,
401391682,2022,2,2022-05-20,2022-05-20 22:00:00-04:00,14,s:40~l:59~t:14,seattle-storm,Seattle,STORM,SEA,Seattle Storm,Storm,05452a,f7c43c,https://a.espncdn.com/i/teamlogos/wnba/500/sea.png,home,83,True,27,3,24,42.0,29,69,0,18,81.0,17,21,18,8,9,2,0,28.6,8,28,32,0,12,10,6,s:40~l:59~t:6,los-angeles-sparks,Los Angeles,Sparks,LA,Los Angeles Sparks,Sparks,532481,49ac9c,https://a.espncdn.com/i/teamlogos/wnba/500/la.png,80,,,
401391681,2022,2,2022-05-20,2022-05-20 19:30:00-04:00,20,s:40~l:59~t:20,atlanta-dream,Atlanta,DREAM,ATL,Atlanta Dream,Dream,d02030,383a37,https://a.espncdn.com/i/teamlogos/wnba/500/atl.png,home,73,False,16,1,18,40.9,27,66,0,26,78.6,11,14,10,8,9,1,0,33.3,8,24,26,0,15,14,16,s:40~l:59~t:16,washington-mystics,Washington,Mystics,WSH,Washington Mystics,Mystics,e03a3e,09295a,https://a.espncdn.com/i/teamlogos/wnba/500/wsh.png,78,,,
401391684,2022,2,2022-05-21,2022-05-21 20:00:00-04:00,8,s:40~l:59~t:8,minnesota-lynx,Minnesota,LYNX,MIN,Minnesota Lynx,Lynx,005084,47a757,https://a.espncdn.com/i/teamlogos/wnba/500/min.png,away,78,False,20,7,20,44.3,27,61,0,14,79.2,19,24,8,4,7,2,0,45.5,5,11,24,0,15,13,3,s:40~l:59~t:3,dallas-wings,Dallas,Wings,DAL,Dallas Wings,Wings,11213e,c5d646,https://a.espncdn.com/i/teamlogos/wnba/500/dal.png,94,,,
401391683,2022,2,2022-05-21,2022-05-21 15:00:00-04:00,17,s:40~l:59~t:17,las-vegas-aces,Las Vegas,ACES,LV,Las Vegas Aces,Aces,000000,c7cfd4,https://a.espncdn.com/i/teamlogos/wnba/500/lv.png,home,100,True,18,5,26,47.9,34,71,0,22,76.7,23,30,28,9,10,1,0,33.3,9,27,35,0,10,9,11,s:40~l:59~t:11,phoenix-mercury,Phoenix,Mercury,PHX,Phoenix Mercury,Mercury,3a267d,e56020,https://a.espncdn.com/i/teamlogos/wnba/500/phx.png,80,,,
401391684,2022,2,2022-05-21,2022-05-21 20:00:00-04:00,3,s:40~l:59~t:3,dallas-wings,Dallas,WINGS,DAL,Dallas Wings,Wings,11213e,c5d646,https://a.espncdn.com/i/teamlogos/wnba/500/dal.png,home,94,True,20,5,24,46.6,34,73,0,26,85.0,17,20,20,15,7,0,1,33.3,9,27,39,1,15,15,8,s:40~l:59~t:8,minnesota-lynx,Minnesota,Lynx,MIN,Minnesota Lynx,Lynx,005084,47a757,https://a.espncdn.com/i/teamlogos/wnba/500/min.png,78,,,
401391683,2022,2,2022-05-21,2022-05-21 15:00:00-04:00,11,s:40~l:59~t:11,phoenix-mercury,Phoenix,MERCURY,PHX,Phoenix Mercury,Mercury,3a267d,e56020,https://a.espncdn.com/i/teamlogos/wnba/500/phx.png,away,80,False,16,6,23,41.4,29,70,0,25,65.0,13,20,9,10,3,0,0,31.0,9,29,33,0,15,15,17,s:40~l:59~t:17,las-vegas-aces,Las Vegas,Aces,LV,Las Vegas Aces,Aces,000000,c7cfd4,https://a.espncdn.com/i/teamlogos/wnba/500/lv.png,100,,,
401391686,2022,2,2022-05-22,2022-05-22 15:00:00-04:00,19,s:40~l:59~t:19,chicago-sky,Chicago,SKY,CHI,Chicago Sky,Sky,4f91cd,f1f2f3,https://a.espncdn.com/i/teamlogos/wnba/500/chi.png,away,82,True,23,4,32,54.0,34,63,0,16,75.0,9,12,14,5,8,0,0,25.0,5,20,37,0,15,15,16,s:40~l:59~t:16,washington-mystics,Washington,Mystics,WSH,Washington Mystics,Mystics,e03a3e,09295a,https://a.espncdn.com/i/teamlogos/wnba/500/wsh.png,73,,,
401391686,2022,2,2022-05-22,2022-05-22 15:00:00-04:00,16,s:40~l:59~t:16,washington-mystics,Washington,MYSTICS,WSH,Washington Mystics,Mystics,e03a3e,09295a,https://a.espncdn.com/i/teamlogos/wnba/500/wsh.png,home,73,False,21,4,21,37.5,27,72,0,12,90.9,10,11,8,8,10,1,2,42.9,9,21,29,2,13,12,19,s:40~l:59~t:19,chicago-sky,Chicago,Sky,CHI,Chicago Sky,Sky,4f91cd,f1f2f3,https://a.espncdn.com/i/teamlogos/wnba/500/chi.png,82,,,
401391685,2022,2,2022-05-22,2022-05-22 14:00:00-04:00,5,s:40~l:59~t:5,indiana-fever,Indiana,FEVER,IND,Indiana Fever,Fever,e2382f,08265b,https://a.espncdn.com/i/teamlogos/wnba/500/ind.png,home,70,False,16,1,17,34.9,22,63,0,24,85.2,23,27,3,12,6,2,0,17.6,3,17,29,0,15,13,18,s:40~l:59~t:18,connecticut-sun,Connecticut,Sun,CONN,Connecticut Sun,Sun,de6b36,002d62,https://a.espncdn.com/i/teamlogos/wnba/500/conn.png,92,,,
401391685,2022,2,2022-05-22,2022-05-22 14:00:00-04:00,18,s:40~l:59~t:18,connecticut-sun,Connecticut,SUN,CONN,Connecticut Sun,Sun,de6b36,002d62,https://a.espncdn.com/i/teamlogos/wnba/500/conn.png,away,92,True,23,2,22,51.5,35,68,0,25,80.0,16,20,24,11,7,2,0,46.2,6,13,33,0,14,12,5,s:40~l:59~t:5,indiana-fever,Indiana,Fever,IND,Indiana Fever,Fever,e2382f,08265b,https://a.espncdn.com/i/teamlogos/wnba/500/ind.png,70,,,
401391687,2022,2,2022-05-23,2022-05-23 22:00:00-04:00,17,s:40~l:59~t:17,las-vegas-aces,Las Vegas,ACES,LV,Las Vegas Aces,Aces,000000,c7cfd4,https://a.espncdn.com/i/teamlogos/wnba/500/lv.png,home,104,True,27,2,38,50.7,36,71,0,15,87.5,14,16,36,4,2,0,0,47.4,18,38,42,0,7,7,6,s:40~l:59~t:6,los-angeles-sparks,Los Angeles,Sparks,LA,Los Angeles Sparks,Sparks,532481,49ac9c,https://a.espncdn.com/i/teamlogos/wnba/500/la.png,76,,,
401391687,2022,2,2022-05-23,2022-05-23 22:00:00-04:00,6,s:40~l:59~t:6,los-angeles-sparks,Los Angeles,SPARKS,LA,Los Angeles Sparks,Sparks,532481,49ac9c,https://a.espncdn.com/i/teamlogos/wnba/500/la.png,away,76,False,17,5,26,40.0,30,75,0,16,78.6,11,14,4,6,3,1,0,21.7,5,23,32,0,6,5,17,s:40~l:59~t:17,las-vegas-aces,Las Vegas,Aces,LV,Las Vegas Aces,Aces,000000,c7cfd4,https://a.espncdn.com/i/teamlogos/wnba/500/lv.png,104,,,
401391689,2022,2,2022-05-24,2022-05-24 19:00:00-04:00,16,s:40~l:59~t:16,washington-mystics,Washington,MYSTICS,WSH,Washington Mystics,Mystics,e03a3e,09295a,https://a.espncdn.com/i/teamlogos/wnba/500/wsh.png,home,70,True,19,7,24,43.3,26,60,0,17,73.3,11,15,24,6,11,1,0,31.8,7,22,30,0,14,13,20,s:40~l:59~t:20,atlanta-dream,Atlanta,Dream,ATL,Atlanta Dream,Dream,d02030,383a37,https://a.espncdn.com/i/teamlogos/wnba/500/atl.png,50,,,
401391690,2022,2,2022-05-24,2022-05-24 20:00:00-04:00,5,s:40~l:59~t:5,indiana-fever,Indiana,FEVER,IND,Indiana Fever,Fever,e2382f,08265b,https://a.espncdn.com/i/teamlogos/wnba/500/ind.png,away,90,False,21,7,25,41.5,34,82,0,25,72.2,13,18,7,15,10,0,1,45.0,9,20,40,1,16,16,19,s:40~l:59~t:19,chicago-sky,Chicago,Sky,CHI,Chicago Sky,Sky,4f91cd,f1f2f3,https://a.espncdn.com/i/teamlogos/wnba/500/chi.png,95,,,
401391688,2022,2,2022-05-24,2022-05-24 19:00:00-04:00,3,s:40~l:59~t:3,dallas-wings,Dallas,WINGS,DAL,Dallas Wings,Wings,11213e,c5d646,https://a.espncdn.com/i/teamlogos/wnba/500/dal.png,away,85,True,17,5,24,40.0,28,70,1,24,91.7,22,24,9,13,3,1,0,31.8,7,22,37,0,10,9,18,s:40~l:59~t:18,connecticut-sun,Connecticut,Sun,CONN,Connecticut Sun,Sun,de6b36,002d62,https://a.espncdn.com/i/teamlogos/wnba/500/conn.png,77,,,
401391688,2022,2,2022-05-24,2022-05-24 19:00:00-04:00,18,s:40~l:59~t:18,connecticut-sun,Connecticut,SUN,CONN,Connecticut Sun,Sun,de6b36,002d62,https://a.espncdn.com/i/teamlogos/wnba/500/conn.png,home,77,False,24,3,22,39.7,27,68,0,19,83.3,20,24,13,11,3,2,1,23.1,3,13,33,1,12,10,3,s:40~l:59~t:3,dallas-wings,Dallas,Wings,DAL,Dallas Wings,Wings,11213e,c5d646,https://a.espncdn.com/i/teamlogos/wnba/500/dal.png,85,,,
401391689,2022,2,2022-05-24,2022-05-24 19:00:00-04:00,20,s:40~l:59~t:20,atlanta-dream,Atlanta,DREAM,ATL,Atlanta Dream,Dream,d02030,383a37,https://a.espncdn.com/i/teamlogos/wnba/500/atl.png,away,50,False,12,4,27,35.7,20,56,0,18,75.0,6,8,2,9,8,2,0,19.0,4,21,36,0,25,23,16,s:40~l:59~t:16,washington-mystics,Washington,Mystics,WSH,Washington Mystics,Mystics,e03a3e,09295a,https://a.espncdn.com/i/teamlogos/wnba/500/wsh.png,70,,,
401391691,2022,2,2022-05-24,2022-05-24 20:00:00-04:00,9,s:40~l:59~t:9,new-york-liberty,New York,LIBERTY,NY,New York Liberty,Liberty,0d79b9,89c9bf,https://a.espncdn.com/i/teamlogos/wnba/500/ny.png,away,78,False,24,6,30,39.4,28,71,0,20,72.2,13,18,8,9,4,0,0,28.1,9,32,39,0,13,13,8,s:40~l:59~t:8,minnesota-lynx,Minnesota,Lynx,MIN,Minnesota Lynx,Lynx,005084,47a757,https://a.espncdn.com/i/teamlogos/wnba/500/min.png,84,,,
401391691,2022,2,2022-05-24,2022-05-24 20:00:00-04:00,8,s:40~l:59~t:8,minnesota-lynx,Minnesota,LYNX,MIN,Minnesota Lynx,Lynx,005084,47a757,https://a.espncdn.com/i/teamlogos/wnba/500/min.png,home,84,True,17,3,33,37.1,26,70,0,16,81.8,27,33,13,12,7,0,0,35.7,5,14,45,0,10,10,9,s:40~l:59~t:9,new-york-liberty,New York,Liberty,NY,New York Liberty,Liberty,0d79b9,89c9bf,https://a.espncdn.com/i/teamlogos/wnba/500/ny.png,78,,,
401391690,2022,2,2022-05-24,2022-05-24 20:00:00-04:00,19,s:40~l:59~t:19,chicago-sky,Chicago,SKY,CHI,Chicago Sky,Sky,4f91cd,f1f2f3,https://a.espncdn.com/i/teamlogos/wnba/500/chi.png,home,95,True,23,6,27,47.7,31,65,0,18,77.1,27,35,9,11,10,0,0,40.0,6,15,38,0,16,16,5,s:40~l:59~t:5,indiana-fever,Indiana,Fever,IND,Indiana Fever,Fever,e2382f,08265b,https://a.espncdn.com/i/teamlogos/wnba/500/ind.png,90,,,
401391692,2022,2,2022-05-25,2022-05-25 22:30:00-04:00,6,s:40~l:59~t:6,los-angeles-sparks,Los Angeles,SPARKS,LA,Los Angeles Sparks,Sparks,532481,49ac9c,https://a.espncdn.com/i/teamlogos/wnba/500/la.png,home,99,True,24,4,19,59.1,39,66,0,15,76.5,13,17,13,5,10,1,0,72.7,8,11,24,0,15,14,11,s:40~l:59~t:11,phoenix-mercury,Phoenix,Mercury,PHX,Phoenix Mercury,Mercury,3a267d,e56020,https://a.espncdn.com/i/teamlogos/wnba/500/phx.png,94,,,
401391692,2022,2,2022-05-25,2022-05-25 22:30:00-04:00,11,s:40~l:59~t:11,phoenix-mercury,Phoenix,MERCURY,PHX,Phoenix Mercury,Mercury,3a267d,e56020,https://a.espncdn.com/i/teamlogos/wnba/500/phx.png,away,94,False,21,5,19,56.7,34,60,1,17,82.6,19,23,9,7,10,0,1,35.0,7,20,26,1,18,18,6,s:40~l:59~t:6,los-angeles-sparks,Los Angeles,Sparks,LA,Los Angeles Sparks,Sparks,532481,49ac9c,https://a.espncdn.com/i/teamlogos/wnba/500/la.png,99,,,
401391693,2022,2,2022-05-26,2022-05-26 19:00:00-04:00,18,s:40~l:59~t:18,connecticut-sun,Connecticut,SUN,CONN,Connecticut Sun,Sun,de6b36,002d62,https://a.espncdn.com/i/teamlogos/wnba/500/conn.png,home,99,True,24,2,26,48.6,34,70,0,13,92.6,25,27,31,16,12,0,0,28.6,6,21,42,0,13,13,3,s:40~l:59~t:3,dallas-wings,Dallas,Wings,DAL,Dallas Wings,Wings,11213e,c5d646,https://a.espncdn.com/i/teamlogos/wnba/500/dal.png,68,,,
401391693,2022,2,2022-05-26,2022-05-26 19:00:00-04:00,3,s:40~l:59~t:3,dallas-wings,Dallas,WINGS,DAL,Dallas Wings,Wings,11213e,c5d646,https://a.espncdn.com/i/teamlogos/wnba/500/dal.png,away,68,False,16,1,18,36.9,24,65,0,20,83.3,10,12,1,10,7,0,0,33.3,10,30,28,0,19,19,18,s:40~l:59~t:18,connecticut-sun,Connecticut,Sun,CONN,Connecticut Sun,Sun,de6b36,002d62,https://a.espncdn.com/i/teamlogos/wnba/500/conn.png,99,,,
401391694,2022,2,2022-05-27,2022-05-27 19:00:00-04:00,6,s:40~l:59~t:6,los-angeles-sparks,Los Angeles,SPARKS,LA,Los Angeles Sparks,Sparks,532481,49ac9c,https://a.espncdn.com/i/teamlogos/wnba/500/la.png,away,96,False,24,5,23,49.3,35,71,1,20,67.9,19,28,3,12,8,0,0,50.0,7,14,35,0,13,13,5,s:40~l:59~t:5,indiana-fever,Indiana,Fever,IND,Indiana Fever,Fever,e2382f,08265b,https://a.espncdn.com/i/teamlogos/wnba/500/ind.png,101,,,
401391695,2022,2,2022-05-27,2022-05-27 22:00:00-04:00,9,s:40~l:59~t:9,new-york-liberty,New York,LIBERTY,NY,New York Liberty,Liberty,0d79b9,89c9bf,https://a.espncdn.com/i/teamlogos/wnba/500/ny.png,away,71,False,19,6,35,34.3,24,70,0,27,100.0,14,14,5,14,5,3,1,28.1,9,32,49,1,24,21,14,s:40~l:59~t:14,seattle-storm,Seattle,Storm,SEA,Seattle Storm,Storm,05452a,f7c43c,https://a.espncdn.com/i/teamlogos/wnba/500/sea.png,79,,,
401391695,2022,2,2022-05-27,2022-05-27 22:00:00-04:00,14,s:40~l:59~t:14,seattle-storm,Seattle,STORM,SEA,Seattle Storm,Storm,05452a,f7c43c,https://a.espncdn.com/i/teamlogos/wnba/500/sea.png,home,79,True,16,4,29,34.7,25,72,0,15,81.5,22,27,16,9,13,0,0,29.2,7,24,38,0,11,11,9,s:40~l:59~t:9,new-york-liberty,New York,Liberty,NY,New York Liberty,Liberty,0d79b9,89c9bf,https://a.espncdn.com/i/teamlogos/wnba/500/ny.png,71,,,
401391694,2022,2,2022-05-27,2022-05-27 19:00:00-04:00,5,s:40~l:59~t:5,indiana-fever,Indiana,FEVER,IND,Indiana Fever,Fever,e2382f,08265b,https://a.espncdn.com/i/teamlogos/wnba/500/ind.png,home,101,True,23,7,24,45.7,32,70,0,24,89.7,26,29,18,10,8,1,0,52.4,11,21,34,0,14,13,6,s:40~l:59~t:6,los-angeles-sparks,Los Angeles,Sparks,LA,Los Angeles Sparks,Sparks,532481,49ac9c,https://a.espncdn.com/i/teamlogos/wnba/500/la.png,96,,,
401391697,2022,2,2022-05-28,2022-05-28 19:00:00-04:00,16,s:40~l:59~t:16,washington-mystics,Washington,MYSTICS,WSH,Washington Mystics,Mystics,e03a3e,09295a,https://a.espncdn.com/i/teamlogos/wnba/500/wsh.png,away,71,False,20,2,12,40.0,28,70,0,21,63.6,7,11,7,7,11,1,0,30.8,8,26,19,0,9,8,18,s:40~l:59~t:18,connecticut-sun,Connecticut,Sun,CONN,Connecticut Sun,Sun,de6b36,002d62,https://a.espncdn.com/i/teamlogos/wnba/500/conn.png,79,,,
401391696,2022,2,2022-05-28,2022-05-28 15:00:00-04:00,19,s:40~l:59~t:19,chicago-sky,Chicago,SKY,CHI,Chicago Sky,Sky,4f91cd,f1f2f3,https://a.espncdn.com/i/teamlogos/wnba/500/chi.png,home,76,False,16,10,38,34.6,28,81,0,20,88.2,15,17,2,12,4,2,1,16.1,5,31,50,1,12,10,17,s:40~l:59~t:17,las-vegas-aces,Las Vegas,Aces,LV,Las Vegas Aces,Aces,000000,c7cfd4,https://a.espncdn.com/i/teamlogos/wnba/500/lv.png,83,,,
401391696,2022,2,2022-05-28,2022-05-28 15:00:00-04:00,17,s:40~l:59~t:17,las-vegas-aces,Las Vegas,ACES,LV,Las Vegas Aces,Aces,000000,c7cfd4,https://a.espncdn.com/i/teamlogos/wnba/500/lv.png,away,83,True,20,5,36,36.9,31,84,0,13,73.9,17,23,18,14,6,1,0,20.0,4,20,50,0,8,7,19,s:40~l:59~t:19,chicago-sky,Chicago,Sky,CHI,Chicago Sky,Sky,4f91cd,f1f2f3,https://a.espncdn.com/i/teamlogos/wnba/500/chi.png,76,,,
401391697,2022,2,2022-05-28,2022-05-28 19:00:00-04:00,18,s:40~l:59~t:18,connecticut-sun,Connecticut,SUN,CONN,Connecticut Sun,Sun,de6b36,002d62,https://a.espncdn.com/i/teamlogos/wnba/500/conn.png,home,79,True,20,4,31,49.1,28,57,0,17,84.2,16,19,9,10,5,5,0,46.7,7,15,41,0,23,18,16,s:40~l:59~t:16,washington-mystics,Washington,Mystics,WSH,Washington Mystics,Mystics,e03a3e,09295a,https://a.espncdn.com/i/teamlogos/wnba/500/wsh.png,71,,,
401391698,2022,2,2022-05-29,2022-05-29 12:00:00-04:00,11,s:40~l:59~t:11,phoenix-mercury,Phoenix,MERCURY,PHX,Phoenix Mercury,Mercury,3a267d,e56020,https://a.espncdn.com/i/teamlogos/wnba/500/phx.png,away,54,False,9,7,19,26.5,18,68,0,15,71.4,15,21,0,10,13,1,0,15.8,3,19,29,0,15,14,20,s:40~l:59~t:20,atlanta-dream,Atlanta,Dream,ATL,Atlanta Dream,Dream,d02030,383a37,https://a.espncdn.com/i/teamlogos/wnba/500/atl.png,81,,,
401391700,2022,2,2022-05-29,2022-05-29 19:00:00-04:00,8,s:40~l:59~t:8,minnesota-lynx,Minnesota,LYNX,MIN,Minnesota Lynx,Lynx,005084,47a757,https://a.espncdn.com/i/teamlogos/wnba/500/min.png,home,83,False,12,5,19,42.3,22,52,2,21,81.4,35,43,0,6,8,0,1,23.5,4,17,25,1,13,13,6,s:40~l:59~t:6,los-angeles-sparks,Los Angeles,Sparks,LA,Los Angeles Sparks,Sparks,532481,49ac9c,https://a.espncdn.com/i/teamlogos/wnba/500/la.png,85,,,
401391700,2022,2,2022-05-29,2022-05-29 19:00:00-04:00,6,s:40~l:59~t:6,los-angeles-sparks,Los Angeles,SPARKS,LA,Los Angeles Sparks,Sparks,532481,49ac9c,https://a.espncdn.com/i/teamlogos/wnba/500/la.png,away,85,True,18,3,20,51.8,29,56,1,25,81.5,22,27,17,5,7,2,2,35.7,5,14,25,2,17,15,8,s:40~l:59~t:8,minnesota-lynx,Minnesota,Lynx,MIN,Minnesota Lynx,Lynx,005084,47a757,https://a.espncdn.com/i/teamlogos/wnba/500/min.png,83,,,
401391699,2022,2,2022-05-29,2022-05-29 18:00:00-04:00,14,s:40~l:59~t:14,seattle-storm,Seattle,STORM,SEA,Seattle Storm,Storm,05452a,f7c43c,https://a.espncdn.com/i/teamlogos/wnba/500/sea.png,home,92,True,24,3,31,49.3,36,73,0,15,100.0,7,7,32,9,13,0,0,54.2,13,24,40,0,11,11,9,s:40~l:59~t:9,new-york-liberty,New York,Liberty,NY,New York Liberty,Liberty,0d79b9,89c9bf,https://a.espncdn.com/i/teamlogos/wnba/500/ny.png,61,,,
401391698,2022,2,2022-05-29,2022-05-29 12:00:00-04:00,20,s:40~l:59~t:20,atlanta-dream,Atlanta,DREAM,ATL,Atlanta Dream,Dream,d02030,383a37,https://a.espncdn.com/i/teamlogos/wnba/500/atl.png,home,81,True,25,2,37,48.6,34,70,0,19,66.7,4,6,30,10,9,0,0,37.5,9,24,47,0,23,23,11,s:40~l:59~t:11,phoenix-mercury,Phoenix,Mercury,PHX,Phoenix Mercury,Mercury,3a267d,e56020,https://a.espncdn.com/i/teamlogos/wnba/500/phx.png,54,,,
401391699,2022,2,2022-05-29,2022-05-29 18:00:00-04:00,9,s:40~l:59~t:9,new-york-liberty,New York,LIBERTY,NY,New York Liberty,Liberty,0d79b9,89c9bf,https://a.espncdn.com/i/teamlogos/wnba/500/ny.png,away,61,False,20,3,25,33.8,22,65,0,10,90.9,10,11,2,7,8,1,0,25.9,7,27,32,0,18,17,14,s:40~l:59~t:14,seattle-storm,Seattle,Storm,SEA,Seattle Storm,Storm,05452a,f7c43c,https://a.espncdn.com/i/teamlogos/wnba/500/sea.png,92,,,
401391704,2022,2,2022-05-31,2022-05-31 22:30:00-04:00,6,s:40~l:59~t:6,los-angeles-sparks,Los Angeles,SPARKS,LA,Los Angeles Sparks,Sparks,532481,49ac9c,https://a.espncdn.com/i/teamlogos/wnba/500/la.png,home,93,True,23,4,27,64.3,36,56,0,20,72.0,18,25,16,2,7,0,1,37.5,3,8,29,1,15,15,3,s:40~l:59~t:3,dallas-wings,Dallas,Wings,DAL,Dallas Wings,Wings,11213e,c5d646,https://a.espncdn.com/i/teamlogos/wnba/500/dal.png,91,,,
401391704,2022,2,2022-05-31,2022-05-31 22:30:00-04:00,3,s:40~l:59~t:3,dallas-wings,Dallas,WINGS,DAL,Dallas Wings,Wings,11213e,c5d646,https://a.espncdn.com/i/teamlogos/wnba/500/dal.png,away,91,False,17,0,23,44.6,33,74,0,24,63.6,14,22,3,12,10,3,2,40.7,11,27,35,2,12,9,6,s:40~l:59~t:6,los-angeles-sparks,Los Angeles,Sparks,LA,Los Angeles Sparks,Sparks,532481,49ac9c,https://a.espncdn.com/i/teamlogos/wnba/500/la.png,93,,,
401391703,2022,2,2022-05-31,2022-05-31 21:00:00-04:00,17,s:40~l:59~t:17,las-vegas-aces,Las Vegas,ACES,LV,Las Vegas Aces,Aces,000000,c7cfd4,https://a.espncdn.com/i/teamlogos/wnba/500/lv.png,home,89,True,20,4,32,45.2,33,73,0,14,85.0,17,20,20,6,9,0,0,24.0,6,25,38,0,14,14,18,s:40~l:59~t:18,connecticut-sun,Connecticut,Sun,CONN,Connecticut Sun,Sun,de6b36,002d62,https://a.espncdn.com/i/teamlogos/wnba/500/conn.png,81,,,
401391703,2022,2,2022-05-31,2022-05-31 21:00:00-04:00,18,s:40~l:59~t:18,connecticut-sun,Connecticut,SUN,CONN,Connecticut Sun,Sun,de6b36,002d62,https://a.espncdn.com/i/teamlogos/wnba/500/conn.png,away,81,False,18,3,27,43.6,34,78,0,17,58.3,7,12,4,10,7,0,1,27.3,6,22,37,1,14,14,17,s:40~l:59~t:17,las-vegas-aces,Las Vegas,Aces,LV,Las Vegas Aces,Aces,000000,c7cfd4,https://a.espncdn.com/i/teamlogos/wnba/500/lv.png,89,,,
401391702,2022,2,2022-05-31,2022-05-31 19:00:00-04:00,19,s:40~l:59~t:19,chicago-sky,Chicago,SKY,CHI,Chicago Sky,Sky,4f91cd,f1f2f3,https://a.espncdn.com/i/teamlogos/wnba/500/chi.png,home,73,True,18,3,35,40.9,27,66,0,15,82.4,14,17,12,6,6,1,0,26.3,5,19,41,0,14,13,11,s:40~l:59~t:11,phoenix-mercury,Phoenix,Mercury,PHX,Phoenix Mercury,Mercury,3a267d,e56020,https://a.espncdn.com/i/teamlogos/wnba/500/phx.png,70,,,
401391702,2022,2,2022-05-31,2022-05-31 19:00:00-04:00,11,s:40~l:59~t:11,phoenix-mercury,Phoenix,MERCURY,PHX,Phoenix Mercury,Mercury,3a267d,e56020,https://a.espncdn.com/i/teamlogos/wnba/500/phx.png,away,70,False,21,7,26,40.0,28,70,0,16,54.5,6,11,8,6,4,0,2,32.0,8,25,32,2,10,10,19,s:40~l:59~t:19,chicago-sky,Chicago,Sky,CHI,Chicago Sky,Sky,4f91cd,f1f2f3,https://a.espncdn.com/i/teamlogos/wnba/500/chi.png,73,,,
401391701,2022,2,2022-05-31,2022-05-31 19:00:00-04:00,5,s:40~l:59~t:5,indiana-fever,Indiana,FEVER,IND,Indiana Fever,Fever,e2382f,08265b,https://a.espncdn.com/i/teamlogos/wnba/500/ind.png,home,75,False,20,5,22,40.5,30,74,0,16,66.7,6,9,11,10,6,1,0,40.9,9,22,32,0,14,13,16,s:40~l:59~t:16,washington-mystics,Washington,Mystics,WSH,Washington Mystics,Mystics,e03a3e,09295a,https://a.espncdn.com/i/teamlogos/wnba/500/wsh.png,87,,,
401391701,2022,2,2022-05-31,2022-05-31 19:00:00-04:00,16,s:40~l:59~t:16,washington-mystics,Washington,MYSTICS,WSH,Washington Mystics,Mystics,e03a3e,09295a,https://a.espncdn.com/i/teamlogos/wnba/500/wsh.png,away,87,True,24,9,31,45.8,33,72,0,7,81.3,13,16,15,13,6,1,1,33.3,8,24,44,1,16,15,5,s:40~l:59~t:5,indiana-fever,Indiana,Fever,IND,Indiana Fever,Fever,e2382f,08265b,https://a.espncdn.com/i/teamlogos/wnba/500/ind.png,75,,,
401391705,2022,2,2022-06-01,2022-06-01 19:00:00-04:00,20,s:40~l:59~t:20,atlanta-dream,Atlanta,DREAM,ATL,Atlanta Dream,Dream,d02030,383a37,https://a.espncdn.com/i/teamlogos/wnba/500/atl.png,home,84,True,21,4,23,42.9,33,77,0,19,50.0,6,12,15,7,17,1,0,42.9,12,28,30,0,14,13,8,s:40~l:59~t:8,minnesota-lynx,Minnesota,Lynx,MIN,Minnesota Lynx,Lynx,005084,47a757,https://a.espncdn.com/i/teamlogos/wnba/500/min.png,76,,,
401391706,2022,2,2022-06-01,2022-06-01 19:00:00-04:00,9,s:40~l:59~t:9,new-york-liberty,New York,LIBERTY,NY,New York Liberty,Liberty,0d79b9,89c9bf,https://a.espncdn.com/i/teamlogos/wnba/500/ny.png,home,87,True,18,9,31,45.2,28,62,0,16,83.3,20,24,15,8,2,0,0,33.3,11,33,39,0,12,12,5,s:40~l:59~t:5,indiana-fever,Indiana,Fever,IND,Indiana Fever,Fever,e2382f,08265b,https://a.espncdn.com/i/teamlogos/wnba/500/ind.png,74,,,
401391706,2022,2,2022-06-01,2022-06-01 19:00:00-04:00,5,s:40~l:59~t:5,indiana-fever,Indiana,FEVER,IND,Indiana Fever,Fever,e2382f,08265b,https://a.espncdn.com/i/teamlogos/wnba/500/ind.png,away,74,False,18,4,22,32.9,25,76,0,18,100.0,15,15,12,11,6,0,0,34.6,9,26,33,0,8,8,9,s:40~l:59~t:9,new-york-liberty,New York,Liberty,NY,New York Liberty,Liberty,0d79b9,89c9bf,https://a.espncdn.com/i/teamlogos/wnba/500/ny.png,87,,,
401391705,2022,2,2022-06-01,2022-06-01 19:00:00-04:00,8,s:40~l:59~t:8,minnesota-lynx,Minnesota,LYNX,MIN,Minnesota Lynx,Lynx,005084,47a757,https://a.espncdn.com/i/teamlogos/wnba/500/min.png,away,76,False,16,2,32,45.0,27,60,0,17,75.0,15,20,1,7,6,2,1,33.3,7,21,39,1,26,24,20,s:40~l:59~t:20,atlanta-dream,Atlanta,Dream,ATL,Atlanta Dream,Dream,d02030,383a37,https://a.espncdn.com/i/teamlogos/wnba/500/atl.png,84,,,
401391707,2022,2,2022-06-02,2022-06-02 22:00:00-04:00,18,s:40~l:59~t:18,connecticut-sun,Connecticut,SUN,CONN,Connecticut Sun,Sun,de6b36,002d62,https://a.espncdn.com/i/teamlogos/wnba/500/conn.png,away,97,True,23,1,31,50.0,36,72,0,19,84.2,16,19,19,6,7,1,1,42.9,9,21,37,1,10,9,17,s:40~l:59~t:17,las-vegas-aces,Las Vegas,Aces,LV,Las Vegas Aces,Aces,000000,c7cfd4,https://a.espncdn.com/i/teamlogos/wnba/500/lv.png,90,,,
401391707,2022,2,2022-06-02,2022-06-02 22:00:00-04:00,17,s:40~l:59~t:17,las-vegas-aces,Las Vegas,ACES,LV,Las Vegas Aces,Aces,000000,c7cfd4,https://a.espncdn.com/i/teamlogos/wnba/500/lv.png,home,90,False,20,4,28,48.5,32,66,0,19,72.7,16,22,3,3,5,1,2,40.0,10,25,31,2,14,13,18,s:40~l:59~t:18,connecticut-sun,Connecticut,Sun,CONN,Connecticut Sun,Sun,de6b36,002d62,https://a.espncdn.com/i/teamlogos/wnba/500/conn.png,97,,,
401391708,2022,2,2022-06-03,2022-06-03 19:00:00-04:00,9,s:40~l:59~t:9,new-york-liberty,New York,LIBERTY,NY,New York Liberty,Liberty,0d79b9,89c9bf,https://a.espncdn.com/i/teamlogos/wnba/500/ny.png,away,74,True,15,5,27,36.5,23,63,0,16,94.4,17,18,8,7,10,0,0,32.4,11,34,34,0,12,12,16,s:40~l:59~t:16,washington-mystics,Washington,Mystics,WSH,Washington Mystics,Mystics,e03a3e,09295a,https://a.espncdn.com/i/teamlogos/wnba/500/wsh.png,70,,,
401391711,2022,2,2022-06-03,2022-06-03 22:00:00-04:00,14,s:40~l:59~t:14,seattle-storm,Seattle,STORM,SEA,Seattle Storm,Storm,05452a,f7c43c,https://a.espncdn.com/i/teamlogos/wnba/500/sea.png,home,51,False,17,7,23,31.7,20,63,0,16,75.0,6,8,3,8,6,0,0,17.2,5,29,31,0,16,16,3,s:40~l:59~t:3,dallas-wings,Dallas,Wings,DAL,Dallas Wings,Wings,11213e,c5d646,https://a.espncdn.com/i/teamlogos/wnba/500/dal.png,68,,,
401391711,2022,2,2022-06-03,2022-06-03 22:00:00-04:00,3,s:40~l:59~t:3,dallas-wings,Dallas,WINGS,DAL,Dallas Wings,Wings,11213e,c5d646,https://a.espncdn.com/i/teamlogos/wnba/500/dal.png,away,68,True,18,2,31,39.4,26,66,0,14,63.6,7,11,20,11,9,2,1,33.3,9,27,42,1,19,17,14,s:40~l:59~t:14,seattle-storm,Seattle,Storm,SEA,Seattle Storm,Storm,05452a,f7c43c,https://a.espncdn.com/i/teamlogos/wnba/500/sea.png,51,,,
401391710,2022,2,2022-06-03,2022-06-03 22:00:00-04:00,11,s:40~l:59~t:11,phoenix-mercury,Phoenix,MERCURY,PHX,Phoenix Mercury,Mercury,3a267d,e56020,https://a.espncdn.com/i/teamlogos/wnba/500/phx.png,home,88,False,22,3,19,45.2,28,62,0,27,95.7,22,23,13,4,13,0,2,32.3,10,31,23,2,20,20,18,s:40~l:59~t:18,connecticut-sun,Connecticut,Sun,CONN,Connecticut Sun,Sun,de6b36,002d62,https://a.espncdn.com/i/teamlogos/wnba/500/conn.png,92,,,
401391710,2022,2,2022-06-03,2022-06-03 22:00:00-04:00,18,s:40~l:59~t:18,connecticut-sun,Connecticut,SUN,CONN,Connecticut Sun,Sun,de6b36,002d62,https://a.espncdn.com/i/teamlogos/wnba/500/conn.png,away,92,True,21,3,26,47.5,28,59,1,21,90.0,27,30,7,9,10,2,0,42.9,9,21,35,0,23,21,11,s:40~l:59~t:11,phoenix-mercury,Phoenix,Mercury,PHX,Phoenix Mercury,Mercury,3a267d,e56020,https://a.espncdn.com/i/teamlogos/wnba/500/phx.png,88,,,
401391709,2022,2,2022-06-03,2022-06-03 19:30:00-04:00,20,s:40~l:59~t:20,atlanta-dream,Atlanta,DREAM,ATL,Atlanta Dream,Dream,d02030,383a37,https://a.espncdn.com/i/teamlogos/wnba/500/atl.png,home,65,False,15,5,25,34.7,26,75,1,18,87.5,7,8,2,9,5,0,1,26.1,6,23,34,1,12,12,19,s:40~l:59~t:19,chicago-sky,Chicago,Sky,CHI,Chicago Sky,Sky,4f91cd,f1f2f3,https://a.espncdn.com/i/teamlogos/wnba/500/chi.png,73,,,
401391709,2022,2,2022-06-03,2022-06-03 19:30:00-04:00,19,s:40~l:59~t:19,chicago-sky,Chicago,SKY,CHI,Chicago Sky,Sky,4f91cd,f1f2f3,https://a.espncdn.com/i/teamlogos/wnba/500/chi.png,away,73,True,19,9,30,42.6,26,61,0,14,80.0,16,20,20,5,4,0,0,26.3,5,19,35,0,16,16,20,s:40~l:59~t:20,atlanta-dream,Atlanta,Dream,ATL,Atlanta Dream,Dream,d02030,383a37,https://a.espncdn.com/i/teamlogos/wnba/500/atl.png,65,,,
401391708,2022,2,2022-06-03,2022-06-03 19:00:00-04:00,16,s:40~l:59~t:16,washington-mystics,Washington,MYSTICS,WSH,Washington Mystics,Mystics,e03a3e,09295a,https://a.espncdn.com/i/teamlogos/wnba/500/wsh.png,home,70,False,16,2,28,40.0,28,70,0,15,64.3,9,14,5,11,6,1,1,23.8,5,21,39,1,15,14,9,s:40~l:59~t:9,new-york-liberty,New York,Liberty,NY,New York Liberty,Liberty,0d79b9,89c9bf,https://a.espncdn.com/i/teamlogos/wnba/500/ny.png,74,,,
401391714,2022,2,2022-06-05,2022-06-05 18:00:00-04:00,16,s:40~l:59~t:16,washington-mystics,Washington,MYSTICS,WSH,Washington Mystics,Mystics,e03a3e,09295a,https://a.espncdn.com/i/teamlogos/wnba/500/wsh.png,away,82,False,22,1,24,45.3,34,75,0,14,100.0,6,6,2,11,9,2,0,34.8,8,23,35,0,17,15,19,s:40~l:59~t:19,chicago-sky,Chicago,Sky,CHI,Chicago Sky,Sky,4f91cd,f1f2f3,https://a.espncdn.com/i/teamlogos/wnba/500/chi.png,91,,,
401391713,2022,2,2022-06-05,2022-06-05 15:00:00-04:00,5,s:40~l:59~t:5,indiana-fever,Indiana,FEVER,IND,Indiana Fever,Fever,e2382f,08265b,https://a.espncdn.com/i/teamlogos/wnba/500/ind.png,away,66,False,17,3,25,34.8,23,66,1,19,60.9,14,23,2,7,10,0,0,26.1,6,23,32,0,21,21,20,s:40~l:59~t:20,atlanta-dream,Atlanta,Dream,ATL,Atlanta Dream,Dream,d02030,383a37,https://a.espncdn.com/i/teamlogos/wnba/500/atl.png,75,,,
401391712,2022,2,2022-06-05,2022-06-05 14:00:00-04:00,8,s:40~l:59~t:8,minnesota-lynx,Minnesota,LYNX,MIN,Minnesota Lynx,Lynx,005084,47a757,https://a.espncdn.com/i/teamlogos/wnba/500/min.png,away,84,True,15,3,29,49.2,31,63,0,18,75.0,15,20,19,7,4,0,0,53.8,7,13,36,0,15,15,9,s:40~l:59~t:9,new-york-liberty,New York,Liberty,NY,New York Liberty,Liberty,0d79b9,89c9bf,https://a.espncdn.com/i/teamlogos/wnba/500/ny.png,77,,,
401391714,2022,2,2022-06-05,2022-06-05 18:00:00-04:00,19,s:40~l:59~t:19,chicago-sky,Chicago,SKY,CHI,Chicago Sky,Sky,4f91cd,f1f2f3,https://a.espncdn.com/i/teamlogos/wnba/500/chi.png,home,91,True,29,1,27,55.4,36,65,0,13,71.4,10,14,17,5,11,1,0,45.0,9,20,32,0,17,16,16,s:40~l:59~t:16,washington-mystics,Washington,Mystics,WSH,Washington Mystics,Mystics,e03a3e,09295a,https://a.espncdn.com/i/teamlogos/wnba/500/wsh.png,82,,,
401391712,2022,2,2022-06-05,2022-06-05 14:00:00-04:00,9,s:40~l:59~t:9,new-york-liberty,New York,LIBERTY,NY,New York Liberty,Liberty,0d79b9,89c9bf,https://a.espncdn.com/i/teamlogos/wnba/500/ny.png,home,77,False,17,4,26,45.1,32,71,0,17,69.2,9,13,2,8,9,0,0,13.3,4,30,34,0,11,11,8,s:40~l:59~t:8,minnesota-lynx,Minnesota,Lynx,MIN,Minnesota Lynx,Lynx,005084,47a757,https://a.espncdn.com/i/teamlogos/wnba/500/min.png,84,,,
401391715,2022,2,2022-06-05,2022-06-05 18:00:00-04:00,3,s:40~l:59~t:3,dallas-wings,Dallas,WINGS,DAL,Dallas Wings,Wings,11213e,c5d646,https://a.espncdn.com/i/teamlogos/wnba/500/dal.png,away,78,False,18,2,31,34.6,27,78,0,23,92.9,13,14,4,19,2,2,0,26.2,11,42,50,0,19,17,17,s:40~l:59~t:17,las-vegas-aces,Las Vegas,Aces,LV,Las Vegas Aces,Aces,000000,c7cfd4,https://a.espncdn.com/i/teamlogos/wnba/500/lv.png,84,,,
401391713,2022,2,2022-06-05,2022-06-05 15:00:00-04:00,20,s:40~l:59~t:20,atlanta-dream,Atlanta,DREAM,ATL,Atlanta Dream,Dream,d02030,383a37,https://a.espncdn.com/i/teamlogos/wnba/500/atl.png,home,75,True,14,2,31,43.3,29,67,0,23,86.7,13,15,19,6,13,2,1,26.7,4,15,37,1,24,22,5,s:40~l:59~t:5,indiana-fever,Indiana,Fever,IND,Indiana Fever,Fever,e2382f,08265b,https://a.espncdn.com/i/teamlogos/wnba/500/ind.png,66,,,
401391716,2022,2,2022-06-05,2022-06-05 18:00:00-04:00,6,s:40~l:59~t:6,los-angeles-sparks,Los Angeles,SPARKS,LA,Los Angeles Sparks,Sparks,532481,49ac9c,https://a.espncdn.com/i/teamlogos/wnba/500/la.png,away,74,False,19,5,23,49.2,29,59,0,18,68.8,11,16,5,5,5,2,0,31.3,5,16,28,0,19,17,11,s:40~l:59~t:11,phoenix-mercury,Phoenix,Mercury,PHX,Phoenix Mercury,Mercury,3a267d,e56020,https://a.espncdn.com/i/teamlogos/wnba/500/phx.png,81,,,
401391717,2022,2,2022-06-05,2022-06-05 18:00:00-04:00,14,s:40~l:59~t:14,seattle-storm,Seattle,STORM,SEA,Seattle Storm,Storm,05452a,f7c43c,https://a.espncdn.com/i/teamlogos/wnba/500/sea.png,home,86,False,29,4,19,48.6,34,70,0,21,69.2,9,13,13,7,7,0,0,34.6,9,26,26,0,14,14,18,s:40~l:59~t:18,connecticut-sun,Connecticut,Sun,CONN,Connecticut Sun,Sun,de6b36,002d62,https://a.espncdn.com/i/teamlogos/wnba/500/conn.png,93,,,
401391717,2022,2,2022-06-05,2022-06-05 18:00:00-04:00,18,s:40~l:59~t:18,connecticut-sun,Connecticut,SUN,CONN,Connecticut Sun,Sun,de6b36,002d62,https://a.espncdn.com/i/teamlogos/wnba/500/conn.png,away,93,True,27,2,30,55.2,32,58,0,19,76.7,23,30,13,6,11,2,0,37.5,6,16,36,0,16,14,14,s:40~l:59~t:14,seattle-storm,Seattle,Storm,SEA,Seattle Storm,Storm,05452a,f7c43c,https://a.espncdn.com/i/teamlogos/wnba/500/sea.png,86,,,
401391715,2022,2,2022-06-05,2022-06-05 18:00:00-04:00,17,s:40~l:59~t:17,las-vegas-aces,Las Vegas,ACES,LV,Las Vegas Aces,Aces,000000,c7cfd4,https://a.espncdn.com/i/teamlogos/wnba/500/lv.png,home,84,True,19,4,30,42.3,30,71,0,19,81.0,17,21,13,5,8,0,0,25.0,7,28,35,0,10,10,3,s:40~l:59~t:3,dallas-wings,Dallas,Wings,DAL,Dallas Wings,Wings,11213e,c5d646,https://a.espncdn.com/i/teamlogos/wnba/500/dal.png,78,,,
401391716,2022,2,2022-06-05,2022-06-05 18:00:00-04:00,11,s:40~l:59~t:11,phoenix-mercury,Phoenix,MERCURY,PHX,Phoenix Mercury,Mercury,3a267d,e56020,https://a.espncdn.com/i/teamlogos/wnba/500/phx.png,home,81,True,17,4,20,45.8,27,59,0,19,90.0,18,20,8,4,8,1,0,37.5,9,24,24,0,17,16,6,s:40~l:59~t:6,los-angeles-sparks,Los Angeles,Sparks,LA,Los Angeles Sparks,Sparks,532481,49ac9c,https://a.espncdn.com/i/teamlogos/wnba/500/la.png,74,,,
401391719,2022,2,2022-06-07,2022-06-07 22:00:00-04:00,14,s:40~l:59~t:14,seattle-storm,Seattle,STORM,SEA,Seattle Storm,Storm,05452a,f7c43c,https://a.espncdn.com/i/teamlogos/wnba/500/sea.png,home,72,True,18,9,25,41.0,25,61,0,13,93.3,14,15,17,6,7,0,1,29.6,8,27,31,1,19,19,20,s:40~l:59~t:20,atlanta-dream,Atlanta,Dream,ATL,Atlanta Dream,Dream,d02030,383a37,https://a.espncdn.com/i/teamlogos/wnba/500/atl.png,60,,,
401391719,2022,2,2022-06-07,2022-06-07 22:00:00-04:00,20,s:40~l:59~t:20,atlanta-dream,Atlanta,DREAM,ATL,Atlanta Dream,Dream,d02030,383a37,https://a.espncdn.com/i/teamlogos/wnba/500/atl.png,away,60,False,15,2,28,36.2,25,69,1,19,61.5,8,13,2,9,12,3,0,10.5,2,19,37,0,18,15,14,s:40~l:59~t:14,seattle-storm,Seattle,Storm,SEA,Seattle Storm,Storm,05452a,f7c43c,https://a.espncdn.com/i/teamlogos/wnba/500/sea.png,72,,,
401391718,2022,2,2022-06-07,2022-06-07 20:00:00-04:00,8,s:40~l:59~t:8,minnesota-lynx,Minnesota,LYNX,MIN,Minnesota Lynx,Lynx,005084,47a757,https://a.espncdn.com/i/teamlogos/wnba/500/min.png,away,69,False,17,1,23,32.8,22,67,0,20,84.6,22,26,4,13,11,2,0,13.6,3,22,36,0,14,12,9,s:40~l:59~t:9,new-york-liberty,New York,Liberty,NY,New York Liberty,Liberty,0d79b9,89c9bf,https://a.espncdn.com/i/teamlogos/wnba/500/ny.png,88,,,
401391718,2022,2,2022-06-07,2022-06-07 20:00:00-04:00,9,s:40~l:59~t:9,new-york-liberty,New York,LIBERTY,NY,New York Liberty,Liberty,0d79b9,89c9bf,https://a.espncdn.com/i/teamlogos/wnba/500/ny.png,home,88,True,21,5,26,46.4,32,69,0,14,80.0,12,15,26,9,5,1,1,36.4,12,33,35,1,14,13,8,s:40~l:59~t:8,minnesota-lynx,Minnesota,Lynx,MIN,Minnesota Lynx,Lynx,005084,47a757,https://a.espncdn.com/i/teamlogos/wnba/500/min.png,69,,,
401391721,2022,2,2022-06-08,2022-06-08 20:00:00-04:00,16,s:40~l:59~t:16,washington-mystics,Washington,MYSTICS,WSH,Washington Mystics,Mystics,e03a3e,09295a,https://a.espncdn.com/i/teamlogos/wnba/500/wsh.png,home,84,True,19,3,21,47.1,32,68,0,16,85.0,17,20,17,13,7,0,1,18.8,3,16,34,1,13,13,19,s:40~l:59~t:19,chicago-sky,Chicago,Sky,CHI,Chicago Sky,Sky,4f91cd,f1f2f3,https://a.espncdn.com/i/teamlogos/wnba/500/chi.png,82,,,
401391721,2022,2,2022-06-08,2022-06-08 20:00:00-04:00,19,s:40~l:59~t:19,chicago-sky,Chicago,SKY,CHI,Chicago Sky,Sky,4f91cd,f1f2f3,https://a.espncdn.com/i/teamlogos/wnba/500/chi.png,away,82,False,20,5,21,45.8,33,72,0,17,90.9,10,11,4,10,8,1,0,28.6,6,21,31,0,14,13,16,s:40~l:59~t:16,washington-mystics,Washington,Mystics,WSH,Washington Mystics,Mystics,e03a3e,09295a,https://a.espncdn.com/i/teamlogos/wnba/500/wsh.png,84,,,
401391720,2022,2,2022-06-08,2022-06-08 19:00:00-04:00,18,s:40~l:59~t:18,connecticut-sun,Connecticut,SUN,CONN,Connecticut Sun,Sun,de6b36,002d62,https://a.espncdn.com/i/teamlogos/wnba/500/conn.png,home,88,True,19,5,30,47.0,31,66,0,16,77.8,21,27,22,11,9,1,0,29.4,5,17,41,0,17,16,5,s:40~l:59~t:5,indiana-fever,Indiana,Fever,IND,Indiana Fever,Fever,e2382f,08265b,https://a.espncdn.com/i/teamlogos/wnba/500/ind.png,69,,,
401391720,2022,2,2022-06-08,2022-06-08 19:00:00-04:00,5,s:40~l:59~t:5,indiana-fever,Indiana,FEVER,IND,Indiana Fever,Fever,e2382f,08265b,https://a.espncdn.com/i/teamlogos/wnba/500/ind.png,away,69,False,20,2,20,37.5,27,72,0,22,85.7,12,14,4,9,8,1,0,14.3,3,21,29,0,16,15,18,s:40~l:59~t:18,connecticut-sun,Connecticut,Sun,CONN,Connecticut Sun,Sun,de6b36,002d62,https://a.espncdn.com/i/teamlogos/wnba/500/conn.png,88,,,
401391722,2022,2,2022-06-10,2022-06-10 19:00:00-04:00,18,s:40~l:59~t:18,connecticut-sun,Connecticut,SUN,CONN,Connecticut Sun,Sun,de6b36,002d62,https://a.espncdn.com/i/teamlogos/wnba/500/conn.png,home,79,False,20,1,26,46.1,35,76,0,17,55.6,5,9,9,9,4,0,1,33.3,4,12,35,1,10,10,19,s:40~l:59~t:19,chicago-sky,Chicago,Sky,CHI,Chicago Sky,Sky,4f91cd,f1f2f3,https://a.espncdn.com/i/teamlogos/wnba/500/chi.png,83,,,
401391724,2022,2,2022-06-10,2022-06-10 20:00:00-04:00,14,s:40~l:59~t:14,seattle-storm,Seattle,STORM,SEA,Seattle Storm,Storm,05452a,f7c43c,https://a.espncdn.com/i/teamlogos/wnba/500/sea.png,away,89,True,28,2,26,55.2,37,67,0,18,61.5,8,13,12,8,7,1,0,41.2,7,17,34,0,18,17,3,s:40~l:59~t:3,dallas-wings,Dallas,Wings,DAL,Dallas Wings,Wings,11213e,c5d646,https://a.espncdn.com/i/teamlogos/wnba/500/dal.png,88,,,
401391723,2022,2,2022-06-10,2022-06-10 19:00:00-04:00,9,s:40~l:59~t:9,new-york-liberty,New York,LIBERTY,NY,New York Liberty,Liberty,0d79b9,89c9bf,https://a.espncdn.com/i/teamlogos/wnba/500/ny.png,away,97,True,31,2,29,58.5,38,65,0,14,100.0,8,8,17,4,2,3,0,46.4,13,28,33,0,15,12,5,s:40~l:59~t:5,indiana-fever,Indiana,Fever,IND,Indiana Fever,Fever,e2382f,08265b,https://a.espncdn.com/i/teamlogos/wnba/500/ind.png,83,,,
401391723,2022,2,2022-06-10,2022-06-10 19:00:00-04:00,5,s:40~l:59~t:5,indiana-fever,Indiana,FEVER,IND,Indiana Fever,Fever,e2382f,08265b,https://a.espncdn.com/i/teamlogos/wnba/500/ind.png,home,83,False,19,0,19,41.3,31,75,0,13,81.0,17,21,6,10,5,0,0,28.6,4,14,29,0,5,5,9,s:40~l:59~t:9,new-york-liberty,New York,Liberty,NY,New York Liberty,Liberty,0d79b9,89c9bf,https://a.espncdn.com/i/teamlogos/wnba/500/ny.png,97,,,
401391722,2022,2,2022-06-10,2022-06-10 19:00:00-04:00,19,s:40~l:59~t:19,chicago-sky,Chicago,SKY,CHI,Chicago Sky,Sky,4f91cd,f1f2f3,https://a.espncdn.com/i/teamlogos/wnba/500/chi.png,away,83,True,25,4,25,50.8,31,61,0,17,88.2,15,17,7,4,8,1,0,42.9,6,14,29,0,13,12,18,s:40~l:59~t:18,connecticut-sun,Connecticut,Sun,CONN,Connecticut Sun,Sun,de6b36,002d62,https://a.espncdn.com/i/teamlogos/wnba/500/conn.png,79,,,
401391725,2022,2,2022-06-10,2022-06-10 20:00:00-04:00,16,s:40~l:59~t:16,washington-mystics,Washington,MYSTICS,WSH,Washington Mystics,Mystics,e03a3e,09295a,https://a.espncdn.com/i/teamlogos/wnba/500/wsh.png,away,76,True,18,1,30,43.5,30,69,0,20,66.7,6,9,19,9,6,2,1,33.3,10,30,39,1,11,9,8,s:40~l:59~t:8,minnesota-lynx,Minnesota,Lynx,MIN,Minnesota Lynx,Lynx,005084,47a757,https://a.espncdn.com/i/teamlogos/wnba/500/min.png,59,,,
401391725,2022,2,2022-06-10,2022-06-10 20:00:00-04:00,8,s:40~l:59~t:8,minnesota-lynx,Minnesota,LYNX,MIN,Minnesota Lynx,Lynx,005084,47a757,https://a.espncdn.com/i/teamlogos/wnba/500/min.png,home,59,False,15,1,28,32.8,19,58,0,13,68.2,15,22,0,4,2,0,1,28.6,6,21,32,1,17,17,16,s:40~l:59~t:16,washington-mystics,Washington,Mystics,WSH,Washington Mystics,Mystics,e03a3e,09295a,https://a.espncdn.com/i/teamlogos/wnba/500/wsh.png,76,,,
401391726,2022,2,2022-06-10,2022-06-10 22:00:00-04:00,20,s:40~l:59~t:20,atlanta-dream,Atlanta,DREAM,ATL,Atlanta Dream,Dream,d02030,383a37,https://a.espncdn.com/i/teamlogos/wnba/500/atl.png,away,88,False,16,4,30,44.3,35,79,1,19,88.9,8,9,1,6,6,1,0,41.7,10,24,36,0,5,4,11,s:40~l:59~t:11,phoenix-mercury,Phoenix,Mercury,PHX,Phoenix Mercury,Mercury,3a267d,e56020,https://a.espncdn.com/i/teamlogos/wnba/500/phx.png,90,,,
401391726,2022,2,2022-06-10,2022-06-10 22:00:00-04:00,11,s:40~l:59~t:11,phoenix-mercury,Phoenix,MERCURY,PHX,Phoenix Mercury,Mercury,3a267d,e56020,https://a.espncdn.com/i/teamlogos/wnba/500/phx.png,home,90,True,19,6,31,41.8,28,67,0,14,85.7,24,28,14,7,1,0,1,32.3,10,31,38,1,9,9,20,s:40~l:59~t:20,atlanta-dream,Atlanta,Dream,ATL,Atlanta Dream,Dream,d02030,383a37,https://a.espncdn.com/i/teamlogos/wnba/500/atl.png,88,,,
401391724,2022,2,2022-06-10,2022-06-10 20:00:00-04:00,3,s:40~l:59~t:3,dallas-wings,Dallas,WINGS,DAL,Dallas Wings,Wings,11213e,c5d646,https://a.espncdn.com/i/teamlogos/wnba/500/dal.png,home,88,False,20,2,21,44.1,30,68,0,17,95.5,21,22,3,5,9,0,1,41.2,7,17,26,1,14,14,14,s:40~l:59~t:14,seattle-storm,Seattle,Storm,SEA,Seattle Storm,Storm,05452a,f7c43c,https://a.espncdn.com/i/teamlogos/wnba/500/sea.png,89,,,
401391727,2022,2,2022-06-11,2022-06-11 21:00:00-04:00,6,s:40~l:59~t:6,los-angeles-sparks,Los Angeles,SPARKS,LA,Los Angeles Sparks,Sparks,532481,49ac9c,https://a.espncdn.com/i/teamlogos/wnba/500/la.png,home,72,False,18,8,25,36.6,26,71,0,20,92.9,13,14,5,5,7,0,1,31.8,7,22,30,1,13,13,17,s:40~l:59~t:17,las-vegas-aces,Las Vegas,Aces,LV,Las Vegas Aces,Aces,000000,c7cfd4,https://a.espncdn.com/i/teamlogos/wnba/500/lv.png,89,,,
401391727,2022,2,2022-06-11,2022-06-11 21:00:00-04:00,17,s:40~l:59~t:17,las-vegas-aces,Las Vegas,ACES,LV,Las Vegas Aces,Aces,000000,c7cfd4,https://a.espncdn.com/i/teamlogos/wnba/500/lv.png,away,89,True,19,7,35,48.5,33,68,0,13,94.1,16,17,26,6,11,0,2,29.2,7,24,41,2,19,19,6,s:40~l:59~t:6,los-angeles-sparks,Los Angeles,Sparks,LA,Los Angeles Sparks,Sparks,532481,49ac9c,https://a.espncdn.com/i/teamlogos/wnba/500/la.png,72,,,
401391728,2022,2,2022-06-12,2022-06-12 14:00:00-04:00,19,s:40~l:59~t:19,chicago-sky,Chicago,SKY,CHI,Chicago Sky,Sky,4f91cd,f1f2f3,https://a.espncdn.com/i/teamlogos/wnba/500/chi.png,away,88,True,28,6,29,46.1,35,76,0,18,85.7,12,14,4,12,4,1,0,33.3,6,18,41,0,13,12,9,s:40~l:59~t:9,new-york-liberty,New York,Liberty,NY,New York Liberty,Liberty,0d79b9,89c9bf,https://a.espncdn.com/i/teamlogos/wnba/500/ny.png,86,,,
401391731,2022,2,2022-06-12,2022-06-12 19:00:00-04:00,8,s:40~l:59~t:8,minnesota-lynx,Minnesota,LYNX,MIN,Minnesota Lynx,Lynx,005084,47a757,https://a.espncdn.com/i/teamlogos/wnba/500/min.png,home,80,False,23,1,27,45.1,32,71,0,13,68.8,11,16,6,9,6,2,1,23.8,5,21,36,1,12,10,5,s:40~l:59~t:5,indiana-fever,Indiana,Fever,IND,Indiana Fever,Fever,e2382f,08265b,https://a.espncdn.com/i/teamlogos/wnba/500/ind.png,84,,,
401391731,2022,2,2022-06-12,2022-06-12 19:00:00-04:00,5,s:40~l:59~t:5,indiana-fever,Indiana,FEVER,IND,Indiana Fever,Fever,e2382f,08265b,https://a.espncdn.com/i/teamlogos/wnba/500/ind.png,away,84,True,25,9,22,47.1,33,70,0,18,66.7,8,12,9,8,5,0,2,43.5,10,23,30,2,11,11,8,s:40~l:59~t:8,minnesota-lynx,Minnesota,Lynx,MIN,Minnesota Lynx,Lynx,005084,47a757,https://a.espncdn.com/i/teamlogos/wnba/500/min.png,80,,,
401391730,2022,2,2022-06-12,2022-06-12 18:00:00-04:00,16,s:40~l:59~t:16,washington-mystics,Washington,MYSTICS,WSH,Washington Mystics,Mystics,e03a3e,09295a,https://a.espncdn.com/i/teamlogos/wnba/500/wsh.png,home,90,False,23,1,28,40.0,30,75,1,19,64.7,22,34,7,14,8,2,0,27.6,8,29,42,0,20,18,11,s:40~l:59~t:11,phoenix-mercury,Phoenix,Mercury,PHX,Phoenix Mercury,Mercury,3a267d,e56020,https://a.espncdn.com/i/teamlogos/wnba/500/phx.png,99,,,
401391730,2022,2,2022-06-12,2022-06-12 18:00:00-04:00,11,s:40~l:59~t:11,phoenix-mercury,Phoenix,MERCURY,PHX,Phoenix Mercury,Mercury,3a267d,e56020,https://a.espncdn.com/i/teamlogos/wnba/500/phx.png,away,99,True,21,3,26,51.4,36,70,0,28,81.0,17,21,9,4,10,2,3,31.3,10,32,30,3,17,15,16,s:40~l:59~t:16,washington-mystics,Washington,Mystics,WSH,Washington Mystics,Mystics,e03a3e,09295a,https://a.espncdn.com/i/teamlogos/wnba/500/wsh.png,90,,,
401391729,2022,2,2022-06-12,2022-06-12 16:00:00-04:00,3,s:40~l:59~t:3,dallas-wings,Dallas,WINGS,DAL,Dallas Wings,Wings,11213e,c5d646,https://a.espncdn.com/i/teamlogos/wnba/500/dal.png,home,79,False,18,4,25,44.9,31,69,0,17,84.6,11,13,7,14,7,0,1,35.3,6,17,39,1,19,19,14,s:40~l:59~t:14,seattle-storm,Seattle,Storm,SEA,Seattle Storm,Storm,05452a,f7c43c,https://a.espncdn.com/i/teamlogos/wnba/500/sea.png,84,,,
401391729,2022,2,2022-06-12,2022-06-12 16:00:00-04:00,14,s:40~l:59~t:14,seattle-storm,Seattle,STORM,SEA,Seattle Storm,Storm,05452a,f7c43c,https://a.espncdn.com/i/teamlogos/wnba/500/sea.png,away,84,True,23,6,18,46.8,29,62,0,13,88.9,16,18,10,5,12,0,0,43.5,10,23,23,0,10,10,3,s:40~l:59~t:3,dallas-wings,Dallas,Wings,DAL,Dallas Wings,Wings,11213e,c5d646,https://a.espncdn.com/i/teamlogos/wnba/500/dal.png,79,,,
401391728,2022,2,2022-06-12,2022-06-12 14:00:00-04:00,9,s:40~l:59~t:9,new-york-liberty,New York,LIBERTY,NY,New York Liberty,Liberty,0d79b9,89c9bf,https://a.espncdn.com/i/teamlogos/wnba/500/ny.png,home,86,False,22,6,24,48.5,32,66,0,18,91.7,11,12,8,2,4,0,0,47.8,11,23,26,0,14,14,19,s:40~l:59~t:19,chicago-sky,Chicago,Sky,CHI,Chicago Sky,Sky,4f91cd,f1f2f3,https://a.espncdn.com/i/teamlogos/wnba/500/chi.png,88,,,
401391732,2022,2,2022-06-14,2022-06-14 19:00:00-04:00,11,s:40~l:59~t:11,phoenix-mercury,Phoenix,MERCURY,PHX,Phoenix Mercury,Mercury,3a267d,e56020,https://a.espncdn.com/i/teamlogos/wnba/500/phx.png,away,65,False,21,6,31,38.7,24,62,0,17,43.8,7,16,4,4,7,0,0,38.5,10,26,35,0,16,16,16,s:40~l:59~t:16,washington-mystics,Washington,Mystics,WSH,Washington Mystics,Mystics,e03a3e,09295a,https://a.espncdn.com/i/teamlogos/wnba/500/wsh.png,83,,,
401391733,2022,2,2022-06-14,2022-06-14 21:00:00-04:00,14,s:40~l:59~t:14,seattle-storm,Seattle,STORM,SEA,Seattle Storm,Storm,05452a,f7c43c,https://a.espncdn.com/i/teamlogos/wnba/500/sea.png,away,81,True,24,2,20,38.4,28,73,0,14,86.7,13,15,5,15,5,2,0,44.4,12,27,35,0,14,12,8,s:40~l:59~t:8,minnesota-lynx,Minnesota,Lynx,MIN,Minnesota Lynx,Lynx,005084,47a757,https://a.espncdn.com/i/teamlogos/wnba/500/min.png,79,,,
401391732,2022,2,2022-06-14,2022-06-14 19:00:00-04:00,16,s:40~l:59~t:16,washington-mystics,Washington,MYSTICS,WSH,Washington Mystics,Mystics,e03a3e,09295a,https://a.espncdn.com/i/teamlogos/wnba/500/wsh.png,home,83,True,23,4,32,42.3,30,71,0,14,92.3,12,13,18,4,7,1,0,39.3,11,28,36,0,10,9,11,s:40~l:59~t:11,phoenix-mercury,Phoenix,Mercury,PHX,Phoenix Mercury,Mercury,3a267d,e56020,https://a.espncdn.com/i/teamlogos/wnba/500/phx.png,65,,,
401391733,2022,2,2022-06-14,2022-06-14 21:00:00-04:00,8,s:40~l:59~t:8,minnesota-lynx,Minnesota,LYNX,MIN,Minnesota Lynx,Lynx,005084,47a757,https://a.espncdn.com/i/teamlogos/wnba/500/min.png,home,79,False,27,1,27,51.5,35,68,0,15,100.0,3,3,11,6,5,1,3,31.6,6,19,33,3,16,15,14,s:40~l:59~t:14,seattle-storm,Seattle,Storm,SEA,Seattle Storm,Storm,05452a,f7c43c,https://a.espncdn.com/i/teamlogos/wnba/500/sea.png,81,,,
401391734,2022,2,2022-06-15,2022-06-15 13:00:00-04:00,17,s:40~l:59~t:17,las-vegas-aces,Las Vegas,ACES,LV,Las Vegas Aces,Aces,000000,c7cfd4,https://a.espncdn.com/i/teamlogos/wnba/500/lv.png,away,92,True,17,6,29,49.3,35,71,0,12,69.6,16,23,9,4,5,1,0,27.3,6,22,33,0,8,7,3,s:40~l:59~t:3,dallas-wings,Dallas,Wings,DAL,Dallas Wings,Wings,11213e,c5d646,https://a.espncdn.com/i/teamlogos/wnba/500/dal.png,84,,,
401391734,2022,2,2022-06-15,2022-06-15 13:00:00-04:00,3,s:40~l:59~t:3,dallas-wings,Dallas,WINGS,DAL,Dallas Wings,Wings,11213e,c5d646,https://a.espncdn.com/i/teamlogos/wnba/500/dal.png,home,84,False,20,3,29,39.7,29,73,0,20,84.2,16,19,16,11,2,0,1,34.5,10,29,40,1,11,11,17,s:40~l:59~t:17,las-vegas-aces,Las Vegas,Aces,LV,Las Vegas Aces,Aces,000000,c7cfd4,https://a.espncdn.com/i/teamlogos/wnba/500/lv.png,92,,,
401391735,2022,2,2022-06-15,2022-06-15 19:00:00-04:00,18,s:40~l:59~t:18,connecticut-sun,Connecticut,SUN,CONN,Connecticut Sun,Sun,de6b36,002d62,https://a.espncdn.com/i/teamlogos/wnba/500/conn.png,home,105,True,30,4,26,51.9,40,77,0,17,73.3,11,15,29,7,8,0,0,53.8,14,26,33,0,11,11,20,s:40~l:59~t:20,atlanta-dream,Atlanta,Dream,ATL,Atlanta Dream,Dream,d02030,383a37,https://a.espncdn.com/i/teamlogos/wnba/500/atl.png,92,,,
401391735,2022,2,2022-06-15,2022-06-15 19:00:00-04:00,20,s:40~l:59~t:20,atlanta-dream,Atlanta,DREAM,ATL,Atlanta Dream,Dream,d02030,383a37,https://a.espncdn.com/i/teamlogos/wnba/500/atl.png,away,92,False,18,5,24,46.1,35,76,0,19,62.5,10,16,4,13,9,0,0,41.4,12,29,37,0,16,16,18,s:40~l:59~t:18,connecticut-sun,Connecticut,Sun,CONN,Connecticut Sun,Sun,de6b36,002d62,https://a.espncdn.com/i/teamlogos/wnba/500/conn.png,105,,,
401391736,2022,2,2022-06-15,2022-06-15 19:00:00-04:00,5,s:40~l:59~t:5,indiana-fever,Indiana,FEVER,IND,Indiana Fever,Fever,e2382f,08265b,https://a.espncdn.com/i/teamlogos/wnba/500/ind.png,home,80,False,19,4,23,37.2,29,78,0,19,88.9,16,18,2,16,7,1,0,28.6,6,21,39,0,14,13,11,s:40~l:59~t:11,phoenix-mercury,Phoenix,Mercury,PHX,Phoenix Mercury,Mercury,3a267d,e56020,https://a.espncdn.com/i/teamlogos/wnba/500/phx.png,93,,,
401391736,2022,2,2022-06-15,2022-06-15 19:00:00-04:00,11,s:40~l:59~t:11,phoenix-mercury,Phoenix,MERCURY,PHX,Phoenix Mercury,Mercury,3a267d,e56020,https://a.espncdn.com/i/teamlogos/wnba/500/phx.png,away,93,True,24,9,28,50.7,34,67,0,20,94.4,17,18,23,5,6,0,0,30.8,8,26,33,0,12,12,5,s:40~l:59~t:5,indiana-fever,Indiana,Fever,IND,Indiana Fever,Fever,e2382f,08265b,https://a.espncdn.com/i/teamlogos/wnba/500/ind.png,80,,,
401391737,2022,2,2022-06-16,2022-06-16 19:00:00-04:00,9,s:40~l:59~t:9,new-york-liberty,New York,LIBERTY,NY,New York Liberty,Liberty,0d79b9,89c9bf,https://a.espncdn.com/i/teamlogos/wnba/500/ny.png,home,77,True,21,3,33,44.9,31,69,0,14,69.2,9,13,14,5,9,1,1,19.4,6,31,38,1,11,10,16,s:40~l:59~t:16,washington-mystics,Washington,Mystics,WSH,Washington Mystics,Mystics,e03a3e,09295a,https://a.espncdn.com/i/teamlogos/wnba/500/wsh.png,65,,,
401391737,2022,2,2022-06-16,2022-06-16 19:00:00-04:00,16,s:40~l:59~t:16,washington-mystics,Washington,MYSTICS,WSH,Washington Mystics,Mystics,e03a3e,09295a,https://a.espncdn.com/i/teamlogos/wnba/500/wsh.png,away,65,False,14,4,32,36.9,24,65,0,14,64.3,9,14,4,5,6,0,0,27.6,8,29,37,0,13,13,9,s:40~l:59~t:9,new-york-liberty,New York,Liberty,NY,New York Liberty,Liberty,0d79b9,89c9bf,https://a.espncdn.com/i/teamlogos/wnba/500/ny.png,77,,,
401391740,2022,2,2022-06-17,2022-06-17 20:00:00-04:00,19,s:40~l:59~t:19,chicago-sky,Chicago,SKY,CHI,Chicago Sky,Sky,4f91cd,f1f2f3,https://a.espncdn.com/i/teamlogos/wnba/500/chi.png,home,106,True,24,7,36,46.7,35,75,0,22,88.0,22,25,18,11,9,2,1,56.0,14,25,47,1,17,15,20,s:40~l:59~t:20,atlanta-dream,Atlanta,Dream,ATL,Atlanta Dream,Dream,d02030,383a37,https://a.espncdn.com/i/teamlogos/wnba/500/atl.png,100,,,
401391740,2022,2,2022-06-17,2022-06-17 20:00:00-04:00,20,s:40~l:59~t:20,atlanta-dream,Atlanta,DREAM,ATL,Atlanta Dream,Dream,d02030,383a37,https://a.espncdn.com/i/teamlogos/wnba/500/atl.png,away,100,False,23,9,25,44.8,39,87,0,18,66.7,14,21,5,14,9,0,0,36.4,8,22,39,0,15,15,19,s:40~l:59~t:19,chicago-sky,Chicago,Sky,CHI,Chicago Sky,Sky,4f91cd,f1f2f3,https://a.espncdn.com/i/teamlogos/wnba/500/chi.png,106,,,
401391739,2022,2,2022-06-17,2022-06-17 20:00:00-04:00,3,s:40~l:59~t:3,dallas-wings,Dallas,WINGS,DAL,Dallas Wings,Wings,11213e,c5d646,https://a.espncdn.com/i/teamlogos/wnba/500/dal.png,home,93,True,18,6,22,48.5,33,68,0,20,78.9,15,19,17,9,4,2,3,48.0,12,25,31,3,14,12,11,s:40~l:59~t:11,phoenix-mercury,Phoenix,Mercury,PHX,Phoenix Mercury,Mercury,3a267d,e56020,https://a.espncdn.com/i/teamlogos/wnba/500/phx.png,88,,,
401391739,2022,2,2022-06-17,2022-06-17 20:00:00-04:00,11,s:40~l:59~t:11,phoenix-mercury,Phoenix,MERCURY,PHX,Phoenix Mercury,Mercury,3a267d,e56020,https://a.espncdn.com/i/teamlogos/wnba/500/phx.png,away,88,False,22,4,19,47.7,31,65,0,23,81.8,18,22,2,5,6,2,0,36.4,8,22,24,0,14,12,3,s:40~l:59~t:3,dallas-wings,Dallas,Wings,DAL,Dallas Wings,Wings,11213e,c5d646,https://a.espncdn.com/i/teamlogos/wnba/500/dal.png,93,,,
401391738,2022,2,2022-06-17,2022-06-17 19:00:00-04:00,18,s:40~l:59~t:18,connecticut-sun,Connecticut,SUN,CONN,Connecticut Sun,Sun,de6b36,002d62,https://a.espncdn.com/i/teamlogos/wnba/500/conn.png,home,82,True,25,5,34,52.2,36,69,0,14,62.5,5,8,14,6,8,1,0,25.0,5,20,40,0,15,14,14,s:40~l:59~t:14,seattle-storm,Seattle,Storm,SEA,Seattle Storm,Storm,05452a,f7c43c,https://a.espncdn.com/i/teamlogos/wnba/500/sea.png,71,,,
401391738,2022,2,2022-06-17,2022-06-17 19:00:00-04:00,14,s:40~l:59~t:14,seattle-storm,Seattle,STORM,SEA,Seattle Storm,Storm,05452a,f7c43c,https://a.espncdn.com/i/teamlogos/wnba/500/sea.png,away,71,False,22,2,22,42.4,28,66,0,13,50.0,4,8,7,4,6,2,0,50.0,11,22,26,0,14,12,18,s:40~l:59~t:18,connecticut-sun,Connecticut,Sun,CONN,Connecticut Sun,Sun,de6b36,002d62,https://a.espncdn.com/i/teamlogos/wnba/500/conn.png,82,,,
401391744,2022,2,2022-06-19,2022-06-19 16:00:00-04:00,6,s:40~l:59~t:6,los-angeles-sparks,Los Angeles,SPARKS,LA,Los Angeles Sparks,Sparks,532481,49ac9c,https://a.espncdn.com/i/teamlogos/wnba/500/la.png,away,82,False,17,5,32,40.6,28,69,0,21,75.0,21,28,4,10,10,0,0,25.0,5,20,42,0,17,17,3,s:40~l:59~t:3,dallas-wings,Dallas,Wings,DAL,Dallas Wings,Wings,11213e,c5d646,https://a.espncdn.com/i/teamlogos/wnba/500/dal.png,92,,,
401391741,2022,2,2022-06-19,2022-06-19 12:00:00-04:00,14,s:40~l:59~t:14,seattle-storm,Seattle,STORM,SEA,Seattle Storm,Storm,05452a,f7c43c,https://a.espncdn.com/i/teamlogos/wnba/500/sea.png,away,81,True,21,4,33,42.7,32,75,0,11,87.5,7,8,9,5,6,0,0,37.0,10,27,38,0,10,10,9,s:40~l:59~t:9,new-york-liberty,New York,Liberty,NY,New York Liberty,Liberty,0d79b9,89c9bf,https://a.espncdn.com/i/teamlogos/wnba/500/ny.png,72,,,
401391741,2022,2,2022-06-19,2022-06-19 12:00:00-04:00,9,s:40~l:59~t:9,new-york-liberty,New York,LIBERTY,NY,New York Liberty,Liberty,0d79b9,89c9bf,https://a.espncdn.com/i/teamlogos/wnba/500/ny.png,home,72,False,20,4,35,40.0,30,75,0,15,40.0,2,5,3,8,5,2,0,37.0,10,27,43,0,14,12,14,s:40~l:59~t:14,seattle-storm,Seattle,Storm,SEA,Seattle Storm,Storm,05452a,f7c43c,https://a.espncdn.com/i/teamlogos/wnba/500/sea.png,81,,,
401391743,2022,2,2022-06-19,2022-06-19 14:00:00-04:00,18,s:40~l:59~t:18,connecticut-sun,Connecticut,SUN,CONN,Connecticut Sun,Sun,de6b36,002d62,https://a.espncdn.com/i/teamlogos/wnba/500/conn.png,away,63,False,15,3,32,36.7,22,60,0,14,72.2,13,18,2,11,6,1,2,31.6,6,19,43,2,17,16,16,s:40~l:59~t:16,washington-mystics,Washington,Mystics,WSH,Washington Mystics,Mystics,e03a3e,09295a,https://a.espncdn.com/i/teamlogos/wnba/500/wsh.png,71,,,
401391743,2022,2,2022-06-19,2022-06-19 14:00:00-04:00,16,s:40~l:59~t:16,washington-mystics,Washington,MYSTICS,WSH,Washington Mystics,Mystics,e03a3e,09295a,https://a.espncdn.com/i/teamlogos/wnba/500/wsh.png,home,71,True,21,6,25,41.5,27,65,0,15,64.7,11,17,22,5,8,0,3,31.6,6,19,30,3,10,10,18,s:40~l:59~t:18,connecticut-sun,Connecticut,Sun,CONN,Connecticut Sun,Sun,de6b36,002d62,https://a.espncdn.com/i/teamlogos/wnba/500/conn.png,63,,,
401391742,2022,2,2022-06-19,2022-06-19 15:00:00-04:00,19,s:40~l:59~t:19,chicago-sky,Chicago,SKY,CHI,Chicago Sky,Sky,4f91cd,f1f2f3,https://a.espncdn.com/i/teamlogos/wnba/500/chi.png,away,87,False,21,5,22,47.1,33,70,0,22,75.0,12,16,15,5,8,0,0,45.0,9,20,27,0,14,14,5,s:40~l:59~t:5,indiana-fever,Indiana,Fever,IND,Indiana Fever,Fever,e2382f,08265b,https://a.espncdn.com/i/teamlogos/wnba/500/ind.png,89,,,
401391745,2022,2,2022-06-19,2022-06-19 18:00:00-04:00,17,s:40~l:59~t:17,las-vegas-aces,Las Vegas,ACES,LV,Las Vegas Aces,Aces,000000,c7cfd4,https://a.espncdn.com/i/teamlogos/wnba/500/lv.png,home,96,True,23,3,26,44.9,35,78,0,10,85.0,17,20,7,7,7,0,1,36.0,9,25,33,1,6,6,8,s:40~l:59~t:8,minnesota-lynx,Minnesota,Lynx,MIN,Minnesota Lynx,Lynx,005084,47a757,https://a.espncdn.com/i/teamlogos/wnba/500/min.png,95,,,
401391744,2022,2,2022-06-19,2022-06-19 16:00:00-04:00,3,s:40~l:59~t:3,dallas-wings,Dallas,WINGS,DAL,Dallas Wings,Wings,11213e,c5d646,https://a.espncdn.com/i/teamlogos/wnba/500/dal.png,home,92,True,20,5,31,45.1,32,71,0,25,68.2,15,22,22,8,9,1,1,44.8,13,29,39,1,14,13,6,s:40~l:59~t:6,los-angeles-sparks,Los Angeles,Sparks,LA,Los Angeles Sparks,Sparks,532481,49ac9c,https://a.espncdn.com/i/teamlogos/wnba/500/la.png,82,,,
401391745,2022,2,2022-06-19,2022-06-19 18:00:00-04:00,8,s:40~l:59~t:8,minnesota-lynx,Minnesota,LYNX,MIN,Minnesota Lynx,Lynx,005084,47a757,https://a.espncdn.com/i/teamlogos/wnba/500/min.png,away,95,False,26,4,34,48.1,39,81,0,16,85.7,6,7,14,11,2,2,1,34.4,11,32,45,1,12,10,17,s:40~l:59~t:17,las-vegas-aces,Las Vegas,Aces,LV,Las Vegas Aces,Aces,000000,c7cfd4,https://a.espncdn.com/i/teamlogos/wnba/500/lv.png,96,,,
401391742,2022,2,2022-06-19,2022-06-19 15:00:00-04:00,5,s:40~l:59~t:5,indiana-fever,Indiana,FEVER,IND,Indiana Fever,Fever,e2382f,08265b,https://a.espncdn.com/i/teamlogos/wnba/500/ind.png,home,89,True,19,6,30,50.7,35,69,0,18,68.0,17,25,8,9,7,0,1,25.0,2,8,39,1,15,15,19,s:40~l:59~t:19,chicago-sky,Chicago,Sky,CHI,Chicago Sky,Sky,4f91cd,f1f2f3,https://a.espncdn.com/i/teamlogos/wnba/500/chi.png,87,,,
401391747,2022,2,2022-06-21,2022-06-21 22:00:00-04:00,19,s:40~l:59~t:19,chicago-sky,Chicago,SKY,CHI,Chicago Sky,Sky,4f91cd,f1f2f3,https://a.espncdn.com/i/teamlogos/wnba/500/chi.png,away,104,True,34,3,33,57.3,43,75,0,14,85.7,6,7,12,0,6,0,1,48.0,12,25,33,1,9,9,17,s:40~l:59~t:17,las-vegas-aces,Las Vegas,Aces,LV,Las Vegas Aces,Aces,000000,c7cfd4,https://a.espncdn.com/i/teamlogos/wnba/500/lv.png,95,,,
401391747,2022,2,2022-06-21,2022-06-21 22:00:00-04:00,17,s:40~l:59~t:17,las-vegas-aces,Las Vegas,ACES,LV,Las Vegas Aces,Aces,000000,c7cfd4,https://a.espncdn.com/i/teamlogos/wnba/500/lv.png,home,95,False,23,4,29,44.0,33,75,0,6,84.2,16,19,28,6,8,0,0,41.9,13,31,35,0,9,9,19,s:40~l:59~t:19,chicago-sky,Chicago,Sky,CHI,Chicago Sky,Sky,4f91cd,f1f2f3,https://a.espncdn.com/i/teamlogos/wnba/500/chi.png,104,,,
401391748,2022,2,2022-06-21,2022-06-21 22:00:00-04:00,8,s:40~l:59~t:8,minnesota-lynx,Minnesota,LYNX,MIN,Minnesota Lynx,Lynx,005084,47a757,https://a.espncdn.com/i/teamlogos/wnba/500/min.png,away,84,True,24,0,28,43.8,28,64,0,19,90.0,18,20,18,8,8,1,2,40.0,10,25,36,2,12,11,11,s:40~l:59~t:11,phoenix-mercury,Phoenix,Mercury,PHX,Phoenix Mercury,Mercury,3a267d,e56020,https://a.espncdn.com/i/teamlogos/wnba/500/phx.png,71,,,
401391746,2022,2,2022-06-21,2022-06-21 19:00:00-04:00,3,s:40~l:59~t:3,dallas-wings,Dallas,WINGS,DAL,Dallas Wings,Wings,11213e,c5d646,https://a.espncdn.com/i/teamlogos/wnba/500/dal.png,away,75,False,18,2,20,37.9,25,66,0,22,73.1,19,26,4,11,10,3,0,24.0,6,25,31,0,16,13,20,s:40~l:59~t:20,atlanta-dream,Atlanta,Dream,ATL,Atlanta Dream,Dream,d02030,383a37,https://a.espncdn.com/i/teamlogos/wnba/500/atl.png,80,,,
401391749,2022,2,2022-06-21,2022-06-21 22:30:00-04:00,16,s:40~l:59~t:16,washington-mystics,Washington,MYSTICS,WSH,Washington Mystics,Mystics,e03a3e,09295a,https://a.espncdn.com/i/teamlogos/wnba/500/wsh.png,away,82,False,23,3,18,41.4,29,70,0,16,72.2,13,18,5,14,10,0,3,47.8,11,23,32,3,17,17,6,s:40~l:59~t:6,los-angeles-sparks,Los Angeles,Sparks,LA,Los Angeles Sparks,Sparks,532481,49ac9c,https://a.espncdn.com/i/teamlogos/wnba/500/la.png,84,,,
401391749,2022,2,2022-06-21,2022-06-21 22:30:00-04:00,6,s:40~l:59~t:6,los-angeles-sparks,Los Angeles,SPARKS,LA,Los Angeles Sparks,Sparks,532481,49ac9c,https://a.espncdn.com/i/teamlogos/wnba/500/la.png,home,84,True,21,5,25,49.3,33,67,0,19,70.6,12,17,16,9,11,1,1,42.9,6,14,34,1,17,16,16,s:40~l:59~t:16,washington-mystics,Washington,Mystics,WSH,Washington Mystics,Mystics,e03a3e,09295a,https://a.espncdn.com/i/teamlogos/wnba/500/wsh.png,82,,,
401391746,2022,2,2022-06-21,2022-06-21 19:00:00-04:00,20,s:40~l:59~t:20,atlanta-dream,Atlanta,DREAM,ATL,Atlanta Dream,Dream,d02030,383a37,https://a.espncdn.com/i/teamlogos/wnba/500/atl.png,home,80,True,18,4,25,45.3,29,64,0,19,80.0,12,15,13,10,5,0,1,45.5,10,22,35,1,22,22,3,s:40~l:59~t:3,dallas-wings,Dallas,Wings,DAL,Dallas Wings,Wings,11213e,c5d646,https://a.espncdn.com/i/teamlogos/wnba/500/dal.png,75,,,
401391748,2022,2,2022-06-21,2022-06-21 22:00:00-04:00,11,s:40~l:59~t:11,phoenix-mercury,Phoenix,MERCURY,PHX,Phoenix Mercury,Mercury,3a267d,e56020,https://a.espncdn.com/i/teamlogos/wnba/500/phx.png,home,71,False,15,2,28,39.7,23,58,0,19,68.2,15,22,11,4,6,1,1,33.3,10,30,32,1,17,16,8,s:40~l:59~t:8,minnesota-lynx,Minnesota,Lynx,MIN,Minnesota Lynx,Lynx,005084,47a757,https://a.espncdn.com/i/teamlogos/wnba/500/min.png,84,,,
401391750,2022,2,2022-06-22,2022-06-22 19:00:00-04:00,18,s:40~l:59~t:18,connecticut-sun,Connecticut,SUN,CONN,Connecticut Sun,Sun,de6b36,002d62,https://a.espncdn.com/i/teamlogos/wnba/500/conn.png,home,77,False,16,2,26,41.9,31,74,0,12,83.3,10,12,2,8,4,1,1,33.3,5,15,34,1,11,10,9,s:40~l:59~t:9,new-york-liberty,New York,Liberty,NY,New York Liberty,Liberty,0d79b9,89c9bf,https://a.espncdn.com/i/teamlogos/wnba/500/ny.png,81,,,
401391750,2022,2,2022-06-22,2022-06-22 19:00:00-04:00,9,s:40~l:59~t:9,new-york-liberty,New York,LIBERTY,NY,New York Liberty,Liberty,0d79b9,89c9bf,https://a.espncdn.com/i/teamlogos/wnba/500/ny.png,away,81,True,25,6,28,44.9,31,69,0,14,75.0,6,8,13,5,2,1,1,40.6,13,32,33,1,12,11,18,s:40~l:59~t:18,connecticut-sun,Connecticut,Sun,CONN,Connecticut Sun,Sun,de6b36,002d62,https://a.espncdn.com/i/teamlogos/wnba/500/conn.png,77,,,
401391754,2022,2,2022-06-23,2022-06-23 22:30:00-04:00,6,s:40~l:59~t:6,los-angeles-sparks,Los Angeles,SPARKS,LA,Los Angeles Sparks,Sparks,532481,49ac9c,https://a.espncdn.com/i/teamlogos/wnba/500/la.png,home,59,False,18,2,27,32.9,26,79,0,13,50.0,4,8,0,7,7,0,0,16.7,3,18,34,0,9,9,19,s:40~l:59~t:19,chicago-sky,Chicago,Sky,CHI,Chicago Sky,Sky,4f91cd,f1f2f3,https://a.espncdn.com/i/teamlogos/wnba/500/chi.png,82,,,
401391754,2022,2,2022-06-23,2022-06-23 22:30:00-04:00,19,s:40~l:59~t:19,chicago-sky,Chicago,SKY,CHI,Chicago Sky,Sky,4f91cd,f1f2f3,https://a.espncdn.com/i/teamlogos/wnba/500/chi.png,away,82,True,26,4,43,45.7,32,70,0,11,100.0,11,11,33,6,6,1,1,30.4,7,23,49,1,14,13,6,s:40~l:59~t:6,los-angeles-sparks,Los Angeles,Sparks,LA,Los Angeles Sparks,Sparks,532481,49ac9c,https://a.espncdn.com/i/teamlogos/wnba/500/la.png,59,,,
401391753,2022,2,2022-06-23,2022-06-23 22:00:00-04:00,14,s:40~l:59~t:14,seattle-storm,Seattle,STORM,SEA,Seattle Storm,Storm,05452a,f7c43c,https://a.espncdn.com/i/teamlogos/wnba/500/sea.png,home,85,True,25,4,31,45.6,31,68,1,10,91.7,11,12,14,5,5,1,0,46.2,12,26,36,0,8,7,16,s:40~l:59~t:16,washington-mystics,Washington,Mystics,WSH,Washington Mystics,Mystics,e03a3e,09295a,https://a.espncdn.com/i/teamlogos/wnba/500/wsh.png,71,,,
401391753,2022,2,2022-06-23,2022-06-23 22:00:00-04:00,16,s:40~l:59~t:16,washington-mystics,Washington,MYSTICS,WSH,Washington Mystics,Mystics,e03a3e,09295a,https://a.espncdn.com/i/teamlogos/wnba/500/wsh.png,away,71,False,19,2,32,37.1,26,70,0,12,83.3,10,12,4,11,4,0,0,30.0,9,30,43,0,12,12,14,s:40~l:59~t:14,seattle-storm,Seattle,Storm,SEA,Seattle Storm,Storm,05452a,f7c43c,https://a.espncdn.com/i/teamlogos/wnba/500/sea.png,85,,,
401391752,2022,2,2022-06-23,2022-06-23 20:00:00-04:00,8,s:40~l:59~t:8,minnesota-lynx,Minnesota,LYNX,MIN,Minnesota Lynx,Lynx,005084,47a757,https://a.espncdn.com/i/teamlogos/wnba/500/min.png,home,100,True,25,0,31,50.7,34,67,0,20,82.8,24,29,16,11,6,0,0,34.8,8,23,42,0,16,16,11,s:40~l:59~t:11,phoenix-mercury,Phoenix,Mercury,PHX,Phoenix Mercury,Mercury,3a267d,e56020,https://a.espncdn.com/i/teamlogos/wnba/500/phx.png,88,,,
401391752,2022,2,2022-06-23,2022-06-23 20:00:00-04:00,11,s:40~l:59~t:11,phoenix-mercury,Phoenix,MERCURY,PHX,Phoenix Mercury,Mercury,3a267d,e56020,https://a.espncdn.com/i/teamlogos/wnba/500/phx.png,away,88,False,16,4,21,46.6,27,58,0,22,83.3,25,30,4,2,7,0,0,32.1,9,28,23,0,12,12,8,s:40~l:59~t:8,minnesota-lynx,Minnesota,Lynx,MIN,Minnesota Lynx,Lynx,005084,47a757,https://a.espncdn.com/i/teamlogos/wnba/500/min.png,100,,,
401391751,2022,2,2022-06-23,2022-06-23 20:00:00-04:00,3,s:40~l:59~t:3,dallas-wings,Dallas,WINGS,DAL,Dallas Wings,Wings,11213e,c5d646,https://a.espncdn.com/i/teamlogos/wnba/500/dal.png,home,94,True,20,5,27,50.0,34,68,0,16,78.9,15,19,26,8,13,1,0,47.8,11,23,35,0,14,13,5,s:40~l:59~t:5,indiana-fever,Indiana,Fever,IND,Indiana Fever,Fever,e2382f,08265b,https://a.espncdn.com/i/teamlogos/wnba/500/ind.png,68,,,
401391751,2022,2,2022-06-23,2022-06-23 20:00:00-04:00,5,s:40~l:59~t:5,indiana-fever,Indiana,FEVER,IND,Indiana Fever,Fever,e2382f,08265b,https://a.espncdn.com/i/teamlogos/wnba/500/ind.png,away,68,False,13,2,23,39.7,25,63,0,17,75.0,12,16,0,10,4,1,0,35.3,6,17,33,0,19,18,3,s:40~l:59~t:3,dallas-wings,Dallas,Wings,DAL,Dallas Wings,Wings,11213e,c5d646,https://a.espncdn.com/i/teamlogos/wnba/500/dal.png,94,,,
401391755,2022,2,2022-06-24,2022-06-24 19:30:00-04:00,20,s:40~l:59~t:20,atlanta-dream,Atlanta,DREAM,ATL,Atlanta Dream,Dream,d02030,383a37,https://a.espncdn.com/i/teamlogos/wnba/500/atl.png,home,77,False,13,5,22,36.6,26,71,0,14,90.0,18,20,0,9,8,1,2,41.2,7,17,31,2,11,10,9,s:40~l:59~t:9,new-york-liberty,New York,Liberty,NY,New York Liberty,Liberty,0d79b9,89c9bf,https://a.espncdn.com/i/teamlogos/wnba/500/ny.png,89,,,
401391755,2022,2,2022-06-24,2022-06-24 19:30:00-04:00,9,s:40~l:59~t:9,new-york-liberty,New York,LIBERTY,NY,New York Liberty,Liberty,0d79b9,89c9bf,https://a.espncdn.com/i/teamlogos/wnba/500/ny.png,away,89,True,23,3,30,47.1,32,68,0,17,60.0,9,15,19,9,5,1,0,45.7,16,35,39,0,17,16,20,s:40~l:59~t:20,atlanta-dream,Atlanta,Dream,ATL,Atlanta Dream,Dream,d02030,383a37,https://a.espncdn.com/i/teamlogos/wnba/500/atl.png,77,,,
401391757,2022,2,2022-06-25,2022-06-25 21:00:00-04:00,14,s:40~l:59~t:14,seattle-storm,Seattle,STORM,SEA,Seattle Storm,Storm,05452a,f7c43c,https://a.espncdn.com/i/teamlogos/wnba/500/sea.png,home,77,False,21,6,21,41.3,26,63,1,16,77.3,17,22,12,5,9,0,0,29.6,8,27,26,0,14,14,6,s:40~l:59~t:6,los-angeles-sparks,Los Angeles,Sparks,LA,Los Angeles Sparks,Sparks,532481,49ac9c,https://a.espncdn.com/i/teamlogos/wnba/500/la.png,85,,,
401391756,2022,2,2022-06-25,2022-06-25 20:00:00-04:00,11,s:40~l:59~t:11,phoenix-mercury,Phoenix,MERCURY,PHX,Phoenix Mercury,Mercury,3a267d,e56020,https://a.espncdn.com/i/teamlogos/wnba/500/phx.png,away,83,True,16,4,31,42.0,29,69,0,25,79.2,19,24,12,7,7,1,2,23.1,6,26,38,2,10,9,3,s:40~l:59~t:3,dallas-wings,Dallas,Wings,DAL,Dallas Wings,Wings,11213e,c5d646,https://a.espncdn.com/i/teamlogos/wnba/500/dal.png,72,,,
401391756,2022,2,2022-06-25,2022-06-25 20:00:00-04:00,3,s:40~l:59~t:3,dallas-wings,Dallas,WINGS,DAL,Dallas Wings,Wings,11213e,c5d646,https://a.espncdn.com/i/teamlogos/wnba/500/dal.png,home,72,False,21,4,32,43.3,29,67,0,24,47.6,10,21,12,6,3,1,1,19.0,4,21,38,1,15,14,11,s:40~l:59~t:11,phoenix-mercury,Phoenix,Mercury,PHX,Phoenix Mercury,Mercury,3a267d,e56020,https://a.espncdn.com/i/teamlogos/wnba/500/phx.png,83,,,
401391757,2022,2,2022-06-25,2022-06-25 21:00:00-04:00,6,s:40~l:59~t:6,los-angeles-sparks,Los Angeles,SPARKS,LA,Los Angeles Sparks,Sparks,532481,49ac9c,https://a.espncdn.com/i/teamlogos/wnba/500/la.png,away,85,True,26,1,31,47.2,34,72,0,17,69.2,9,13,8,10,7,1,1,40.0,8,20,41,1,16,15,14,s:40~l:59~t:14,seattle-storm,Seattle,Storm,SEA,Seattle Storm,Storm,05452a,f7c43c,https://a.espncdn.com/i/teamlogos/wnba/500/sea.png,77,,,
401391758,2022,2,2022-06-25,2022-06-25 22:00:00-04:00,16,s:40~l:59~t:16,washington-mystics,Washington,MYSTICS,WSH,Washington Mystics,Mystics,e03a3e,09295a,https://a.espncdn.com/i/teamlogos/wnba/500/wsh.png,away,87,True,24,8,39,47.1,32,68,0,21,75.0,12,16,7,3,10,2,0,36.7,11,30,42,0,20,18,17,s:40~l:59~t:17,las-vegas-aces,Las Vegas,Aces,LV,Las Vegas Aces,Aces,000000,c7cfd4,https://a.espncdn.com/i/teamlogos/wnba/500/lv.png,86,,,
401391758,2022,2,2022-06-25,2022-06-25 22:00:00-04:00,17,s:40~l:59~t:17,las-vegas-aces,Las Vegas,ACES,LV,Las Vegas Aces,Aces,000000,c7cfd4,https://a.espncdn.com/i/teamlogos/wnba/500/lv.png,home,86,False,14,4,30,38.3,31,81,0,21,87.5,14,16,7,8,17,0,0,41.7,10,24,38,0,15,15,16,s:40~l:59~t:16,washington-mystics,Washington,Mystics,WSH,Washington Mystics,Mystics,e03a3e,09295a,https://a.espncdn.com/i/teamlogos/wnba/500/wsh.png,87,,,
401391760,2022,2,2022-06-26,2022-06-26 18:00:00-04:00,19,s:40~l:59~t:19,chicago-sky,Chicago,SKY,CHI,Chicago Sky,Sky,4f91cd,f1f2f3,https://a.espncdn.com/i/teamlogos/wnba/500/chi.png,home,88,True,25,2,20,50.8,33,65,0,16,82.4,14,17,12,6,7,1,1,44.4,8,18,26,1,15,14,8,s:40~l:59~t:8,minnesota-lynx,Minnesota,Lynx,MIN,Minnesota Lynx,Lynx,005084,47a757,https://a.espncdn.com/i/teamlogos/wnba/500/min.png,85,,,
401391760,2022,2,2022-06-26,2022-06-26 18:00:00-04:00,8,s:40~l:59~t:8,minnesota-lynx,Minnesota,LYNX,MIN,Minnesota Lynx,Lynx,005084,47a757,https://a.espncdn.com/i/teamlogos/wnba/500/min.png,away,85,False,23,4,25,58.9,33,56,0,16,76.5,13,17,3,3,4,1,0,37.5,6,16,28,0,18,17,19,s:40~l:59~t:19,chicago-sky,Chicago,Sky,CHI,Chicago Sky,Sky,4f91cd,f1f2f3,https://a.espncdn.com/i/teamlogos/wnba/500/chi.png,88,,,
401391759,2022,2,2022-06-26,2022-06-26 15:00:00-04:00,20,s:40~l:59~t:20,atlanta-dream,Atlanta,DREAM,ATL,Atlanta Dream,Dream,d02030,383a37,https://a.espncdn.com/i/teamlogos/wnba/500/atl.png,home,61,False,17,5,23,33.3,21,63,0,21,77.8,14,18,4,6,10,1,1,26.3,5,19,29,1,18,17,18,s:40~l:59~t:18,connecticut-sun,Connecticut,Sun,CONN,Connecticut Sun,Sun,de6b36,002d62,https://a.espncdn.com/i/teamlogos/wnba/500/conn.png,72,,,
401391759,2022,2,2022-06-26,2022-06-26 15:00:00-04:00,18,s:40~l:59~t:18,connecticut-sun,Connecticut,SUN,CONN,Connecticut Sun,Sun,de6b36,002d62,https://a.espncdn.com/i/teamlogos/wnba/500/conn.png,away,72,True,18,2,30,41.5,27,65,0,19,84.2,16,19,17,10,8,1,1,10.0,2,20,40,1,21,20,20,s:40~l:59~t:20,atlanta-dream,Atlanta,Dream,ATL,Atlanta Dream,Dream,d02030,383a37,https://a.espncdn.com/i/teamlogos/wnba/500/atl.png,61,,,
401391761,2022,2,2022-06-27,2022-06-27 22:00:00-04:00,11,s:40~l:59~t:11,phoenix-mercury,Phoenix,MERCURY,PHX,Phoenix Mercury,Mercury,3a267d,e56020,https://a.espncdn.com/i/teamlogos/wnba/500/phx.png,home,83,True,19,5,21,37.7,26,69,0,22,90.0,18,20,15,9,8,0,2,39.4,13,33,30,2,10,10,5,s:40~l:59~t:5,indiana-fever,Indiana,Fever,IND,Indiana Fever,Fever,e2382f,08265b,https://a.espncdn.com/i/teamlogos/wnba/500/ind.png,71,,,
401391762,2022,2,2022-06-27,2022-06-27 22:30:00-04:00,6,s:40~l:59~t:6,los-angeles-sparks,Los Angeles,SPARKS,LA,Los Angeles Sparks,Sparks,532481,49ac9c,https://a.espncdn.com/i/teamlogos/wnba/500/la.png,home,73,False,23,3,29,38.4,28,73,0,21,66.7,10,15,8,11,4,0,0,30.4,7,23,40,0,13,13,17,s:40~l:59~t:17,las-vegas-aces,Las Vegas,Aces,LV,Las Vegas Aces,Aces,000000,c7cfd4,https://a.espncdn.com/i/teamlogos/wnba/500/lv.png,79,,,
401391762,2022,2,2022-06-27,2022-06-27 22:30:00-04:00,17,s:40~l:59~t:17,las-vegas-aces,Las Vegas,ACES,LV,Las Vegas Aces,Aces,000000,c7cfd4,https://a.espncdn.com/i/teamlogos/wnba/500/lv.png,away,79,True,15,2,31,42.6,26,61,0,16,73.1,19,26,7,6,9,1,0,29.6,8,27,37,0,14,13,6,s:40~l:59~t:6,los-angeles-sparks,Los Angeles,Sparks,LA,Los Angeles Sparks,Sparks,532481,49ac9c,https://a.espncdn.com/i/teamlogos/wnba/500/la.png,73,,,
401391761,2022,2,2022-06-27,2022-06-27 22:00:00-04:00,5,s:40~l:59~t:5,indiana-fever,Indiana,FEVER,IND,Indiana Fever,Fever,e2382f,08265b,https://a.espncdn.com/i/teamlogos/wnba/500/ind.png,away,71,False,13,4,26,40.0,24,60,0,24,80.0,16,20,6,10,4,3,0,58.3,7,12,36,0,19,16,11,s:40~l:59~t:11,phoenix-mercury,Phoenix,Mercury,PHX,Phoenix Mercury,Mercury,3a267d,e56020,https://a.espncdn.com/i/teamlogos/wnba/500/phx.png,83,,,
401391764,2022,2,2022-06-28,2022-06-28 20:00:00-04:00,8,s:40~l:59~t:8,minnesota-lynx,Minnesota,LYNX,MIN,Minnesota Lynx,Lynx,005084,47a757,https://a.espncdn.com/i/teamlogos/wnba/500/min.png,home,92,True,22,6,36,42.5,34,80,0,22,70.6,12,17,32,17,7,0,1,41.4,12,29,53,1,13,13,3,s:40~l:59~t:3,dallas-wings,Dallas,Wings,DAL,Dallas Wings,Wings,11213e,c5d646,https://a.espncdn.com/i/teamlogos/wnba/500/dal.png,64,,,
401391763,2022,2,2022-06-28,2022-06-28 19:00:00-04:00,20,s:40~l:59~t:20,atlanta-dream,Atlanta,DREAM,ATL,Atlanta Dream,Dream,d02030,383a37,https://a.espncdn.com/i/teamlogos/wnba/500/atl.png,away,74,False,19,0,18,42.4,28,66,0,16,86.7,13,15,2,8,9,0,0,25.0,5,20,26,0,14,14,16,s:40~l:59~t:16,washington-mystics,Washington,Mystics,WSH,Washington Mystics,Mystics,e03a3e,09295a,https://a.espncdn.com/i/teamlogos/wnba/500/wsh.png,92,,,
401391764,2022,2,2022-06-28,2022-06-28 20:00:00-04:00,3,s:40~l:59~t:3,dallas-wings,Dallas,WINGS,DAL,Dallas Wings,Wings,11213e,c5d646,https://a.espncdn.com/i/teamlogos/wnba/500/dal.png,away,64,False,10,5,25,28.8,17,59,0,14,78.1,25,32,0,5,4,0,1,31.3,5,16,30,1,10,10,8,s:40~l:59~t:8,minnesota-lynx,Minnesota,Lynx,MIN,Minnesota Lynx,Lynx,005084,47a757,https://a.espncdn.com/i/teamlogos/wnba/500/min.png,92,,,
401391763,2022,2,2022-06-28,2022-06-28 19:00:00-04:00,16,s:40~l:59~t:16,washington-mystics,Washington,MYSTICS,WSH,Washington Mystics,Mystics,e03a3e,09295a,https://a.espncdn.com/i/teamlogos/wnba/500/wsh.png,home,92,True,24,3,24,55.2,32,58,0,18,72.2,13,18,27,6,7,1,0,60.0,15,25,30,0,15,14,20,s:40~l:59~t:20,atlanta-dream,Atlanta,Dream,ATL,Atlanta Dream,Dream,d02030,383a37,https://a.espncdn.com/i/teamlogos/wnba/500/atl.png,74,,,
401391765,2022,2,2022-06-29,2022-06-29 12:00:00-04:00,18,s:40~l:59~t:18,connecticut-sun,Connecticut,SUN,CONN,Connecticut Sun,Sun,de6b36,002d62,https://a.espncdn.com/i/teamlogos/wnba/500/conn.png,away,83,False,22,3,16,40.0,32,80,0,14,81.3,13,16,2,15,15,3,0,31.6,6,19,31,0,7,4,19,s:40~l:59~t:19,chicago-sky,Chicago,Sky,CHI,Chicago Sky,Sky,4f91cd,f1f2f3,https://a.espncdn.com/i/teamlogos/wnba/500/chi.png,91,,,
401391765,2022,2,2022-06-29,2022-06-29 12:00:00-04:00,19,s:40~l:59~t:19,chicago-sky,Chicago,SKY,CHI,Chicago Sky,Sky,4f91cd,f1f2f3,https://a.espncdn.com/i/teamlogos/wnba/500/chi.png,home,91,True,28,6,28,59.3,32,54,0,14,100.0,17,17,23,5,3,2,0,50.0,10,20,33,0,24,22,18,s:40~l:59~t:18,connecticut-sun,Connecticut,Sun,CONN,Connecticut Sun,Sun,de6b36,002d62,https://a.espncdn.com/i/teamlogos/wnba/500/conn.png,83,,,
401391766,2022,2,2022-06-29,2022-06-29 22:00:00-04:00,5,s:40~l:59~t:5,indiana-fever,Indiana,FEVER,IND,Indiana Fever,Fever,e2382f,08265b,https://a.espncdn.com/i/teamlogos/wnba/500/ind.png,away,78,False,18,3,20,42.9,27,63,0,18,71.4,15,21,4,10,4,4,0,42.9,9,21,30,0,14,10,11,s:40~l:59~t:11,phoenix-mercury,Phoenix,Mercury,PHX,Phoenix Mercury,Mercury,3a267d,e56020,https://a.espncdn.com/i/teamlogos/wnba/500/phx.png,99,,,
401391767,2022,2,2022-06-29,2022-06-29 22:00:00-04:00,14,s:40~l:59~t:14,seattle-storm,Seattle,STORM,SEA,Seattle Storm,Storm,05452a,f7c43c,https://a.espncdn.com/i/teamlogos/wnba/500/sea.png,home,88,True,24,6,28,44.3,31,70,0,12,85.7,12,14,11,5,10,1,0,48.3,14,29,33,0,13,12,17,s:40~l:59~t:17,las-vegas-aces,Las Vegas,Aces,LV,Las Vegas Aces,Aces,000000,c7cfd4,https://a.espncdn.com/i/teamlogos/wnba/500/lv.png,78,,,
401391767,2022,2,2022-06-29,2022-06-29 22:00:00-04:00,17,s:40~l:59~t:17,las-vegas-aces,Las Vegas,ACES,LV,Las Vegas Aces,Aces,000000,c7cfd4,https://a.espncdn.com/i/teamlogos/wnba/500/lv.png,away,78,False,23,1,29,39.7,29,73,0,12,91.7,11,12,6,11,7,3,0,37.5,9,24,40,0,20,17,14,s:40~l:59~t:14,seattle-storm,Seattle,Storm,SEA,Seattle Storm,Storm,05452a,f7c43c,https://a.espncdn.com/i/teamlogos/wnba/500/sea.png,88,,,
401391766,2022,2,2022-06-29,2022-06-29 22:00:00-04:00,11,s:40~l:59~t:11,phoenix-mercury,Phoenix,MERCURY,PHX,Phoenix Mercury,Mercury,3a267d,e56020,https://a.espncdn.com/i/teamlogos/wnba/500/phx.png,home,99,True,29,6,21,54.3,38,70,0,20,73.7,14,19,21,11,7,0,0,37.5,9,24,32,0,8,8,5,s:40~l:59~t:5,indiana-fever,Indiana,Fever,IND,Indiana Fever,Fever,e2382f,08265b,https://a.espncdn.com/i/teamlogos/wnba/500/ind.png,78,,,
401391768,2022,2,2022-06-30,2022-06-30 19:00:00-04:00,9,s:40~l:59~t:9,new-york-liberty,New York,LIBERTY,NY,New York Liberty,Liberty,0d79b9,89c9bf,https://a.espncdn.com/i/teamlogos/wnba/500/ny.png,home,81,False,19,7,29,39.4,26,66,0,26,79.2,19,24,6,6,7,2,1,32.3,10,31,35,1,19,17,20,s:40~l:59~t:20,atlanta-dream,Atlanta,Dream,ATL,Atlanta Dream,Dream,d02030,383a37,https://a.espncdn.com/i/teamlogos/wnba/500/atl.png,92,,,
401391768,2022,2,2022-06-30,2022-06-30 19:00:00-04:00,20,s:40~l:59~t:20,atlanta-dream,Atlanta,DREAM,ATL,Atlanta Dream,Dream,d02030,383a37,https://a.espncdn.com/i/teamlogos/wnba/500/atl.png,away,92,True,21,3,29,38.3,31,81,0,25,80.8,21,26,13,12,8,0,1,37.5,9,24,41,1,15,15,9,s:40~l:59~t:9,new-york-liberty,New York,Liberty,NY,New York Liberty,Liberty,0d79b9,89c9bf,https://a.espncdn.com/i/teamlogos/wnba/500/ny.png,81,,,
401391771,2022,2,2022-07-01,2022-07-01 22:00:00-04:00,5,s:40~l:59~t:5,indiana-fever,Indiana,FEVER,IND,Indiana Fever,Fever,e2382f,08265b,https://a.espncdn.com/i/teamlogos/wnba/500/ind.png,away,57,False,13,2,28,34.4,21,61,1,17,47.8,11,23,2,7,11,3,0,23.5,4,17,35,0,20,17,14,s:40~l:59~t:14,seattle-storm,Seattle,Storm,SEA,Seattle Storm,Storm,05452a,f7c43c,https://a.espncdn.com/i/teamlogos/wnba/500/sea.png,73,,,
401391769,2022,2,2022-07-01,2022-07-01 20:00:00-04:00,6,s:40~l:59~t:6,los-angeles-sparks,Los Angeles,SPARKS,LA,Los Angeles Sparks,Sparks,532481,49ac9c,https://a.espncdn.com/i/teamlogos/wnba/500/la.png,away,97,True,24,3,24,48.7,37,76,0,20,84.2,16,19,9,5,9,1,0,36.8,7,19,29,0,11,10,3,s:40~l:59~t:3,dallas-wings,Dallas,Wings,DAL,Dallas Wings,Wings,11213e,c5d646,https://a.espncdn.com/i/teamlogos/wnba/500/dal.png,89,,,
401391769,2022,2,2022-07-01,2022-07-01 20:00:00-04:00,3,s:40~l:59~t:3,dallas-wings,Dallas,WINGS,DAL,Dallas Wings,Wings,11213e,c5d646,https://a.espncdn.com/i/teamlogos/wnba/500/dal.png,home,89,False,19,2,26,50.0,33,66,0,19,68.0,17,25,9,3,8,0,0,31.6,6,19,29,0,13,13,6,s:40~l:59~t:6,los-angeles-sparks,Los Angeles,Sparks,LA,Los Angeles Sparks,Sparks,532481,49ac9c,https://a.espncdn.com/i/teamlogos/wnba/500/la.png,97,,,
401391770,2022,2,2022-07-01,2022-07-01 20:00:00-04:00,17,s:40~l:59~t:17,las-vegas-aces,Las Vegas,ACES,LV,Las Vegas Aces,Aces,000000,c7cfd4,https://a.espncdn.com/i/teamlogos/wnba/500/lv.png,away,91,True,25,5,27,51.4,36,70,0,15,76.9,10,13,15,7,8,1,0,37.5,9,24,34,0,15,14,8,s:40~l:59~t:8,minnesota-lynx,Minnesota,Lynx,MIN,Minnesota Lynx,Lynx,005084,47a757,https://a.espncdn.com/i/teamlogos/wnba/500/min.png,85,,,
401391770,2022,2,2022-07-01,2022-07-01 20:00:00-04:00,8,s:40~l:59~t:8,minnesota-lynx,Minnesota,LYNX,MIN,Minnesota Lynx,Lynx,005084,47a757,https://a.espncdn.com/i/teamlogos/wnba/500/min.png,home,85,False,19,3,23,45.6,31,68,0,17,75.0,12,16,1,6,8,0,0,44.0,11,25,29,0,13,13,17,s:40~l:59~t:17,las-vegas-aces,Las Vegas,Aces,LV,Las Vegas Aces,Aces,000000,c7cfd4,https://a.espncdn.com/i/teamlogos/wnba/500/lv.png,91,,,
401391771,2022,2,2022-07-01,2022-07-01 22:00:00-04:00,14,s:40~l:59~t:14,seattle-storm,Seattle,STORM,SEA,Seattle Storm,Storm,05452a,f7c43c,https://a.espncdn.com/i/teamlogos/wnba/500/sea.png,home,73,True,22,5,34,42.4,25,59,1,15,73.9,17,23,27,5,11,2,0,27.3,6,22,39,0,19,17,5,s:40~l:59~t:5,indiana-fever,Indiana,Fever,IND,Indiana Fever,Fever,e2382f,08265b,https://a.espncdn.com/i/teamlogos/wnba/500/ind.png,57,,,
401391772,2022,2,2022-07-02,2022-07-02 13:00:00-04:00,19,s:40~l:59~t:19,chicago-sky,Chicago,SKY,CHI,Chicago Sky,Sky,4f91cd,f1f2f3,https://a.espncdn.com/i/teamlogos/wnba/500/chi.png,home,91,True,24,3,32,52.6,30,57,0,17,87.5,21,24,23,5,6,2,2,50.0,10,20,37,2,22,20,11,s:40~l:59~t:11,phoenix-mercury,Phoenix,Mercury,PHX,Phoenix Mercury,Mercury,3a267d,e56020,https://a.espncdn.com/i/teamlogos/wnba/500/phx.png,75,,,
401391772,2022,2,2022-07-02,2022-07-02 13:00:00-04:00,11,s:40~l:59~t:11,phoenix-mercury,Phoenix,MERCURY,PHX,Phoenix Mercury,Mercury,3a267d,e56020,https://a.espncdn.com/i/teamlogos/wnba/500/phx.png,away,75,False,15,2,20,40.9,27,66,0,24,84.2,16,19,0,7,14,0,0,25.0,5,20,27,0,18,18,19,s:40~l:59~t:19,chicago-sky,Chicago,Sky,CHI,Chicago Sky,Sky,4f91cd,f1f2f3,https://a.espncdn.com/i/teamlogos/wnba/500/chi.png,91,,,
401391773,2022,2,2022-07-03,2022-07-03 13:00:00-04:00,16,s:40~l:59~t:16,washington-mystics,Washington,MYSTICS,WSH,Washington Mystics,Mystics,e03a3e,09295a,https://a.espncdn.com/i/teamlogos/wnba/500/wsh.png,away,72,False,16,4,28,39.1,27,69,0,16,70.0,14,20,17,9,10,0,0,19.0,4,21,37,0,19,19,18,s:40~l:59~t:18,connecticut-sun,Connecticut,Sun,CONN,Connecticut Sun,Sun,de6b36,002d62,https://a.espncdn.com/i/teamlogos/wnba/500/conn.png,74,,,
401391774,2022,2,2022-07-03,2022-07-03 15:00:00-04:00,14,s:40~l:59~t:14,seattle-storm,Seattle,STORM,SEA,Seattle Storm,Storm,05452a,f7c43c,https://a.espncdn.com/i/teamlogos/wnba/500/sea.png,away,76,False,17,4,28,34.9,22,63,0,16,88.5,23,26,0,2,11,0,0,28.1,9,32,30,0,14,14,20,s:40~l:59~t:20,atlanta-dream,Atlanta,Dream,ATL,Atlanta Dream,Dream,d02030,383a37,https://a.espncdn.com/i/teamlogos/wnba/500/atl.png,90,,,
401391774,2022,2,2022-07-03,2022-07-03 15:00:00-04:00,20,s:40~l:59~t:20,atlanta-dream,Atlanta,DREAM,ATL,Atlanta Dream,Dream,d02030,383a37,https://a.espncdn.com/i/teamlogos/wnba/500/atl.png,home,90,True,24,0,35,47.1,33,70,1,23,89.5,17,19,24,9,7,1,1,38.9,7,18,44,1,17,16,14,s:40~l:59~t:14,seattle-storm,Seattle,Storm,SEA,Seattle Storm,Storm,05452a,f7c43c,https://a.espncdn.com/i/teamlogos/wnba/500/sea.png,76,,,
401391773,2022,2,2022-07-03,2022-07-03 13:00:00-04:00,18,s:40~l:59~t:18,connecticut-sun,Connecticut,SUN,CONN,Connecticut Sun,Sun,de6b36,002d62,https://a.espncdn.com/i/teamlogos/wnba/500/conn.png,home,74,True,17,7,32,43.5,30,69,0,18,50.0,8,16,4,6,11,3,0,33.3,6,18,38,0,20,17,16,s:40~l:59~t:16,washington-mystics,Washington,Mystics,WSH,Washington Mystics,Mystics,e03a3e,09295a,https://a.espncdn.com/i/teamlogos/wnba/500/wsh.png,72,,,
401391776,2022,2,2022-07-03,2022-07-03 18:00:00-04:00,6,s:40~l:59~t:6,los-angeles-sparks,Los Angeles,SPARKS,LA,Los Angeles Sparks,Sparks,532481,49ac9c,https://a.espncdn.com/i/teamlogos/wnba/500/la.png,home,84,True,19,4,29,46.9,30,64,0,13,81.8,18,22,11,8,8,2,2,37.5,6,16,37,2,16,14,9,s:40~l:59~t:9,new-york-liberty,New York,Liberty,NY,New York Liberty,Liberty,0d79b9,89c9bf,https://a.espncdn.com/i/teamlogos/wnba/500/ny.png,74,,,
401391775,2022,2,2022-07-03,2022-07-03 19:00:00-04:00,17,s:40~l:59~t:17,las-vegas-aces,Las Vegas,ACES,LV,Las Vegas Aces,Aces,000000,c7cfd4,https://a.espncdn.com/i/teamlogos/wnba/500/lv.png,away,71,False,17,4,24,36.8,25,68,2,15,81.8,9,11,0,1,6,0,0,32.4,12,37,25,0,6,6,8,s:40~l:59~t:8,minnesota-lynx,Minnesota,Lynx,MIN,Minnesota Lynx,Lynx,005084,47a757,https://a.espncdn.com/i/teamlogos/wnba/500/min.png,102,,,
401391775,2022,2,2022-07-03,2022-07-03 19:00:00-04:00,8,s:40~l:59~t:8,minnesota-lynx,Minnesota,LYNX,MIN,Minnesota Lynx,Lynx,005084,47a757,https://a.espncdn.com/i/teamlogos/wnba/500/min.png,home,102,True,26,3,38,50.0,37,74,0,12,69.6,16,23,34,15,5,0,0,41.4,12,29,53,0,10,10,17,s:40~l:59~t:17,las-vegas-aces,Las Vegas,Aces,LV,Las Vegas Aces,Aces,000000,c7cfd4,https://a.espncdn.com/i/teamlogos/wnba/500/lv.png,71,,,
401391776,2022,2,2022-07-03,2022-07-03 18:00:00-04:00,9,s:40~l:59~t:9,new-york-liberty,New York,LIBERTY,NY,New York Liberty,Liberty,0d79b9,89c9bf,https://a.espncdn.com/i/teamlogos/wnba/500/ny.png,away,74,False,22,2,21,39.7,27,68,0,16,66.7,8,12,6,7,7,0,0,36.4,12,33,28,0,17,17,6,s:40~l:59~t:6,los-angeles-sparks,Los Angeles,Sparks,LA,Los Angeles Sparks,Sparks,532481,49ac9c,https://a.espncdn.com/i/teamlogos/wnba/500/la.png,84,,,
401391777,2022,2,2022-07-04,2022-07-04 19:00:00-04:00,6,s:40~l:59~t:6,los-angeles-sparks,Los Angeles,SPARKS,LA,Los Angeles Sparks,Sparks,532481,49ac9c,https://a.espncdn.com/i/teamlogos/wnba/500/la.png,home,78,True,18,0,25,45.0,27,60,0,16,76.0,19,25,11,7,10,0,1,35.7,5,14,32,1,20,20,11,s:40~l:59~t:11,phoenix-mercury,Phoenix,Mercury,PHX,Phoenix Mercury,Mercury,3a267d,e56020,https://a.espncdn.com/i/teamlogos/wnba/500/phx.png,75,,,
401391777,2022,2,2022-07-04,2022-07-04 19:00:00-04:00,11,s:40~l:59~t:11,phoenix-mercury,Phoenix,MERCURY,PHX,Phoenix Mercury,Mercury,3a267d,e56020,https://a.espncdn.com/i/teamlogos/wnba/500/phx.png,away,75,False,21,3,24,45.6,26,57,0,25,93.8,15,16,4,6,11,1,1,29.6,8,27,30,1,22,21,6,s:40~l:59~t:6,los-angeles-sparks,Los Angeles,Sparks,LA,Los Angeles Sparks,Sparks,532481,49ac9c,https://a.espncdn.com/i/teamlogos/wnba/500/la.png,78,,,
401391779,2022,2,2022-07-05,2022-07-05 20:00:00-04:00,3,s:40~l:59~t:3,dallas-wings,Dallas,WINGS,DAL,Dallas Wings,Wings,11213e,c5d646,https://a.espncdn.com/i/teamlogos/wnba/500/dal.png,home,82,True,19,6,23,45.1,32,71,0,14,70.6,12,17,12,11,6,1,0,23.1,6,26,34,0,10,9,18,s:40~l:59~t:18,connecticut-sun,Connecticut,Sun,CONN,Connecticut Sun,Sun,de6b36,002d62,https://a.espncdn.com/i/teamlogos/wnba/500/conn.png,71,,,
401391779,2022,2,2022-07-05,2022-07-05 20:00:00-04:00,18,s:40~l:59~t:18,connecticut-sun,Connecticut,SUN,CONN,Connecticut Sun,Sun,de6b36,002d62,https://a.espncdn.com/i/teamlogos/wnba/500/conn.png,away,71,False,20,4,25,43.1,28,65,0,15,78.6,11,14,3,4,4,1,0,20.0,4,20,29,0,14,13,3,s:40~l:59~t:3,dallas-wings,Dallas,Wings,DAL,Dallas Wings,Wings,11213e,c5d646,https://a.espncdn.com/i/teamlogos/wnba/500/dal.png,82,,,
401391778,2022,2,2022-07-05,2022-07-05 19:00:00-04:00,5,s:40~l:59~t:5,indiana-fever,Indiana,FEVER,IND,Indiana Fever,Fever,e2382f,08265b,https://a.espncdn.com/i/teamlogos/wnba/500/ind.png,home,73,False,14,1,27,38.4,28,73,0,16,58.8,10,17,2,9,6,1,0,35.0,7,20,36,0,15,14,14,s:40~l:59~t:14,seattle-storm,Seattle,Storm,SEA,Seattle Storm,Storm,05452a,f7c43c,https://a.espncdn.com/i/teamlogos/wnba/500/sea.png,95,,,
401391778,2022,2,2022-07-05,2022-07-05 19:00:00-04:00,14,s:40~l:59~t:14,seattle-storm,Seattle,STORM,SEA,Seattle Storm,Storm,05452a,f7c43c,https://a.espncdn.com/i/teamlogos/wnba/500/sea.png,away,95,True,20,5,33,48.7,37,76,0,14,93.8,15,16,24,10,8,0,0,25.0,6,24,43,0,12,12,5,s:40~l:59~t:5,indiana-fever,Indiana,Fever,IND,Indiana Fever,Fever,e2382f,08265b,https://a.espncdn.com/i/teamlogos/wnba/500/ind.png,73,,,
401391780,2022,2,2022-07-06,2022-07-06 13:00:00-04:00,19,s:40~l:59~t:19,chicago-sky,Chicago,SKY,CHI,Chicago Sky,Sky,4f91cd,f1f2f3,https://a.espncdn.com/i/teamlogos/wnba/500/chi.png,away,78,False,24,4,26,39.7,31,78,1,14,85.7,6,7,1,12,7,1,0,30.3,10,33,38,0,15,14,8,s:40~l:59~t:8,minnesota-lynx,Minnesota,Lynx,MIN,Minnesota Lynx,Lynx,005084,47a757,https://a.espncdn.com/i/teamlogos/wnba/500/min.png,81,,,
401391780,2022,2,2022-07-06,2022-07-06 13:00:00-04:00,8,s:40~l:59~t:8,minnesota-lynx,Minnesota,LYNX,MIN,Minnesota Lynx,Lynx,005084,47a757,https://a.espncdn.com/i/teamlogos/wnba/500/min.png,home,81,True,21,1,26,48.4,30,62,0,12,85.0,17,20,11,6,13,2,0,28.6,4,14,32,0,17,15,19,s:40~l:59~t:19,chicago-sky,Chicago,Sky,CHI,Chicago Sky,Sky,4f91cd,f1f2f3,https://a.espncdn.com/i/teamlogos/wnba/500/chi.png,78,,,
401391781,2022,2,2022-07-06,2022-07-06 20:00:00-04:00,16,s:40~l:59~t:16,washington-mystics,Washington,MYSTICS,WSH,Washington Mystics,Mystics,e03a3e,09295a,https://a.espncdn.com/i/teamlogos/wnba/500/wsh.png,away,85,True,13,3,27,49.2,31,63,0,16,69.6,16,23,21,4,8,0,0,35.0,7,20,31,0,9,9,20,s:40~l:59~t:20,atlanta-dream,Atlanta,Dream,ATL,Atlanta Dream,Dream,d02030,383a37,https://a.espncdn.com/i/teamlogos/wnba/500/atl.png,66,,,
401391782,2022,2,2022-07-06,2022-07-06 22:00:00-04:00,17,s:40~l:59~t:17,las-vegas-aces,Las Vegas,ACES,LV,Las Vegas Aces,Aces,000000,c7cfd4,https://a.espncdn.com/i/teamlogos/wnba/500/lv.png,home,107,False,22,1,25,49.3,34,69,0,13,86.7,26,30,12,6,4,0,0,48.1,13,27,31,0,7,7,9,s:40~l:59~t:9,new-york-liberty,New York,Liberty,NY,New York Liberty,Liberty,0d79b9,89c9bf,https://a.espncdn.com/i/teamlogos/wnba/500/ny.png,116,,,
401391782,2022,2,2022-07-06,2022-07-06 22:00:00-04:00,9,s:40~l:59~t:9,new-york-liberty,New York,LIBERTY,NY,New York Liberty,Liberty,0d79b9,89c9bf,https://a.espncdn.com/i/teamlogos/wnba/500/ny.png,away,116,True,35,3,29,57.5,42,73,0,19,87.5,14,16,12,6,2,1,1,58.1,18,31,35,1,9,8,17,s:40~l:59~t:17,las-vegas-aces,Las Vegas,Aces,LV,Las Vegas Aces,Aces,000000,c7cfd4,https://a.espncdn.com/i/teamlogos/wnba/500/lv.png,107,,,
401391781,2022,2,2022-07-06,2022-07-06 20:00:00-04:00,20,s:40~l:59~t:20,atlanta-dream,Atlanta,DREAM,ATL,Atlanta Dream,Dream,d02030,383a37,https://a.espncdn.com/i/teamlogos/wnba/500/atl.png,home,66,False,15,0,28,41.9,26,62,0,18,82.4,14,17,8,3,7,3,2,0.0,0,12,31,2,15,12,16,s:40~l:59~t:16,washington-mystics,Washington,Mystics,WSH,Washington Mystics,Mystics,e03a3e,09295a,https://a.espncdn.com/i/teamlogos/wnba/500/wsh.png,85,,,
401391785,2022,2,2022-07-07,2022-07-07 22:30:00-04:00,6,s:40~l:59~t:6,los-angeles-sparks,Los Angeles,SPARKS,LA,Los Angeles Sparks,Sparks,532481,49ac9c,https://a.espncdn.com/i/teamlogos/wnba/500/la.png,home,69,False,18,3,16,37.1,26,70,0,11,92.3,12,13,2,8,7,0,0,26.3,5,19,24,0,12,12,14,s:40~l:59~t:14,seattle-storm,Seattle,Storm,SEA,Seattle Storm,Storm,05452a,f7c43c,https://a.espncdn.com/i/teamlogos/wnba/500/sea.png,106,,,
401391785,2022,2,2022-07-07,2022-07-07 22:30:00-04:00,14,s:40~l:59~t:14,seattle-storm,Seattle,STORM,SEA,Seattle Storm,Storm,05452a,f7c43c,https://a.espncdn.com/i/teamlogos/wnba/500/sea.png,away,106,True,30,3,29,64.6,42,65,0,12,82.4,14,17,37,7,9,0,0,47.1,8,17,36,0,12,12,6,s:40~l:59~t:6,los-angeles-sparks,Los Angeles,Sparks,LA,Los Angeles Sparks,Sparks,532481,49ac9c,https://a.espncdn.com/i/teamlogos/wnba/500/la.png,69,,,
401391784,2022,2,2022-07-07,2022-07-07 22:00:00-04:00,11,s:40~l:59~t:11,phoenix-mercury,Phoenix,MERCURY,PHX,Phoenix Mercury,Mercury,3a267d,e56020,https://a.espncdn.com/i/teamlogos/wnba/500/phx.png,home,84,True,20,4,24,40.9,27,66,0,17,87.5,21,24,16,6,11,2,0,30.0,9,30,30,0,11,9,9,s:40~l:59~t:9,new-york-liberty,New York,Liberty,NY,New York Liberty,Liberty,0d79b9,89c9bf,https://a.espncdn.com/i/teamlogos/wnba/500/ny.png,81,,,
401391784,2022,2,2022-07-07,2022-07-07 22:00:00-04:00,9,s:40~l:59~t:9,new-york-liberty,New York,LIBERTY,NY,New York Liberty,Liberty,0d79b9,89c9bf,https://a.espncdn.com/i/teamlogos/wnba/500/ny.png,away,81,False,20,5,29,42.3,30,71,0,21,87.5,14,16,0,11,5,0,0,30.4,7,23,40,0,15,15,11,s:40~l:59~t:11,phoenix-mercury,Phoenix,Mercury,PHX,Phoenix Mercury,Mercury,3a267d,e56020,https://a.espncdn.com/i/teamlogos/wnba/500/phx.png,84,,,
401391783,2022,2,2022-07-07,2022-07-07 19:00:00-04:00,5,s:40~l:59~t:5,indiana-fever,Indiana,FEVER,IND,Indiana Fever,Fever,e2382f,08265b,https://a.espncdn.com/i/teamlogos/wnba/500/ind.png,home,84,False,22,0,17,40.2,33,82,0,16,64.3,9,14,3,10,7,2,2,45.0,9,20,27,2,11,9,19,s:40~l:59~t:19,chicago-sky,Chicago,Sky,CHI,Chicago Sky,Sky,4f91cd,f1f2f3,https://a.espncdn.com/i/teamlogos/wnba/500/chi.png,93,,,
401391783,2022,2,2022-07-07,2022-07-07 19:00:00-04:00,19,s:40~l:59~t:19,chicago-sky,Chicago,SKY,CHI,Chicago Sky,Sky,4f91cd,f1f2f3,https://a.espncdn.com/i/teamlogos/wnba/500/chi.png,away,93,True,25,4,33,54.8,34,62,0,15,76.9,20,26,20,8,2,0,0,41.7,5,12,41,0,17,17,5,s:40~l:59~t:5,indiana-fever,Indiana,Fever,IND,Indiana Fever,Fever,e2382f,08265b,https://a.espncdn.com/i/teamlogos/wnba/500/ind.png,84,,,
401455978,2022,2,2022-07-10,2022-07-10 13:00:00-04:00,112530,s:40~l:59~t:112530,team-wilson,Team Wilson,TEAM WILSON,WIL,Team Wilson,Team Wilson,,,,home,134,True,37,2,42,53.1,51,96,0,3,91.7,11,12,,12,6,1,0,42.9,21,49,54,0,17,16,126287,s:40~l:59~t:126287,team-stewart,Team Stewart,Team Stewart,STE,Team Stewart,Team Stewart,,,,112,,,
401455978,2022,2,2022-07-10,2022-07-10 13:00:00-04:00,126287,s:40~l:59~t:126287,team-stewart,Team Stewart,TEAM STEWART,STE,Team Stewart,Team Stewart,,,,away,112,False,27,2,30,42.9,45,105,0,7,100.0,4,4,,12,10,1,0,30.0,18,60,42,0,11,10,112530,s:40~l:59~t:112530,team-wilson,Team Wilson,Team Wilson,WIL,Team Wilson,Team Wilson,,,,134,,,
401391788,2022,2,2022-07-12,2022-07-12 20:00:00-04:00,20,s:40~l:59~t:20,atlanta-dream,Atlanta,DREAM,ATL,Atlanta Dream,Dream,d02030,383a37,https://a.espncdn.com/i/teamlogos/wnba/500/atl.png,away,75,False,17,3,23,42.0,29,69,0,20,70.0,7,10,8,10,7,0,0,43.5,10,23,33,0,17,17,19,s:40~l:59~t:19,chicago-sky,Chicago,Sky,CHI,Chicago Sky,Sky,4f91cd,f1f2f3,https://a.espncdn.com/i/teamlogos/wnba/500/chi.png,90,,,
401391786,2022,2,2022-07-12,2022-07-12 15:00:00-04:00,14,s:40~l:59~t:14,seattle-storm,Seattle,STORM,SEA,Seattle Storm,Storm,05452a,f7c43c,https://a.espncdn.com/i/teamlogos/wnba/500/sea.png,home,83,True,22,6,28,47.6,30,63,0,18,88.9,16,18,12,6,6,1,0,41.2,7,17,34,0,15,14,3,s:40~l:59~t:3,dallas-wings,Dallas,Wings,DAL,Dallas Wings,Wings,11213e,c5d646,https://a.espncdn.com/i/teamlogos/wnba/500/dal.png,74,,,
401391787,2022,2,2022-07-12,2022-07-12 19:00:00-04:00,17,s:40~l:59~t:17,las-vegas-aces,Las Vegas,ACES,LV,Las Vegas Aces,Aces,000000,c7cfd4,https://a.espncdn.com/i/teamlogos/wnba/500/lv.png,away,107,True,21,3,28,51.6,33,64,0,18,97.1,34,35,24,8,8,1,1,33.3,7,21,36,1,15,14,9,s:40~l:59~t:9,new-york-liberty,New York,Liberty,NY,New York Liberty,Liberty,0d79b9,89c9bf,https://a.espncdn.com/i/teamlogos/wnba/500/ny.png,101,,,
401391787,2022,2,2022-07-12,2022-07-12 19:00:00-04:00,9,s:40~l:59~t:9,new-york-liberty,New York,LIBERTY,NY,New York Liberty,Liberty,0d79b9,89c9bf,https://a.espncdn.com/i/teamlogos/wnba/500/ny.png,home,101,False,24,4,18,44.7,34,76,0,25,81.8,18,22,0,9,8,0,0,48.4,15,31,27,0,12,12,17,s:40~l:59~t:17,las-vegas-aces,Las Vegas,Aces,LV,Las Vegas Aces,Aces,000000,c7cfd4,https://a.espncdn.com/i/teamlogos/wnba/500/lv.png,107,,,
401391788,2022,2,2022-07-12,2022-07-12 20:00:00-04:00,19,s:40~l:59~t:19,chicago-sky,Chicago,SKY,CHI,Chicago Sky,Sky,4f91cd,f1f2f3,https://a.espncdn.com/i/teamlogos/wnba/500/chi.png,home,90,True,24,3,27,53.0,35,66,0,16,71.4,15,21,15,7,11,0,0,35.7,5,14,34,0,13,13,20,s:40~l:59~t:20,atlanta-dream,Atlanta,Dream,ATL,Atlanta Dream,Dream,d02030,383a37,https://a.espncdn.com/i/teamlogos/wnba/500/atl.png,75,,,
401391786,2022,2,2022-07-12,2022-07-12 15:00:00-04:00,3,s:40~l:59~t:3,dallas-wings,Dallas,WINGS,DAL,Dallas Wings,Wings,11213e,c5d646,https://a.espncdn.com/i/teamlogos/wnba/500/dal.png,away,74,False,17,4,24,37.5,27,72,0,19,72.2,13,18,5,11,10,0,0,30.4,7,23,35,0,13,13,14,s:40~l:59~t:14,seattle-storm,Seattle,Storm,SEA,Seattle Storm,Storm,05452a,f7c43c,https://a.espncdn.com/i/teamlogos/wnba/500/sea.png,83,,,
401391789,2022,2,2022-07-12,2022-07-12 20:00:00-04:00,8,s:40~l:59~t:8,minnesota-lynx,Minnesota,LYNX,MIN,Minnesota Lynx,Lynx,005084,47a757,https://a.espncdn.com/i/teamlogos/wnba/500/min.png,home,118,True,27,1,36,47.7,41,86,0,21,71.4,25,35,13,19,5,3,1,40.7,11,27,55,1,22,19,11,s:40~l:59~t:11,phoenix-mercury,Phoenix,Mercury,PHX,Phoenix Mercury,Mercury,3a267d,e56020,https://a.espncdn.com/i/teamlogos/wnba/500/phx.png,107,,,
401391790,2022,2,2022-07-12,2022-07-12 22:30:00-04:00,16,s:40~l:59~t:16,washington-mystics,Washington,MYSTICS,WSH,Washington Mystics,Mystics,e03a3e,09295a,https://a.espncdn.com/i/teamlogos/wnba/500/wsh.png,away,94,True,24,2,26,50.8,33,65,0,18,85.7,18,21,18,9,10,1,1,45.5,10,22,35,1,13,12,6,s:40~l:59~t:6,los-angeles-sparks,Los Angeles,Sparks,LA,Los Angeles Sparks,Sparks,532481,49ac9c,https://a.espncdn.com/i/teamlogos/wnba/500/la.png,81,,,
401391790,2022,2,2022-07-12,2022-07-12 22:30:00-04:00,6,s:40~l:59~t:6,los-angeles-sparks,Los Angeles,SPARKS,LA,Los Angeles Sparks,Sparks,532481,49ac9c,https://a.espncdn.com/i/teamlogos/wnba/500/la.png,home,81,False,16,3,20,51.8,29,56,0,18,66.7,14,21,2,3,5,0,0,69.2,9,13,23,0,18,18,16,s:40~l:59~t:16,washington-mystics,Washington,Mystics,WSH,Washington Mystics,Mystics,e03a3e,09295a,https://a.espncdn.com/i/teamlogos/wnba/500/wsh.png,94,,,
401391789,2022,2,2022-07-12,2022-07-12 20:00:00-04:00,11,s:40~l:59~t:11,phoenix-mercury,Phoenix,MERCURY,PHX,Phoenix Mercury,Mercury,3a267d,e56020,https://a.espncdn.com/i/teamlogos/wnba/500/phx.png,away,107,False,27,9,23,37.0,37,100,0,32,75.0,18,24,5,21,13,1,1,30.0,15,50,44,1,9,8,8,s:40~l:59~t:8,minnesota-lynx,Minnesota,Lynx,MIN,Minnesota Lynx,Lynx,005084,47a757,https://a.espncdn.com/i/teamlogos/wnba/500/min.png,118,,,
401391791,2022,2,2022-07-13,2022-07-13 12:00:00-04:00,5,s:40~l:59~t:5,indiana-fever,Indiana,FEVER,IND,Indiana Fever,Fever,e2382f,08265b,https://a.espncdn.com/i/teamlogos/wnba/500/ind.png,home,81,False,21,1,19,44.1,30,68,0,21,78.9,15,19,0,7,9,1,0,28.6,6,21,26,0,17,16,18,s:40~l:59~t:18,connecticut-sun,Connecticut,Sun,CONN,Connecticut Sun,Sun,de6b36,002d62,https://a.espncdn.com/i/teamlogos/wnba/500/conn.png,89,,,
401391791,2022,2,2022-07-13,2022-07-13 12:00:00-04:00,18,s:40~l:59~t:18,connecticut-sun,Connecticut,SUN,CONN,Connecticut Sun,Sun,de6b36,002d62,https://a.espncdn.com/i/teamlogos/wnba/500/conn.png,away,89,True,18,5,28,46.3,31,67,0,20,87.5,21,24,20,10,12,0,1,31.6,6,19,38,1,17,17,5,s:40~l:59~t:5,indiana-fever,Indiana,Fever,IND,Indiana Fever,Fever,e2382f,08265b,https://a.espncdn.com/i/teamlogos/wnba/500/ind.png,81,,,
401391792,2022,2,2022-07-14,2022-07-14 11:00:00-04:00,17,s:40~l:59~t:17,las-vegas-aces,Las Vegas,ACES,LV,Las Vegas Aces,Aces,000000,c7cfd4,https://a.espncdn.com/i/teamlogos/wnba/500/lv.png,away,108,True,32,3,34,53.5,38,71,0,16,76.2,16,21,39,6,9,0,0,48.5,16,33,40,0,10,10,9,s:40~l:59~t:9,new-york-liberty,New York,Liberty,NY,New York Liberty,Liberty,0d79b9,89c9bf,https://a.espncdn.com/i/teamlogos/wnba/500/ny.png,74,,,
401391792,2022,2,2022-07-14,2022-07-14 11:00:00-04:00,9,s:40~l:59~t:9,new-york-liberty,New York,LIBERTY,NY,New York Liberty,Liberty,0d79b9,89c9bf,https://a.espncdn.com/i/teamlogos/wnba/500/ny.png,home,74,False,18,5,25,34.9,22,63,0,15,88.0,22,25,0,5,5,0,0,30.8,8,26,30,0,12,12,17,s:40~l:59~t:17,las-vegas-aces,Las Vegas,Aces,LV,Las Vegas Aces,Aces,000000,c7cfd4,https://a.espncdn.com/i/teamlogos/wnba/500/lv.png,108,,,
401391793,2022,2,2022-07-14,2022-07-14 20:00:00-04:00,3,s:40~l:59~t:3,dallas-wings,Dallas,WINGS,DAL,Dallas Wings,Wings,11213e,c5d646,https://a.espncdn.com/i/teamlogos/wnba/500/dal.png,away,92,True,25,4,21,47.8,33,69,1,22,82.6,19,23,21,7,7,1,0,35.0,7,20,28,0,13,12,8,s:40~l:59~t:8,minnesota-lynx,Minnesota,Lynx,MIN,Minnesota Lynx,Lynx,005084,47a757,https://a.espncdn.com/i/teamlogos/wnba/500/min.png,87,,,
401391794,2022,2,2022-07-14,2022-07-14 22:00:00-04:00,16,s:40~l:59~t:16,washington-mystics,Washington,MYSTICS,WSH,Washington Mystics,Mystics,e03a3e,09295a,https://a.espncdn.com/i/teamlogos/wnba/500/wsh.png,away,75,False,15,2,31,33.8,22,65,1,19,88.5,23,26,15,11,4,0,2,29.6,8,27,42,2,19,19,11,s:40~l:59~t:11,phoenix-mercury,Phoenix,Mercury,PHX,Phoenix Mercury,Mercury,3a267d,e56020,https://a.espncdn.com/i/teamlogos/wnba/500/phx.png,80,,,
401391793,2022,2,2022-07-14,2022-07-14 20:00:00-04:00,8,s:40~l:59~t:8,minnesota-lynx,Minnesota,LYNX,MIN,Minnesota Lynx,Lynx,005084,47a757,https://a.espncdn.com/i/teamlogos/wnba/500/min.png,home,87,False,13,1,26,42.9,30,70,0,22,80.8,21,26,0,14,6,3,1,40.0,6,15,40,1,17,14,3,s:40~l:59~t:3,dallas-wings,Dallas,Wings,DAL,Dallas Wings,Wings,11213e,c5d646,https://a.espncdn.com/i/teamlogos/wnba/500/dal.png,92,,,
401391795,2022,2,2022-07-14,2022-07-14 22:30:00-04:00,19,s:40~l:59~t:19,chicago-sky,Chicago,SKY,CHI,Chicago Sky,Sky,4f91cd,f1f2f3,https://a.espncdn.com/i/teamlogos/wnba/500/chi.png,away,80,True,22,6,29,48.5,33,68,0,14,75.0,6,8,20,8,9,1,0,42.1,8,19,37,0,19,18,6,s:40~l:59~t:6,los-angeles-sparks,Los Angeles,Sparks,LA,Los Angeles Sparks,Sparks,532481,49ac9c,https://a.espncdn.com/i/teamlogos/wnba/500/la.png,68,,,
401391795,2022,2,2022-07-14,2022-07-14 22:30:00-04:00,6,s:40~l:59~t:6,los-angeles-sparks,Los Angeles,SPARKS,LA,Los Angeles Sparks,Sparks,532481,49ac9c,https://a.espncdn.com/i/teamlogos/wnba/500/la.png,home,68,False,19,5,23,39.4,28,71,0,13,83.3,5,6,5,7,11,1,0,41.2,7,17,30,0,15,14,19,s:40~l:59~t:19,chicago-sky,Chicago,Sky,CHI,Chicago Sky,Sky,4f91cd,f1f2f3,https://a.espncdn.com/i/teamlogos/wnba/500/chi.png,80,,,
401391794,2022,2,2022-07-14,2022-07-14 22:00:00-04:00,11,s:40~l:59~t:11,phoenix-mercury,Phoenix,MERCURY,PHX,Phoenix Mercury,Mercury,3a267d,e56020,https://a.espncdn.com/i/teamlogos/wnba/500/phx.png,home,80,True,16,5,25,37.7,26,69,0,20,90.0,18,20,7,6,10,2,3,38.5,10,26,31,3,16,14,16,s:40~l:59~t:16,washington-mystics,Washington,Mystics,WSH,Washington Mystics,Mystics,e03a3e,09295a,https://a.espncdn.com/i/teamlogos/wnba/500/wsh.png,75,,,
401391797,2022,2,2022-07-15,2022-07-15 19:30:00-04:00,20,s:40~l:59~t:20,atlanta-dream,Atlanta,DREAM,ATL,Atlanta Dream,Dream,d02030,383a37,https://a.espncdn.com/i/teamlogos/wnba/500/atl.png,home,68,False,20,2,26,41.9,26,62,0,21,73.7,14,19,0,4,5,2,1,15.4,2,13,30,1,20,18,18,s:40~l:59~t:18,connecticut-sun,Connecticut,Sun,CONN,Connecticut Sun,Sun,de6b36,002d62,https://a.espncdn.com/i/teamlogos/wnba/500/conn.png,93,,,
401391797,2022,2,2022-07-15,2022-07-15 19:30:00-04:00,18,s:40~l:59~t:18,connecticut-sun,Connecticut,SUN,CONN,Connecticut Sun,Sun,de6b36,002d62,https://a.espncdn.com/i/teamlogos/wnba/500/conn.png,away,93,True,20,1,29,44.8,30,67,0,17,78.1,25,32,30,10,13,1,0,38.1,8,21,39,0,13,12,20,s:40~l:59~t:20,atlanta-dream,Atlanta,Dream,ATL,Atlanta Dream,Dream,d02030,383a37,https://a.espncdn.com/i/teamlogos/wnba/500/atl.png,68,,,
401391796,2022,2,2022-07-15,2022-07-15 19:00:00-04:00,5,s:40~l:59~t:5,indiana-fever,Indiana,FEVER,IND,Indiana Fever,Fever,e2382f,08265b,https://a.espncdn.com/i/teamlogos/wnba/500/ind.png,home,77,False,20,4,29,36.6,26,71,0,23,71.4,20,28,9,8,8,1,0,22.7,5,22,37,0,13,12,8,s:40~l:59~t:8,minnesota-lynx,Minnesota,Lynx,MIN,Minnesota Lynx,Lynx,005084,47a757,https://a.espncdn.com/i/teamlogos/wnba/500/min.png,87,,,
401391796,2022,2,2022-07-15,2022-07-15 19:00:00-04:00,8,s:40~l:59~t:8,minnesota-lynx,Minnesota,LYNX,MIN,Minnesota Lynx,Lynx,005084,47a757,https://a.espncdn.com/i/teamlogos/wnba/500/min.png,away,87,True,26,3,35,44.4,32,72,0,19,94.7,18,19,15,6,5,2,0,25.0,5,20,41,0,17,15,5,s:40~l:59~t:5,indiana-fever,Indiana,Fever,IND,Indiana Fever,Fever,e2382f,08265b,https://a.espncdn.com/i/teamlogos/wnba/500/ind.png,77,,,
401391798,2022,2,2022-07-16,2022-07-16 20:00:00-04:00,3,s:40~l:59~t:3,dallas-wings,Dallas,WINGS,DAL,Dallas Wings,Wings,11213e,c5d646,https://a.espncdn.com/i/teamlogos/wnba/500/dal.png,home,81,False,14,5,19,39.4,26,66,0,13,81.5,22,27,7,5,2,1,1,43.8,7,16,24,1,8,7,19,s:40~l:59~t:19,chicago-sky,Chicago,Sky,CHI,Chicago Sky,Sky,4f91cd,f1f2f3,https://a.espncdn.com/i/teamlogos/wnba/500/chi.png,89,,,
401391798,2022,2,2022-07-16,2022-07-16 20:00:00-04:00,19,s:40~l:59~t:19,chicago-sky,Chicago,SKY,CHI,Chicago Sky,Sky,4f91cd,f1f2f3,https://a.espncdn.com/i/teamlogos/wnba/500/chi.png,away,89,True,25,5,30,47.3,35,74,0,20,100.0,14,14,10,10,4,1,0,21.7,5,23,40,0,9,8,3,s:40~l:59~t:3,dallas-wings,Dallas,Wings,DAL,Dallas Wings,Wings,11213e,c5d646,https://a.espncdn.com/i/teamlogos/wnba/500/dal.png,81,,,
401391799,2022,2,2022-07-17,2022-07-17 13:00:00-04:00,18,s:40~l:59~t:18,connecticut-sun,Connecticut,SUN,CONN,Connecticut Sun,Sun,de6b36,002d62,https://a.espncdn.com/i/teamlogos/wnba/500/conn.png,home,83,False,19,1,31,47.7,31,65,0,21,87.5,14,16,6,10,4,0,1,38.9,7,18,41,1,22,22,17,s:40~l:59~t:17,las-vegas-aces,Las Vegas,Aces,LV,Las Vegas Aces,Aces,000000,c7cfd4,https://a.espncdn.com/i/teamlogos/wnba/500/lv.png,91,,,
401391799,2022,2,2022-07-17,2022-07-17 13:00:00-04:00,17,s:40~l:59~t:17,las-vegas-aces,Las Vegas,ACES,LV,Las Vegas Aces,Aces,000000,c7cfd4,https://a.espncdn.com/i/teamlogos/wnba/500/lv.png,away,91,True,18,2,20,41.9,31,74,0,14,83.3,20,24,16,10,10,1,0,25.0,9,36,30,0,8,7,18,s:40~l:59~t:18,connecticut-sun,Connecticut,Sun,CONN,Connecticut Sun,Sun,de6b36,002d62,https://a.espncdn.com/i/teamlogos/wnba/500/conn.png,83,,,
401391800,2022,2,2022-07-17,2022-07-17 15:00:00-04:00,8,s:40~l:59~t:8,minnesota-lynx,Minnesota,LYNX,MIN,Minnesota Lynx,Lynx,005084,47a757,https://a.espncdn.com/i/teamlogos/wnba/500/min.png,away,57,False,14,2,38,33.3,22,66,0,12,75.0,9,12,4,8,4,0,0,20.0,4,20,46,0,17,17,16,s:40~l:59~t:16,washington-mystics,Washington,Mystics,WSH,Washington Mystics,Mystics,e03a3e,09295a,https://a.espncdn.com/i/teamlogos/wnba/500/wsh.png,70,,,
401391800,2022,2,2022-07-17,2022-07-17 15:00:00-04:00,16,s:40~l:59~t:16,washington-mystics,Washington,MYSTICS,WSH,Washington Mystics,Mystics,e03a3e,09295a,https://a.espncdn.com/i/teamlogos/wnba/500/wsh.png,home,70,True,21,5,33,37.7,26,69,0,12,91.7,11,12,19,4,13,0,0,28.0,7,25,37,0,8,8,8,s:40~l:59~t:8,minnesota-lynx,Minnesota,Lynx,MIN,Minnesota Lynx,Lynx,005084,47a757,https://a.espncdn.com/i/teamlogos/wnba/500/min.png,57,,,
401391802,2022,2,2022-07-17,2022-07-17 18:00:00-04:00,5,s:40~l:59~t:5,indiana-fever,Indiana,FEVER,IND,Indiana Fever,Fever,e2382f,08265b,https://a.espncdn.com/i/teamlogos/wnba/500/ind.png,away,65,False,14,2,26,36.4,24,66,0,20,65.0,13,20,3,11,8,1,0,16.7,4,24,37,0,20,19,14,s:40~l:59~t:14,seattle-storm,Seattle,Storm,SEA,Seattle Storm,Storm,05452a,f7c43c,https://a.espncdn.com/i/teamlogos/wnba/500/sea.png,81,,,
401391801,2022,2,2022-07-17,2022-07-17 18:00:00-04:00,11,s:40~l:59~t:11,phoenix-mercury,Phoenix,MERCURY,PHX,Phoenix Mercury,Mercury,3a267d,e56020,https://a.espncdn.com/i/teamlogos/wnba/500/phx.png,home,75,False,18,7,19,41.3,26,63,0,16,75.0,15,20,4,9,6,1,0,27.6,8,29,28,0,14,13,20,s:40~l:59~t:20,atlanta-dream,Atlanta,Dream,ATL,Atlanta Dream,Dream,d02030,383a37,https://a.espncdn.com/i/teamlogos/wnba/500/atl.png,85,,,
401391802,2022,2,2022-07-17,2022-07-17 18:00:00-04:00,14,s:40~l:59~t:14,seattle-storm,Seattle,STORM,SEA,Seattle Storm,Storm,05452a,f7c43c,https://a.espncdn.com/i/teamlogos/wnba/500/sea.png,home,81,True,26,3,29,42.9,30,70,0,21,83.3,15,18,20,12,12,2,0,24.0,6,25,41,0,17,15,5,s:40~l:59~t:5,indiana-fever,Indiana,Fever,IND,Indiana Fever,Fever,e2382f,08265b,https://a.espncdn.com/i/teamlogos/wnba/500/ind.png,65,,,
401391801,2022,2,2022-07-17,2022-07-17 18:00:00-04:00,20,s:40~l:59~t:20,atlanta-dream,Atlanta,DREAM,ATL,Atlanta Dream,Dream,d02030,383a37,https://a.espncdn.com/i/teamlogos/wnba/500/atl.png,away,85,True,18,2,27,47.9,34,71,0,19,50.0,7,14,10,16,6,1,1,43.5,10,23,43,1,15,14,11,s:40~l:59~t:11,phoenix-mercury,Phoenix,Mercury,PHX,Phoenix Mercury,Mercury,3a267d,e56020,https://a.espncdn.com/i/teamlogos/wnba/500/phx.png,75,,,
401391803,2022,2,2022-07-19,2022-07-19 11:30:00-04:00,18,s:40~l:59~t:18,connecticut-sun,Connecticut,SUN,CONN,Connecticut Sun,Sun,de6b36,002d62,https://a.espncdn.com/i/teamlogos/wnba/500/conn.png,home,82,True,20,2,31,49.2,30,61,0,9,70.8,17,24,23,8,11,2,1,45.5,5,11,39,1,14,12,9,s:40~l:59~t:9,new-york-liberty,New York,Liberty,NY,New York Liberty,Liberty,0d79b9,89c9bf,https://a.espncdn.com/i/teamlogos/wnba/500/ny.png,63,,,
401391804,2022,2,2022-07-19,2022-07-19 22:00:00-04:00,20,s:40~l:59~t:20,atlanta-dream,Atlanta,DREAM,ATL,Atlanta Dream,Dream,d02030,383a37,https://a.espncdn.com/i/teamlogos/wnba/500/atl.png,away,92,True,24,5,35,51.6,33,64,0,16,68.8,11,16,23,5,6,1,2,62.5,15,24,40,2,17,16,17,s:40~l:59~t:17,las-vegas-aces,Las Vegas,Aces,LV,Las Vegas Aces,Aces,000000,c7cfd4,https://a.espncdn.com/i/teamlogos/wnba/500/lv.png,76,,,
401391804,2022,2,2022-07-19,2022-07-19 22:00:00-04:00,17,s:40~l:59~t:17,las-vegas-aces,Las Vegas,ACES,LV,Las Vegas Aces,Aces,000000,c7cfd4,https://a.espncdn.com/i/teamlogos/wnba/500/lv.png,home,76,False,18,4,24,36.6,26,71,0,17,73.7,14,19,0,5,12,0,0,28.6,10,35,29,0,12,12,20,s:40~l:59~t:20,atlanta-dream,Atlanta,Dream,ATL,Atlanta Dream,Dream,d02030,383a37,https://a.espncdn.com/i/teamlogos/wnba/500/atl.png,92,,,
401391803,2022,2,2022-07-19,2022-07-19 11:30:00-04:00,9,s:40~l:59~t:9,new-york-liberty,New York,LIBERTY,NY,New York Liberty,Liberty,0d79b9,89c9bf,https://a.espncdn.com/i/teamlogos/wnba/500/ny.png,away,63,False,18,8,20,36.4,24,66,0,18,100.0,6,6,5,6,7,1,0,33.3,9,27,26,0,19,18,18,s:40~l:59~t:18,connecticut-sun,Connecticut,Sun,CONN,Connecticut Sun,Sun,de6b36,002d62,https://a.espncdn.com/i/teamlogos/wnba/500/conn.png,82,,,
401391805,2022,2,2022-07-19,2022-07-19 22:30:00-04:00,6,s:40~l:59~t:6,los-angeles-sparks,Los Angeles,SPARKS,LA,Los Angeles Sparks,Sparks,532481,49ac9c,https://a.espncdn.com/i/teamlogos/wnba/500/la.png,home,86,True,20,2,19,50.0,33,66,0,16,68.8,11,16,12,8,13,0,0,36.0,9,25,27,0,16,16,5,s:40~l:59~t:5,indiana-fever,Indiana,Fever,IND,Indiana Fever,Fever,e2382f,08265b,https://a.espncdn.com/i/teamlogos/wnba/500/ind.png,79,,,
401391805,2022,2,2022-07-19,2022-07-19 22:30:00-04:00,5,s:40~l:59~t:5,indiana-fever,Indiana,FEVER,IND,Indiana Fever,Fever,e2382f,08265b,https://a.espncdn.com/i/teamlogos/wnba/500/ind.png,away,79,False,19,1,24,50.9,29,57,0,21,83.3,15,18,5,8,5,0,0,46.2,6,13,32,0,24,24,6,s:40~l:59~t:6,los-angeles-sparks,Los Angeles,Sparks,LA,Los Angeles Sparks,Sparks,532481,49ac9c,https://a.espncdn.com/i/teamlogos/wnba/500/la.png,86,,,
401391806,2022,2,2022-07-20,2022-07-20 12:00:00-04:00,19,s:40~l:59~t:19,chicago-sky,Chicago,SKY,CHI,Chicago Sky,Sky,4f91cd,f1f2f3,https://a.espncdn.com/i/teamlogos/wnba/500/chi.png,home,78,True,20,3,27,48.5,32,66,0,11,81.8,9,11,10,11,6,4,0,23.8,5,21,38,0,16,12,14,s:40~l:59~t:14,seattle-storm,Seattle,Storm,SEA,Seattle Storm,Storm,05452a,f7c43c,https://a.espncdn.com/i/teamlogos/wnba/500/sea.png,74,,,
401391806,2022,2,2022-07-20,2022-07-20 12:00:00-04:00,14,s:40~l:59~t:14,seattle-storm,Seattle,STORM,SEA,Seattle Storm,Storm,05452a,f7c43c,https://a.espncdn.com/i/teamlogos/wnba/500/sea.png,away,74,False,16,2,19,42.0,29,69,0,15,81.8,9,11,10,9,5,0,0,36.8,7,19,28,0,14,14,19,s:40~l:59~t:19,chicago-sky,Chicago,Sky,CHI,Chicago Sky,Sky,4f91cd,f1f2f3,https://a.espncdn.com/i/teamlogos/wnba/500/chi.png,78,,,
401391809,2022,2,2022-07-21,2022-07-21 22:00:00-04:00,17,s:40~l:59~t:17,las-vegas-aces,Las Vegas,ACES,LV,Las Vegas Aces,Aces,000000,c7cfd4,https://a.espncdn.com/i/teamlogos/wnba/500/lv.png,home,90,True,23,1,34,48.1,37,77,0,15,61.5,8,13,31,9,9,1,1,30.8,8,26,43,1,17,16,5,s:40~l:59~t:5,indiana-fever,Indiana,Fever,IND,Indiana Fever,Fever,e2382f,08265b,https://a.espncdn.com/i/teamlogos/wnba/500/ind.png,77,,,
401391809,2022,2,2022-07-21,2022-07-21 22:00:00-04:00,5,s:40~l:59~t:5,indiana-fever,Indiana,FEVER,IND,Indiana Fever,Fever,e2382f,08265b,https://a.espncdn.com/i/teamlogos/wnba/500/ind.png,away,77,False,22,5,26,41.8,28,67,0,11,60.0,12,20,5,7,10,0,0,34.6,9,26,33,0,17,17,17,s:40~l:59~t:17,las-vegas-aces,Las Vegas,Aces,LV,Las Vegas Aces,Aces,000000,c7cfd4,https://a.espncdn.com/i/teamlogos/wnba/500/lv.png,90,,,
401391808,2022,2,2022-07-21,2022-07-21 15:30:00-04:00,6,s:40~l:59~t:6,los-angeles-sparks,Los Angeles,SPARKS,LA,Los Angeles Sparks,Sparks,532481,49ac9c,https://a.espncdn.com/i/teamlogos/wnba/500/la.png,home,85,True,22,3,19,53.1,34,64,0,19,84.6,11,13,13,6,12,1,1,54.5,6,11,25,1,13,12,20,s:40~l:59~t:20,atlanta-dream,Atlanta,Dream,ATL,Atlanta Dream,Dream,d02030,383a37,https://a.espncdn.com/i/teamlogos/wnba/500/atl.png,78,,,
401391808,2022,2,2022-07-21,2022-07-21 15:30:00-04:00,20,s:40~l:59~t:20,atlanta-dream,Atlanta,DREAM,ATL,Atlanta Dream,Dream,d02030,383a37,https://a.espncdn.com/i/teamlogos/wnba/500/atl.png,away,78,False,21,1,22,45.5,30,66,0,21,69.2,9,13,0,14,6,0,0,39.1,9,23,36,0,21,21,6,s:40~l:59~t:6,los-angeles-sparks,Los Angeles,Sparks,LA,Los Angeles Sparks,Sparks,532481,49ac9c,https://a.espncdn.com/i/teamlogos/wnba/500/la.png,85,,,
401391807,2022,2,2022-07-21,2022-07-21 11:30:00-04:00,16,s:40~l:59~t:16,washington-mystics,Washington,MYSTICS,WSH,Washington Mystics,Mystics,e03a3e,09295a,https://a.espncdn.com/i/teamlogos/wnba/500/wsh.png,home,78,True,18,2,28,43.9,29,66,0,10,83.3,15,18,13,7,8,0,0,23.8,5,21,35,0,11,11,9,s:40~l:59~t:9,new-york-liberty,New York,Liberty,NY,New York Liberty,Liberty,0d79b9,89c9bf,https://a.espncdn.com/i/teamlogos/wnba/500/ny.png,69,,,
401391807,2022,2,2022-07-21,2022-07-21 11:30:00-04:00,9,s:40~l:59~t:9,new-york-liberty,New York,LIBERTY,NY,New York Liberty,Liberty,0d79b9,89c9bf,https://a.espncdn.com/i/teamlogos/wnba/500/ny.png,away,69,False,17,2,28,41.9,26,62,0,19,90.0,9,10,13,4,7,1,0,30.8,8,26,32,0,16,15,16,s:40~l:59~t:16,washington-mystics,Washington,Mystics,WSH,Washington Mystics,Mystics,e03a3e,09295a,https://a.espncdn.com/i/teamlogos/wnba/500/wsh.png,78,,,
401391810,2022,2,2022-07-22,2022-07-22 20:00:00-04:00,18,s:40~l:59~t:18,connecticut-sun,Connecticut,SUN,CONN,Connecticut Sun,Sun,de6b36,002d62,https://a.espncdn.com/i/teamlogos/wnba/500/conn.png,away,94,True,27,2,18,55.2,37,67,0,16,76.9,10,13,22,4,9,0,0,47.6,10,21,22,0,9,9,8,s:40~l:59~t:8,minnesota-lynx,Minnesota,Lynx,MIN,Minnesota Lynx,Lynx,005084,47a757,https://a.espncdn.com/i/teamlogos/wnba/500/min.png,84,,,
401391810,2022,2,2022-07-22,2022-07-22 20:00:00-04:00,8,s:40~l:59~t:8,minnesota-lynx,Minnesota,LYNX,MIN,Minnesota Lynx,Lynx,005084,47a757,https://a.espncdn.com/i/teamlogos/wnba/500/min.png,home,84,False,24,3,21,54.8,34,62,0,15,84.6,11,13,0,7,4,1,1,31.3,5,16,28,1,17,16,18,s:40~l:59~t:18,connecticut-sun,Connecticut,Sun,CONN,Connecticut Sun,Sun,de6b36,002d62,https://a.espncdn.com/i/teamlogos/wnba/500/conn.png,94,,,
401391811,2022,2,2022-07-22,2022-07-22 20:00:00-04:00,3,s:40~l:59~t:3,dallas-wings,Dallas,WINGS,DAL,Dallas Wings,Wings,11213e,c5d646,https://a.espncdn.com/i/teamlogos/wnba/500/dal.png,away,83,False,24,2,28,51.5,35,68,0,19,100.0,9,9,1,2,8,0,0,26.7,4,15,30,0,15,15,19,s:40~l:59~t:19,chicago-sky,Chicago,Sky,CHI,Chicago Sky,Sky,4f91cd,f1f2f3,https://a.espncdn.com/i/teamlogos/wnba/500/chi.png,89,,,
401391812,2022,2,2022-07-22,2022-07-22 22:00:00-04:00,11,s:40~l:59~t:11,phoenix-mercury,Phoenix,MERCURY,PHX,Phoenix Mercury,Mercury,3a267d,e56020,https://a.espncdn.com/i/teamlogos/wnba/500/phx.png,home,94,True,20,6,27,46.2,30,65,1,16,95.2,20,21,21,7,7,0,0,45.2,14,31,34,0,13,13,14,s:40~l:59~t:14,seattle-storm,Seattle,Storm,SEA,Seattle Storm,Storm,05452a,f7c43c,https://a.espncdn.com/i/teamlogos/wnba/500/sea.png,78,,,
401391812,2022,2,2022-07-22,2022-07-22 22:00:00-04:00,14,s:40~l:59~t:14,seattle-storm,Seattle,STORM,SEA,Seattle Storm,Storm,05452a,f7c43c,https://a.espncdn.com/i/teamlogos/wnba/500/sea.png,away,78,False,22,0,22,36.6,30,82,1,17,90.9,10,11,7,17,7,3,0,28.6,8,28,39,0,13,10,11,s:40~l:59~t:11,phoenix-mercury,Phoenix,Mercury,PHX,Phoenix Mercury,Mercury,3a267d,e56020,https://a.espncdn.com/i/teamlogos/wnba/500/phx.png,94,,,
401391811,2022,2,2022-07-22,2022-07-22 20:00:00-04:00,19,s:40~l:59~t:19,chicago-sky,Chicago,SKY,CHI,Chicago Sky,Sky,4f91cd,f1f2f3,https://a.espncdn.com/i/teamlogos/wnba/500/chi.png,home,89,True,29,6,23,50.7,35,69,0,12,70.6,12,17,14,7,7,1,0,30.4,7,23,30,0,11,10,3,s:40~l:59~t:3,dallas-wings,Dallas,Wings,DAL,Dallas Wings,Wings,11213e,c5d646,https://a.espncdn.com/i/teamlogos/wnba/500/dal.png,83,,,
401391814,2022,2,2022-07-23,2022-07-23 22:00:00-04:00,17,s:40~l:59~t:17,las-vegas-aces,Las Vegas,ACES,LV,Las Vegas Aces,Aces,000000,c7cfd4,https://a.espncdn.com/i/teamlogos/wnba/500/lv.png,home,84,True,20,4,29,41.4,29,70,0,19,84.2,16,19,20,9,9,3,0,37.0,10,27,38,0,12,9,6,s:40~l:59~t:6,los-angeles-sparks,Los Angeles,Sparks,LA,Los Angeles Sparks,Sparks,532481,49ac9c,https://a.espncdn.com/i/teamlogos/wnba/500/la.png,66,,,
401391814,2022,2,2022-07-23,2022-07-23 22:00:00-04:00,6,s:40~l:59~t:6,los-angeles-sparks,Los Angeles,SPARKS,LA,Los Angeles Sparks,Sparks,532481,49ac9c,https://a.espncdn.com/i/teamlogos/wnba/500/la.png,away,66,False,12,6,28,40.7,24,59,0,19,76.2,16,21,7,4,6,1,1,16.7,2,12,32,1,15,14,17,s:40~l:59~t:17,las-vegas-aces,Las Vegas,Aces,LV,Las Vegas Aces,Aces,000000,c7cfd4,https://a.espncdn.com/i/teamlogos/wnba/500/lv.png,84,,,
401391813,2022,2,2022-07-23,2022-07-23 19:00:00-04:00,9,s:40~l:59~t:9,new-york-liberty,New York,LIBERTY,NY,New York Liberty,Liberty,0d79b9,89c9bf,https://a.espncdn.com/i/teamlogos/wnba/500/ny.png,home,83,True,22,3,30,43.1,31,72,0,24,93.3,14,15,10,11,7,1,1,38.9,7,18,41,1,20,19,19,s:40~l:59~t:19,chicago-sky,Chicago,Sky,CHI,Chicago Sky,Sky,4f91cd,f1f2f3,https://a.espncdn.com/i/teamlogos/wnba/500/chi.png,80,,,
401391813,2022,2,2022-07-23,2022-07-23 19:00:00-04:00,19,s:40~l:59~t:19,chicago-sky,Chicago,SKY,CHI,Chicago Sky,Sky,4f91cd,f1f2f3,https://a.espncdn.com/i/teamlogos/wnba/500/chi.png,away,80,False,16,3,24,37.0,27,73,0,17,79.3,23,29,3,12,12,3,0,12.5,3,24,36,0,11,8,9,s:40~l:59~t:9,new-york-liberty,New York,Liberty,NY,New York Liberty,Liberty,0d79b9,89c9bf,https://a.espncdn.com/i/teamlogos/wnba/500/ny.png,83,,,
401391815,2022,2,2022-07-24,2022-07-24 15:00:00-04:00,3,s:40~l:59~t:3,dallas-wings,Dallas,WINGS,DAL,Dallas Wings,Wings,11213e,c5d646,https://a.espncdn.com/i/teamlogos/wnba/500/dal.png,away,96,True,24,6,21,52.1,38,73,0,24,76.2,16,21,19,9,8,0,1,19.0,4,21,30,1,14,14,5,s:40~l:59~t:5,indiana-fever,Indiana,Fever,IND,Indiana Fever,Fever,e2382f,08265b,https://a.espncdn.com/i/teamlogos/wnba/500/ind.png,86,,,
401391815,2022,2,2022-07-24,2022-07-24 15:00:00-04:00,5,s:40~l:59~t:5,indiana-fever,Indiana,FEVER,IND,Indiana Fever,Fever,e2382f,08265b,https://a.espncdn.com/i/teamlogos/wnba/500/ind.png,home,86,False,20,4,19,47.7,31,65,0,24,66.7,18,27,8,10,6,2,0,35.3,6,17,29,0,19,17,3,s:40~l:59~t:3,dallas-wings,Dallas,Wings,DAL,Dallas Wings,Wings,11213e,c5d646,https://a.espncdn.com/i/teamlogos/wnba/500/dal.png,96,,,
401391816,2022,2,2022-07-24,2022-07-24 18:00:00-04:00,20,s:40~l:59~t:20,atlanta-dream,Atlanta,DREAM,ATL,Atlanta Dream,Dream,d02030,383a37,https://a.espncdn.com/i/teamlogos/wnba/500/atl.png,away,72,False,21,2,28,34.5,29,84,0,19,72.7,8,11,3,18,5,0,1,24.0,6,25,46,1,11,11,14,s:40~l:59~t:14,seattle-storm,Seattle,Storm,SEA,Seattle Storm,Storm,05452a,f7c43c,https://a.espncdn.com/i/teamlogos/wnba/500/sea.png,82,,,
401391817,2022,2,2022-07-24,2022-07-24 19:00:00-04:00,18,s:40~l:59~t:18,connecticut-sun,Connecticut,SUN,CONN,Connecticut Sun,Sun,de6b36,002d62,https://a.espncdn.com/i/teamlogos/wnba/500/conn.png,away,86,True,22,2,27,46.3,31,67,0,15,80.0,16,20,13,13,10,2,2,40.0,8,20,40,2,20,18,8,s:40~l:59~t:8,minnesota-lynx,Minnesota,Lynx,MIN,Minnesota Lynx,Lynx,005084,47a757,https://a.espncdn.com/i/teamlogos/wnba/500/min.png,79,,,
401391817,2022,2,2022-07-24,2022-07-24 19:00:00-04:00,8,s:40~l:59~t:8,minnesota-lynx,Minnesota,LYNX,MIN,Minnesota Lynx,Lynx,005084,47a757,https://a.espncdn.com/i/teamlogos/wnba/500/min.png,home,79,False,18,2,18,42.9,30,70,0,19,92.9,13,14,2,10,7,0,0,46.2,6,13,28,0,17,17,18,s:40~l:59~t:18,connecticut-sun,Connecticut,Sun,CONN,Connecticut Sun,Sun,de6b36,002d62,https://a.espncdn.com/i/teamlogos/wnba/500/conn.png,86,,,
401391816,2022,2,2022-07-24,2022-07-24 18:00:00-04:00,14,s:40~l:59~t:14,seattle-storm,Seattle,STORM,SEA,Seattle Storm,Storm,05452a,f7c43c,https://a.espncdn.com/i/teamlogos/wnba/500/sea.png,home,82,True,20,8,34,42.9,27,63,0,14,90.5,19,21,13,5,7,0,0,30.0,9,30,39,0,12,12,20,s:40~l:59~t:20,atlanta-dream,Atlanta,Dream,ATL,Atlanta Dream,Dream,d02030,383a37,https://a.espncdn.com/i/teamlogos/wnba/500/atl.png,72,,,
401430112,2022,2,2022-07-26,2022-07-26 20:30:00-04:00,19,s:40~l:59~t:19,chicago-sky,Chicago,SKY,CHI,Chicago Sky,Sky,4f91cd,f1f2f3,https://a.espncdn.com/i/teamlogos/wnba/500/chi.png,home,83,False,24,3,28,40.5,32,79,0,19,81.3,13,16,0,12,7,1,0,20.0,6,30,40,0,13,12,17,s:40~l:59~t:17,las-vegas-aces,Las Vegas,Aces,LV,Las Vegas Aces,Aces,000000,c7cfd4,https://a.espncdn.com/i/teamlogos/wnba/500/lv.png,93,,,
401430112,2022,2,2022-07-26,2022-07-26 20:30:00-04:00,17,s:40~l:59~t:17,las-vegas-aces,Las Vegas,ACES,LV,Las Vegas Aces,Aces,000000,c7cfd4,https://a.espncdn.com/i/teamlogos/wnba/500/lv.png,away,93,True,20,9,29,50.0,37,74,0,13,66.7,10,15,23,11,9,0,0,42.9,9,21,40,0,15,15,19,s:40~l:59~t:19,chicago-sky,Chicago,Sky,CHI,Chicago Sky,Sky,4f91cd,f1f2f3,https://a.espncdn.com/i/teamlogos/wnba/500/chi.png,83,,,
401391819,2022,2,2022-07-28,2022-07-28 19:00:00-04:00,14,s:40~l:59~t:14,seattle-storm,Seattle,STORM,SEA,Seattle Storm,Storm,05452a,f7c43c,https://a.espncdn.com/i/teamlogos/wnba/500/sea.png,away,83,False,18,4,20,48.4,31,64,0,18,85.7,12,14,10,8,9,1,0,47.4,9,19,28,0,16,15,18,s:40~l:59~t:18,connecticut-sun,Connecticut,Sun,CONN,Connecticut Sun,Sun,de6b36,002d62,https://a.espncdn.com/i/teamlogos/wnba/500/conn.png,88,,,
401391818,2022,2,2022-07-28,2022-07-28 19:00:00-04:00,8,s:40~l:59~t:8,minnesota-lynx,Minnesota,LYNX,MIN,Minnesota Lynx,Lynx,005084,47a757,https://a.espncdn.com/i/teamlogos/wnba/500/min.png,away,92,True,21,4,36,55.6,35,63,0,25,66.7,14,21,23,2,4,0,0,53.3,8,15,38,0,16,16,20,s:40~l:59~t:20,atlanta-dream,Atlanta,Dream,ATL,Atlanta Dream,Dream,d02030,383a37,https://a.espncdn.com/i/teamlogos/wnba/500/atl.png,85,,,
401391818,2022,2,2022-07-28,2022-07-28 19:00:00-04:00,20,s:40~l:59~t:20,atlanta-dream,Atlanta,DREAM,ATL,Atlanta Dream,Dream,d02030,383a37,https://a.espncdn.com/i/teamlogos/wnba/500/atl.png,home,85,False,13,3,24,38.6,27,70,0,22,89.7,26,29,0,6,11,0,0,29.4,5,17,30,0,10,10,8,s:40~l:59~t:8,minnesota-lynx,Minnesota,Lynx,MIN,Minnesota Lynx,Lynx,005084,47a757,https://a.espncdn.com/i/teamlogos/wnba/500/min.png,92,,,
401391819,2022,2,2022-07-28,2022-07-28 19:00:00-04:00,18,s:40~l:59~t:18,connecticut-sun,Connecticut,SUN,CONN,Connecticut Sun,Sun,de6b36,002d62,https://a.espncdn.com/i/teamlogos/wnba/500/conn.png,home,88,True,22,0,24,48.5,32,66,0,14,88.9,16,18,9,7,9,1,0,42.1,8,19,31,0,17,16,14,s:40~l:59~t:14,seattle-storm,Seattle,Storm,SEA,Seattle Storm,Storm,05452a,f7c43c,https://a.espncdn.com/i/teamlogos/wnba/500/sea.png,83,,,
401391820,2022,2,2022-07-28,2022-07-28 20:00:00-04:00,3,s:40~l:59~t:3,dallas-wings,Dallas,WINGS,DAL,Dallas Wings,Wings,11213e,c5d646,https://a.espncdn.com/i/teamlogos/wnba/500/dal.png,home,77,False,14,3,20,38.4,28,73,0,20,59.3,16,27,2,17,9,1,1,22.7,5,22,37,1,15,14,16,s:40~l:59~t:16,washington-mystics,Washington,Mystics,WSH,Washington Mystics,Mystics,e03a3e,09295a,https://a.espncdn.com/i/teamlogos/wnba/500/wsh.png,87,,,
401391821,2022,2,2022-07-28,2022-07-28 22:00:00-04:00,6,s:40~l:59~t:6,los-angeles-sparks,Los Angeles,SPARKS,LA,Los Angeles Sparks,Sparks,532481,49ac9c,https://a.espncdn.com/i/teamlogos/wnba/500/la.png,away,80,False,18,2,25,40.3,27,67,0,21,82.1,23,28,2,6,8,1,1,14.3,3,21,31,1,18,17,11,s:40~l:59~t:11,phoenix-mercury,Phoenix,Mercury,PHX,Phoenix Mercury,Mercury,3a267d,e56020,https://a.espncdn.com/i/teamlogos/wnba/500/phx.png,90,,,
401391821,2022,2,2022-07-28,2022-07-28 22:00:00-04:00,11,s:40~l:59~t:11,phoenix-mercury,Phoenix,MERCURY,PHX,Phoenix Mercury,Mercury,3a267d,e56020,https://a.espncdn.com/i/teamlogos/wnba/500/phx.png,home,90,True,21,5,28,50.0,32,64,1,24,81.0,17,21,27,4,11,1,4,36.0,9,25,32,4,19,18,6,s:40~l:59~t:6,los-angeles-sparks,Los Angeles,Sparks,LA,Los Angeles Sparks,Sparks,532481,49ac9c,https://a.espncdn.com/i/teamlogos/wnba/500/la.png,80,,,
401391820,2022,2,2022-07-28,2022-07-28 20:00:00-04:00,16,s:40~l:59~t:16,washington-mystics,Washington,MYSTICS,WSH,Washington Mystics,Mystics,e03a3e,09295a,https://a.espncdn.com/i/teamlogos/wnba/500/wsh.png,away,87,True,20,3,22,56.4,31,55,0,19,66.7,16,24,21,4,7,2,1,60.0,9,15,26,1,18,16,3,s:40~l:59~t:3,dallas-wings,Dallas,Wings,DAL,Dallas Wings,Wings,11213e,c5d646,https://a.espncdn.com/i/teamlogos/wnba/500/dal.png,77,,,
401391823,2022,2,2022-07-29,2022-07-29 20:00:00-04:00,19,s:40~l:59~t:19,chicago-sky,Chicago,SKY,CHI,Chicago Sky,Sky,4f91cd,f1f2f3,https://a.espncdn.com/i/teamlogos/wnba/500/chi.png,home,89,True,22,2,25,44.8,30,67,1,14,81.5,22,27,8,8,10,1,0,38.9,7,18,33,0,14,13,9,s:40~l:59~t:9,new-york-liberty,New York,Liberty,NY,New York Liberty,Liberty,0d79b9,89c9bf,https://a.espncdn.com/i/teamlogos/wnba/500/ny.png,81,,,
401391823,2022,2,2022-07-29,2022-07-29 20:00:00-04:00,9,s:40~l:59~t:9,new-york-liberty,New York,LIBERTY,NY,New York Liberty,Liberty,0d79b9,89c9bf,https://a.espncdn.com/i/teamlogos/wnba/500/ny.png,away,81,False,22,6,24,43.1,28,65,0,21,90.0,18,20,6,7,8,0,0,26.9,7,26,31,0,18,18,19,s:40~l:59~t:19,chicago-sky,Chicago,Sky,CHI,Chicago Sky,Sky,4f91cd,f1f2f3,https://a.espncdn.com/i/teamlogos/wnba/500/chi.png,89,,,
401391822,2022,2,2022-07-29,2022-07-29 19:00:00-04:00,5,s:40~l:59~t:5,indiana-fever,Indiana,FEVER,IND,Indiana Fever,Fever,e2382f,08265b,https://a.espncdn.com/i/teamlogos/wnba/500/ind.png,home,72,False,20,1,19,36.8,25,68,0,14,88.2,15,17,2,9,12,1,0,25.0,7,28,28,0,14,13,17,s:40~l:59~t:17,las-vegas-aces,Las Vegas,Aces,LV,Las Vegas Aces,Aces,000000,c7cfd4,https://a.espncdn.com/i/teamlogos/wnba/500/lv.png,93,,,
401391822,2022,2,2022-07-29,2022-07-29 19:00:00-04:00,17,s:40~l:59~t:17,las-vegas-aces,Las Vegas,ACES,LV,Las Vegas Aces,Aces,000000,c7cfd4,https://a.espncdn.com/i/teamlogos/wnba/500/lv.png,away,93,True,22,3,26,52.8,38,72,0,16,66.7,8,12,28,15,7,0,0,34.6,9,26,41,0,19,19,5,s:40~l:59~t:5,indiana-fever,Indiana,Fever,IND,Indiana Fever,Fever,e2382f,08265b,https://a.espncdn.com/i/teamlogos/wnba/500/ind.png,72,,,
401391825,2022,2,2022-07-30,2022-07-30 19:30:00-04:00,20,s:40~l:59~t:20,atlanta-dream,Atlanta,DREAM,ATL,Atlanta Dream,Dream,d02030,383a37,https://a.espncdn.com/i/teamlogos/wnba/500/atl.png,home,68,False,11,4,25,37.7,23,61,1,13,68.2,15,22,4,7,8,0,0,38.9,7,18,32,0,19,19,3,s:40~l:59~t:3,dallas-wings,Dallas,Wings,DAL,Dallas Wings,Wings,11213e,c5d646,https://a.espncdn.com/i/teamlogos/wnba/500/dal.png,81,,,
401391825,2022,2,2022-07-30,2022-07-30 19:30:00-04:00,3,s:40~l:59~t:3,dallas-wings,Dallas,WINGS,DAL,Dallas Wings,Wings,11213e,c5d646,https://a.espncdn.com/i/teamlogos/wnba/500/dal.png,away,81,True,24,4,24,47.9,34,71,0,18,54.5,6,11,20,8,17,2,1,28.0,7,25,32,1,13,11,20,s:40~l:59~t:20,atlanta-dream,Atlanta,Dream,ATL,Atlanta Dream,Dream,d02030,383a37,https://a.espncdn.com/i/teamlogos/wnba/500/atl.png,68,,,
401391824,2022,2,2022-07-30,2022-07-30 12:00:00-04:00,16,s:40~l:59~t:16,washington-mystics,Washington,MYSTICS,WSH,Washington Mystics,Mystics,e03a3e,09295a,https://a.espncdn.com/i/teamlogos/wnba/500/wsh.png,home,77,False,18,8,30,41.8,28,67,0,17,88.2,15,17,9,7,7,2,2,30.0,6,20,37,2,16,14,14,s:40~l:59~t:14,seattle-storm,Seattle,Storm,SEA,Seattle Storm,Storm,05452a,f7c43c,https://a.espncdn.com/i/teamlogos/wnba/500/sea.png,82,,,
401391824,2022,2,2022-07-30,2022-07-30 12:00:00-04:00,14,s:40~l:59~t:14,seattle-storm,Seattle,STORM,SEA,Seattle Storm,Storm,05452a,f7c43c,https://a.espncdn.com/i/teamlogos/wnba/500/sea.png,away,82,True,21,2,27,42.6,29,68,0,13,85.7,18,21,15,8,11,0,0,28.6,6,21,35,0,13,13,16,s:40~l:59~t:16,washington-mystics,Washington,Mystics,WSH,Washington Mystics,Mystics,e03a3e,09295a,https://a.espncdn.com/i/teamlogos/wnba/500/wsh.png,77,,,
401391828,2022,2,2022-07-31,2022-07-31 15:00:00-04:00,17,s:40~l:59~t:17,las-vegas-aces,Las Vegas,ACES,LV,Las Vegas Aces,Aces,000000,c7cfd4,https://a.espncdn.com/i/teamlogos/wnba/500/lv.png,away,94,True,23,2,27,50.7,36,71,0,19,84.2,16,19,39,10,9,0,0,35.3,6,17,37,0,9,9,5,s:40~l:59~t:5,indiana-fever,Indiana,Fever,IND,Indiana Fever,Fever,e2382f,08265b,https://a.espncdn.com/i/teamlogos/wnba/500/ind.png,69,,,
401391826,2022,2,2022-07-31,2022-07-31 13:00:00-04:00,18,s:40~l:59~t:18,connecticut-sun,Connecticut,SUN,CONN,Connecticut Sun,Sun,de6b36,002d62,https://a.espncdn.com/i/teamlogos/wnba/500/conn.png,home,92,False,25,1,25,42.9,39,91,0,19,76.9,10,13,8,16,11,2,1,26.7,4,15,41,1,17,15,19,s:40~l:59~t:19,chicago-sky,Chicago,Sky,CHI,Chicago Sky,Sky,4f91cd,f1f2f3,https://a.espncdn.com/i/teamlogos/wnba/500/chi.png,95,,,
401391827,2022,2,2022-07-31,2022-07-31 14:00:00-04:00,11,s:40~l:59~t:11,phoenix-mercury,Phoenix,MERCURY,PHX,Phoenix Mercury,Mercury,3a267d,e56020,https://a.espncdn.com/i/teamlogos/wnba/500/phx.png,away,69,False,20,6,21,37.5,24,64,1,14,93.8,15,16,0,5,5,1,1,24.0,6,25,26,1,13,12,9,s:40~l:59~t:9,new-york-liberty,New York,Liberty,NY,New York Liberty,Liberty,0d79b9,89c9bf,https://a.espncdn.com/i/teamlogos/wnba/500/ny.png,89,,,
401391826,2022,2,2022-07-31,2022-07-31 13:00:00-04:00,19,s:40~l:59~t:19,chicago-sky,Chicago,SKY,CHI,Chicago Sky,Sky,4f91cd,f1f2f3,https://a.espncdn.com/i/teamlogos/wnba/500/chi.png,away,95,True,29,5,31,55.2,37,67,0,13,94.1,16,17,17,1,10,1,1,35.7,5,14,32,1,20,19,18,s:40~l:59~t:18,connecticut-sun,Connecticut,Sun,CONN,Connecticut Sun,Sun,de6b36,002d62,https://a.espncdn.com/i/teamlogos/wnba/500/conn.png,92,,,
401391828,2022,2,2022-07-31,2022-07-31 15:00:00-04:00,5,s:40~l:59~t:5,indiana-fever,Indiana,FEVER,IND,Indiana Fever,Fever,e2382f,08265b,https://a.espncdn.com/i/teamlogos/wnba/500/ind.png,home,69,False,10,4,24,31.0,22,71,0,18,85.7,18,21,1,15,2,1,0,28.0,7,25,39,0,15,14,17,s:40~l:59~t:17,las-vegas-aces,Las Vegas,Aces,LV,Las Vegas Aces,Aces,000000,c7cfd4,https://a.espncdn.com/i/teamlogos/wnba/500/lv.png,94,,,
401391827,2022,2,2022-07-31,2022-07-31 14:00:00-04:00,9,s:40~l:59~t:9,new-york-liberty,New York,LIBERTY,NY,New York Liberty,Liberty,0d79b9,89c9bf,https://a.espncdn.com/i/teamlogos/wnba/500/ny.png,home,89,True,32,0,32,49.3,35,71,1,15,77.8,7,9,21,10,5,1,0,46.2,12,26,42,0,17,16,11,s:40~l:59~t:11,phoenix-mercury,Phoenix,Mercury,PHX,Phoenix Mercury,Mercury,3a267d,e56020,https://a.espncdn.com/i/teamlogos/wnba/500/phx.png,69,,,
401391829,2022,2,2022-07-31,2022-07-31 15:00:00-04:00,16,s:40~l:59~t:16,washington-mystics,Washington,MYSTICS,WSH,Washington Mystics,Mystics,e03a3e,09295a,https://a.espncdn.com/i/teamlogos/wnba/500/wsh.png,home,78,True,19,2,27,44.8,30,67,0,16,92.3,12,13,9,7,3,1,0,35.3,6,17,34,0,10,9,14,s:40~l:59~t:14,seattle-storm,Seattle,Storm,SEA,Seattle Storm,Storm,05452a,f7c43c,https://a.espncdn.com/i/teamlogos/wnba/500/sea.png,75,,,
401391830,2022,2,2022-07-31,2022-07-31 19:00:00-04:00,8,s:40~l:59~t:8,minnesota-lynx,Minnesota,LYNX,MIN,Minnesota Lynx,Lynx,005084,47a757,https://a.espncdn.com/i/teamlogos/wnba/500/min.png,away,84,True,23,3,33,54.4,31,57,2,13,76.2,16,21,20,5,7,1,0,54.5,6,11,38,0,20,19,6,s:40~l:59~t:6,los-angeles-sparks,Los Angeles,Sparks,LA,Los Angeles Sparks,Sparks,532481,49ac9c,https://a.espncdn.com/i/teamlogos/wnba/500/la.png,77,,,
401391830,2022,2,2022-07-31,2022-07-31 19:00:00-04:00,6,s:40~l:59~t:6,los-angeles-sparks,Los Angeles,SPARKS,LA,Los Angeles Sparks,Sparks,532481,49ac9c,https://a.espncdn.com/i/teamlogos/wnba/500/la.png,home,77,False,20,3,21,36.1,30,83,0,16,91.7,11,12,2,8,11,0,1,24.0,6,25,29,1,7,7,8,s:40~l:59~t:8,minnesota-lynx,Minnesota,Lynx,MIN,Minnesota Lynx,Lynx,005084,47a757,https://a.espncdn.com/i/teamlogos/wnba/500/min.png,84,,,
401391829,2022,2,2022-07-31,2022-07-31 15:00:00-04:00,14,s:40~l:59~t:14,seattle-storm,Seattle,STORM,SEA,Seattle Storm,Storm,05452a,f7c43c,https://a.espncdn.com/i/teamlogos/wnba/500/sea.png,away,75,False,22,2,24,44.1,26,59,0,18,83.3,15,18,5,2,6,1,0,29.6,8,27,26,0,11,10,16,s:40~l:59~t:16,washington-mystics,Washington,Mystics,WSH,Washington Mystics,Mystics,e03a3e,09295a,https://a.espncdn.com/i/teamlogos/wnba/500/wsh.png,78,,,
401391834,2022,2,2022-08-02,2022-08-02 21:00:00-04:00,19,s:40~l:59~t:19,chicago-sky,Chicago,SKY,CHI,Chicago Sky,Sky,4f91cd,f1f2f3,https://a.espncdn.com/i/teamlogos/wnba/500/chi.png,home,78,False,25,5,22,47.5,29,61,0,20,63.6,14,22,6,11,5,1,0,28.6,6,21,33,0,16,15,3,s:40~l:59~t:3,dallas-wings,Dallas,Wings,DAL,Dallas Wings,Wings,11213e,c5d646,https://a.espncdn.com/i/teamlogos/wnba/500/dal.png,84,,,
401391834,2022,2,2022-08-02,2022-08-02 21:00:00-04:00,3,s:40~l:59~t:3,dallas-wings,Dallas,WINGS,DAL,Dallas Wings,Wings,11213e,c5d646,https://a.espncdn.com/i/teamlogos/wnba/500/dal.png,away,84,True,21,2,23,44.8,30,67,0,20,84.0,21,25,14,11,12,0,0,23.1,3,13,34,0,9,9,19,s:40~l:59~t:19,chicago-sky,Chicago,Sky,CHI,Chicago Sky,Sky,4f91cd,f1f2f3,https://a.espncdn.com/i/teamlogos/wnba/500/chi.png,78,,,
401391833,2022,2,2022-08-02,2022-08-02 19:00:00-04:00,16,s:40~l:59~t:16,washington-mystics,Washington,MYSTICS,WSH,Washington Mystics,Mystics,e03a3e,09295a,https://a.espncdn.com/i/teamlogos/wnba/500/wsh.png,home,83,True,25,4,32,45.6,31,68,0,14,75.0,12,16,13,6,4,1,0,39.1,9,23,38,0,10,9,17,s:40~l:59~t:17,las-vegas-aces,Las Vegas,Aces,LV,Las Vegas Aces,Aces,000000,c7cfd4,https://a.espncdn.com/i/teamlogos/wnba/500/lv.png,73,,,
401391833,2022,2,2022-08-02,2022-08-02 19:00:00-04:00,17,s:40~l:59~t:17,las-vegas-aces,Las Vegas,ACES,LV,Las Vegas Aces,Aces,000000,c7cfd4,https://a.espncdn.com/i/teamlogos/wnba/500/lv.png,away,73,False,14,4,27,40.6,26,64,0,14,80.0,12,15,8,3,5,1,1,34.6,9,26,30,1,9,8,16,s:40~l:59~t:16,washington-mystics,Washington,Mystics,WSH,Washington Mystics,Mystics,e03a3e,09295a,https://a.espncdn.com/i/teamlogos/wnba/500/wsh.png,83,,,
401391832,2022,2,2022-08-02,2022-08-02 19:00:00-04:00,9,s:40~l:59~t:9,new-york-liberty,New York,LIBERTY,NY,New York Liberty,Liberty,0d79b9,89c9bf,https://a.espncdn.com/i/teamlogos/wnba/500/ny.png,home,102,True,25,2,29,57.8,37,64,0,13,89.5,17,19,29,10,10,1,2,42.3,11,26,39,2,20,19,6,s:40~l:59~t:6,los-angeles-sparks,Los Angeles,Sparks,LA,Los Angeles Sparks,Sparks,532481,49ac9c,https://a.espncdn.com/i/teamlogos/wnba/500/la.png,73,,,
401391832,2022,2,2022-08-02,2022-08-02 19:00:00-04:00,6,s:40~l:59~t:6,los-angeles-sparks,Los Angeles,SPARKS,LA,Los Angeles Sparks,Sparks,532481,49ac9c,https://a.espncdn.com/i/teamlogos/wnba/500/la.png,away,73,False,17,1,17,41.3,31,75,0,18,75.0,9,12,4,9,13,3,1,12.5,2,16,26,1,14,11,9,s:40~l:59~t:9,new-york-liberty,New York,Liberty,NY,New York Liberty,Liberty,0d79b9,89c9bf,https://a.espncdn.com/i/teamlogos/wnba/500/ny.png,102,,,
401391831,2022,2,2022-08-02,2022-08-02 19:00:00-04:00,18,s:40~l:59~t:18,connecticut-sun,Connecticut,SUN,CONN,Connecticut Sun,Sun,de6b36,002d62,https://a.espncdn.com/i/teamlogos/wnba/500/conn.png,home,87,True,24,3,30,45.9,34,74,0,16,70.6,12,17,28,14,5,0,0,35.0,7,20,44,0,11,11,11,s:40~l:59~t:11,phoenix-mercury,Phoenix,Mercury,PHX,Phoenix Mercury,Mercury,3a267d,e56020,https://a.espncdn.com/i/teamlogos/wnba/500/phx.png,63,,,
401391831,2022,2,2022-08-02,2022-08-02 19:00:00-04:00,11,s:40~l:59~t:11,phoenix-mercury,Phoenix,MERCURY,PHX,Phoenix Mercury,Mercury,3a267d,e56020,https://a.espncdn.com/i/teamlogos/wnba/500/phx.png,away,63,False,13,6,24,35.9,23,64,0,19,68.8,11,16,5,9,7,0,0,22.2,6,27,33,0,18,18,18,s:40~l:59~t:18,connecticut-sun,Connecticut,Sun,CONN,Connecticut Sun,Sun,de6b36,002d62,https://a.espncdn.com/i/teamlogos/wnba/500/conn.png,87,,,
401391835,2022,2,2022-08-03,2022-08-03 19:00:00-04:00,20,s:40~l:59~t:20,atlanta-dream,Atlanta,DREAM,ATL,Atlanta Dream,Dream,d02030,383a37,https://a.espncdn.com/i/teamlogos/wnba/500/atl.png,home,91,True,27,7,27,50.0,35,70,0,21,76.5,13,17,30,8,11,0,0,33.3,8,24,35,0,17,17,5,s:40~l:59~t:5,indiana-fever,Indiana,Fever,IND,Indiana Fever,Fever,e2382f,08265b,https://a.espncdn.com/i/teamlogos/wnba/500/ind.png,81,,,
401391836,2022,2,2022-08-03,2022-08-03 19:00:00-04:00,6,s:40~l:59~t:6,los-angeles-sparks,Los Angeles,SPARKS,LA,Los Angeles Sparks,Sparks,532481,49ac9c,https://a.espncdn.com/i/teamlogos/wnba/500/la.png,away,61,False,17,6,30,40.0,24,60,0,19,100.0,9,9,20,4,4,0,1,23.5,4,17,34,1,16,16,9,s:40~l:59~t:9,new-york-liberty,New York,Liberty,NY,New York Liberty,Liberty,0d79b9,89c9bf,https://a.espncdn.com/i/teamlogos/wnba/500/ny.png,64,,,
401391836,2022,2,2022-08-03,2022-08-03 19:00:00-04:00,9,s:40~l:59~t:9,new-york-liberty,New York,LIBERTY,NY,New York Liberty,Liberty,0d79b9,89c9bf,https://a.espncdn.com/i/teamlogos/wnba/500/ny.png,home,64,True,17,3,29,31.5,23,73,0,14,78.6,11,14,3,10,8,3,0,25.0,7,28,39,0,13,10,6,s:40~l:59~t:6,los-angeles-sparks,Los Angeles,Sparks,LA,Los Angeles Sparks,Sparks,532481,49ac9c,https://a.espncdn.com/i/teamlogos/wnba/500/la.png,61,,,
401391835,2022,2,2022-08-03,2022-08-03 19:00:00-04:00,5,s:40~l:59~t:5,indiana-fever,Indiana,FEVER,IND,Indiana Fever,Fever,e2382f,08265b,https://a.espncdn.com/i/teamlogos/wnba/500/ind.png,away,81,False,15,3,23,38.9,28,72,0,20,74.1,20,27,0,13,11,0,0,29.4,5,17,36,0,18,18,20,s:40~l:59~t:20,atlanta-dream,Atlanta,Dream,ATL,Atlanta Dream,Dream,d02030,383a37,https://a.espncdn.com/i/teamlogos/wnba/500/atl.png,91,,,
401391837,2022,2,2022-08-03,2022-08-03 22:00:00-04:00,14,s:40~l:59~t:14,seattle-storm,Seattle,STORM,SEA,Seattle Storm,Storm,05452a,f7c43c,https://a.espncdn.com/i/teamlogos/wnba/500/sea.png,home,89,True,28,3,30,50.0,35,70,0,13,72.7,8,11,29,3,9,0,0,44.0,11,25,33,0,11,11,8,s:40~l:59~t:8,minnesota-lynx,Minnesota,Lynx,MIN,Minnesota Lynx,Lynx,005084,47a757,https://a.espncdn.com/i/teamlogos/wnba/500/min.png,77,,,
401391837,2022,2,2022-08-03,2022-08-03 22:00:00-04:00,8,s:40~l:59~t:8,minnesota-lynx,Minnesota,LYNX,MIN,Minnesota Lynx,Lynx,005084,47a757,https://a.espncdn.com/i/teamlogos/wnba/500/min.png,away,77,False,25,3,28,46.4,32,69,1,10,77.8,7,9,0,5,6,0,1,27.3,6,22,33,1,15,15,14,s:40~l:59~t:14,seattle-storm,Seattle,Storm,SEA,Seattle Storm,Storm,05452a,f7c43c,https://a.espncdn.com/i/teamlogos/wnba/500/sea.png,89,,,
401391839,2022,2,2022-08-04,2022-08-04 20:00:00-04:00,3,s:40~l:59~t:3,dallas-wings,Dallas,WINGS,DAL,Dallas Wings,Wings,11213e,c5d646,https://a.espncdn.com/i/teamlogos/wnba/500/dal.png,home,82,True,22,4,23,47.1,33,70,1,12,71.4,10,14,15,14,6,0,0,33.3,6,18,37,0,8,8,17,s:40~l:59~t:17,las-vegas-aces,Las Vegas,Aces,LV,Las Vegas Aces,Aces,000000,c7cfd4,https://a.espncdn.com/i/teamlogos/wnba/500/lv.png,80,,,
401391838,2022,2,2022-08-04,2022-08-04 19:00:00-04:00,11,s:40~l:59~t:11,phoenix-mercury,Phoenix,MERCURY,PHX,Phoenix Mercury,Mercury,3a267d,e56020,https://a.espncdn.com/i/teamlogos/wnba/500/phx.png,away,64,False,18,7,16,33.3,23,69,1,17,75.0,9,12,5,13,7,0,1,34.6,9,26,29,1,14,14,18,s:40~l:59~t:18,connecticut-sun,Connecticut,Sun,CONN,Connecticut Sun,Sun,de6b36,002d62,https://a.espncdn.com/i/teamlogos/wnba/500/conn.png,77,,,
401391838,2022,2,2022-08-04,2022-08-04 19:00:00-04:00,18,s:40~l:59~t:18,connecticut-sun,Connecticut,SUN,CONN,Connecticut Sun,Sun,de6b36,002d62,https://a.espncdn.com/i/teamlogos/wnba/500/conn.png,home,77,True,14,2,33,36.1,26,72,0,17,76.0,19,25,18,21,10,3,1,31.6,6,19,54,1,21,18,11,s:40~l:59~t:11,phoenix-mercury,Phoenix,Mercury,PHX,Phoenix Mercury,Mercury,3a267d,e56020,https://a.espncdn.com/i/teamlogos/wnba/500/phx.png,64,,,
401391839,2022,2,2022-08-04,2022-08-04 20:00:00-04:00,17,s:40~l:59~t:17,las-vegas-aces,Las Vegas,ACES,LV,Las Vegas Aces,Aces,000000,c7cfd4,https://a.espncdn.com/i/teamlogos/wnba/500/lv.png,away,80,False,20,8,24,44.9,31,69,0,13,100.0,8,8,3,8,7,0,0,30.3,10,33,32,0,9,9,3,s:40~l:59~t:3,dallas-wings,Dallas,Wings,DAL,Dallas Wings,Wings,11213e,c5d646,https://a.espncdn.com/i/teamlogos/wnba/500/dal.png,82,,,
401391841,2022,2,2022-08-05,2022-08-05 20:00:00-04:00,19,s:40~l:59~t:19,chicago-sky,Chicago,SKY,CHI,Chicago Sky,Sky,4f91cd,f1f2f3,https://a.espncdn.com/i/teamlogos/wnba/500/chi.png,home,93,True,27,6,27,49.3,36,73,0,20,92.3,12,13,26,7,10,1,0,40.9,9,22,34,0,8,7,16,s:40~l:59~t:16,washington-mystics,Washington,Mystics,WSH,Washington Mystics,Mystics,e03a3e,09295a,https://a.espncdn.com/i/teamlogos/wnba/500/wsh.png,83,,,
401391841,2022,2,2022-08-05,2022-08-05 20:00:00-04:00,16,s:40~l:59~t:16,washington-mystics,Washington,MYSTICS,WSH,Washington Mystics,Mystics,e03a3e,09295a,https://a.espncdn.com/i/teamlogos/wnba/500/wsh.png,away,83,False,21,2,24,47.0,31,66,0,11,68.4,13,19,3,8,4,1,0,33.3,8,24,32,0,12,11,19,s:40~l:59~t:19,chicago-sky,Chicago,Sky,CHI,Chicago Sky,Sky,4f91cd,f1f2f3,https://a.espncdn.com/i/teamlogos/wnba/500/chi.png,93,,,
401391840,2022,2,2022-08-05,2022-08-05 19:30:00-04:00,20,s:40~l:59~t:20,atlanta-dream,Atlanta,DREAM,ATL,Atlanta Dream,Dream,d02030,383a37,https://a.espncdn.com/i/teamlogos/wnba/500/atl.png,home,88,True,13,3,24,46.8,29,62,0,20,92.3,24,26,13,8,4,1,0,37.5,6,16,32,0,16,15,6,s:40~l:59~t:6,los-angeles-sparks,Los Angeles,Sparks,LA,Los Angeles Sparks,Sparks,532481,49ac9c,https://a.espncdn.com/i/teamlogos/wnba/500/la.png,86,,,
401391840,2022,2,2022-08-05,2022-08-05 19:30:00-04:00,6,s:40~l:59~t:6,los-angeles-sparks,Los Angeles,SPARKS,LA,Los Angeles Sparks,Sparks,532481,49ac9c,https://a.espncdn.com/i/teamlogos/wnba/500/la.png,away,86,False,22,6,22,47.9,35,73,1,17,86.7,13,15,3,9,8,3,1,17.6,3,17,31,1,11,8,20,s:40~l:59~t:20,atlanta-dream,Atlanta,Dream,ATL,Atlanta Dream,Dream,d02030,383a37,https://a.espncdn.com/i/teamlogos/wnba/500/atl.png,88,,,
401391842,2022,2,2022-08-06,2022-08-06 20:00:00-04:00,5,s:40~l:59~t:5,indiana-fever,Indiana,FEVER,IND,Indiana Fever,Fever,e2382f,08265b,https://a.espncdn.com/i/teamlogos/wnba/500/ind.png,away,91,False,18,4,20,44.3,31,70,0,31,79.3,23,29,20,10,9,5,2,33.3,6,18,30,2,24,19,3,s:40~l:59~t:3,dallas-wings,Dallas,Wings,DAL,Dallas Wings,Wings,11213e,c5d646,https://a.espncdn.com/i/teamlogos/wnba/500/dal.png,95,,,
401391843,2022,2,2022-08-06,2022-08-06 22:00:00-04:00,9,s:40~l:59~t:9,new-york-liberty,New York,LIBERTY,NY,New York Liberty,Liberty,0d79b9,89c9bf,https://a.espncdn.com/i/teamlogos/wnba/500/ny.png,away,62,False,18,3,28,30.9,21,68,0,23,81.3,13,16,3,7,8,0,0,21.9,7,32,35,0,12,12,11,s:40~l:59~t:11,phoenix-mercury,Phoenix,Mercury,PHX,Phoenix Mercury,Mercury,3a267d,e56020,https://a.espncdn.com/i/teamlogos/wnba/500/phx.png,76,,,
401391843,2022,2,2022-08-06,2022-08-06 22:00:00-04:00,11,s:40~l:59~t:11,phoenix-mercury,Phoenix,MERCURY,PHX,Phoenix Mercury,Mercury,3a267d,e56020,https://a.espncdn.com/i/teamlogos/wnba/500/phx.png,home,76,True,15,3,31,37.5,27,72,0,18,87.5,14,16,17,9,4,2,2,29.6,8,27,40,2,15,13,9,s:40~l:59~t:9,new-york-liberty,New York,Liberty,NY,New York Liberty,Liberty,0d79b9,89c9bf,https://a.espncdn.com/i/teamlogos/wnba/500/ny.png,62,,,
401391842,2022,2,2022-08-06,2022-08-06 20:00:00-04:00,3,s:40~l:59~t:3,dallas-wings,Dallas,WINGS,DAL,Dallas Wings,Wings,11213e,c5d646,https://a.espncdn.com/i/teamlogos/wnba/500/dal.png,home,95,True,17,3,24,41.5,27,65,0,21,75.6,34,45,5,10,10,1,1,35.0,7,20,34,1,15,14,5,s:40~l:59~t:5,indiana-fever,Indiana,Fever,IND,Indiana Fever,Fever,e2382f,08265b,https://a.espncdn.com/i/teamlogos/wnba/500/ind.png,91,,,
401391847,2022,2,2022-08-07,2022-08-07 19:00:00-04:00,8,s:40~l:59~t:8,minnesota-lynx,Minnesota,LYNX,MIN,Minnesota Lynx,Lynx,005084,47a757,https://a.espncdn.com/i/teamlogos/wnba/500/min.png,home,81,True,26,5,27,47.0,31,66,0,17,100.0,7,7,15,6,4,0,1,46.2,12,26,33,1,13,13,20,s:40~l:59~t:20,atlanta-dream,Atlanta,Dream,ATL,Atlanta Dream,Dream,d02030,383a37,https://a.espncdn.com/i/teamlogos/wnba/500/atl.png,71,,,
401391846,2022,2,2022-08-07,2022-08-07 15:00:00-04:00,14,s:40~l:59~t:14,seattle-storm,Seattle,STORM,SEA,Seattle Storm,Storm,05452a,f7c43c,https://a.espncdn.com/i/teamlogos/wnba/500/sea.png,home,81,False,21,5,27,43.9,29,66,0,13,75.0,15,20,4,12,4,0,0,34.8,8,23,39,0,14,14,17,s:40~l:59~t:17,las-vegas-aces,Las Vegas,Aces,LV,Las Vegas Aces,Aces,000000,c7cfd4,https://a.espncdn.com/i/teamlogos/wnba/500/lv.png,89,,,
401391846,2022,2,2022-08-07,2022-08-07 15:00:00-04:00,17,s:40~l:59~t:17,las-vegas-aces,Las Vegas,ACES,LV,Las Vegas Aces,Aces,000000,c7cfd4,https://a.espncdn.com/i/teamlogos/wnba/500/lv.png,away,89,True,24,2,24,46.1,35,76,0,17,85.7,12,14,9,11,8,1,1,25.9,7,27,35,1,6,5,14,s:40~l:59~t:14,seattle-storm,Seattle,Storm,SEA,Seattle Storm,Storm,05452a,f7c43c,https://a.espncdn.com/i/teamlogos/wnba/500/sea.png,81,,,
401391845,2022,2,2022-08-07,2022-08-07 15:00:00-04:00,16,s:40~l:59~t:16,washington-mystics,Washington,MYSTICS,WSH,Washington Mystics,Mystics,e03a3e,09295a,https://a.espncdn.com/i/teamlogos/wnba/500/wsh.png,home,76,False,15,7,27,38.5,25,65,0,21,85.2,23,27,3,13,3,1,1,20.0,3,15,40,1,11,10,6,s:40~l:59~t:6,los-angeles-sparks,Los Angeles,Sparks,LA,Los Angeles Sparks,Sparks,532481,49ac9c,https://a.espncdn.com/i/teamlogos/wnba/500/la.png,79,,,
401391845,2022,2,2022-08-07,2022-08-07 15:00:00-04:00,6,s:40~l:59~t:6,los-angeles-sparks,Los Angeles,SPARKS,LA,Los Angeles Sparks,Sparks,532481,49ac9c,https://a.espncdn.com/i/teamlogos/wnba/500/la.png,away,79,True,18,4,23,41.3,26,63,0,20,84.6,22,26,13,6,4,2,0,38.5,5,13,29,0,9,7,16,s:40~l:59~t:16,washington-mystics,Washington,Mystics,WSH,Washington Mystics,Mystics,e03a3e,09295a,https://a.espncdn.com/i/teamlogos/wnba/500/wsh.png,76,,,
401391844,2022,2,2022-08-07,2022-08-07 13:00:00-04:00,19,s:40~l:59~t:19,chicago-sky,Chicago,SKY,CHI,Chicago Sky,Sky,4f91cd,f1f2f3,https://a.espncdn.com/i/teamlogos/wnba/500/chi.png,home,94,True,27,5,23,56.9,37,65,0,19,90.9,10,11,17,3,9,1,0,38.5,10,26,26,0,16,15,18,s:40~l:59~t:18,connecticut-sun,Connecticut,Sun,CONN,Connecticut Sun,Sun,de6b36,002d62,https://a.espncdn.com/i/teamlogos/wnba/500/conn.png,91,,,
401391844,2022,2,2022-08-07,2022-08-07 13:00:00-04:00,18,s:40~l:59~t:18,connecticut-sun,Connecticut,SUN,CONN,Connecticut Sun,Sun,de6b36,002d62,https://a.espncdn.com/i/teamlogos/wnba/500/conn.png,away,91,False,27,0,23,46.2,36,78,0,18,93.3,14,15,6,11,7,0,0,38.5,5,13,34,0,13,13,19,s:40~l:59~t:19,chicago-sky,Chicago,Sky,CHI,Chicago Sky,Sky,4f91cd,f1f2f3,https://a.espncdn.com/i/teamlogos/wnba/500/chi.png,94,,,
401391847,2022,2,2022-08-07,2022-08-07 19:00:00-04:00,20,s:40~l:59~t:20,atlanta-dream,Atlanta,DREAM,ATL,Atlanta Dream,Dream,d02030,383a37,https://a.espncdn.com/i/teamlogos/wnba/500/atl.png,away,71,False,18,1,23,39.1,25,64,0,14,70.0,14,20,0,9,6,1,1,31.8,7,22,32,1,11,10,8,s:40~l:59~t:8,minnesota-lynx,Minnesota,Lynx,MIN,Minnesota Lynx,Lynx,005084,47a757,https://a.espncdn.com/i/teamlogos/wnba/500/min.png,81,,,
401391848,2022,2,2022-08-08,2022-08-08 20:00:00-04:00,3,s:40~l:59~t:3,dallas-wings,Dallas,WINGS,DAL,Dallas Wings,Wings,11213e,c5d646,https://a.espncdn.com/i/teamlogos/wnba/500/dal.png,home,86,True,15,5,22,48.5,32,66,0,15,70.0,14,20,15,9,8,1,2,36.4,8,22,31,2,11,10,9,s:40~l:59~t:9,new-york-liberty,New York,Liberty,NY,New York Liberty,Liberty,0d79b9,89c9bf,https://a.espncdn.com/i/teamlogos/wnba/500/ny.png,77,,,
401391848,2022,2,2022-08-08,2022-08-08 20:00:00-04:00,9,s:40~l:59~t:9,new-york-liberty,New York,LIBERTY,NY,New York Liberty,Liberty,0d79b9,89c9bf,https://a.espncdn.com/i/teamlogos/wnba/500/ny.png,away,77,False,15,2,23,43.5,27,62,0,17,100.0,12,12,5,5,4,0,1,36.7,11,30,28,1,14,14,3,s:40~l:59~t:3,dallas-wings,Dallas,Wings,DAL,Dallas Wings,Wings,11213e,c5d646,https://a.espncdn.com/i/teamlogos/wnba/500/dal.png,86,,,
401391849,2022,2,2022-08-09,2022-08-09 20:00:00-04:00,14,s:40~l:59~t:14,seattle-storm,Seattle,STORM,SEA,Seattle Storm,Storm,05452a,f7c43c,https://a.espncdn.com/i/teamlogos/wnba/500/sea.png,away,111,True,37,2,21,58.7,44,75,0,17,100.0,12,12,22,7,7,1,0,45.8,11,24,28,0,9,8,19,s:40~l:59~t:19,chicago-sky,Chicago,Sky,CHI,Chicago Sky,Sky,4f91cd,f1f2f3,https://a.espncdn.com/i/teamlogos/wnba/500/chi.png,100,,,
401391851,2022,2,2022-08-09,2022-08-09 22:30:00-04:00,6,s:40~l:59~t:6,los-angeles-sparks,Los Angeles,SPARKS,LA,Los Angeles Sparks,Sparks,532481,49ac9c,https://a.espncdn.com/i/teamlogos/wnba/500/la.png,home,71,False,15,3,22,45.0,27,60,0,15,78.6,11,14,8,1,13,1,1,40.0,6,15,23,1,20,19,18,s:40~l:59~t:18,connecticut-sun,Connecticut,Sun,CONN,Connecticut Sun,Sun,de6b36,002d62,https://a.espncdn.com/i/teamlogos/wnba/500/conn.png,97,,,
401391851,2022,2,2022-08-09,2022-08-09 22:30:00-04:00,18,s:40~l:59~t:18,connecticut-sun,Connecticut,SUN,CONN,Connecticut Sun,Sun,de6b36,002d62,https://a.espncdn.com/i/teamlogos/wnba/500/conn.png,away,97,True,21,2,30,50.7,38,75,0,17,100.0,13,13,29,11,12,1,0,42.1,8,19,41,0,19,18,6,s:40~l:59~t:6,los-angeles-sparks,Los Angeles,Sparks,LA,Los Angeles Sparks,Sparks,532481,49ac9c,https://a.espncdn.com/i/teamlogos/wnba/500/la.png,71,,,
401391850,2022,2,2022-08-09,2022-08-09 22:00:00-04:00,17,s:40~l:59~t:17,las-vegas-aces,Las Vegas,ACES,LV,Las Vegas Aces,Aces,000000,c7cfd4,https://a.espncdn.com/i/teamlogos/wnba/500/lv.png,home,97,True,22,2,26,47.8,32,67,0,17,100.0,19,19,9,6,4,0,0,51.9,14,27,32,0,10,10,20,s:40~l:59~t:20,atlanta-dream,Atlanta,Dream,ATL,Atlanta Dream,Dream,d02030,383a37,https://a.espncdn.com/i/teamlogos/wnba/500/atl.png,90,,,
401391850,2022,2,2022-08-09,2022-08-09 22:00:00-04:00,20,s:40~l:59~t:20,atlanta-dream,Atlanta,DREAM,ATL,Atlanta Dream,Dream,d02030,383a37,https://a.espncdn.com/i/teamlogos/wnba/500/atl.png,away,90,False,22,1,24,50.0,33,66,1,15,83.3,15,18,4,5,6,0,0,47.4,9,19,29,0,10,10,17,s:40~l:59~t:17,las-vegas-aces,Las Vegas,Aces,LV,Las Vegas Aces,Aces,000000,c7cfd4,https://a.espncdn.com/i/teamlogos/wnba/500/lv.png,97,,,
401391849,2022,2,2022-08-09,2022-08-09 20:00:00-04:00,19,s:40~l:59~t:19,chicago-sky,Chicago,SKY,CHI,Chicago Sky,Sky,4f91cd,f1f2f3,https://a.espncdn.com/i/teamlogos/wnba/500/chi.png,home,100,False,30,1,23,55.7,39,70,0,11,71.4,15,21,2,7,5,0,0,30.4,7,23,30,0,13,13,14,s:40~l:59~t:14,seattle-storm,Seattle,Storm,SEA,Seattle Storm,Storm,05452a,f7c43c,https://a.espncdn.com/i/teamlogos/wnba/500/sea.png,111,,,
401391852,2022,2,2022-08-10,2022-08-10 20:00:00-04:00,3,s:40~l:59~t:3,dallas-wings,Dallas,WINGS,DAL,Dallas Wings,Wings,11213e,c5d646,https://a.espncdn.com/i/teamlogos/wnba/500/dal.png,home,73,False,12,3,20,34.3,23,67,0,14,80.0,20,25,15,13,4,1,0,36.8,7,19,33,0,10,9,9,s:40~l:59~t:9,new-york-liberty,New York,Liberty,NY,New York Liberty,Liberty,0d79b9,89c9bf,https://a.espncdn.com/i/teamlogos/wnba/500/ny.png,91,,,
401391852,2022,2,2022-08-10,2022-08-10 20:00:00-04:00,9,s:40~l:59~t:9,new-york-liberty,New York,LIBERTY,NY,New York Liberty,Liberty,0d79b9,89c9bf,https://a.espncdn.com/i/teamlogos/wnba/500/ny.png,away,91,True,21,5,27,54.8,34,62,0,20,90.9,10,11,19,5,4,0,0,48.1,13,27,32,0,12,12,3,s:40~l:59~t:3,dallas-wings,Dallas,Wings,DAL,Dallas Wings,Wings,11213e,c5d646,https://a.espncdn.com/i/teamlogos/wnba/500/dal.png,73,,,
401391853,2022,2,2022-08-10,2022-08-10 22:00:00-04:00,11,s:40~l:59~t:11,phoenix-mercury,Phoenix,MERCURY,PHX,Phoenix Mercury,Mercury,3a267d,e56020,https://a.espncdn.com/i/teamlogos/wnba/500/phx.png,home,77,False,20,4,18,41.8,28,67,0,21,100.0,8,8,6,9,8,1,0,41.9,13,31,27,0,13,12,8,s:40~l:59~t:8,minnesota-lynx,Minnesota,Lynx,MIN,Minnesota Lynx,Lynx,005084,47a757,https://a.espncdn.com/i/teamlogos/wnba/500/min.png,86,,,
401391853,2022,2,2022-08-10,2022-08-10 22:00:00-04:00,8,s:40~l:59~t:8,minnesota-lynx,Minnesota,LYNX,MIN,Minnesota Lynx,Lynx,005084,47a757,https://a.espncdn.com/i/teamlogos/wnba/500/min.png,away,86,True,21,2,25,46.2,30,65,0,13,83.3,20,24,9,13,5,1,0,35.3,6,17,38,0,13,12,11,s:40~l:59~t:11,phoenix-mercury,Phoenix,Mercury,PHX,Phoenix Mercury,Mercury,3a267d,e56020,https://a.espncdn.com/i/teamlogos/wnba/500/phx.png,77,,,
401391855,2022,2,2022-08-11,2022-08-11 22:30:00-04:00,6,s:40~l:59~t:6,los-angeles-sparks,Los Angeles,SPARKS,LA,Los Angeles Sparks,Sparks,532481,49ac9c,https://a.espncdn.com/i/teamlogos/wnba/500/la.png,home,69,False,16,2,17,41.2,28,68,0,22,80.0,8,10,3,7,6,1,2,27.8,5,18,24,2,18,17,18,s:40~l:59~t:18,connecticut-sun,Connecticut,Sun,CONN,Connecticut Sun,Sun,de6b36,002d62,https://a.espncdn.com/i/teamlogos/wnba/500/conn.png,93,,,
401391855,2022,2,2022-08-11,2022-08-11 22:30:00-04:00,18,s:40~l:59~t:18,connecticut-sun,Connecticut,SUN,CONN,Connecticut Sun,Sun,de6b36,002d62,https://a.espncdn.com/i/teamlogos/wnba/500/conn.png,away,93,True,25,4,30,50.0,34,68,0,16,75.0,18,24,27,12,8,0,1,33.3,7,21,42,1,19,19,6,s:40~l:59~t:6,los-angeles-sparks,Los Angeles,Sparks,LA,Los Angeles Sparks,Sparks,532481,49ac9c,https://a.espncdn.com/i/teamlogos/wnba/500/la.png,69,,,
401391854,2022,2,2022-08-11,2022-08-11 22:00:00-04:00,17,s:40~l:59~t:17,las-vegas-aces,Las Vegas,ACES,LV,Las Vegas Aces,Aces,000000,c7cfd4,https://a.espncdn.com/i/teamlogos/wnba/500/lv.png,home,89,True,17,4,24,46.3,31,67,0,17,90.0,18,20,18,5,10,0,0,42.9,9,21,29,0,9,9,19,s:40~l:59~t:19,chicago-sky,Chicago,Sky,CHI,Chicago Sky,Sky,4f91cd,f1f2f3,https://a.espncdn.com/i/teamlogos/wnba/500/chi.png,78,,,
401391854,2022,2,2022-08-11,2022-08-11 22:00:00-04:00,19,s:40~l:59~t:19,chicago-sky,Chicago,SKY,CHI,Chicago Sky,Sky,4f91cd,f1f2f3,https://a.espncdn.com/i/teamlogos/wnba/500/chi.png,away,78,False,23,1,29,46.2,30,65,1,19,78.9,15,19,2,6,6,0,0,14.3,3,21,35,0,17,17,17,s:40~l:59~t:17,las-vegas-aces,Las Vegas,Aces,LV,Las Vegas Aces,Aces,000000,c7cfd4,https://a.espncdn.com/i/teamlogos/wnba/500/lv.png,89,,,
401391857,2022,2,2022-08-12,2022-08-12 19:30:00-04:00,9,s:40~l:59~t:9,new-york-liberty,New York,LIBERTY,NY,New York Liberty,Liberty,0d79b9,89c9bf,https://a.espncdn.com/i/teamlogos/wnba/500/ny.png,away,80,True,20,3,31,47.0,31,66,0,17,77.8,14,18,22,6,4,0,0,25.0,4,16,37,0,11,11,20,s:40~l:59~t:20,atlanta-dream,Atlanta,Dream,ATL,Atlanta Dream,Dream,d02030,383a37,https://a.espncdn.com/i/teamlogos/wnba/500/atl.png,70,,,
401391856,2022,2,2022-08-12,2022-08-12 19:00:00-04:00,16,s:40~l:59~t:16,washington-mystics,Washington,MYSTICS,WSH,Washington Mystics,Mystics,e03a3e,09295a,https://a.espncdn.com/i/teamlogos/wnba/500/wsh.png,away,82,True,26,5,28,45.6,31,68,0,11,84.2,16,19,19,11,9,2,0,21.1,4,19,39,0,16,14,5,s:40~l:59~t:5,indiana-fever,Indiana,Fever,IND,Indiana Fever,Fever,e2382f,08265b,https://a.espncdn.com/i/teamlogos/wnba/500/ind.png,70,,,
401391856,2022,2,2022-08-12,2022-08-12 19:00:00-04:00,5,s:40~l:59~t:5,indiana-fever,Indiana,FEVER,IND,Indiana Fever,Fever,e2382f,08265b,https://a.espncdn.com/i/teamlogos/wnba/500/ind.png,home,70,False,17,5,22,41.3,26,63,0,17,83.3,10,12,2,4,7,3,1,42.1,8,19,26,1,17,14,16,s:40~l:59~t:16,washington-mystics,Washington,Mystics,WSH,Washington Mystics,Mystics,e03a3e,09295a,https://a.espncdn.com/i/teamlogos/wnba/500/wsh.png,82,,,
401391857,2022,2,2022-08-12,2022-08-12 19:30:00-04:00,20,s:40~l:59~t:20,atlanta-dream,Atlanta,DREAM,ATL,Atlanta Dream,Dream,d02030,383a37,https://a.espncdn.com/i/teamlogos/wnba/500/atl.png,home,70,False,13,1,27,37.5,24,64,0,15,70.8,17,24,3,9,5,1,0,26.3,5,19,36,0,13,12,9,s:40~l:59~t:9,new-york-liberty,New York,Liberty,NY,New York Liberty,Liberty,0d79b9,89c9bf,https://a.espncdn.com/i/teamlogos/wnba/500/ny.png,80,,,
401391858,2022,2,2022-08-12,2022-08-12 21:00:00-04:00,14,s:40~l:59~t:14,seattle-storm,Seattle,STORM,SEA,Seattle Storm,Storm,05452a,f7c43c,https://a.espncdn.com/i/teamlogos/wnba/500/sea.png,away,96,True,29,3,30,52.8,38,72,0,19,72.7,8,11,32,9,10,0,0,44.4,12,27,39,0,11,11,8,s:40~l:59~t:8,minnesota-lynx,Minnesota,Lynx,MIN,Minnesota Lynx,Lynx,005084,47a757,https://a.espncdn.com/i/teamlogos/wnba/500/min.png,69,,,
401391858,2022,2,2022-08-12,2022-08-12 21:00:00-04:00,8,s:40~l:59~t:8,minnesota-lynx,Minnesota,LYNX,MIN,Minnesota Lynx,Lynx,005084,47a757,https://a.espncdn.com/i/teamlogos/wnba/500/min.png,home,69,False,16,2,23,36.5,23,63,0,12,90.5,19,21,2,7,8,0,0,30.8,4,13,30,0,14,14,14,s:40~l:59~t:14,seattle-storm,Seattle,Storm,SEA,Seattle Storm,Storm,05452a,f7c43c,https://a.espncdn.com/i/teamlogos/wnba/500/sea.png,96,,,
401391859,2022,2,2022-08-12,2022-08-12 22:00:00-04:00,3,s:40~l:59~t:3,dallas-wings,Dallas,WINGS,DAL,Dallas Wings,Wings,11213e,c5d646,https://a.espncdn.com/i/teamlogos/wnba/500/dal.png,away,74,False,17,5,20,45.2,28,62,0,11,64.3,9,14,10,11,4,0,1,42.9,9,21,31,1,16,16,11,s:40~l:59~t:11,phoenix-mercury,Phoenix,Mercury,PHX,Phoenix Mercury,Mercury,3a267d,e56020,https://a.espncdn.com/i/teamlogos/wnba/500/phx.png,86,,,
401391859,2022,2,2022-08-12,2022-08-12 22:00:00-04:00,11,s:40~l:59~t:11,phoenix-mercury,Phoenix,MERCURY,PHX,Phoenix Mercury,Mercury,3a267d,e56020,https://a.espncdn.com/i/teamlogos/wnba/500/phx.png,home,86,True,25,2,19,51.5,35,68,0,14,83.3,5,6,19,6,8,1,1,50.0,11,22,25,1,10,9,3,s:40~l:59~t:3,dallas-wings,Dallas,Wings,DAL,Dallas Wings,Wings,11213e,c5d646,https://a.espncdn.com/i/teamlogos/wnba/500/dal.png,74,,,
401391865,2022,2,2022-08-14,2022-08-14 19:00:00-04:00,6,s:40~l:59~t:6,los-angeles-sparks,Los Angeles,SPARKS,LA,Los Angeles Sparks,Sparks,532481,49ac9c,https://a.espncdn.com/i/teamlogos/wnba/500/la.png,home,88,False,17,4,14,44.3,31,70,0,23,81.8,18,22,4,9,8,1,1,33.3,8,24,23,1,9,8,3,s:40~l:59~t:3,dallas-wings,Dallas,Wings,DAL,Dallas Wings,Wings,11213e,c5d646,https://a.espncdn.com/i/teamlogos/wnba/500/dal.png,116,,,
401391865,2022,2,2022-08-14,2022-08-14 19:00:00-04:00,3,s:40~l:59~t:3,dallas-wings,Dallas,WINGS,DAL,Dallas Wings,Wings,11213e,c5d646,https://a.espncdn.com/i/teamlogos/wnba/500/dal.png,away,116,True,33,3,25,65.6,42,64,0,19,77.8,21,27,40,7,3,1,0,50.0,11,22,32,0,14,13,6,s:40~l:59~t:6,los-angeles-sparks,Los Angeles,Sparks,LA,Los Angeles Sparks,Sparks,532481,49ac9c,https://a.espncdn.com/i/teamlogos/wnba/500/la.png,88,,,
401391863,2022,2,2022-08-14,2022-08-14 17:00:00-04:00,11,s:40~l:59~t:11,phoenix-mercury,Phoenix,MERCURY,PHX,Phoenix Mercury,Mercury,3a267d,e56020,https://a.espncdn.com/i/teamlogos/wnba/500/phx.png,home,67,False,17,1,33,45.8,27,59,0,13,83.3,10,12,2,2,4,3,0,23.1,3,13,35,0,21,18,19,s:40~l:59~t:19,chicago-sky,Chicago,Sky,CHI,Chicago Sky,Sky,4f91cd,f1f2f3,https://a.espncdn.com/i/teamlogos/wnba/500/chi.png,82,,,
401391863,2022,2,2022-08-14,2022-08-14 17:00:00-04:00,19,s:40~l:59~t:19,chicago-sky,Chicago,SKY,CHI,Chicago Sky,Sky,4f91cd,f1f2f3,https://a.espncdn.com/i/teamlogos/wnba/500/chi.png,away,82,True,26,5,21,45.1,32,71,0,14,100.0,7,7,27,5,8,0,1,40.7,11,27,26,1,12,12,11,s:40~l:59~t:11,phoenix-mercury,Phoenix,Mercury,PHX,Phoenix Mercury,Mercury,3a267d,e56020,https://a.espncdn.com/i/teamlogos/wnba/500/phx.png,67,,,
401391864,2022,2,2022-08-14,2022-08-14 15:00:00-04:00,17,s:40~l:59~t:17,las-vegas-aces,Las Vegas,ACES,LV,Las Vegas Aces,Aces,000000,c7cfd4,https://a.espncdn.com/i/teamlogos/wnba/500/lv.png,home,109,True,26,3,28,55.7,39,70,0,11,83.3,20,24,11,5,11,1,1,40.7,11,27,33,1,11,10,14,s:40~l:59~t:14,seattle-storm,Seattle,Storm,SEA,Seattle Storm,Storm,05452a,f7c43c,https://a.espncdn.com/i/teamlogos/wnba/500/sea.png,100,,,
401391864,2022,2,2022-08-14,2022-08-14 15:00:00-04:00,14,s:40~l:59~t:14,seattle-storm,Seattle,STORM,SEA,Seattle Storm,Storm,05452a,f7c43c,https://a.espncdn.com/i/teamlogos/wnba/500/sea.png,away,100,False,22,1,27,46.3,38,82,0,20,85.7,6,7,12,13,4,0,0,45.0,18,40,40,0,18,18,17,s:40~l:59~t:17,las-vegas-aces,Las Vegas,Aces,LV,Las Vegas Aces,Aces,000000,c7cfd4,https://a.espncdn.com/i/teamlogos/wnba/500/lv.png,109,,,
401391862,2022,2,2022-08-14,2022-08-14 15:00:00-04:00,16,s:40~l:59~t:16,washington-mystics,Washington,MYSTICS,WSH,Washington Mystics,Mystics,e03a3e,09295a,https://a.espncdn.com/i/teamlogos/wnba/500/wsh.png,home,95,True,21,3,17,48.3,29,60,0,16,85.7,30,35,19,7,14,1,0,33.3,7,21,24,0,12,11,5,s:40~l:59~t:5,indiana-fever,Indiana,Fever,IND,Indiana Fever,Fever,e2382f,08265b,https://a.espncdn.com/i/teamlogos/wnba/500/ind.png,83,,,
401391862,2022,2,2022-08-14,2022-08-14 15:00:00-04:00,5,s:40~l:59~t:5,indiana-fever,Indiana,FEVER,IND,Indiana Fever,Fever,e2382f,08265b,https://a.espncdn.com/i/teamlogos/wnba/500/ind.png,away,83,False,16,3,23,56.9,29,51,0,24,85.0,17,20,5,2,5,3,0,61.5,8,13,25,0,22,19,16,s:40~l:59~t:16,washington-mystics,Washington,Mystics,WSH,Washington Mystics,Mystics,e03a3e,09295a,https://a.espncdn.com/i/teamlogos/wnba/500/wsh.png,95,,,
401391861,2022,2,2022-08-14,2022-08-14 14:00:00-04:00,9,s:40~l:59~t:9,new-york-liberty,New York,LIBERTY,NY,New York Liberty,Liberty,0d79b9,89c9bf,https://a.espncdn.com/i/teamlogos/wnba/500/ny.png,home,87,True,23,4,30,45.0,27,60,0,18,81.8,18,22,10,4,3,0,1,46.9,15,32,34,1,16,16,20,s:40~l:59~t:20,atlanta-dream,Atlanta,Dream,ATL,Atlanta Dream,Dream,d02030,383a37,https://a.espncdn.com/i/teamlogos/wnba/500/atl.png,83,,,
401391861,2022,2,2022-08-14,2022-08-14 14:00:00-04:00,20,s:40~l:59~t:20,atlanta-dream,Atlanta,DREAM,ATL,Atlanta Dream,Dream,d02030,383a37,https://a.espncdn.com/i/teamlogos/wnba/500/atl.png,away,83,False,20,1,25,36.5,27,74,0,20,86.4,19,22,8,13,9,1,0,32.3,10,31,38,0,11,10,9,s:40~l:59~t:9,new-york-liberty,New York,Liberty,NY,New York Liberty,Liberty,0d79b9,89c9bf,https://a.espncdn.com/i/teamlogos/wnba/500/ny.png,87,,,
401391860,2022,2,2022-08-14,2022-08-14 13:00:00-04:00,18,s:40~l:59~t:18,connecticut-sun,Connecticut,SUN,CONN,Connecticut Sun,Sun,de6b36,002d62,https://a.espncdn.com/i/teamlogos/wnba/500/conn.png,home,90,True,24,4,28,52.9,36,68,0,13,65.0,13,20,19,8,7,2,1,35.7,5,14,36,1,11,9,8,s:40~l:59~t:8,minnesota-lynx,Minnesota,Lynx,MIN,Minnesota Lynx,Lynx,005084,47a757,https://a.espncdn.com/i/teamlogos/wnba/500/min.png,83,,,
401391860,2022,2,2022-08-14,2022-08-14 13:00:00-04:00,8,s:40~l:59~t:8,minnesota-lynx,Minnesota,LYNX,MIN,Minnesota Lynx,Lynx,005084,47a757,https://a.espncdn.com/i/teamlogos/wnba/500/min.png,away,83,False,15,2,24,45.7,32,70,0,17,80.0,8,10,3,8,7,1,1,35.5,11,31,32,1,13,12,18,s:40~l:59~t:18,connecticut-sun,Connecticut,Sun,CONN,Connecticut Sun,Sun,de6b36,002d62,https://a.espncdn.com/i/teamlogos/wnba/500/conn.png,90,,,
401455627,2022,3,2022-08-17,2022-08-17 20:00:00-04:00,9,s:40~l:59~t:9,new-york-liberty,New York,LIBERTY,NY,New York Liberty,Liberty,0d79b9,89c9bf,https://a.espncdn.com/i/teamlogos/wnba/500/ny.png,away,98,True,28,3,28,49.3,37,75,1,18,92.9,13,14,9,6,8,0,0,44.0,11,25,34,0,8,8,19,s:40~l:59~t:19,chicago-sky,Chicago,Sky,CHI,Chicago Sky,Sky,4f91cd,f1f2f3,https://a.espncdn.com/i/teamlogos/wnba/500/chi.png,91,,,
401455627,2022,3,2022-08-17,2022-08-17 20:00:00-04:00,19,s:40~l:59~t:19,chicago-sky,Chicago,SKY,CHI,Chicago Sky,Sky,4f91cd,f1f2f3,https://a.espncdn.com/i/teamlogos/wnba/500/chi.png,home,91,False,21,6,29,47.2,34,72,0,12,72.7,16,22,9,8,4,0,0,28.0,7,25,37,0,10,10,9,s:40~l:59~t:9,new-york-liberty,New York,Liberty,NY,New York Liberty,Liberty,0d79b9,89c9bf,https://a.espncdn.com/i/teamlogos/wnba/500/ny.png,98,,,
401455628,2022,3,2022-08-17,2022-08-17 22:00:00-04:00,17,s:40~l:59~t:17,las-vegas-aces,Las Vegas,ACES,LV,Las Vegas Aces,Aces,000000,c7cfd4,https://a.espncdn.com/i/teamlogos/wnba/500/lv.png,home,79,True,16,7,36,40.6,26,64,1,18,100.0,18,18,18,6,5,2,0,32.1,9,28,42,0,12,10,11,s:40~l:59~t:11,phoenix-mercury,Phoenix,Mercury,PHX,Phoenix Mercury,Mercury,3a267d,e56020,https://a.espncdn.com/i/teamlogos/wnba/500/phx.png,63,,,
401455628,2022,3,2022-08-17,2022-08-17 22:00:00-04:00,11,s:40~l:59~t:11,phoenix-mercury,Phoenix,MERCURY,PHX,Phoenix Mercury,Mercury,3a267d,e56020,https://a.espncdn.com/i/teamlogos/wnba/500/phx.png,away,63,False,15,2,28,30.7,23,75,1,17,70.6,12,17,5,10,3,1,0,27.8,5,18,38,0,10,9,17,s:40~l:59~t:17,las-vegas-aces,Las Vegas,Aces,LV,Las Vegas Aces,Aces,000000,c7cfd4,https://a.espncdn.com/i/teamlogos/wnba/500/lv.png,79,,,
401455650,2022,3,2022-08-18,2022-08-18 22:00:00-04:00,14,s:40~l:59~t:14,seattle-storm,Seattle,STORM,SEA,Seattle Storm,Storm,05452a,f7c43c,https://a.espncdn.com/i/teamlogos/wnba/500/sea.png,home,86,True,21,4,24,50.8,32,63,0,11,75.0,12,16,8,7,7,1,0,50.0,10,20,31,0,14,13,16,s:40~l:59~t:16,washington-mystics,Washington,Mystics,WSH,Washington Mystics,Mystics,e03a3e,09295a,https://a.espncdn.com/i/teamlogos/wnba/500/wsh.png,83,,,
401455650,2022,3,2022-08-18,2022-08-18 22:00:00-04:00,16,s:40~l:59~t:16,washington-mystics,Washington,MYSTICS,WSH,Washington Mystics,Mystics,e03a3e,09295a,https://a.espncdn.com/i/teamlogos/wnba/500/wsh.png,away,83,False,16,7,21,48.5,32,66,0,17,85.7,12,14,7,6,8,1,0,36.8,7,19,27,0,13,12,14,s:40~l:59~t:14,seattle-storm,Seattle,Storm,SEA,Seattle Storm,Storm,05452a,f7c43c,https://a.espncdn.com/i/teamlogos/wnba/500/sea.png,86,,,
401455629,2022,3,2022-08-18,2022-08-18 20:00:00-04:00,18,s:40~l:59~t:18,connecticut-sun,Connecticut,SUN,CONN,Connecticut Sun,Sun,de6b36,002d62,https://a.espncdn.com/i/teamlogos/wnba/500/conn.png,home,93,True,25,3,27,52.1,37,71,0,13,82.4,14,17,27,8,10,1,1,35.7,5,14,35,1,10,9,3,s:40~l:59~t:3,dallas-wings,Dallas,Wings,DAL,Dallas Wings,Wings,11213e,c5d646,https://a.espncdn.com/i/teamlogos/wnba/500/dal.png,68,,,
401455629,2022,3,2022-08-18,2022-08-18 20:00:00-04:00,3,s:40~l:59~t:3,dallas-wings,Dallas,WINGS,DAL,Dallas Wings,Wings,11213e,c5d646,https://a.espncdn.com/i/teamlogos/wnba/500/dal.png,away,68,False,11,4,20,41.3,26,63,0,15,57.9,11,19,3,8,5,2,0,25.0,5,20,28,0,17,15,18,s:40~l:59~t:18,connecticut-sun,Connecticut,Sun,CONN,Connecticut Sun,Sun,de6b36,002d62,https://a.espncdn.com/i/teamlogos/wnba/500/conn.png,93,,,
401455651,2022,3,2022-08-20,2022-08-20 12:00:00-04:00,9,s:40~l:59~t:9,new-york-liberty,New York,LIBERTY,NY,New York Liberty,Liberty,0d79b9,89c9bf,https://a.espncdn.com/i/teamlogos/wnba/500/ny.png,away,62,False,15,2,25,33.3,20,60,0,13,90.5,19,21,0,3,7,0,0,15.0,3,20,28,0,19,19,19,s:40~l:59~t:19,chicago-sky,Chicago,Sky,CHI,Chicago Sky,Sky,4f91cd,f1f2f3,https://a.espncdn.com/i/teamlogos/wnba/500/chi.png,100,,,
401455651,2022,3,2022-08-20,2022-08-20 12:00:00-04:00,19,s:40~l:59~t:19,chicago-sky,Chicago,SKY,CHI,Chicago Sky,Sky,4f91cd,f1f2f3,https://a.espncdn.com/i/teamlogos/wnba/500/chi.png,home,100,True,28,3,35,51.3,40,78,0,18,100.0,14,14,42,10,14,0,0,27.3,6,22,45,0,10,10,9,s:40~l:59~t:9,new-york-liberty,New York,Liberty,NY,New York Liberty,Liberty,0d79b9,89c9bf,https://a.espncdn.com/i/teamlogos/wnba/500/ny.png,62,,,
401455652,2022,3,2022-08-20,2022-08-20 21:00:00-04:00,17,s:40~l:59~t:17,las-vegas-aces,Las Vegas,ACES,LV,Las Vegas Aces,Aces,000000,c7cfd4,https://a.espncdn.com/i/teamlogos/wnba/500/lv.png,home,117,True,31,3,28,64.1,41,64,0,16,85.7,12,14,41,2,8,0,1,63.9,23,36,30,1,12,12,11,s:40~l:59~t:11,phoenix-mercury,Phoenix,Mercury,PHX,Phoenix Mercury,Mercury,3a267d,e56020,https://a.espncdn.com/i/teamlogos/wnba/500/phx.png,80,,,
401455652,2022,3,2022-08-20,2022-08-20 21:00:00-04:00,11,s:40~l:59~t:11,phoenix-mercury,Phoenix,MERCURY,PHX,Phoenix Mercury,Mercury,3a267d,e56020,https://a.espncdn.com/i/teamlogos/wnba/500/phx.png,away,80,False,17,1,20,46.6,34,73,0,13,50.0,7,14,0,11,5,1,0,21.7,5,23,31,0,14,13,17,s:40~l:59~t:17,las-vegas-aces,Las Vegas,Aces,LV,Las Vegas Aces,Aces,000000,c7cfd4,https://a.espncdn.com/i/teamlogos/wnba/500/lv.png,117,,,
401455654,2022,3,2022-08-21,2022-08-21 16:00:00-04:00,14,s:40~l:59~t:14,seattle-storm,Seattle,STORM,SEA,Seattle Storm,Storm,05452a,f7c43c,https://a.espncdn.com/i/teamlogos/wnba/500/sea.png,home,97,True,26,3,25,55.6,35,63,0,15,88.2,15,17,17,8,6,0,1,52.2,12,23,33,1,8,8,16,s:40~l:59~t:16,washington-mystics,Washington,Mystics,WSH,Washington Mystics,Mystics,e03a3e,09295a,https://a.espncdn.com/i/teamlogos/wnba/500/wsh.png,84,,,
401455654,2022,3,2022-08-21,2022-08-21 16:00:00-04:00,16,s:40~l:59~t:16,washington-mystics,Washington,MYSTICS,WSH,Washington Mystics,Mystics,e03a3e,09295a,https://a.espncdn.com/i/teamlogos/wnba/500/wsh.png,away,84,False,25,1,18,44.6,29,65,0,11,75.0,12,16,1,7,5,2,0,51.9,14,27,25,0,10,8,14,s:40~l:59~t:14,seattle-storm,Seattle,Storm,SEA,Seattle Storm,Storm,05452a,f7c43c,https://a.espncdn.com/i/teamlogos/wnba/500/sea.png,97,,,
401455653,2022,3,2022-08-21,2022-08-21 12:00:00-04:00,18,s:40~l:59~t:18,connecticut-sun,Connecticut,SUN,CONN,Connecticut Sun,Sun,de6b36,002d62,https://a.espncdn.com/i/teamlogos/wnba/500/conn.png,home,79,False,21,4,22,45.2,28,62,0,9,90.5,19,21,0,10,1,2,0,28.6,4,14,32,0,12,10,3,s:40~l:59~t:3,dallas-wings,Dallas,Wings,DAL,Dallas Wings,Wings,11213e,c5d646,https://a.espncdn.com/i/teamlogos/wnba/500/dal.png,89,,,
401455653,2022,3,2022-08-21,2022-08-21 12:00:00-04:00,3,s:40~l:59~t:3,dallas-wings,Dallas,WINGS,DAL,Dallas Wings,Wings,11213e,c5d646,https://a.espncdn.com/i/teamlogos/wnba/500/dal.png,away,89,True,28,2,22,48.0,36,75,0,20,66.7,6,9,31,13,8,0,0,42.3,11,26,35,0,8,8,18,s:40~l:59~t:18,connecticut-sun,Connecticut,Sun,CONN,Connecticut Sun,Sun,de6b36,002d62,https://a.espncdn.com/i/teamlogos/wnba/500/conn.png,79,,,
401455657,2022,3,2022-08-23,2022-08-23 21:00:00-04:00,19,s:40~l:59~t:19,chicago-sky,Chicago,SKY,CHI,Chicago Sky,Sky,4f91cd,f1f2f3,https://a.espncdn.com/i/teamlogos/wnba/500/chi.png,away,90,True,27,4,31,48.0,36,75,0,9,76.9,10,13,20,8,9,2,0,29.6,8,27,39,0,9,7,9,s:40~l:59~t:9,new-york-liberty,New York,Liberty,NY,New York Liberty,Liberty,0d79b9,89c9bf,https://a.espncdn.com/i/teamlogos/wnba/500/ny.png,72,,,
401455657,2022,3,2022-08-23,2022-08-23 21:00:00-04:00,9,s:40~l:59~t:9,new-york-liberty,New York,LIBERTY,NY,New York Liberty,Liberty,0d79b9,89c9bf,https://a.espncdn.com/i/teamlogos/wnba/500/ny.png,home,72,False,18,3,28,43.5,30,69,0,12,83.3,5,6,3,5,4,2,1,31.8,7,22,33,1,16,14,19,s:40~l:59~t:19,chicago-sky,Chicago,Sky,CHI,Chicago Sky,Sky,4f91cd,f1f2f3,https://a.espncdn.com/i/teamlogos/wnba/500/chi.png,90,,,
401455659,2022,3,2022-08-24,2022-08-24 21:00:00-04:00,18,s:40~l:59~t:18,connecticut-sun,Connecticut,SUN,CONN,Connecticut Sun,Sun,de6b36,002d62,https://a.espncdn.com/i/teamlogos/wnba/500/conn.png,away,73,True,14,2,23,35.5,27,76,0,20,65.2,15,23,19,17,14,0,1,23.5,4,17,40,1,13,13,3,s:40~l:59~t:3,dallas-wings,Dallas,Wings,DAL,Dallas Wings,Wings,11213e,c5d646,https://a.espncdn.com/i/teamlogos/wnba/500/dal.png,58,,,
401455659,2022,3,2022-08-24,2022-08-24 21:00:00-04:00,3,s:40~l:59~t:3,dallas-wings,Dallas,WINGS,DAL,Dallas Wings,Wings,11213e,c5d646,https://a.espncdn.com/i/teamlogos/wnba/500/dal.png,home,58,False,14,9,24,36.4,20,55,0,18,87.5,14,16,4,7,4,1,1,23.5,4,17,31,1,20,19,18,s:40~l:59~t:18,connecticut-sun,Connecticut,Sun,CONN,Connecticut Sun,Sun,de6b36,002d62,https://a.espncdn.com/i/teamlogos/wnba/500/conn.png,73,,,
401455660,2022,3,2022-08-28,2022-08-28 16:00:00-04:00,14,s:40~l:59~t:14,seattle-storm,Seattle,STORM,SEA,Seattle Storm,Storm,05452a,f7c43c,https://a.espncdn.com/i/teamlogos/wnba/500/sea.png,away,76,True,23,5,30,41.3,31,75,0,16,81.8,9,11,12,7,6,0,0,22.7,5,22,37,0,7,7,17,s:40~l:59~t:17,las-vegas-aces,Las Vegas,Aces,LV,Las Vegas Aces,Aces,000000,c7cfd4,https://a.espncdn.com/i/teamlogos/wnba/500/lv.png,73,,,
401455660,2022,3,2022-08-28,2022-08-28 16:00:00-04:00,17,s:40~l:59~t:17,las-vegas-aces,Las Vegas,ACES,LV,Las Vegas Aces,Aces,000000,c7cfd4,https://a.espncdn.com/i/teamlogos/wnba/500/lv.png,home,73,False,16,5,30,41.2,28,68,0,12,100.0,11,11,3,4,5,0,0,26.1,6,23,34,0,11,11,14,s:40~l:59~t:14,seattle-storm,Seattle,Storm,SEA,Seattle Storm,Storm,05452a,f7c43c,https://a.espncdn.com/i/teamlogos/wnba/500/sea.png,76,,,
401455661,2022,3,2022-08-28,2022-08-28 20:00:00-04:00,19,s:40~l:59~t:19,chicago-sky,Chicago,SKY,CHI,Chicago Sky,Sky,4f91cd,f1f2f3,https://a.espncdn.com/i/teamlogos/wnba/500/chi.png,home,63,False,20,10,29,35.3,24,68,0,14,77.8,7,9,4,7,6,1,1,26.7,8,30,36,1,12,11,18,s:40~l:59~t:18,connecticut-sun,Connecticut,Sun,CONN,Connecticut Sun,Sun,de6b36,002d62,https://a.espncdn.com/i/teamlogos/wnba/500/conn.png,68,,,
401455661,2022,3,2022-08-28,2022-08-28 20:00:00-04:00,18,s:40~l:59~t:18,connecticut-sun,Connecticut,SUN,CONN,Connecticut Sun,Sun,de6b36,002d62,https://a.espncdn.com/i/teamlogos/wnba/500/conn.png,away,68,True,23,3,35,37.3,28,75,0,7,81.8,9,11,8,12,7,2,2,23.1,3,13,47,2,11,9,19,s:40~l:59~t:19,chicago-sky,Chicago,Sky,CHI,Chicago Sky,Sky,4f91cd,f1f2f3,https://a.espncdn.com/i/teamlogos/wnba/500/chi.png,63,,,
401455674,2022,3,2022-08-31,2022-08-31 22:00:00-04:00,17,s:40~l:59~t:17,las-vegas-aces,Las Vegas,ACES,LV,Las Vegas Aces,Aces,000000,c7cfd4,https://a.espncdn.com/i/teamlogos/wnba/500/lv.png,home,78,True,13,6,31,42.2,27,64,0,14,78.3,18,23,10,7,2,1,1,33.3,6,18,38,1,9,8,14,s:40~l:59~t:14,seattle-storm,Seattle,Storm,SEA,Seattle Storm,Storm,05452a,f7c43c,https://a.espncdn.com/i/teamlogos/wnba/500/sea.png,73,,,
401455674,2022,3,2022-08-31,2022-08-31 22:00:00-04:00,14,s:40~l:59~t:14,seattle-storm,Seattle,STORM,SEA,Seattle Storm,Storm,05452a,f7c43c,https://a.espncdn.com/i/teamlogos/wnba/500/sea.png,away,73,False,18,5,32,40.6,28,69,0,17,100.0,11,11,9,2,3,2,0,28.6,6,21,34,0,7,5,17,s:40~l:59~t:17,las-vegas-aces,Las Vegas,Aces,LV,Las Vegas Aces,Aces,000000,c7cfd4,https://a.espncdn.com/i/teamlogos/wnba/500/lv.png,78,,,
401455671,2022,3,2022-08-31,2022-08-31 20:00:00-04:00,19,s:40~l:59~t:19,chicago-sky,Chicago,SKY,CHI,Chicago Sky,Sky,4f91cd,f1f2f3,https://a.espncdn.com/i/teamlogos/wnba/500/chi.png,home,85,True,22,8,26,50.8,32,63,0,15,68.2,15,22,20,3,7,1,1,40.0,6,15,29,1,13,12,18,s:40~l:59~t:18,connecticut-sun,Connecticut,Sun,CONN,Connecticut Sun,Sun,de6b36,002d62,https://a.espncdn.com/i/teamlogos/wnba/500/conn.png,77,,,
401455671,2022,3,2022-08-31,2022-08-31 20:00:00-04:00,18,s:40~l:59~t:18,connecticut-sun,Connecticut,SUN,CONN,Connecticut Sun,Sun,de6b36,002d62,https://a.espncdn.com/i/teamlogos/wnba/500/conn.png,away,77,False,19,3,32,45.7,32,70,0,17,50.0,8,16,3,7,7,1,2,38.5,5,13,39,2,13,12,19,s:40~l:59~t:19,chicago-sky,Chicago,Sky,CHI,Chicago Sky,Sky,4f91cd,f1f2f3,https://a.espncdn.com/i/teamlogos/wnba/500/chi.png,85,,,
401455676,2022,3,2022-09-04,2022-09-04 15:00:00-04:00,14,s:40~l:59~t:14,seattle-storm,Seattle,STORM,SEA,Seattle Storm,Storm,05452a,f7c43c,https://a.espncdn.com/i/teamlogos/wnba/500/sea.png,home,98,False,27,3,26,48.1,38,79,0,16,70.6,12,17,4,5,3,0,0,37.0,10,27,31,0,8,8,17,s:40~l:59~t:17,las-vegas-aces,Las Vegas,Aces,LV,Las Vegas Aces,Aces,000000,c7cfd4,https://a.espncdn.com/i/teamlogos/wnba/500/lv.png,110,,,
401455676,2022,3,2022-09-04,2022-09-04 15:00:00-04:00,17,s:40~l:59~t:17,las-vegas-aces,Las Vegas,ACES,LV,Las Vegas Aces,Aces,000000,c7cfd4,https://a.espncdn.com/i/teamlogos/wnba/500/lv.png,away,110,True,26,3,36,52.4,44,84,0,17,90.9,10,11,15,10,6,0,0,42.9,12,28,46,0,8,8,14,s:40~l:59~t:14,seattle-storm,Seattle,Storm,SEA,Seattle Storm,Storm,05452a,f7c43c,https://a.espncdn.com/i/teamlogos/wnba/500/sea.png,98,,,
401455675,2022,3,2022-09-04,2022-09-04 13:00:00-04:00,18,s:40~l:59~t:18,connecticut-sun,Connecticut,SUN,CONN,Connecticut Sun,Sun,de6b36,002d62,https://a.espncdn.com/i/teamlogos/wnba/500/conn.png,home,72,False,19,4,36,36.8,25,68,0,18,77.3,17,22,6,10,4,0,0,41.7,5,12,46,0,17,17,19,s:40~l:59~t:19,chicago-sky,Chicago,Sky,CHI,Chicago Sky,Sky,4f91cd,f1f2f3,https://a.espncdn.com/i/teamlogos/wnba/500/chi.png,76,,,
401455675,2022,3,2022-09-04,2022-09-04 13:00:00-04:00,19,s:40~l:59~t:19,chicago-sky,Chicago,SKY,CHI,Chicago Sky,Sky,4f91cd,f1f2f3,https://a.espncdn.com/i/teamlogos/wnba/500/chi.png,away,76,True,20,4,30,37.1,26,70,0,16,85.7,18,21,7,5,12,1,0,24.0,6,25,35,0,9,8,18,s:40~l:59~t:18,connecticut-sun,Connecticut,Sun,CONN,Connecticut Sun,Sun,de6b36,002d62,https://a.espncdn.com/i/teamlogos/wnba/500/conn.png,72,,,
401455677,2022,3,2022-09-06,2022-09-06 20:00:00-04:00,18,s:40~l:59~t:18,connecticut-sun,Connecticut,SUN,CONN,Connecticut Sun,Sun,de6b36,002d62,https://a.espncdn.com/i/teamlogos/wnba/500/conn.png,home,104,True,22,4,30,56.9,41,72,0,21,80.0,16,20,27,9,10,1,0,40.0,6,15,39,0,14,13,19,s:40~l:59~t:19,chicago-sky,Chicago,Sky,CHI,Chicago Sky,Sky,4f91cd,f1f2f3,https://a.espncdn.com/i/teamlogos/wnba/500/chi.png,80,,,
401455678,2022,3,2022-09-06,2022-09-06 22:15:00-04:00,14,s:40~l:59~t:14,seattle-storm,Seattle,STORM,SEA,Seattle Storm,Storm,05452a,f7c43c,https://a.espncdn.com/i/teamlogos/wnba/500/sea.png,home,92,False,18,5,23,44.3,31,70,0,16,73.1,19,26,9,11,6,2,0,44.0,11,25,34,0,11,9,17,s:40~l:59~t:17,las-vegas-aces,Las Vegas,Aces,LV,Las Vegas Aces,Aces,000000,c7cfd4,https://a.espncdn.com/i/teamlogos/wnba/500/lv.png,97,,,
401455678,2022,3,2022-09-06,2022-09-06 22:15:00-04:00,17,s:40~l:59~t:17,las-vegas-aces,Las Vegas,ACES,LV,Las Vegas Aces,Aces,000000,c7cfd4,https://a.espncdn.com/i/teamlogos/wnba/500/lv.png,away,97,True,19,3,29,56.3,36,64,0,20,78.9,15,19,8,5,7,2,0,45.5,10,22,34,0,13,11,14,s:40~l:59~t:14,seattle-storm,Seattle,Storm,SEA,Seattle Storm,Storm,05452a,f7c43c,https://a.espncdn.com/i/teamlogos/wnba/500/sea.png,92,,,
401455677,2022,3,2022-09-06,2022-09-06 20:00:00-04:00,19,s:40~l:59~t:19,chicago-sky,Chicago,SKY,CHI,Chicago Sky,Sky,4f91cd,f1f2f3,https://a.espncdn.com/i/teamlogos/wnba/500/chi.png,away,80,False,23,3,20,47.6,30,63,0,18,75.0,12,16,0,3,8,0,1,38.1,8,21,23,1,15,15,18,s:40~l:59~t:18,connecticut-sun,Connecticut,Sun,CONN,Connecticut Sun,Sun,de6b36,002d62,https://a.espncdn.com/i/teamlogos/wnba/500/conn.png,104,,,
401455679,2022,3,2022-09-08,2022-09-08 20:00:00-04:00,18,s:40~l:59~t:18,connecticut-sun,Connecticut,SUN,CONN,Connecticut Sun,Sun,de6b36,002d62,https://a.espncdn.com/i/teamlogos/wnba/500/conn.png,away,72,True,25,7,37,45.8,27,59,0,19,100.0,16,16,9,6,5,0,0,25.0,2,8,43,0,23,23,19,s:40~l:59~t:19,chicago-sky,Chicago,Sky,CHI,Chicago Sky,Sky,4f91cd,f1f2f3,https://a.espncdn.com/i/teamlogos/wnba/500/chi.png,63,,,
401455679,2022,3,2022-09-08,2022-09-08 20:00:00-04:00,19,s:40~l:59~t:19,chicago-sky,Chicago,SKY,CHI,Chicago Sky,Sky,4f91cd,f1f2f3,https://a.espncdn.com/i/teamlogos/wnba/500/chi.png,home,63,False,18,10,21,34.3,24,70,0,15,58.3,7,12,11,7,13,0,1,32.0,8,25,28,1,13,13,18,s:40~l:59~t:18,connecticut-sun,Connecticut,Sun,CONN,Connecticut Sun,Sun,de6b36,002d62,https://a.espncdn.com/i/teamlogos/wnba/500/conn.png,72,,,
401455681,2022,3,2022-09-11,2022-09-11 15:00:00-04:00,18,s:40~l:59~t:18,connecticut-sun,Connecticut,SUN,CONN,Connecticut Sun,Sun,de6b36,002d62,https://a.espncdn.com/i/teamlogos/wnba/500/conn.png,away,64,False,18,4,25,37.8,28,74,1,14,60.0,3,5,8,13,8,3,0,31.3,5,16,38,0,10,7,17,s:40~l:59~t:17,las-vegas-aces,Las Vegas,Aces,LV,Las Vegas Aces,Aces,000000,c7cfd4,https://a.espncdn.com/i/teamlogos/wnba/500/lv.png,67,,,
401455681,2022,3,2022-09-11,2022-09-11 15:00:00-04:00,17,s:40~l:59~t:17,las-vegas-aces,Las Vegas,ACES,LV,Las Vegas Aces,Aces,000000,c7cfd4,https://a.espncdn.com/i/teamlogos/wnba/500/lv.png,home,67,True,8,4,27,39.7,23,58,0,10,84.2,16,19,12,6,3,2,0,20.8,5,24,33,0,12,10,18,s:40~l:59~t:18,connecticut-sun,Connecticut,Sun,CONN,Connecticut Sun,Sun,de6b36,002d62,https://a.espncdn.com/i/teamlogos/wnba/500/conn.png,64,,,
401455682,2022,3,2022-09-13,2022-09-13 21:00:00-04:00,17,s:40~l:59~t:17,las-vegas-aces,Las Vegas,ACES,LV,Las Vegas Aces,Aces,000000,c7cfd4,https://a.espncdn.com/i/teamlogos/wnba/500/lv.png,home,85,True,21,4,32,51.6,33,64,0,14,76.5,13,17,20,2,5,1,0,23.1,6,26,34,0,8,7,18,s:40~l:59~t:18,connecticut-sun,Connecticut,Sun,CONN,Connecticut Sun,Sun,de6b36,002d62,https://a.espncdn.com/i/teamlogos/wnba/500/conn.png,71,,,
401455682,2022,3,2022-09-13,2022-09-13 21:00:00-04:00,18,s:40~l:59~t:18,connecticut-sun,Connecticut,SUN,CONN,Connecticut Sun,Sun,de6b36,002d62,https://a.espncdn.com/i/teamlogos/wnba/500/conn.png,away,71,False,19,2,28,42.2,27,64,0,16,66.7,14,21,2,6,6,1,0,21.4,3,14,34,0,9,8,17,s:40~l:59~t:17,las-vegas-aces,Las Vegas,Aces,LV,Las Vegas Aces,Aces,000000,c7cfd4,https://a.espncdn.com/i/teamlogos/wnba/500/lv.png,85,,,
401455683,2022,3,2022-09-15,2022-09-15 21:00:00-04:00,18,s:40~l:59~t:18,connecticut-sun,Connecticut,SUN,CONN,Connecticut Sun,Sun,de6b36,002d62,https://a.espncdn.com/i/teamlogos/wnba/500/conn.png,home,105,True,32,2,28,55.8,43,77,0,18,84.6,11,13,29,10,10,0,0,53.3,8,15,38,0,9,9,17,s:40~l:59~t:17,las-vegas-aces,Las Vegas,Aces,LV,Las Vegas Aces,Aces,000000,c7cfd4,https://a.espncdn.com/i/teamlogos/wnba/500/lv.png,76,,,
401455683,2022,3,2022-09-15,2022-09-15 21:00:00-04:00,17,s:40~l:59~t:17,las-vegas-aces,Las Vegas,ACES,LV,Las Vegas Aces,Aces,000000,c7cfd4,https://a.espncdn.com/i/teamlogos/wnba/500/lv.png,away,76,False,19,7,21,45.0,27,60,0,12,73.3,11,15,8,3,3,2,0,42.3,11,26,24,0,16,14,18,s:40~l:59~t:18,connecticut-sun,Connecticut,Sun,CONN,Connecticut Sun,Sun,de6b36,002d62,https://a.espncdn.com/i/teamlogos/wnba/500/conn.png,105,,,
401455684,2022,3,2022-09-18,2022-09-18 16:00:00-04:00,18,s:40~l:59~t:18,connecticut-sun,Connecticut,SUN,CONN,Connecticut Sun,Sun,de6b36,002d62,https://a.espncdn.com/i/teamlogos/wnba/500/conn.png,home,71,False,19,5,25,41.3,26,63,0,18,72.2,13,18,4,9,7,1,1,46.2,6,13,34,1,16,15,17,s:40~l:59~t:17,las-vegas-aces,Las Vegas,Aces,LV,Las Vegas Aces,Aces,000000,c7cfd4,https://a.espncdn.com/i/teamlogos/wnba/500/lv.png,78,,,
401455684,2022,3,2022-09-18,2022-09-18 16:00:00-04:00,17,s:40~l:59~t:17,las-vegas-aces,Las Vegas,ACES,LV,Las Vegas Aces,Aces,000000,c7cfd4,https://a.espncdn.com/i/teamlogos/wnba/500/lv.png,away,78,True,18,3,28,45.3,29,64,1,14,71.4,10,14,10,4,11,1,1,38.5,10,26,32,1,13,12,18,s:40~l:59~t:18,connecticut-sun,Connecticut,Sun,CONN,Connecticut Sun,Sun,de6b36,002d62,https://a.espncdn.com/i/teamlogos/wnba/500/conn.png,71,,,
401507131,2023,2,2023-05-19,2023-05-19 19:00:00-04:00,9,s:40~l:59~t:9,new-york-liberty,New York,LIBERTY,NY,New York Liberty,Liberty,86cebc,000000,https://a.espncdn.com/i/teamlogos/wnba/500/ny.png,away,64,False,18,2,32,34.3,23,67,0,13,78.6,11,14,5,8,8,2,0,22.6,7,31,40,0,22,20,16,s:40~l:59~t:16,washington-mystics,Washington,Mystics,WSH,Washington Mystics,Mystics,e03a3e,002b5c,https://a.espncdn.com/i/teamlogos/wnba/500/wsh.png,80,2,32,16
401507130,2023,2,2023-05-19,2023-05-19 19:00:00-04:00,5,s:40~l:59~t:5,indiana-fever,Indiana,FEVER,IND,Indiana Fever,Fever,002d62,e03a3e,https://a.espncdn.com/i/teamlogos/wnba/500/ind.png,home,61,False,15,5,27,33.3,22,66,0,24,57.9,11,19,0,8,9,1,0,25.0,6,24,35,0,20,19,18,s:40~l:59~t:18,connecticut-sun,Connecticut,Sun,CONN,Connecticut Sun,Sun,f05023,0a2240,https://a.espncdn.com/i/teamlogos/wnba/500/conn.png,70,7,26,21
401507130,2023,2,2023-05-19,2023-05-19 19:00:00-04:00,18,s:40~l:59~t:18,connecticut-sun,Connecticut,SUN,CONN,Connecticut Sun,Sun,f05023,0a2240,https://a.espncdn.com/i/teamlogos/wnba/500/conn.png,away,70,True,15,6,31,31.8,21,66,0,21,75.0,24,32,19,12,10,2,1,23.5,4,17,43,1,18,16,5,s:40~l:59~t:5,indiana-fever,Indiana,Fever,IND,Indiana Fever,Fever,002d62,e03a3e,https://a.espncdn.com/i/teamlogos/wnba/500/ind.png,61,13,32,14
401507132,2023,2,2023-05-19,2023-05-19 20:00:00-04:00,8,s:40~l:59~t:8,minnesota-lynx,Minnesota,LYNX,MIN,Minnesota Lynx,Lynx,266092,79bc43,https://a.espncdn.com/i/teamlogos/wnba/500/min.png,home,66,False,16,8,29,33.3,21,63,0,10,85.7,18,21,7,11,8,1,0,25.0,6,24,40,0,21,20,19,s:40~l:59~t:19,chicago-sky,Chicago,Sky,CHI,Chicago Sky,Sky,5091cd,ffd520,https://a.espncdn.com/i/teamlogos/wnba/500/chi.png,77,17,26,17
401507132,2023,2,2023-05-19,2023-05-19 20:00:00-04:00,19,s:40~l:59~t:19,chicago-sky,Chicago,SKY,CHI,Chicago Sky,Sky,5091cd,ffd520,https://a.espncdn.com/i/teamlogos/wnba/500/chi.png,away,77,True,23,8,28,43.1,31,72,0,19,100.0,6,6,19,7,14,0,0,37.5,9,24,35,0,12,12,8,s:40~l:59~t:8,minnesota-lynx,Minnesota,Lynx,MIN,Minnesota Lynx,Lynx,266092,79bc43,https://a.espncdn.com/i/teamlogos/wnba/500/min.png,66,18,36,8
401507133,2023,2,2023-05-19,2023-05-19 23:00:00-04:00,6,s:40~l:59~t:6,los-angeles-sparks,Los Angeles,SPARKS,LA,Los Angeles Sparks,Sparks,552583,fdb927,https://a.espncdn.com/i/teamlogos/wnba/500/la.png,home,94,True,20,2,21,39.7,29,73,0,19,93.1,27,29,27,11,10,1,0,40.9,9,22,32,0,7,6,11,s:40~l:59~t:11,phoenix-mercury,Phoenix,Mercury,PHX,Phoenix Mercury,Mercury,3c286e,e56020,https://a.espncdn.com/i/teamlogos/wnba/500/phx.png,71,10,34,9
401507133,2023,2,2023-05-19,2023-05-19 23:00:00-04:00,11,s:40~l:59~t:11,phoenix-mercury,Phoenix,MERCURY,PHX,Phoenix Mercury,Mercury,3c286e,e56020,https://a.espncdn.com/i/teamlogos/wnba/500/phx.png,away,71,False,18,8,28,40.7,24,59,0,20,85.0,17,20,11,6,2,3,0,30.0,6,20,34,0,22,19,6,s:40~l:59~t:6,los-angeles-sparks,Los Angeles,Sparks,LA,Los Angeles Sparks,Sparks,552583,fdb927,https://a.espncdn.com/i/teamlogos/wnba/500/la.png,94,5,24,23
401507131,2023,2,2023-05-19,2023-05-19 19:00:00-04:00,16,s:40~l:59~t:16,washington-mystics,Washington,MYSTICS,WSH,Washington Mystics,Mystics,e03a3e,002b5c,https://a.espncdn.com/i/teamlogos/wnba/500/wsh.png,home,80,True,23,4,29,45.7,32,70,0,17,90.9,10,11,24,3,13,1,1,26.1,6,23,32,1,13,12,9,s:40~l:59~t:9,new-york-liberty,New York,Liberty,NY,New York Liberty,Liberty,86cebc,000000,https://a.espncdn.com/i/teamlogos/wnba/500/ny.png,64,16,38,18
401507134,2023,2,2023-05-20,2023-05-20 15:00:00-04:00,14,s:40~l:59~t:14,seattle-storm,Seattle,STORM,SEA,Seattle Storm,Storm,2c5235,fee11a,https://a.espncdn.com/i/teamlogos/wnba/500/sea.png,home,64,False,12,6,26,32.1,25,78,0,16,60.0,9,15,2,6,12,0,0,23.8,5,21,32,0,13,13,17,s:40~l:59~t:17,las-vegas-aces,Las Vegas,Aces,LV,Las Vegas Aces,Aces,ce1141,b4975a,https://a.espncdn.com/i/teamlogos/wnba/500/lv.png,105,18,34,13
401507134,2023,2,2023-05-20,2023-05-20 15:00:00-04:00,17,s:40~l:59~t:17,las-vegas-aces,Las Vegas,ACES,LV,Las Vegas Aces,Aces,ce1141,b4975a,https://a.espncdn.com/i/teamlogos/wnba/500/lv.png,away,105,True,22,8,44,54.8,40,73,0,14,82.4,14,17,42,6,6,0,0,61.1,11,18,50,0,14,14,14,s:40~l:59~t:14,seattle-storm,Seattle,Storm,SEA,Seattle Storm,Storm,2c5235,fee11a,https://a.espncdn.com/i/teamlogos/wnba/500/sea.png,64,22,52,12
401507135,2023,2,2023-05-20,2023-05-20 13:00:00-04:00,3,s:40~l:59~t:3,dallas-wings,Dallas,WINGS,DAL,Dallas Wings,Wings,002b5c,c4d600,https://a.espncdn.com/i/teamlogos/wnba/500/dal.png,home,85,True,13,5,27,36.5,27,74,0,19,84.6,22,26,22,13,10,0,0,30.0,9,30,40,0,16,16,20,s:40~l:59~t:20,atlanta-dream,Atlanta,Dream,ATL,Atlanta Dream,Dream,e31837,5091cc,https://a.espncdn.com/i/teamlogos/wnba/500/atl.png,78,11,28,11
401507135,2023,2,2023-05-20,2023-05-20 13:00:00-04:00,20,s:40~l:59~t:20,atlanta-dream,Atlanta,DREAM,ATL,Atlanta Dream,Dream,e31837,5091cc,https://a.espncdn.com/i/teamlogos/wnba/500/atl.png,away,78,False,18,6,28,35.4,29,82,0,23,78.6,11,14,4,17,6,0,0,28.1,9,32,45,0,19,19,3,s:40~l:59~t:3,dallas-wings,Dallas,Wings,DAL,Dallas Wings,Wings,002b5c,c4d600,https://a.espncdn.com/i/teamlogos/wnba/500/dal.png,85,10,32,23
401507136,2023,2,2023-05-21,2023-05-21 13:00:00-04:00,18,s:40~l:59~t:18,connecticut-sun,Connecticut,SUN,CONN,Connecticut Sun,Sun,f05023,0a2240,https://a.espncdn.com/i/teamlogos/wnba/500/conn.png,home,80,True,17,3,38,36.8,25,68,0,22,69.4,25,36,7,8,7,1,1,27.8,5,18,46,1,9,8,16,s:40~l:59~t:16,washington-mystics,Washington,Mystics,WSH,Washington Mystics,Mystics,e03a3e,002b5c,https://a.espncdn.com/i/teamlogos/wnba/500/wsh.png,74,6,30,3
401507136,2023,2,2023-05-21,2023-05-21 13:00:00-04:00,16,s:40~l:59~t:16,washington-mystics,Washington,MYSTICS,WSH,Washington Mystics,Mystics,e03a3e,002b5c,https://a.espncdn.com/i/teamlogos/wnba/500/wsh.png,away,74,False,18,5,34,39.1,27,69,0,25,77.3,17,22,12,4,4,1,1,14.3,3,21,38,1,12,11,18,s:40~l:59~t:18,connecticut-sun,Connecticut,Sun,CONN,Connecticut Sun,Sun,f05023,0a2240,https://a.espncdn.com/i/teamlogos/wnba/500/conn.png,80,2,38,11
401507137,2023,2,2023-05-21,2023-05-21 14:00:00-04:00,9,s:40~l:59~t:9,new-york-liberty,New York,LIBERTY,NY,New York Liberty,Liberty,86cebc,000000,https://a.espncdn.com/i/teamlogos/wnba/500/ny.png,home,90,True,28,5,29,48.5,33,68,1,20,90.9,10,11,32,7,7,1,0,48.3,14,29,36,0,18,17,5,s:40~l:59~t:5,indiana-fever,Indiana,Fever,IND,Indiana Fever,Fever,002d62,e03a3e,https://a.espncdn.com/i/teamlogos/wnba/500/ind.png,73,17,30,15
401507137,2023,2,2023-05-21,2023-05-21 14:00:00-04:00,5,s:40~l:59~t:5,indiana-fever,Indiana,FEVER,IND,Indiana Fever,Fever,002d62,e03a3e,https://a.espncdn.com/i/teamlogos/wnba/500/ind.png,away,73,False,11,4,23,35.6,26,73,0,16,76.2,16,21,0,12,8,0,0,25.0,5,20,35,0,15,15,9,s:40~l:59~t:9,new-york-liberty,New York,Liberty,NY,New York Liberty,Liberty,86cebc,000000,https://a.espncdn.com/i/teamlogos/wnba/500/ny.png,90,4,34,13
401507138,2023,2,2023-05-21,2023-05-21 16:00:00-04:00,11,s:40~l:59~t:11,phoenix-mercury,Phoenix,MERCURY,PHX,Phoenix Mercury,Mercury,3c286e,e56020,https://a.espncdn.com/i/teamlogos/wnba/500/phx.png,home,69,False,17,8,26,41.1,23,56,0,19,75.0,18,24,5,3,6,1,1,31.3,5,16,29,1,19,18,19,s:40~l:59~t:19,chicago-sky,Chicago,Sky,CHI,Chicago Sky,Sky,5091cd,ffd520,https://a.espncdn.com/i/teamlogos/wnba/500/chi.png,75,9,28,22
401507138,2023,2,2023-05-21,2023-05-21 16:00:00-04:00,19,s:40~l:59~t:19,chicago-sky,Chicago,SKY,CHI,Chicago Sky,Sky,5091cd,ffd520,https://a.espncdn.com/i/teamlogos/wnba/500/chi.png,away,75,True,19,5,28,40.0,28,70,0,23,68.4,13,19,11,11,4,3,1,40.0,6,15,39,1,14,11,11,s:40~l:59~t:11,phoenix-mercury,Phoenix,Mercury,PHX,Phoenix Mercury,Mercury,3c286e,e56020,https://a.espncdn.com/i/teamlogos/wnba/500/phx.png,69,6,36,12
401507140,2023,2,2023-05-23,2023-05-23 20:00:00-04:00,20,s:40~l:59~t:20,atlanta-dream,Atlanta,DREAM,ATL,Atlanta Dream,Dream,e31837,5091cc,https://a.espncdn.com/i/teamlogos/wnba/500/atl.png,away,83,True,21,6,22,42.0,29,69,0,16,90.0,18,20,6,11,6,1,0,30.4,7,23,33,0,17,16,8,s:40~l:59~t:8,minnesota-lynx,Minnesota,Lynx,MIN,Minnesota Lynx,Lynx,266092,79bc43,https://a.espncdn.com/i/teamlogos/wnba/500/min.png,77,8,38,12
401507139,2023,2,2023-05-23,2023-05-23 19:00:00-04:00,18,s:40~l:59~t:18,connecticut-sun,Connecticut,SUN,CONN,Connecticut Sun,Sun,f05023,0a2240,https://a.espncdn.com/i/teamlogos/wnba/500/conn.png,away,88,True,21,4,24,47.5,29,61,0,21,73.3,22,30,9,6,9,0,1,36.4,8,22,30,1,13,13,16,s:40~l:59~t:16,washington-mystics,Washington,Mystics,WSH,Washington Mystics,Mystics,e03a3e,002b5c,https://a.espncdn.com/i/teamlogos/wnba/500/wsh.png,81,4,40,10
401507139,2023,2,2023-05-23,2023-05-23 19:00:00-04:00,16,s:40~l:59~t:16,washington-mystics,Washington,MYSTICS,WSH,Washington Mystics,Mystics,e03a3e,002b5c,https://a.espncdn.com/i/teamlogos/wnba/500/wsh.png,home,81,False,18,1,21,41.5,27,65,1,21,90.5,19,21,7,12,5,1,1,28.6,8,28,33,1,15,14,18,s:40~l:59~t:18,connecticut-sun,Connecticut,Sun,CONN,Connecticut Sun,Sun,f05023,0a2240,https://a.espncdn.com/i/teamlogos/wnba/500/conn.png,88,0,26,21
401507140,2023,2,2023-05-23,2023-05-23 20:00:00-04:00,8,s:40~l:59~t:8,minnesota-lynx,Minnesota,LYNX,MIN,Minnesota Lynx,Lynx,266092,79bc43,https://a.espncdn.com/i/teamlogos/wnba/500/min.png,home,77,False,23,1,23,44.8,30,67,0,26,73.3,11,15,19,10,10,2,0,30.0,6,20,33,0,16,14,20,s:40~l:59~t:20,atlanta-dream,Atlanta,Dream,ATL,Atlanta Dream,Dream,e31837,5091cc,https://a.espncdn.com/i/teamlogos/wnba/500/atl.png,83,11,42,25
401507142,2023,2,2023-05-25,2023-05-25 22:00:00-04:00,11,s:40~l:59~t:11,phoenix-mercury,Phoenix,MERCURY,PHX,Phoenix Mercury,Mercury,3c286e,e56020,https://a.espncdn.com/i/teamlogos/wnba/500/phx.png,home,90,True,23,5,27,49.1,28,57,0,25,91.3,21,23,17,6,5,1,1,46.4,13,28,33,1,19,18,8,s:40~l:59~t:8,minnesota-lynx,Minnesota,Lynx,MIN,Minnesota Lynx,Lynx,266092,79bc43,https://a.espncdn.com/i/teamlogos/wnba/500/min.png,81,17,24,21
401507142,2023,2,2023-05-25,2023-05-25 22:00:00-04:00,8,s:40~l:59~t:8,minnesota-lynx,Minnesota,LYNX,MIN,Minnesota Lynx,Lynx,266092,79bc43,https://a.espncdn.com/i/teamlogos/wnba/500/min.png,away,81,False,17,2,19,40.0,28,70,1,22,88.0,22,25,2,6,8,0,0,16.7,3,18,25,0,11,11,11,s:40~l:59~t:11,phoenix-mercury,Phoenix,Mercury,PHX,Phoenix Mercury,Mercury,3c286e,e56020,https://a.espncdn.com/i/teamlogos/wnba/500/phx.png,90,13,32,14
401507141,2023,2,2023-05-25,2023-05-25 22:00:00-04:00,6,s:40~l:59~t:6,los-angeles-sparks,Los Angeles,SPARKS,LA,Los Angeles Sparks,Sparks,552583,fdb927,https://a.espncdn.com/i/teamlogos/wnba/500/la.png,home,85,False,23,4,24,42.1,32,76,0,22,70.0,14,20,12,6,16,0,0,36.8,7,19,30,0,11,11,17,s:40~l:59~t:17,las-vegas-aces,Las Vegas,Aces,LV,Las Vegas Aces,Aces,ce1141,b4975a,https://a.espncdn.com/i/teamlogos/wnba/500/lv.png,94,21,44,13
401507141,2023,2,2023-05-25,2023-05-25 22:00:00-04:00,17,s:40~l:59~t:17,las-vegas-aces,Las Vegas,ACES,LV,Las Vegas Aces,Aces,ce1141,b4975a,https://a.espncdn.com/i/teamlogos/wnba/500/lv.png,away,94,True,18,6,32,52.5,31,59,1,16,78.6,22,28,10,5,8,0,1,43.5,10,23,37,1,20,20,6,s:40~l:59~t:6,los-angeles-sparks,Los Angeles,Sparks,LA,Los Angeles Sparks,Sparks,552583,fdb927,https://a.espncdn.com/i/teamlogos/wnba/500/la.png,85,10,36,22
401507144,2023,2,2023-05-26,2023-05-26 22:00:00-04:00,14,s:40~l:59~t:14,seattle-storm,Seattle,STORM,SEA,Seattle Storm,Storm,2c5235,fee11a,https://a.espncdn.com/i/teamlogos/wnba/500/sea.png,home,91,False,14,7,25,43.1,31,72,0,18,95.0,19,20,9,9,7,2,0,38.5,10,26,34,0,15,13,3,s:40~l:59~t:3,dallas-wings,Dallas,Wings,DAL,Dallas Wings,Wings,002b5c,c4d600,https://a.espncdn.com/i/teamlogos/wnba/500/dal.png,95,24,30,17
401507144,2023,2,2023-05-26,2023-05-26 22:00:00-04:00,3,s:40~l:59~t:3,dallas-wings,Dallas,WINGS,DAL,Dallas Wings,Wings,002b5c,c4d600,https://a.espncdn.com/i/teamlogos/wnba/500/dal.png,away,95,True,19,6,24,50.0,37,74,0,17,100.0,13,13,17,8,6,0,1,36.4,8,22,32,1,13,13,14,s:40~l:59~t:14,seattle-storm,Seattle,Storm,SEA,Seattle Storm,Storm,2c5235,fee11a,https://a.espncdn.com/i/teamlogos/wnba/500/sea.png,91,21,44,9
401507143,2023,2,2023-05-26,2023-05-26 20:00:00-04:00,19,s:40~l:59~t:19,chicago-sky,Chicago,SKY,CHI,Chicago Sky,Sky,5091cd,ffd520,https://a.espncdn.com/i/teamlogos/wnba/500/chi.png,home,69,False,20,6,29,44.3,27,61,0,19,69.2,9,13,5,3,5,2,1,28.6,6,21,32,1,23,21,16,s:40~l:59~t:16,washington-mystics,Washington,Mystics,WSH,Washington Mystics,Mystics,e03a3e,002b5c,https://a.espncdn.com/i/teamlogos/wnba/500/wsh.png,71,14,30,24
401507143,2023,2,2023-05-26,2023-05-26 20:00:00-04:00,16,s:40~l:59~t:16,washington-mystics,Washington,MYSTICS,WSH,Washington Mystics,Mystics,e03a3e,002b5c,https://a.espncdn.com/i/teamlogos/wnba/500/wsh.png,away,71,True,19,4,26,36.4,24,66,0,14,80.0,16,20,16,7,10,1,0,41.2,7,17,33,0,16,15,19,s:40~l:59~t:19,chicago-sky,Chicago,Sky,CHI,Chicago Sky,Sky,5091cd,ffd520,https://a.espncdn.com/i/teamlogos/wnba/500/chi.png,69,6,28,14
401507145,2023,2,2023-05-27,2023-05-27 13:00:00-04:00,9,s:40~l:59~t:9,new-york-liberty,New York,LIBERTY,NY,New York Liberty,Liberty,86cebc,000000,https://a.espncdn.com/i/teamlogos/wnba/500/ny.png,home,81,True,25,5,28,47.1,32,68,0,17,61.5,8,13,16,11,10,0,0,40.9,9,22,39,0,13,13,18,s:40~l:59~t:18,connecticut-sun,Connecticut,Sun,CONN,Connecticut Sun,Sun,f05023,0a2240,https://a.espncdn.com/i/teamlogos/wnba/500/conn.png,65,11,40,15
401507145,2023,2,2023-05-27,2023-05-27 13:00:00-04:00,18,s:40~l:59~t:18,connecticut-sun,Connecticut,SUN,CONN,Connecticut Sun,Sun,f05023,0a2240,https://a.espncdn.com/i/teamlogos/wnba/500/conn.png,away,65,False,13,4,23,34.9,22,63,0,15,81.3,13,16,8,10,8,3,0,34.8,8,23,33,0,17,14,9,s:40~l:59~t:9,new-york-liberty,New York,Liberty,NY,New York Liberty,Liberty,86cebc,000000,https://a.espncdn.com/i/teamlogos/wnba/500/ny.png,81,1,22,28
401507146,2023,2,2023-05-27,2023-05-27 21:00:00-04:00,17,s:40~l:59~t:17,las-vegas-aces,Las Vegas,ACES,LV,Las Vegas Aces,Aces,ce1141,b4975a,https://a.espncdn.com/i/teamlogos/wnba/500/lv.png,home,93,True,25,8,29,46.3,37,80,0,16,83.3,10,12,33,9,16,2,0,28.1,9,32,38,0,11,9,6,s:40~l:59~t:6,los-angeles-sparks,Los Angeles,Sparks,LA,Los Angeles Sparks,Sparks,552583,fdb927,https://a.espncdn.com/i/teamlogos/wnba/500/la.png,65,25,40,4
401507146,2023,2,2023-05-27,2023-05-27 21:00:00-04:00,6,s:40~l:59~t:6,los-angeles-sparks,Los Angeles,SPARKS,LA,Los Angeles Sparks,Sparks,552583,fdb927,https://a.espncdn.com/i/teamlogos/wnba/500/la.png,away,65,False,18,3,27,36.8,25,68,0,15,77.8,7,9,0,6,2,0,0,36.4,8,22,33,0,19,19,17,s:40~l:59~t:17,las-vegas-aces,Las Vegas,Aces,LV,Las Vegas Aces,Aces,ce1141,b4975a,https://a.espncdn.com/i/teamlogos/wnba/500/lv.png,93,3,24,25
401507147,2023,2,2023-05-28,2023-05-28 15:00:00-04:00,20,s:40~l:59~t:20,atlanta-dream,Atlanta,DREAM,ATL,Atlanta Dream,Dream,e31837,5091cc,https://a.espncdn.com/i/teamlogos/wnba/500/atl.png,home,87,False,16,4,22,38.5,25,65,0,18,85.3,29,34,10,7,2,1,0,40.0,8,20,29,0,12,11,5,s:40~l:59~t:5,indiana-fever,Indiana,Fever,IND,Indiana Fever,Fever,002d62,e03a3e,https://a.espncdn.com/i/teamlogos/wnba/500/ind.png,90,11,24,11
401507147,2023,2,2023-05-28,2023-05-28 15:00:00-04:00,5,s:40~l:59~t:5,indiana-fever,Indiana,FEVER,IND,Indiana Fever,Fever,002d62,e03a3e,https://a.espncdn.com/i/teamlogos/wnba/500/ind.png,away,90,True,20,2,31,46.1,35,76,1,23,75.0,9,12,4,12,7,1,0,37.9,11,29,43,0,13,12,20,s:40~l:59~t:20,atlanta-dream,Atlanta,Dream,ATL,Atlanta Dream,Dream,e31837,5091cc,https://a.espncdn.com/i/teamlogos/wnba/500/atl.png,87,5,38,8
401507148,2023,2,2023-05-28,2023-05-28 18:00:00-04:00,19,s:40~l:59~t:19,chicago-sky,Chicago,SKY,CHI,Chicago Sky,Sky,5091cd,ffd520,https://a.espncdn.com/i/teamlogos/wnba/500/chi.png,home,94,True,24,4,29,45.3,34,75,0,17,80.0,20,25,8,15,6,2,0,31.6,6,19,44,0,18,16,3,s:40~l:59~t:3,dallas-wings,Dallas,Wings,DAL,Dallas Wings,Wings,002b5c,c4d600,https://a.espncdn.com/i/teamlogos/wnba/500/dal.png,88,14,40,18
401507148,2023,2,2023-05-28,2023-05-28 18:00:00-04:00,3,s:40~l:59~t:3,dallas-wings,Dallas,WINGS,DAL,Dallas Wings,Wings,002b5c,c4d600,https://a.espncdn.com/i/teamlogos/wnba/500/dal.png,away,88,False,16,3,23,40.5,32,79,0,20,88.2,15,17,2,9,8,0,0,31.0,9,29,32,0,10,10,19,s:40~l:59~t:19,chicago-sky,Chicago,Sky,CHI,Chicago Sky,Sky,5091cd,ffd520,https://a.espncdn.com/i/teamlogos/wnba/500/chi.png,94,12,34,13
401507149,2023,2,2023-05-28,2023-05-28 21:00:00-04:00,17,s:40~l:59~t:17,las-vegas-aces,Las Vegas,ACES,LV,Las Vegas Aces,Aces,ce1141,b4975a,https://a.espncdn.com/i/teamlogos/wnba/500/lv.png,home,94,True,25,7,32,44.4,32,72,0,20,94.1,16,17,24,4,9,0,0,35.9,14,39,36,0,10,10,8,s:40~l:59~t:8,minnesota-lynx,Minnesota,Lynx,MIN,Minnesota Lynx,Lynx,266092,79bc43,https://a.espncdn.com/i/teamlogos/wnba/500/min.png,73,6,30,10
401507149,2023,2,2023-05-28,2023-05-28 21:00:00-04:00,8,s:40~l:59~t:8,minnesota-lynx,Minnesota,LYNX,MIN,Minnesota Lynx,Lynx,266092,79bc43,https://a.espncdn.com/i/teamlogos/wnba/500/min.png,away,73,False,16,2,32,36.6,26,71,0,18,82.4,14,17,3,8,4,0,0,33.3,7,21,40,0,13,13,17,s:40~l:59~t:17,las-vegas-aces,Las Vegas,Aces,LV,Las Vegas Aces,Aces,ce1141,b4975a,https://a.espncdn.com/i/teamlogos/wnba/500/lv.png,94,7,30,14
401507153,2023,2,2023-05-30,2023-05-30 21:00:00-04:00,9,s:40~l:59~t:9,new-york-liberty,New York,LIBERTY,NY,New York Liberty,Liberty,86cebc,000000,https://a.espncdn.com/i/teamlogos/wnba/500/ny.png,away,86,True,23,11,29,49.1,28,57,0,17,91.3,21,23,15,3,3,0,1,37.5,9,24,32,1,13,13,14,s:40~l:59~t:14,seattle-storm,Seattle,Storm,SEA,Seattle Storm,Storm,2c5235,fee11a,https://a.espncdn.com/i/teamlogos/wnba/500/sea.png,78,3,34,13
401507152,2023,2,2023-05-30,2023-05-30 20:00:00-04:00,3,s:40~l:59~t:3,dallas-wings,Dallas,WINGS,DAL,Dallas Wings,Wings,002b5c,c4d600,https://a.espncdn.com/i/teamlogos/wnba/500/dal.png,home,94,True,22,5,24,44.0,33,75,1,16,90.9,20,22,13,12,7,1,0,34.8,8,23,36,0,10,9,8,s:40~l:59~t:8,minnesota-lynx,Minnesota,Lynx,MIN,Minnesota Lynx,Lynx,266092,79bc43,https://a.espncdn.com/i/teamlogos/wnba/500/min.png,89,17,46,9
401507153,2023,2,2023-05-30,2023-05-30 21:00:00-04:00,14,s:40~l:59~t:14,seattle-storm,Seattle,STORM,SEA,Seattle Storm,Storm,2c5235,fee11a,https://a.espncdn.com/i/teamlogos/wnba/500/sea.png,home,78,False,16,3,23,38.4,28,73,0,22,76.2,16,21,2,12,3,1,0,33.3,6,18,35,0,8,7,9,s:40~l:59~t:9,new-york-liberty,New York,Liberty,NY,New York Liberty,Liberty,86cebc,000000,https://a.espncdn.com/i/teamlogos/wnba/500/ny.png,86,6,32,5
401507150,2023,2,2023-05-30,2023-05-30 19:00:00-04:00,20,s:40~l:59~t:20,atlanta-dream,Atlanta,DREAM,ATL,Atlanta Dream,Dream,e31837,5091cc,https://a.espncdn.com/i/teamlogos/wnba/500/atl.png,home,83,True,15,8,35,42.9,30,70,0,10,75.0,18,24,22,6,8,0,1,38.5,5,13,41,1,9,9,19,s:40~l:59~t:19,chicago-sky,Chicago,Sky,CHI,Chicago Sky,Sky,5091cd,ffd520,https://a.espncdn.com/i/teamlogos/wnba/500/chi.png,65,21,42,9
401507150,2023,2,2023-05-30,2023-05-30 19:00:00-04:00,19,s:40~l:59~t:19,chicago-sky,Chicago,SKY,CHI,Chicago Sky,Sky,5091cd,ffd520,https://a.espncdn.com/i/teamlogos/wnba/500/chi.png,away,65,False,16,5,33,32.5,25,77,0,15,81.8,9,11,2,11,4,1,1,30.0,6,20,44,1,16,15,20,s:40~l:59~t:20,atlanta-dream,Atlanta,Dream,ATL,Atlanta Dream,Dream,e31837,5091cc,https://a.espncdn.com/i/teamlogos/wnba/500/atl.png,83,5,28,17
401507151,2023,2,2023-05-30,2023-05-30 19:00:00-04:00,18,s:40~l:59~t:18,connecticut-sun,Connecticut,SUN,CONN,Connecticut Sun,Sun,f05023,0a2240,https://a.espncdn.com/i/teamlogos/wnba/500/conn.png,home,81,True,22,4,31,40.3,29,72,0,16,72.7,16,22,10,14,3,1,0,33.3,7,21,45,0,12,11,5,s:40~l:59~t:5,indiana-fever,Indiana,Fever,IND,Indiana Fever,Fever,002d62,e03a3e,https://a.espncdn.com/i/teamlogos/wnba/500/ind.png,78,4,38,8
401507152,2023,2,2023-05-30,2023-05-30 20:00:00-04:00,8,s:40~l:59~t:8,minnesota-lynx,Minnesota,LYNX,MIN,Minnesota Lynx,Lynx,266092,79bc43,https://a.espncdn.com/i/teamlogos/wnba/500/min.png,away,89,False,21,2,27,48.5,33,68,0,20,82.4,14,17,14,7,3,1,0,50.0,9,18,34,0,16,15,3,s:40~l:59~t:3,dallas-wings,Dallas,Wings,DAL,Dallas Wings,Wings,002b5c,c4d600,https://a.espncdn.com/i/teamlogos/wnba/500/dal.png,94,12,34,23
401507151,2023,2,2023-05-30,2023-05-30 19:00:00-04:00,5,s:40~l:59~t:5,indiana-fever,Indiana,FEVER,IND,Indiana Fever,Fever,002d62,e03a3e,https://a.espncdn.com/i/teamlogos/wnba/500/ind.png,away,78,False,16,6,27,42.5,31,73,0,21,85.7,12,14,2,10,5,0,0,19.0,4,21,37,0,10,10,18,s:40~l:59~t:18,connecticut-sun,Connecticut,Sun,CONN,Connecticut Sun,Sun,f05023,0a2240,https://a.espncdn.com/i/teamlogos/wnba/500/conn.png,81,2,44,15
401507154,2023,2,2023-06-01,2023-06-01 20:00:00-04:00,8,s:40~l:59~t:8,minnesota-lynx,Minnesota,LYNX,MIN,Minnesota Lynx,Lynx,266092,79bc43,https://a.espncdn.com/i/teamlogos/wnba/500/min.png,home,84,False,16,3,23,45.0,27,60,0,18,84.6,22,26,4,9,4,2,0,42.1,8,19,32,0,16,14,18,s:40~l:59~t:18,connecticut-sun,Connecticut,Sun,CONN,Connecticut Sun,Sun,f05023,0a2240,https://a.espncdn.com/i/teamlogos/wnba/500/conn.png,89,2,26,18
401507154,2023,2,2023-06-01,2023-06-01 20:00:00-04:00,18,s:40~l:59~t:18,connecticut-sun,Connecticut,SUN,CONN,Connecticut Sun,Sun,f05023,0a2240,https://a.espncdn.com/i/teamlogos/wnba/500/conn.png,away,89,True,27,4,20,50.7,36,71,0,18,90.9,10,11,15,9,5,0,2,30.4,7,23,29,2,11,11,8,s:40~l:59~t:8,minnesota-lynx,Minnesota,Lynx,MIN,Minnesota Lynx,Lynx,266092,79bc43,https://a.espncdn.com/i/teamlogos/wnba/500/min.png,84,13,52,17
401507157,2023,2,2023-06-02,2023-06-02 18:00:00-04:00,19,s:40~l:59~t:19,chicago-sky,Chicago,SKY,CHI,Chicago Sky,Sky,5091cd,ffd520,https://a.espncdn.com/i/teamlogos/wnba/500/chi.png,home,76,False,20,3,28,42.3,30,71,0,17,71.4,5,7,12,10,4,1,0,57.9,11,19,38,0,14,13,9,s:40~l:59~t:9,new-york-liberty,New York,Liberty,NY,New York Liberty,Liberty,86cebc,000000,https://a.espncdn.com/i/teamlogos/wnba/500/ny.png,77,0,30,11
401507157,2023,2,2023-06-02,2023-06-02 18:00:00-04:00,9,s:40~l:59~t:9,new-york-liberty,New York,LIBERTY,NY,New York Liberty,Liberty,86cebc,000000,https://a.espncdn.com/i/teamlogos/wnba/500/ny.png,away,77,True,23,7,25,46.3,31,67,0,13,85.7,6,7,4,3,5,1,1,34.6,9,26,28,1,12,11,19,s:40~l:59~t:19,chicago-sky,Chicago,Sky,CHI,Chicago Sky,Sky,5091cd,ffd520,https://a.espncdn.com/i/teamlogos/wnba/500/chi.png,76,16,42,15
401507155,2023,2,2023-06-02,2023-06-02 19:00:00-04:00,16,s:40~l:59~t:16,washington-mystics,Washington,MYSTICS,WSH,Washington Mystics,Mystics,e03a3e,002b5c,https://a.espncdn.com/i/teamlogos/wnba/500/wsh.png,home,75,True,16,3,36,32.2,19,59,0,17,93.5,29,31,11,4,7,0,0,34.8,8,23,40,0,15,15,3,s:40~l:59~t:3,dallas-wings,Dallas,Wings,DAL,Dallas Wings,Wings,002b5c,c4d600,https://a.espncdn.com/i/teamlogos/wnba/500/dal.png,74,8,16,20
401507156,2023,2,2023-06-02,2023-06-02 20:00:00-04:00,20,s:40~l:59~t:20,atlanta-dream,Atlanta,DREAM,ATL,Atlanta Dream,Dream,e31837,5091cc,https://a.espncdn.com/i/teamlogos/wnba/500/atl.png,home,87,False,26,3,30,45.9,34,74,0,21,90.0,9,10,2,6,5,1,0,41.7,10,24,36,0,16,15,17,s:40~l:59~t:17,las-vegas-aces,Las Vegas,Aces,LV,Las Vegas Aces,Aces,ce1141,b4975a,https://a.espncdn.com/i/teamlogos/wnba/500/lv.png,92,15,36,17
401507156,2023,2,2023-06-02,2023-06-02 20:00:00-04:00,17,s:40~l:59~t:17,las-vegas-aces,Las Vegas,ACES,LV,Las Vegas Aces,Aces,ce1141,b4975a,https://a.espncdn.com/i/teamlogos/wnba/500/lv.png,away,92,True,17,4,26,47.1,33,70,0,13,80.0,20,25,19,5,9,1,0,28.6,6,21,31,0,12,11,20,s:40~l:59~t:20,atlanta-dream,Atlanta,Dream,ATL,Atlanta Dream,Dream,e31837,5091cc,https://a.espncdn.com/i/teamlogos/wnba/500/atl.png,87,11,38,13
401507158,2023,2,2023-06-02,2023-06-02 22:00:00-04:00,11,s:40~l:59~t:11,phoenix-mercury,Phoenix,MERCURY,PHX,Phoenix Mercury,Mercury,3c286e,e56020,https://a.espncdn.com/i/teamlogos/wnba/500/phx.png,home,93,False,21,5,23,52.5,32,61,0,23,80.8,21,26,4,6,3,1,0,33.3,8,24,29,0,21,20,6,s:40~l:59~t:6,los-angeles-sparks,Los Angeles,Sparks,LA,Los Angeles Sparks,Sparks,552583,fdb927,https://a.espncdn.com/i/teamlogos/wnba/500/la.png,99,9,40,20
401507158,2023,2,2023-06-02,2023-06-02 22:00:00-04:00,6,s:40~l:59~t:6,los-angeles-sparks,Los Angeles,SPARKS,LA,Los Angeles Sparks,Sparks,552583,fdb927,https://a.espncdn.com/i/teamlogos/wnba/500/la.png,away,99,True,22,2,21,49.3,37,75,0,22,89.5,17,19,7,8,8,1,1,33.3,8,24,29,1,14,13,11,s:40~l:59~t:11,phoenix-mercury,Phoenix,Mercury,PHX,Phoenix Mercury,Mercury,3c286e,e56020,https://a.espncdn.com/i/teamlogos/wnba/500/phx.png,93,11,48,16
401507155,2023,2,2023-06-02,2023-06-02 19:00:00-04:00,3,s:40~l:59~t:3,dallas-wings,Dallas,WINGS,DAL,Dallas Wings,Wings,002b5c,c4d600,https://a.espncdn.com/i/teamlogos/wnba/500/dal.png,away,74,False,18,2,34,34.2,26,76,0,25,81.3,13,16,6,11,10,0,0,28.1,9,32,45,0,10,10,16,s:40~l:59~t:16,washington-mystics,Washington,Mystics,WSH,Washington Mystics,Mystics,e03a3e,002b5c,https://a.espncdn.com/i/teamlogos/wnba/500/wsh.png,75,13,24,11
401507160,2023,2,2023-06-03,2023-06-03 22:00:00-04:00,14,s:40~l:59~t:14,seattle-storm,Seattle,STORM,SEA,Seattle Storm,Storm,2c5235,fee11a,https://a.espncdn.com/i/teamlogos/wnba/500/sea.png,away,85,False,18,9,31,46.2,30,65,0,23,75.0,12,16,4,6,3,2,0,52.0,13,25,37,0,18,16,6,s:40~l:59~t:6,los-angeles-sparks,Los Angeles,Sparks,LA,Los Angeles Sparks,Sparks,552583,fdb927,https://a.espncdn.com/i/teamlogos/wnba/500/la.png,92,22,20,17
401507159,2023,2,2023-06-03,2023-06-03 19:00:00-04:00,16,s:40~l:59~t:16,washington-mystics,Washington,MYSTICS,WSH,Washington Mystics,Mystics,e03a3e,002b5c,https://a.espncdn.com/i/teamlogos/wnba/500/wsh.png,home,78,False,16,3,24,39.4,28,71,0,17,92.9,13,14,7,7,8,2,0,30.0,9,30,31,0,10,8,8,s:40~l:59~t:8,minnesota-lynx,Minnesota,Lynx,MIN,Minnesota Lynx,Lynx,266092,79bc43,https://a.espncdn.com/i/teamlogos/wnba/500/min.png,80,6,32,11
401507159,2023,2,2023-06-03,2023-06-03 19:00:00-04:00,8,s:40~l:59~t:8,minnesota-lynx,Minnesota,LYNX,MIN,Minnesota Lynx,Lynx,266092,79bc43,https://a.espncdn.com/i/teamlogos/wnba/500/min.png,away,80,True,19,0,32,44.4,28,63,0,14,88.2,15,17,12,7,4,1,1,37.5,9,24,39,1,17,16,16,s:40~l:59~t:16,washington-mystics,Washington,Mystics,WSH,Washington Mystics,Mystics,e03a3e,002b5c,https://a.espncdn.com/i/teamlogos/wnba/500/wsh.png,78,9,36,30
401507160,2023,2,2023-06-03,2023-06-03 22:00:00-04:00,6,s:40~l:59~t:6,los-angeles-sparks,Los Angeles,SPARKS,LA,Los Angeles Sparks,Sparks,552583,fdb927,https://a.espncdn.com/i/teamlogos/wnba/500/la.png,home,92,True,24,1,27,45.6,31,68,0,14,85.2,23,27,11,7,13,2,0,36.8,7,19,34,0,9,7,14,s:40~l:59~t:14,seattle-storm,Seattle,Storm,SEA,Seattle Storm,Storm,2c5235,fee11a,https://a.espncdn.com/i/teamlogos/wnba/500/sea.png,85,8,44,8
401507163,2023,2,2023-06-04,2023-06-04 16:00:00-04:00,17,s:40~l:59~t:17,las-vegas-aces,Las Vegas,ACES,LV,Las Vegas Aces,Aces,ce1141,b4975a,https://a.espncdn.com/i/teamlogos/wnba/500/lv.png,away,84,True,21,6,29,44.4,32,72,0,15,72.7,16,22,4,6,6,0,0,19.0,4,21,35,0,5,5,5,s:40~l:59~t:5,indiana-fever,Indiana,Fever,IND,Indiana Fever,Fever,002d62,e03a3e,https://a.espncdn.com/i/teamlogos/wnba/500/ind.png,80,17,44,4
401507163,2023,2,2023-06-04,2023-06-04 16:00:00-04:00,5,s:40~l:59~t:5,indiana-fever,Indiana,FEVER,IND,Indiana Fever,Fever,002d62,e03a3e,https://a.espncdn.com/i/teamlogos/wnba/500/ind.png,home,80,False,17,2,35,43.7,31,71,0,23,70.0,7,10,10,4,3,0,0,57.9,11,19,39,0,11,11,17,s:40~l:59~t:17,las-vegas-aces,Las Vegas,Aces,LV,Las Vegas Aces,Aces,ce1141,b4975a,https://a.espncdn.com/i/teamlogos/wnba/500/lv.png,84,11,28,17
401507162,2023,2,2023-06-04,2023-06-04 14:00:00-04:00,19,s:40~l:59~t:19,chicago-sky,Chicago,SKY,CHI,Chicago Sky,Sky,5091cd,ffd520,https://a.espncdn.com/i/teamlogos/wnba/500/chi.png,away,86,True,19,8,28,44.8,30,67,1,13,63.0,17,27,6,6,4,2,1,39.1,9,23,34,1,14,12,9,s:40~l:59~t:9,new-york-liberty,New York,Liberty,NY,New York Liberty,Liberty,86cebc,000000,https://a.espncdn.com/i/teamlogos/wnba/500/ny.png,82,21,32,18
401507162,2023,2,2023-06-04,2023-06-04 14:00:00-04:00,9,s:40~l:59~t:9,new-york-liberty,New York,LIBERTY,NY,New York Liberty,Liberty,86cebc,000000,https://a.espncdn.com/i/teamlogos/wnba/500/ny.png,home,82,False,25,1,34,44.6,33,74,0,24,71.4,10,14,19,7,7,1,0,24.0,6,25,41,0,17,16,19,s:40~l:59~t:19,chicago-sky,Chicago,Sky,CHI,Chicago Sky,Sky,5091cd,ffd520,https://a.espncdn.com/i/teamlogos/wnba/500/chi.png,86,19,52,18
401507161,2023,2,2023-06-04,2023-06-04 13:00:00-04:00,18,s:40~l:59~t:18,connecticut-sun,Connecticut,SUN,CONN,Connecticut Sun,Sun,f05023,0a2240,https://a.espncdn.com/i/teamlogos/wnba/500/conn.png,home,80,True,21,1,28,45.2,28,62,0,18,82.6,19,23,17,6,7,2,0,31.3,5,16,34,0,19,17,3,s:40~l:59~t:3,dallas-wings,Dallas,Wings,DAL,Dallas Wings,Wings,002b5c,c4d600,https://a.espncdn.com/i/teamlogos/wnba/500/dal.png,74,10,40,16
401507161,2023,2,2023-06-04,2023-06-04 13:00:00-04:00,3,s:40~l:59~t:3,dallas-wings,Dallas,WINGS,DAL,Dallas Wings,Wings,002b5c,c4d600,https://a.espncdn.com/i/teamlogos/wnba/500/dal.png,away,74,False,17,2,22,36.9,24,65,0,24,89.5,17,19,1,11,6,1,1,34.6,9,26,33,1,18,17,18,s:40~l:59~t:18,connecticut-sun,Connecticut,Sun,CONN,Connecticut Sun,Sun,f05023,0a2240,https://a.espncdn.com/i/teamlogos/wnba/500/conn.png,80,6,22,19
401507166,2023,2,2023-06-06,2023-06-06 22:00:00-04:00,6,s:40~l:59~t:6,los-angeles-sparks,Los Angeles,SPARKS,LA,Los Angeles Sparks,Sparks,552583,fdb927,https://a.espncdn.com/i/teamlogos/wnba/500/la.png,away,63,False,19,3,30,39.3,22,56,0,21,87.5,14,16,21,3,6,2,0,33.3,5,15,33,0,23,21,14,s:40~l:59~t:14,seattle-storm,Seattle,Storm,SEA,Seattle Storm,Storm,2c5235,fee11a,https://a.espncdn.com/i/teamlogos/wnba/500/sea.png,66,2,32,14
401507166,2023,2,2023-06-06,2023-06-06 22:00:00-04:00,14,s:40~l:59~t:14,seattle-storm,Seattle,STORM,SEA,Seattle Storm,Storm,2c5235,fee11a,https://a.espncdn.com/i/teamlogos/wnba/500/sea.png,home,66,True,10,5,28,32.4,22,68,0,22,81.8,18,22,6,9,11,0,0,20.0,4,20,37,0,13,13,6,s:40~l:59~t:6,los-angeles-sparks,Los Angeles,Sparks,LA,Los Angeles Sparks,Sparks,552583,fdb927,https://a.espncdn.com/i/teamlogos/wnba/500/la.png,63,15,34,17
401507164,2023,2,2023-06-06,2023-06-06 19:00:00-04:00,18,s:40~l:59~t:18,connecticut-sun,Connecticut,SUN,CONN,Connecticut Sun,Sun,f05023,0a2240,https://a.espncdn.com/i/teamlogos/wnba/500/conn.png,home,84,False,22,2,24,40.8,29,71,0,21,69.6,16,23,0,10,6,0,0,38.5,10,26,34,0,15,15,17,s:40~l:59~t:17,las-vegas-aces,Las Vegas,Aces,LV,Las Vegas Aces,Aces,ce1141,b4975a,https://a.espncdn.com/i/teamlogos/wnba/500/lv.png,90,12,34,17
401507165,2023,2,2023-06-06,2023-06-06 20:00:00-04:00,19,s:40~l:59~t:19,chicago-sky,Chicago,SKY,CHI,Chicago Sky,Sky,5091cd,ffd520,https://a.espncdn.com/i/teamlogos/wnba/500/chi.png,home,108,True,26,2,21,50.0,38,76,0,18,92.0,23,25,7,4,10,1,0,42.9,9,21,25,0,5,4,5,s:40~l:59~t:5,indiana-fever,Indiana,Fever,IND,Indiana Fever,Fever,002d62,e03a3e,https://a.espncdn.com/i/teamlogos/wnba/500/ind.png,103,27,38,2
401507164,2023,2,2023-06-06,2023-06-06 19:00:00-04:00,17,s:40~l:59~t:17,las-vegas-aces,Las Vegas,ACES,LV,Las Vegas Aces,Aces,ce1141,b4975a,https://a.espncdn.com/i/teamlogos/wnba/500/lv.png,away,90,True,25,6,26,50.8,32,63,0,17,84.6,22,26,19,5,9,0,0,26.7,4,15,31,0,14,14,18,s:40~l:59~t:18,connecticut-sun,Connecticut,Sun,CONN,Connecticut Sun,Sun,f05023,0a2240,https://a.espncdn.com/i/teamlogos/wnba/500/conn.png,84,19,48,20
401507165,2023,2,2023-06-06,2023-06-06 20:00:00-04:00,5,s:40~l:59~t:5,indiana-fever,Indiana,FEVER,IND,Indiana Fever,Fever,002d62,e03a3e,https://a.espncdn.com/i/teamlogos/wnba/500/ind.png,away,103,False,24,2,25,54.8,40,73,0,20,87.5,14,16,10,10,3,1,1,45.0,9,20,35,1,16,15,19,s:40~l:59~t:19,chicago-sky,Chicago,Sky,CHI,Chicago Sky,Sky,5091cd,ffd520,https://a.espncdn.com/i/teamlogos/wnba/500/chi.png,108,12,54,25
401507168,2023,2,2023-06-07,2023-06-07 20:00:00-04:00,3,s:40~l:59~t:3,dallas-wings,Dallas,WINGS,DAL,Dallas Wings,Wings,002b5c,c4d600,https://a.espncdn.com/i/teamlogos/wnba/500/dal.png,home,84,True,13,6,35,39.0,30,77,0,17,74.1,20,27,5,15,6,1,0,17.4,4,23,50,0,18,17,11,s:40~l:59~t:11,phoenix-mercury,Phoenix,Mercury,PHX,Phoenix Mercury,Mercury,3c286e,e56020,https://a.espncdn.com/i/teamlogos/wnba/500/phx.png,79,12,42,11
401507168,2023,2,2023-06-07,2023-06-07 20:00:00-04:00,11,s:40~l:59~t:11,phoenix-mercury,Phoenix,MERCURY,PHX,Phoenix Mercury,Mercury,3c286e,e56020,https://a.espncdn.com/i/teamlogos/wnba/500/phx.png,away,79,False,25,6,22,44.3,31,70,1,26,76.9,10,13,10,4,10,0,0,26.9,7,26,26,0,15,15,3,s:40~l:59~t:3,dallas-wings,Dallas,Wings,DAL,Dallas Wings,Wings,002b5c,c4d600,https://a.espncdn.com/i/teamlogos/wnba/500/dal.png,84,18,34,8
401507169,2023,2,2023-06-08,2023-06-08 19:00:00-04:00,18,s:40~l:59~t:18,connecticut-sun,Connecticut,SUN,CONN,Connecticut Sun,Sun,f05023,0a2240,https://a.espncdn.com/i/teamlogos/wnba/500/conn.png,home,94,True,28,2,24,52.9,37,70,0,20,75.0,12,16,23,10,12,0,0,57.1,8,14,34,0,12,12,17,s:40~l:59~t:17,las-vegas-aces,Las Vegas,Aces,LV,Las Vegas Aces,Aces,ce1141,b4975a,https://a.espncdn.com/i/teamlogos/wnba/500/lv.png,77,17,40,16
401507169,2023,2,2023-06-08,2023-06-08 19:00:00-04:00,17,s:40~l:59~t:17,las-vegas-aces,Las Vegas,ACES,LV,Las Vegas Aces,Aces,ce1141,b4975a,https://a.espncdn.com/i/teamlogos/wnba/500/lv.png,away,77,False,18,5,21,46.7,28,60,0,18,70.6,12,17,2,5,8,2,0,42.9,9,21,26,0,18,16,18,s:40~l:59~t:18,connecticut-sun,Connecticut,Sun,CONN,Connecticut Sun,Sun,f05023,0a2240,https://a.espncdn.com/i/teamlogos/wnba/500/conn.png,94,5,24,21
401507173,2023,2,2023-06-09,2023-06-09 22:00:00-04:00,6,s:40~l:59~t:6,los-angeles-sparks,Los Angeles,SPARKS,LA,Los Angeles Sparks,Sparks,552583,fdb927,https://a.espncdn.com/i/teamlogos/wnba/500/la.png,home,77,True,16,1,32,38.4,28,73,0,9,81.8,18,22,15,10,10,1,1,15.0,3,20,42,1,11,10,19,s:40~l:59~t:19,chicago-sky,Chicago,Sky,CHI,Chicago Sky,Sky,5091cd,ffd520,https://a.espncdn.com/i/teamlogos/wnba/500/chi.png,62,13,46,12
401507174,2023,2,2023-06-09,2023-06-09 22:00:00-04:00,14,s:40~l:59~t:14,seattle-storm,Seattle,STORM,SEA,Seattle Storm,Storm,2c5235,fee11a,https://a.espncdn.com/i/teamlogos/wnba/500/sea.png,home,66,False,17,6,28,41.0,25,61,0,15,71.4,10,14,0,2,5,1,1,28.6,6,21,30,1,17,16,16,s:40~l:59~t:16,washington-mystics,Washington,Mystics,WSH,Washington Mystics,Mystics,e03a3e,002b5c,https://a.espncdn.com/i/teamlogos/wnba/500/wsh.png,73,9,32,14
401507171,2023,2,2023-06-09,2023-06-09 20:00:00-04:00,11,s:40~l:59~t:11,phoenix-mercury,Phoenix,MERCURY,PHX,Phoenix Mercury,Mercury,3c286e,e56020,https://a.espncdn.com/i/teamlogos/wnba/500/phx.png,away,77,False,23,10,23,44.1,30,68,0,17,76.5,13,17,7,8,8,2,1,20.0,4,20,31,1,18,16,3,s:40~l:59~t:3,dallas-wings,Dallas,Wings,DAL,Dallas Wings,Wings,002b5c,c4d600,https://a.espncdn.com/i/teamlogos/wnba/500/dal.png,90,8,44,23
401507173,2023,2,2023-06-09,2023-06-09 22:00:00-04:00,19,s:40~l:59~t:19,chicago-sky,Chicago,SKY,CHI,Chicago Sky,Sky,5091cd,ffd520,https://a.espncdn.com/i/teamlogos/wnba/500/chi.png,away,62,False,15,10,27,40.3,27,67,0,19,50.0,4,8,1,7,10,1,0,17.4,4,23,34,0,17,16,6,s:40~l:59~t:6,los-angeles-sparks,Los Angeles,Sparks,LA,Los Angeles Sparks,Sparks,552583,fdb927,https://a.espncdn.com/i/teamlogos/wnba/500/la.png,77,18,44,20
401507172,2023,2,2023-06-09,2023-06-09 20:00:00-04:00,5,s:40~l:59~t:5,indiana-fever,Indiana,FEVER,IND,Indiana Fever,Fever,002d62,e03a3e,https://a.espncdn.com/i/teamlogos/wnba/500/ind.png,away,71,True,18,2,28,40.6,28,69,0,20,69.2,9,13,5,6,4,0,0,30.0,6,20,34,0,11,11,8,s:40~l:59~t:8,minnesota-lynx,Minnesota,Lynx,MIN,Minnesota Lynx,Lynx,266092,79bc43,https://a.espncdn.com/i/teamlogos/wnba/500/min.png,69,19,30,7
401507171,2023,2,2023-06-09,2023-06-09 20:00:00-04:00,3,s:40~l:59~t:3,dallas-wings,Dallas,WINGS,DAL,Dallas Wings,Wings,002b5c,c4d600,https://a.espncdn.com/i/teamlogos/wnba/500/dal.png,home,90,True,22,9,24,39.0,32,82,0,19,94.7,18,19,22,17,7,1,0,27.6,8,29,41,0,15,14,11,s:40~l:59~t:11,phoenix-mercury,Phoenix,Mercury,PHX,Phoenix Mercury,Mercury,3c286e,e56020,https://a.espncdn.com/i/teamlogos/wnba/500/phx.png,77,19,40,13
401507170,2023,2,2023-06-09,2023-06-09 19:30:00-04:00,20,s:40~l:59~t:20,atlanta-dream,Atlanta,DREAM,ATL,Atlanta Dream,Dream,e31837,5091cc,https://a.espncdn.com/i/teamlogos/wnba/500/atl.png,home,83,False,17,3,29,44.8,30,67,1,21,63.6,14,22,4,5,3,0,1,45.0,9,20,34,1,17,17,9,s:40~l:59~t:9,new-york-liberty,New York,Liberty,NY,New York Liberty,Liberty,86cebc,000000,https://a.espncdn.com/i/teamlogos/wnba/500/ny.png,106,9,40,21
401507174,2023,2,2023-06-09,2023-06-09 22:00:00-04:00,16,s:40~l:59~t:16,washington-mystics,Washington,MYSTICS,WSH,Washington Mystics,Mystics,e03a3e,002b5c,https://a.espncdn.com/i/teamlogos/wnba/500/wsh.png,away,73,True,19,3,28,38.2,26,68,0,16,83.3,15,18,14,13,8,0,1,27.3,6,22,41,1,14,14,14,s:40~l:59~t:14,seattle-storm,Seattle,Storm,SEA,Seattle Storm,Storm,2c5235,fee11a,https://a.espncdn.com/i/teamlogos/wnba/500/sea.png,66,0,36,11
401507172,2023,2,2023-06-09,2023-06-09 20:00:00-04:00,8,s:40~l:59~t:8,minnesota-lynx,Minnesota,LYNX,MIN,Minnesota Lynx,Lynx,266092,79bc43,https://a.espncdn.com/i/teamlogos/wnba/500/min.png,home,69,False,17,3,32,38.1,24,63,0,14,80.0,16,20,6,6,5,1,0,31.3,5,16,38,0,14,13,5,s:40~l:59~t:5,indiana-fever,Indiana,Fever,IND,Indiana Fever,Fever,002d62,e03a3e,https://a.espncdn.com/i/teamlogos/wnba/500/ind.png,71,4,32,20
401507170,2023,2,2023-06-09,2023-06-09 19:30:00-04:00,9,s:40~l:59~t:9,new-york-liberty,New York,LIBERTY,NY,New York Liberty,Liberty,86cebc,000000,https://a.espncdn.com/i/teamlogos/wnba/500/ny.png,away,106,True,23,9,28,45.3,34,75,0,21,92.3,24,26,28,9,9,1,0,46.7,14,30,37,0,11,10,20,s:40~l:59~t:20,atlanta-dream,Atlanta,Dream,ATL,Atlanta Dream,Dream,e31837,5091cc,https://a.espncdn.com/i/teamlogos/wnba/500/atl.png,83,17,28,13
401507175,2023,2,2023-06-11,2023-06-11 13:00:00-04:00,9,s:40~l:59~t:9,new-york-liberty,New York,LIBERTY,NY,New York Liberty,Liberty,86cebc,000000,https://a.espncdn.com/i/teamlogos/wnba/500/ny.png,home,102,True,31,3,33,55.7,39,70,0,19,78.6,11,14,14,5,3,0,0,46.4,13,28,38,0,11,11,3,s:40~l:59~t:3,dallas-wings,Dallas,Wings,DAL,Dallas Wings,Wings,002b5c,c4d600,https://a.espncdn.com/i/teamlogos/wnba/500/dal.png,93,19,40,6
401507175,2023,2,2023-06-11,2023-06-11 13:00:00-04:00,3,s:40~l:59~t:3,dallas-wings,Dallas,WINGS,DAL,Dallas Wings,Wings,002b5c,c4d600,https://a.espncdn.com/i/teamlogos/wnba/500/dal.png,away,93,False,20,3,23,39.0,32,82,0,19,82.1,23,28,9,14,6,1,0,26.1,6,23,37,0,5,4,9,s:40~l:59~t:9,new-york-liberty,New York,Liberty,NY,New York Liberty,Liberty,86cebc,000000,https://a.espncdn.com/i/teamlogos/wnba/500/ny.png,102,10,50,7
401507179,2023,2,2023-06-11,2023-06-11 15:00:00-04:00,14,s:40~l:59~t:14,seattle-storm,Seattle,STORM,SEA,Seattle Storm,Storm,2c5235,fee11a,https://a.espncdn.com/i/teamlogos/wnba/500/sea.png,home,65,False,18,7,25,37.5,24,64,0,20,75.0,12,16,2,5,10,2,1,22.7,5,22,30,1,15,13,16,s:40~l:59~t:16,washington-mystics,Washington,Mystics,WSH,Washington Mystics,Mystics,e03a3e,002b5c,https://a.espncdn.com/i/teamlogos/wnba/500/wsh.png,71,13,24,14
401507179,2023,2,2023-06-11,2023-06-11 15:00:00-04:00,16,s:40~l:59~t:16,washington-mystics,Washington,MYSTICS,WSH,Washington Mystics,Mystics,e03a3e,002b5c,https://a.espncdn.com/i/teamlogos/wnba/500/wsh.png,away,71,True,14,4,32,35.6,21,59,1,20,81.8,18,22,28,8,8,3,0,44.0,11,25,40,0,21,18,14,s:40~l:59~t:14,seattle-storm,Seattle,Storm,SEA,Seattle Storm,Storm,2c5235,fee11a,https://a.espncdn.com/i/teamlogos/wnba/500/sea.png,65,4,16,10
401507176,2023,2,2023-06-11,2023-06-11 15:00:00-04:00,19,s:40~l:59~t:19,chicago-sky,Chicago,SKY,CHI,Chicago Sky,Sky,5091cd,ffd520,https://a.espncdn.com/i/teamlogos/wnba/500/chi.png,away,80,False,19,2,17,42.9,30,70,0,13,86.7,13,15,0,10,3,0,1,33.3,7,21,27,1,13,13,17,s:40~l:59~t:17,las-vegas-aces,Las Vegas,Aces,LV,Las Vegas Aces,Aces,ce1141,b4975a,https://a.espncdn.com/i/teamlogos/wnba/500/lv.png,93,5,28,23
401507177,2023,2,2023-06-11,2023-06-11 16:00:00-04:00,20,s:40~l:59~t:20,atlanta-dream,Atlanta,DREAM,ATL,Atlanta Dream,Dream,e31837,5091cc,https://a.espncdn.com/i/teamlogos/wnba/500/atl.png,home,77,False,15,6,27,41.9,26,62,0,27,83.3,20,24,10,10,6,0,1,26.3,5,19,37,1,26,26,18,s:40~l:59~t:18,connecticut-sun,Connecticut,Sun,CONN,Connecticut Sun,Sun,f05023,0a2240,https://a.espncdn.com/i/teamlogos/wnba/500/conn.png,89,7,42,42
401507177,2023,2,2023-06-11,2023-06-11 16:00:00-04:00,18,s:40~l:59~t:18,connecticut-sun,Connecticut,SUN,CONN,Connecticut Sun,Sun,f05023,0a2240,https://a.espncdn.com/i/teamlogos/wnba/500/conn.png,away,89,True,21,4,24,43.8,32,73,0,22,70.0,21,30,15,10,12,0,0,26.7,4,15,34,0,16,16,20,s:40~l:59~t:20,atlanta-dream,Atlanta,Dream,ATL,Atlanta Dream,Dream,e31837,5091cc,https://a.espncdn.com/i/teamlogos/wnba/500/atl.png,77,16,42,12
401507178,2023,2,2023-06-11,2023-06-11 17:00:00-04:00,5,s:40~l:59~t:5,indiana-fever,Indiana,FEVER,IND,Indiana Fever,Fever,002d62,e03a3e,https://a.espncdn.com/i/teamlogos/wnba/500/ind.png,home,82,False,22,4,20,48.5,33,68,0,20,75.0,12,16,10,11,1,1,0,20.0,4,20,31,0,12,11,11,s:40~l:59~t:11,phoenix-mercury,Phoenix,Mercury,PHX,Phoenix Mercury,Mercury,3c286e,e56020,https://a.espncdn.com/i/teamlogos/wnba/500/phx.png,85,6,34,12
401507178,2023,2,2023-06-11,2023-06-11 17:00:00-04:00,11,s:40~l:59~t:11,phoenix-mercury,Phoenix,MERCURY,PHX,Phoenix Mercury,Mercury,3c286e,e56020,https://a.espncdn.com/i/teamlogos/wnba/500/phx.png,away,85,True,20,2,22,45.3,29,64,0,17,85.7,18,21,9,7,7,1,1,37.5,9,24,29,1,11,10,5,s:40~l:59~t:5,indiana-fever,Indiana,Fever,IND,Indiana Fever,Fever,002d62,e03a3e,https://a.espncdn.com/i/teamlogos/wnba/500/ind.png,82,13,28,8
401507180,2023,2,2023-06-11,2023-06-11 19:00:00-04:00,8,s:40~l:59~t:8,minnesota-lynx,Minnesota,LYNX,MIN,Minnesota Lynx,Lynx,266092,79bc43,https://a.espncdn.com/i/teamlogos/wnba/500/min.png,home,91,True,20,1,30,44.8,30,67,0,15,96.0,24,25,9,8,7,0,0,26.9,7,26,38,0,12,12,6,s:40~l:59~t:6,los-angeles-sparks,Los Angeles,Sparks,LA,Los Angeles Sparks,Sparks,552583,fdb927,https://a.espncdn.com/i/teamlogos/wnba/500/la.png,86,13,28,17
401507180,2023,2,2023-06-11,2023-06-11 19:00:00-04:00,6,s:40~l:59~t:6,los-angeles-sparks,Los Angeles,SPARKS,LA,Los Angeles Sparks,Sparks,552583,fdb927,https://a.espncdn.com/i/teamlogos/wnba/500/la.png,away,86,False,26,6,24,47.8,32,67,0,21,86.7,13,15,11,2,7,0,0,32.1,9,28,26,0,10,10,8,s:40~l:59~t:8,minnesota-lynx,Minnesota,Lynx,MIN,Minnesota Lynx,Lynx,266092,79bc43,https://a.espncdn.com/i/teamlogos/wnba/500/min.png,91,9,38,14
401507176,2023,2,2023-06-11,2023-06-11 15:00:00-04:00,17,s:40~l:59~t:17,las-vegas-aces,Las Vegas,ACES,LV,Las Vegas Aces,Aces,ce1141,b4975a,https://a.espncdn.com/i/teamlogos/wnba/500/lv.png,home,93,True,21,3,26,58.5,38,65,0,18,84.6,11,13,29,7,10,2,0,37.5,6,16,33,0,16,14,19,s:40~l:59~t:19,chicago-sky,Chicago,Sky,CHI,Chicago Sky,Sky,5091cd,ffd520,https://a.espncdn.com/i/teamlogos/wnba/500/chi.png,80,16,50,19
401507183,2023,2,2023-06-13,2023-06-13 22:00:00-04:00,11,s:40~l:59~t:11,phoenix-mercury,Phoenix,MERCURY,PHX,Phoenix Mercury,Mercury,3c286e,e56020,https://a.espncdn.com/i/teamlogos/wnba/500/phx.png,home,69,False,19,3,29,41.7,25,60,0,18,86.7,13,15,0,3,5,1,1,31.6,6,19,32,1,17,16,14,s:40~l:59~t:14,seattle-storm,Seattle,Storm,SEA,Seattle Storm,Storm,2c5235,fee11a,https://a.espncdn.com/i/teamlogos/wnba/500/sea.png,83,19,32,19
401507183,2023,2,2023-06-13,2023-06-13 22:00:00-04:00,14,s:40~l:59~t:14,seattle-storm,Seattle,STORM,SEA,Seattle Storm,Storm,2c5235,fee11a,https://a.espncdn.com/i/teamlogos/wnba/500/sea.png,away,83,True,21,5,28,40.8,29,71,0,15,68.4,13,19,21,10,12,2,0,40.0,12,30,38,0,11,9,11,s:40~l:59~t:11,phoenix-mercury,Phoenix,Mercury,PHX,Phoenix Mercury,Mercury,3c286e,e56020,https://a.espncdn.com/i/teamlogos/wnba/500/phx.png,69,15,30,13
401507182,2023,2,2023-06-13,2023-06-13 20:00:00-04:00,9,s:40~l:59~t:9,new-york-liberty,New York,LIBERTY,NY,New York Liberty,Liberty,86cebc,000000,https://a.espncdn.com/i/teamlogos/wnba/500/ny.png,home,79,False,19,7,25,39.4,26,66,0,20,86.4,19,22,7,8,8,1,0,29.6,8,27,33,0,14,13,20,s:40~l:59~t:20,atlanta-dream,Atlanta,Dream,ATL,Atlanta Dream,Dream,e31837,5091cc,https://a.espncdn.com/i/teamlogos/wnba/500/atl.png,86,17,26,21
401507181,2023,2,2023-06-13,2023-06-13 19:00:00-04:00,16,s:40~l:59~t:16,washington-mystics,Washington,MYSTICS,WSH,Washington Mystics,Mystics,e03a3e,002b5c,https://a.espncdn.com/i/teamlogos/wnba/500/wsh.png,away,66,False,16,4,21,33.3,22,66,0,19,78.9,15,19,4,6,3,1,2,28.0,7,25,27,2,13,12,5,s:40~l:59~t:5,indiana-fever,Indiana,Fever,IND,Indiana Fever,Fever,002d62,e03a3e,https://a.espncdn.com/i/teamlogos/wnba/500/ind.png,87,4,18,16
401507181,2023,2,2023-06-13,2023-06-13 19:00:00-04:00,5,s:40~l:59~t:5,indiana-fever,Indiana,FEVER,IND,Indiana Fever,Fever,002d62,e03a3e,https://a.espncdn.com/i/teamlogos/wnba/500/ind.png,home,87,True,17,2,32,47.1,32,68,0,21,79.2,19,24,21,14,5,1,0,23.5,4,17,46,0,13,12,16,s:40~l:59~t:16,washington-mystics,Washington,Mystics,WSH,Washington Mystics,Mystics,e03a3e,002b5c,https://a.espncdn.com/i/teamlogos/wnba/500/wsh.png,66,9,40,12
401507182,2023,2,2023-06-13,2023-06-13 20:00:00-04:00,20,s:40~l:59~t:20,atlanta-dream,Atlanta,DREAM,ATL,Atlanta Dream,Dream,e31837,5091cc,https://a.espncdn.com/i/teamlogos/wnba/500/atl.png,away,86,True,15,2,29,43.7,31,71,0,18,88.9,16,18,11,13,7,3,0,33.3,8,24,42,0,17,14,9,s:40~l:59~t:9,new-york-liberty,New York,Liberty,NY,New York Liberty,Liberty,86cebc,000000,https://a.espncdn.com/i/teamlogos/wnba/500/ny.png,79,15,36,11
401507184,2023,2,2023-06-14,2023-06-14 13:00:00-04:00,3,s:40~l:59~t:3,dallas-wings,Dallas,WINGS,DAL,Dallas Wings,Wings,002b5c,c4d600,https://a.espncdn.com/i/teamlogos/wnba/500/dal.png,home,61,False,14,3,26,36.2,25,69,0,19,100.0,7,7,2,12,3,1,1,19.0,4,21,38,1,18,17,6,s:40~l:59~t:6,los-angeles-sparks,Los Angeles,Sparks,LA,Los Angeles Sparks,Sparks,552583,fdb927,https://a.espncdn.com/i/teamlogos/wnba/500/la.png,79,3,38,22
401507184,2023,2,2023-06-14,2023-06-14 13:00:00-04:00,6,s:40~l:59~t:6,los-angeles-sparks,Los Angeles,SPARKS,LA,Los Angeles Sparks,Sparks,552583,fdb927,https://a.espncdn.com/i/teamlogos/wnba/500/la.png,away,79,True,16,2,26,51.6,32,62,0,18,56.3,9,16,18,3,7,2,1,42.9,6,14,29,1,11,9,3,s:40~l:59~t:3,dallas-wings,Dallas,Wings,DAL,Dallas Wings,Wings,002b5c,c4d600,https://a.espncdn.com/i/teamlogos/wnba/500/dal.png,61,14,42,8
401507185,2023,2,2023-06-15,2023-06-15 19:00:00-04:00,18,s:40~l:59~t:18,connecticut-sun,Connecticut,SUN,CONN,Connecticut Sun,Sun,f05023,0a2240,https://a.espncdn.com/i/teamlogos/wnba/500/conn.png,home,88,False,22,1,21,42.9,33,77,0,20,78.3,18,23,10,9,11,2,1,25.0,4,16,30,1,12,10,20,s:40~l:59~t:20,atlanta-dream,Atlanta,Dream,ATL,Atlanta Dream,Dream,e31837,5091cc,https://a.espncdn.com/i/teamlogos/wnba/500/atl.png,92,21,52,8
401507185,2023,2,2023-06-15,2023-06-15 19:00:00-04:00,20,s:40~l:59~t:20,atlanta-dream,Atlanta,DREAM,ATL,Atlanta Dream,Dream,e31837,5091cc,https://a.espncdn.com/i/teamlogos/wnba/500/atl.png,away,92,True,23,4,32,51.4,36,70,0,24,80.0,16,20,5,6,4,1,0,28.6,4,14,38,0,19,18,18,s:40~l:59~t:18,connecticut-sun,Connecticut,Sun,CONN,Connecticut Sun,Sun,f05023,0a2240,https://a.espncdn.com/i/teamlogos/wnba/500/conn.png,88,2,48,25
401507186,2023,2,2023-06-15,2023-06-15 20:00:00-04:00,19,s:40~l:59~t:19,chicago-sky,Chicago,SKY,CHI,Chicago Sky,Sky,5091cd,ffd520,https://a.espncdn.com/i/teamlogos/wnba/500/chi.png,home,90,False,22,8,19,51.5,35,68,0,19,72.7,8,11,11,9,4,0,1,46.2,12,26,28,1,10,10,5,s:40~l:59~t:5,indiana-fever,Indiana,Fever,IND,Indiana Fever,Fever,002d62,e03a3e,https://a.espncdn.com/i/teamlogos/wnba/500/ind.png,92,15,36,12
401507186,2023,2,2023-06-15,2023-06-15 20:00:00-04:00,5,s:40~l:59~t:5,indiana-fever,Indiana,FEVER,IND,Indiana Fever,Fever,002d62,e03a3e,https://a.espncdn.com/i/teamlogos/wnba/500/ind.png,away,92,True,17,1,19,51.6,33,64,0,19,87.5,21,24,5,7,4,1,0,35.7,5,14,26,0,10,9,19,s:40~l:59~t:19,chicago-sky,Chicago,Sky,CHI,Chicago Sky,Sky,5091cd,ffd520,https://a.espncdn.com/i/teamlogos/wnba/500/chi.png,90,6,42,10
401507187,2023,2,2023-06-15,2023-06-15 22:00:00-04:00,17,s:40~l:59~t:17,las-vegas-aces,Las Vegas,ACES,LV,Las Vegas Aces,Aces,ce1141,b4975a,https://a.espncdn.com/i/teamlogos/wnba/500/lv.png,home,96,True,25,3,33,55.7,39,70,0,14,75.0,6,8,33,4,10,2,0,46.2,12,26,37,0,13,11,14,s:40~l:59~t:14,seattle-storm,Seattle,Storm,SEA,Seattle Storm,Storm,2c5235,fee11a,https://a.espncdn.com/i/teamlogos/wnba/500/sea.png,63,14,50,10
401507187,2023,2,2023-06-15,2023-06-15 22:00:00-04:00,14,s:40~l:59~t:14,seattle-storm,Seattle,STORM,SEA,Seattle Storm,Storm,2c5235,fee11a,https://a.espncdn.com/i/teamlogos/wnba/500/sea.png,away,63,False,12,4,24,37.5,24,64,0,16,62.5,10,16,2,4,3,1,0,21.7,5,23,28,0,17,16,17,s:40~l:59~t:17,las-vegas-aces,Las Vegas,Aces,LV,Las Vegas Aces,Aces,ce1141,b4975a,https://a.espncdn.com/i/teamlogos/wnba/500/lv.png,96,17,30,17
401507189,2023,2,2023-06-16,2023-06-16 22:00:00-04:00,8,s:40~l:59~t:8,minnesota-lynx,Minnesota,LYNX,MIN,Minnesota Lynx,Lynx,266092,79bc43,https://a.espncdn.com/i/teamlogos/wnba/500/min.png,away,77,True,19,4,25,50.9,27,53,0,17,68.0,17,25,6,4,6,0,1,31.6,6,19,29,1,14,14,6,s:40~l:59~t:6,los-angeles-sparks,Los Angeles,Sparks,LA,Los Angeles Sparks,Sparks,552583,fdb927,https://a.espncdn.com/i/teamlogos/wnba/500/la.png,72,8,32,17
401507188,2023,2,2023-06-16,2023-06-16 20:00:00-04:00,16,s:40~l:59~t:16,washington-mystics,Washington,MYSTICS,WSH,Washington Mystics,Mystics,e03a3e,002b5c,https://a.espncdn.com/i/teamlogos/wnba/500/wsh.png,home,88,True,22,4,28,50.0,32,64,1,18,81.3,13,16,24,6,8,1,1,42.3,11,26,34,1,15,14,11,s:40~l:59~t:11,phoenix-mercury,Phoenix,Mercury,PHX,Phoenix Mercury,Mercury,3c286e,e56020,https://a.espncdn.com/i/teamlogos/wnba/500/phx.png,69,16,26,15
401507188,2023,2,2023-06-16,2023-06-16 20:00:00-04:00,11,s:40~l:59~t:11,phoenix-mercury,Phoenix,MERCURY,PHX,Phoenix Mercury,Mercury,3c286e,e56020,https://a.espncdn.com/i/teamlogos/wnba/500/phx.png,away,69,False,20,5,22,39.0,23,59,0,20,80.0,16,20,0,5,8,2,1,31.8,7,22,27,1,19,17,16,s:40~l:59~t:16,washington-mystics,Washington,Mystics,WSH,Washington Mystics,Mystics,e03a3e,002b5c,https://a.espncdn.com/i/teamlogos/wnba/500/wsh.png,88,6,30,20
401507189,2023,2,2023-06-16,2023-06-16 22:00:00-04:00,6,s:40~l:59~t:6,los-angeles-sparks,Los Angeles,SPARKS,LA,Los Angeles Sparks,Sparks,552583,fdb927,https://a.espncdn.com/i/teamlogos/wnba/500/la.png,home,72,False,18,1,23,43.3,26,60,0,24,68.8,11,16,10,5,6,2,0,34.6,9,26,28,0,14,12,8,s:40~l:59~t:8,minnesota-lynx,Minnesota,Lynx,MIN,Minnesota Lynx,Lynx,266092,79bc43,https://a.espncdn.com/i/teamlogos/wnba/500/min.png,77,4,30,18
401507190,2023,2,2023-06-17,2023-06-17 14:00:00-04:00,3,s:40~l:59~t:3,dallas-wings,Dallas,WINGS,DAL,Dallas Wings,Wings,002b5c,c4d600,https://a.espncdn.com/i/teamlogos/wnba/500/dal.png,home,103,False,23,6,23,50.0,38,76,2,26,85.0,17,20,1,8,7,3,0,38.5,10,26,31,0,13,10,14,s:40~l:59~t:14,seattle-storm,Seattle,Storm,SEA,Seattle Storm,Storm,2c5235,fee11a,https://a.espncdn.com/i/teamlogos/wnba/500/sea.png,109,11,50,19
401507190,2023,2,2023-06-17,2023-06-17 14:00:00-04:00,14,s:40~l:59~t:14,seattle-storm,Seattle,STORM,SEA,Seattle Storm,Storm,2c5235,fee11a,https://a.espncdn.com/i/teamlogos/wnba/500/sea.png,away,109,True,22,6,21,50.0,33,66,0,20,81.3,26,32,15,8,4,0,0,48.6,17,35,29,0,14,14,3,s:40~l:59~t:3,dallas-wings,Dallas,Wings,DAL,Dallas Wings,Wings,002b5c,c4d600,https://a.espncdn.com/i/teamlogos/wnba/500/dal.png,103,7,22,27
401507194,2023,2,2023-06-18,2023-06-18 19:30:00-04:00,18,s:40~l:59~t:18,connecticut-sun,Connecticut,SUN,CONN,Connecticut Sun,Sun,f05023,0a2240,https://a.espncdn.com/i/teamlogos/wnba/500/conn.png,away,83,True,24,4,27,53.1,34,64,0,18,81.8,9,11,9,2,11,3,0,40.0,6,15,29,0,15,12,6,s:40~l:59~t:6,los-angeles-sparks,Los Angeles,Sparks,LA,Los Angeles Sparks,Sparks,552583,fdb927,https://a.espncdn.com/i/teamlogos/wnba/500/la.png,74,21,48,12
401507195,2023,2,2023-06-18,2023-06-18 21:00:00-04:00,8,s:40~l:59~t:8,minnesota-lynx,Minnesota,LYNX,MIN,Minnesota Lynx,Lynx,266092,79bc43,https://a.espncdn.com/i/teamlogos/wnba/500/min.png,away,62,False,12,4,32,33.3,25,75,0,15,88.9,8,9,5,10,3,2,0,16.7,4,24,42,0,12,10,17,s:40~l:59~t:17,las-vegas-aces,Las Vegas,Aces,LV,Las Vegas Aces,Aces,ce1141,b4975a,https://a.espncdn.com/i/teamlogos/wnba/500/lv.png,93,10,34,19
401507195,2023,2,2023-06-18,2023-06-18 21:00:00-04:00,17,s:40~l:59~t:17,las-vegas-aces,Las Vegas,ACES,LV,Las Vegas Aces,Aces,ce1141,b4975a,https://a.espncdn.com/i/teamlogos/wnba/500/lv.png,home,93,True,18,9,32,47.3,35,74,0,13,86.7,13,15,37,7,7,1,0,33.3,10,30,39,0,6,5,8,s:40~l:59~t:8,minnesota-lynx,Minnesota,Lynx,MIN,Minnesota Lynx,Lynx,266092,79bc43,https://a.espncdn.com/i/teamlogos/wnba/500/min.png,62,8,34,10
401507194,2023,2,2023-06-18,2023-06-18 19:30:00-04:00,6,s:40~l:59~t:6,los-angeles-sparks,Los Angeles,SPARKS,LA,Los Angeles Sparks,Sparks,552583,fdb927,https://a.espncdn.com/i/teamlogos/wnba/500/la.png,home,74,False,18,2,24,41.2,28,68,0,14,93.3,14,15,8,10,5,1,2,21.1,4,19,34,2,16,15,18,s:40~l:59~t:18,connecticut-sun,Connecticut,Sun,CONN,Connecticut Sun,Sun,f05023,0a2240,https://a.espncdn.com/i/teamlogos/wnba/500/conn.png,83,11,44,19
401507191,2023,2,2023-06-18,2023-06-18 12:00:00-04:00,9,s:40~l:59~t:9,new-york-liberty,New York,LIBERTY,NY,New York Liberty,Liberty,86cebc,000000,https://a.espncdn.com/i/teamlogos/wnba/500/ny.png,home,89,True,25,4,27,48.4,30,62,0,13,83.3,20,24,22,12,6,0,2,34.6,9,26,39,2,16,16,11,s:40~l:59~t:11,phoenix-mercury,Phoenix,Mercury,PHX,Phoenix Mercury,Mercury,3c286e,e56020,https://a.espncdn.com/i/teamlogos/wnba/500/phx.png,71,8,32,23
401507193,2023,2,2023-06-18,2023-06-18 16:00:00-04:00,5,s:40~l:59~t:5,indiana-fever,Indiana,FEVER,IND,Indiana Fever,Fever,002d62,e03a3e,https://a.espncdn.com/i/teamlogos/wnba/500/ind.png,home,94,False,19,4,23,45.2,33,73,0,20,82.8,24,29,0,11,9,0,1,21.1,4,19,34,1,15,15,20,s:40~l:59~t:20,atlanta-dream,Atlanta,Dream,ATL,Atlanta Dream,Dream,e31837,5091cc,https://a.espncdn.com/i/teamlogos/wnba/500/atl.png,100,16,48,13
401507192,2023,2,2023-06-18,2023-06-18 15:00:00-04:00,19,s:40~l:59~t:19,chicago-sky,Chicago,SKY,CHI,Chicago Sky,Sky,5091cd,ffd520,https://a.espncdn.com/i/teamlogos/wnba/500/chi.png,away,69,False,19,3,32,44.3,27,61,0,20,64.3,9,14,0,8,1,1,0,30.0,6,20,40,0,21,20,16,s:40~l:59~t:16,washington-mystics,Washington,Mystics,WSH,Washington Mystics,Mystics,e03a3e,002b5c,https://a.espncdn.com/i/teamlogos/wnba/500/wsh.png,77,3,30,26
401507192,2023,2,2023-06-18,2023-06-18 15:00:00-04:00,16,s:40~l:59~t:16,washington-mystics,Washington,MYSTICS,WSH,Washington Mystics,Mystics,e03a3e,002b5c,https://a.espncdn.com/i/teamlogos/wnba/500/wsh.png,home,77,True,16,1,19,39.1,25,64,0,15,84.6,22,26,17,6,9,2,0,33.3,5,15,25,0,7,5,19,s:40~l:59~t:19,chicago-sky,Chicago,Sky,CHI,Chicago Sky,Sky,5091cd,ffd520,https://a.espncdn.com/i/teamlogos/wnba/500/chi.png,69,8,28,9
401507191,2023,2,2023-06-18,2023-06-18 12:00:00-04:00,11,s:40~l:59~t:11,phoenix-mercury,Phoenix,MERCURY,PHX,Phoenix Mercury,Mercury,3c286e,e56020,https://a.espncdn.com/i/teamlogos/wnba/500/phx.png,away,71,False,16,0,19,42.2,27,64,0,24,76.9,10,13,0,8,8,4,0,31.8,7,22,27,0,16,12,9,s:40~l:59~t:9,new-york-liberty,New York,Liberty,NY,New York Liberty,Liberty,86cebc,000000,https://a.espncdn.com/i/teamlogos/wnba/500/ny.png,89,10,36,22
401507193,2023,2,2023-06-18,2023-06-18 16:00:00-04:00,20,s:40~l:59~t:20,atlanta-dream,Atlanta,DREAM,ATL,Atlanta Dream,Dream,e31837,5091cc,https://a.espncdn.com/i/teamlogos/wnba/500/atl.png,away,100,True,19,3,28,56.1,37,66,0,20,79.2,19,24,18,3,7,1,1,46.7,7,15,31,1,17,16,5,s:40~l:59~t:5,indiana-fever,Indiana,Fever,IND,Indiana Fever,Fever,002d62,e03a3e,https://a.espncdn.com/i/teamlogos/wnba/500/ind.png,94,8,38,21
401507196,2023,2,2023-06-20,2023-06-20 20:00:00-04:00,3,s:40~l:59~t:3,dallas-wings,Dallas,WINGS,DAL,Dallas Wings,Wings,002b5c,c4d600,https://a.espncdn.com/i/teamlogos/wnba/500/dal.png,home,85,True,19,5,30,40.9,27,66,0,20,73.5,25,34,25,16,6,0,6,35.3,6,17,46,6,16,16,20,s:40~l:59~t:20,atlanta-dream,Atlanta,Dream,ATL,Atlanta Dream,Dream,e31837,5091cc,https://a.espncdn.com/i/teamlogos/wnba/500/atl.png,73,6,32,15
401507196,2023,2,2023-06-20,2023-06-20 20:00:00-04:00,20,s:40~l:59~t:20,atlanta-dream,Atlanta,DREAM,ATL,Atlanta Dream,Dream,e31837,5091cc,https://a.espncdn.com/i/teamlogos/wnba/500/atl.png,away,73,False,15,8,22,32.8,22,67,0,20,75.8,25,33,4,11,5,1,4,22.2,4,18,33,4,14,13,3,s:40~l:59~t:3,dallas-wings,Dallas,Wings,DAL,Dallas Wings,Wings,002b5c,c4d600,https://a.espncdn.com/i/teamlogos/wnba/500/dal.png,85,13,28,15
401507198,2023,2,2023-06-20,2023-06-20 22:00:00-04:00,14,s:40~l:59~t:14,seattle-storm,Seattle,STORM,SEA,Seattle Storm,Storm,2c5235,fee11a,https://a.espncdn.com/i/teamlogos/wnba/500/sea.png,home,79,False,18,5,27,37.5,24,64,0,19,79.3,23,29,5,7,6,1,2,32.0,8,25,34,2,16,15,18,s:40~l:59~t:18,connecticut-sun,Connecticut,Sun,CONN,Connecticut Sun,Sun,f05023,0a2240,https://a.espncdn.com/i/teamlogos/wnba/500/conn.png,85,13,30,20
401507198,2023,2,2023-06-20,2023-06-20 22:00:00-04:00,18,s:40~l:59~t:18,connecticut-sun,Connecticut,SUN,CONN,Connecticut Sun,Sun,f05023,0a2240,https://a.espncdn.com/i/teamlogos/wnba/500/conn.png,away,85,True,25,3,30,46.4,32,69,0,23,76.2,16,21,18,8,8,2,1,27.8,5,18,38,1,14,12,14,s:40~l:59~t:14,seattle-storm,Seattle,Storm,SEA,Seattle Storm,Storm,2c5235,fee11a,https://a.espncdn.com/i/teamlogos/wnba/500/sea.png,79,15,52,12
401507197,2023,2,2023-06-20,2023-06-20 22:00:00-04:00,6,s:40~l:59~t:6,los-angeles-sparks,Los Angeles,SPARKS,LA,Los Angeles Sparks,Sparks,552583,fdb927,https://a.espncdn.com/i/teamlogos/wnba/500/la.png,home,61,False,14,3,33,37.1,23,62,0,20,70.0,7,10,8,4,4,1,1,30.8,8,26,37,1,18,17,8,s:40~l:59~t:8,minnesota-lynx,Minnesota,Lynx,MIN,Minnesota Lynx,Lynx,266092,79bc43,https://a.espncdn.com/i/teamlogos/wnba/500/min.png,67,9,28,15
401507197,2023,2,2023-06-20,2023-06-20 22:00:00-04:00,8,s:40~l:59~t:8,minnesota-lynx,Minnesota,LYNX,MIN,Minnesota Lynx,Lynx,266092,79bc43,https://a.espncdn.com/i/teamlogos/wnba/500/min.png,away,67,True,20,1,29,38.8,26,67,0,14,64.3,9,14,6,6,12,2,0,24.0,6,25,35,0,12,10,6,s:40~l:59~t:6,los-angeles-sparks,Los Angeles,Sparks,LA,Los Angeles Sparks,Sparks,552583,fdb927,https://a.espncdn.com/i/teamlogos/wnba/500/la.png,61,10,34,8
401507199,2023,2,2023-06-21,2023-06-21 15:30:00-04:00,17,s:40~l:59~t:17,las-vegas-aces,Las Vegas,ACES,LV,Las Vegas Aces,Aces,ce1141,b4975a,https://a.espncdn.com/i/teamlogos/wnba/500/lv.png,away,99,True,29,3,24,55.4,36,65,0,16,69.6,16,23,29,8,4,1,0,47.8,11,23,32,0,10,9,11,s:40~l:59~t:11,phoenix-mercury,Phoenix,Mercury,PHX,Phoenix Mercury,Mercury,3c286e,e56020,https://a.espncdn.com/i/teamlogos/wnba/500/phx.png,79,12,40,8
401507199,2023,2,2023-06-21,2023-06-21 15:30:00-04:00,11,s:40~l:59~t:11,phoenix-mercury,Phoenix,MERCURY,PHX,Phoenix Mercury,Mercury,3c286e,e56020,https://a.espncdn.com/i/teamlogos/wnba/500/phx.png,home,79,False,16,2,18,42.9,30,70,0,22,93.3,14,15,2,8,3,3,0,25.0,5,20,26,0,13,10,17,s:40~l:59~t:17,las-vegas-aces,Las Vegas,Aces,LV,Las Vegas Aces,Aces,ce1141,b4975a,https://a.espncdn.com/i/teamlogos/wnba/500/lv.png,99,7,38,17
401507201,2023,2,2023-06-22,2023-06-22 20:00:00-04:00,8,s:40~l:59~t:8,minnesota-lynx,Minnesota,LYNX,MIN,Minnesota Lynx,Lynx,266092,79bc43,https://a.espncdn.com/i/teamlogos/wnba/500/min.png,home,68,False,20,3,25,31.6,24,76,0,24,84.2,16,19,0,12,4,0,1,18.2,4,22,37,1,9,9,18,s:40~l:59~t:18,connecticut-sun,Connecticut,Sun,CONN,Connecticut Sun,Sun,f05023,0a2240,https://a.espncdn.com/i/teamlogos/wnba/500/conn.png,89,2,38,8
401507201,2023,2,2023-06-22,2023-06-22 20:00:00-04:00,18,s:40~l:59~t:18,connecticut-sun,Connecticut,SUN,CONN,Connecticut Sun,Sun,f05023,0a2240,https://a.espncdn.com/i/teamlogos/wnba/500/conn.png,away,89,True,14,6,32,45.0,27,60,0,22,79.3,23,29,27,8,5,1,1,48.0,12,25,40,1,15,14,8,s:40~l:59~t:8,minnesota-lynx,Minnesota,Lynx,MIN,Minnesota Lynx,Lynx,266092,79bc43,https://a.espncdn.com/i/teamlogos/wnba/500/min.png,68,11,26,12
401507200,2023,2,2023-06-22,2023-06-22 20:00:00-04:00,19,s:40~l:59~t:19,chicago-sky,Chicago,SKY,CHI,Chicago Sky,Sky,5091cd,ffd520,https://a.espncdn.com/i/teamlogos/wnba/500/chi.png,home,59,False,14,2,24,29.5,18,61,0,15,90.5,19,21,2,6,7,1,1,23.5,4,17,30,1,19,18,16,s:40~l:59~t:16,washington-mystics,Washington,Mystics,WSH,Washington Mystics,Mystics,e03a3e,002b5c,https://a.espncdn.com/i/teamlogos/wnba/500/wsh.png,80,9,24,20
401507200,2023,2,2023-06-22,2023-06-22 20:00:00-04:00,16,s:40~l:59~t:16,washington-mystics,Washington,MYSTICS,WSH,Washington Mystics,Mystics,e03a3e,002b5c,https://a.espncdn.com/i/teamlogos/wnba/500/wsh.png,away,80,True,20,6,34,47.8,33,69,0,22,80.0,8,10,24,7,6,2,1,31.6,6,19,41,1,15,13,19,s:40~l:59~t:19,chicago-sky,Chicago,Sky,CHI,Chicago Sky,Sky,5091cd,ffd520,https://a.espncdn.com/i/teamlogos/wnba/500/chi.png,59,12,32,13
401507202,2023,2,2023-06-22,2023-06-22 22:00:00-04:00,14,s:40~l:59~t:14,seattle-storm,Seattle,STORM,SEA,Seattle Storm,Storm,2c5235,fee11a,https://a.espncdn.com/i/teamlogos/wnba/500/sea.png,home,68,False,15,2,24,29.7,22,74,1,15,81.3,13,16,3,5,8,0,1,37.9,11,29,29,1,10,10,5,s:40~l:59~t:5,indiana-fever,Indiana,Fever,IND,Indiana Fever,Fever,002d62,e03a3e,https://a.espncdn.com/i/teamlogos/wnba/500/ind.png,80,18,22,7
401507202,2023,2,2023-06-22,2023-06-22 22:00:00-04:00,5,s:40~l:59~t:5,indiana-fever,Indiana,FEVER,IND,Indiana Fever,Fever,002d62,e03a3e,https://a.espncdn.com/i/teamlogos/wnba/500/ind.png,away,80,True,19,5,38,43.5,30,69,0,22,76.9,10,13,16,9,4,3,1,45.5,10,22,47,1,20,17,14,s:40~l:59~t:14,seattle-storm,Seattle,Storm,SEA,Seattle Storm,Storm,2c5235,fee11a,https://a.espncdn.com/i/teamlogos/wnba/500/sea.png,68,15,32,16
401507204,2023,2,2023-06-23,2023-06-23 22:00:00-04:00,3,s:40~l:59~t:3,dallas-wings,Dallas,WINGS,DAL,Dallas Wings,Wings,002b5c,c4d600,https://a.espncdn.com/i/teamlogos/wnba/500/dal.png,away,74,False,11,3,35,40.0,28,70,0,23,76.5,13,17,17,13,8,2,1,20.8,5,24,48,1,20,18,6,s:40~l:59~t:6,los-angeles-sparks,Los Angeles,Sparks,LA,Los Angeles Sparks,Sparks,552583,fdb927,https://a.espncdn.com/i/teamlogos/wnba/500/la.png,76,18,36,22
401507204,2023,2,2023-06-23,2023-06-23 22:00:00-04:00,6,s:40~l:59~t:6,los-angeles-sparks,Los Angeles,SPARKS,LA,Los Angeles Sparks,Sparks,552583,fdb927,https://a.espncdn.com/i/teamlogos/wnba/500/la.png,home,76,True,16,1,21,35.1,26,74,0,15,88.0,22,25,2,11,13,1,0,11.1,2,18,32,0,14,13,3,s:40~l:59~t:3,dallas-wings,Dallas,Wings,DAL,Dallas Wings,Wings,002b5c,c4d600,https://a.espncdn.com/i/teamlogos/wnba/500/dal.png,74,8,40,20
401507203,2023,2,2023-06-23,2023-06-23 19:30:00-04:00,9,s:40~l:59~t:9,new-york-liberty,New York,LIBERTY,NY,New York Liberty,Liberty,86cebc,000000,https://a.espncdn.com/i/teamlogos/wnba/500/ny.png,away,110,True,29,3,35,48.6,36,74,1,20,77.8,21,27,30,7,13,0,0,48.6,17,35,42,0,15,15,20,s:40~l:59~t:20,atlanta-dream,Atlanta,Dream,ATL,Atlanta Dream,Dream,e31837,5091cc,https://a.espncdn.com/i/teamlogos/wnba/500/atl.png,80,14,34,16
401507203,2023,2,2023-06-23,2023-06-23 19:30:00-04:00,20,s:40~l:59~t:20,atlanta-dream,Atlanta,DREAM,ATL,Atlanta Dream,Dream,e31837,5091cc,https://a.espncdn.com/i/teamlogos/wnba/500/atl.png,home,80,False,15,5,29,38.2,26,68,0,20,85.2,23,27,0,8,7,0,2,41.7,5,12,37,2,20,20,9,s:40~l:59~t:9,new-york-liberty,New York,Liberty,NY,New York Liberty,Liberty,86cebc,000000,https://a.espncdn.com/i/teamlogos/wnba/500/ny.png,110,13,30,27
401507206,2023,2,2023-06-24,2023-06-24 21:00:00-04:00,14,s:40~l:59~t:14,seattle-storm,Seattle,STORM,SEA,Seattle Storm,Storm,2c5235,fee11a,https://a.espncdn.com/i/teamlogos/wnba/500/sea.png,home,97,True,23,3,23,47.1,32,68,0,21,90.9,20,22,24,10,9,0,0,40.6,13,32,33,0,11,11,11,s:40~l:59~t:11,phoenix-mercury,Phoenix,Mercury,PHX,Phoenix Mercury,Mercury,3c286e,e56020,https://a.espncdn.com/i/teamlogos/wnba/500/phx.png,74,12,28,6
401507206,2023,2,2023-06-24,2023-06-24 21:00:00-04:00,11,s:40~l:59~t:11,phoenix-mercury,Phoenix,MERCURY,PHX,Phoenix Mercury,Mercury,3c286e,e56020,https://a.espncdn.com/i/teamlogos/wnba/500/phx.png,away,74,False,15,2,23,46.4,26,56,0,19,75.0,18,24,3,5,3,1,1,23.5,4,17,28,1,21,20,14,s:40~l:59~t:14,seattle-storm,Seattle,Storm,SEA,Seattle Storm,Storm,2c5235,fee11a,https://a.espncdn.com/i/teamlogos/wnba/500/sea.png,97,4,38,25
401507205,2023,2,2023-06-24,2023-06-24 21:00:00-04:00,17,s:40~l:59~t:17,las-vegas-aces,Las Vegas,ACES,LV,Las Vegas Aces,Aces,ce1141,b4975a,https://a.espncdn.com/i/teamlogos/wnba/500/lv.png,home,101,True,27,7,26,53.1,34,64,1,14,81.5,22,27,20,5,6,1,0,47.8,11,23,31,0,13,12,5,s:40~l:59~t:5,indiana-fever,Indiana,Fever,IND,Indiana Fever,Fever,002d62,e03a3e,https://a.espncdn.com/i/teamlogos/wnba/500/ind.png,88,12,40,15
401507205,2023,2,2023-06-24,2023-06-24 21:00:00-04:00,5,s:40~l:59~t:5,indiana-fever,Indiana,FEVER,IND,Indiana Fever,Fever,002d62,e03a3e,https://a.espncdn.com/i/teamlogos/wnba/500/ind.png,away,88,False,22,1,26,50.0,34,68,0,22,93.3,14,15,2,5,8,0,0,37.5,6,16,31,0,15,15,17,s:40~l:59~t:17,las-vegas-aces,Las Vegas,Aces,LV,Las Vegas Aces,Aces,ce1141,b4975a,https://a.espncdn.com/i/teamlogos/wnba/500/lv.png,101,9,44,17
401507209,2023,2,2023-06-25,2023-06-25 15:00:00-04:00,3,s:40~l:59~t:3,dallas-wings,Dallas,WINGS,DAL,Dallas Wings,Wings,002b5c,c4d600,https://a.espncdn.com/i/teamlogos/wnba/500/dal.png,away,83,False,20,7,26,43.1,31,72,0,17,93.8,15,16,11,9,12,0,1,27.3,6,22,35,1,13,13,6,s:40~l:59~t:6,los-angeles-sparks,Los Angeles,Sparks,LA,Los Angeles Sparks,Sparks,552583,fdb927,https://a.espncdn.com/i/teamlogos/wnba/500/la.png,93,22,48,16
401507209,2023,2,2023-06-25,2023-06-25 15:00:00-04:00,6,s:40~l:59~t:6,los-angeles-sparks,Los Angeles,SPARKS,LA,Los Angeles Sparks,Sparks,552583,fdb927,https://a.espncdn.com/i/teamlogos/wnba/500/la.png,home,93,True,25,3,28,50.0,31,62,0,14,79.3,23,29,12,4,6,1,0,42.1,8,19,32,0,14,13,3,s:40~l:59~t:3,dallas-wings,Dallas,Wings,DAL,Dallas Wings,Wings,002b5c,c4d600,https://a.espncdn.com/i/teamlogos/wnba/500/dal.png,83,13,38,23
401507207,2023,2,2023-06-25,2023-06-25 13:00:00-04:00,19,s:40~l:59~t:19,chicago-sky,Chicago,SKY,CHI,Chicago Sky,Sky,5091cd,ffd520,https://a.espncdn.com/i/teamlogos/wnba/500/chi.png,away,72,False,23,4,22,44.6,29,65,0,15,58.8,10,17,5,8,7,0,1,22.2,4,18,30,1,19,19,18,s:40~l:59~t:18,connecticut-sun,Connecticut,Sun,CONN,Connecticut Sun,Sun,f05023,0a2240,https://a.espncdn.com/i/teamlogos/wnba/500/conn.png,96,11,38,27
401507207,2023,2,2023-06-25,2023-06-25 13:00:00-04:00,18,s:40~l:59~t:18,connecticut-sun,Connecticut,SUN,CONN,Connecticut Sun,Sun,f05023,0a2240,https://a.espncdn.com/i/teamlogos/wnba/500/conn.png,home,96,True,30,2,27,50.0,40,80,0,16,88.9,8,9,26,11,12,1,1,38.1,8,21,38,1,15,14,19,s:40~l:59~t:19,chicago-sky,Chicago,Sky,CHI,Chicago Sky,Sky,5091cd,ffd520,https://a.espncdn.com/i/teamlogos/wnba/500/chi.png,72,23,54,8
401507208,2023,2,2023-06-25,2023-06-25 13:00:00-04:00,16,s:40~l:59~t:16,washington-mystics,Washington,MYSTICS,WSH,Washington Mystics,Mystics,e03a3e,002b5c,https://a.espncdn.com/i/teamlogos/wnba/500/wsh.png,away,88,False,19,3,27,47.8,33,69,0,26,72.2,13,18,17,2,7,2,0,42.9,9,21,29,0,15,13,9,s:40~l:59~t:9,new-york-liberty,New York,Liberty,NY,New York Liberty,Liberty,86cebc,000000,https://a.espncdn.com/i/teamlogos/wnba/500/ny.png,89,7,36,16
401507208,2023,2,2023-06-25,2023-06-25 13:00:00-04:00,9,s:40~l:59~t:9,new-york-liberty,New York,LIBERTY,NY,New York Liberty,Liberty,86cebc,000000,https://a.espncdn.com/i/teamlogos/wnba/500/ny.png,home,89,True,19,2,31,37.0,27,73,0,24,79.3,23,29,1,14,9,2,0,34.3,12,35,45,0,19,17,16,s:40~l:59~t:16,washington-mystics,Washington,Mystics,WSH,Washington Mystics,Mystics,e03a3e,002b5c,https://a.espncdn.com/i/teamlogos/wnba/500/wsh.png,88,9,24,23
401507210,2023,2,2023-06-26,2023-06-26 22:00:00-04:00,17,s:40~l:59~t:17,las-vegas-aces,Las Vegas,ACES,LV,Las Vegas Aces,Aces,ce1141,b4975a,https://a.espncdn.com/i/teamlogos/wnba/500/lv.png,home,88,True,15,6,29,40.9,27,66,0,20,96.4,27,28,10,10,4,1,1,29.2,7,24,39,1,16,15,5,s:40~l:59~t:5,indiana-fever,Indiana,Fever,IND,Indiana Fever,Fever,002d62,e03a3e,https://a.espncdn.com/i/teamlogos/wnba/500/ind.png,80,11,28,18
401507210,2023,2,2023-06-26,2023-06-26 22:00:00-04:00,5,s:40~l:59~t:5,indiana-fever,Indiana,FEVER,IND,Indiana Fever,Fever,002d62,e03a3e,https://a.espncdn.com/i/teamlogos/wnba/500/ind.png,away,80,False,12,4,23,35.9,28,78,1,21,85.7,18,21,6,16,8,0,2,27.3,6,22,39,2,8,8,17,s:40~l:59~t:17,las-vegas-aces,Las Vegas,Aces,LV,Las Vegas Aces,Aces,ce1141,b4975a,https://a.espncdn.com/i/teamlogos/wnba/500/lv.png,88,9,40,11
401507213,2023,2,2023-06-27,2023-06-27 22:00:00-04:00,3,s:40~l:59~t:3,dallas-wings,Dallas,WINGS,DAL,Dallas Wings,Wings,002b5c,c4d600,https://a.espncdn.com/i/teamlogos/wnba/500/dal.png,away,77,True,20,3,27,46.9,30,64,0,18,85.7,12,14,17,10,8,0,2,31.3,5,16,37,2,17,17,11,s:40~l:59~t:11,phoenix-mercury,Phoenix,Mercury,PHX,Phoenix Mercury,Mercury,3c286e,e56020,https://a.espncdn.com/i/teamlogos/wnba/500/phx.png,62,12,40,21
401507212,2023,2,2023-06-27,2023-06-27 20:00:00-04:00,14,s:40~l:59~t:14,seattle-storm,Seattle,STORM,SEA,Seattle Storm,Storm,2c5235,fee11a,https://a.espncdn.com/i/teamlogos/wnba/500/sea.png,away,93,False,21,5,25,45.9,34,74,0,17,85.7,12,14,2,8,5,0,0,41.9,13,31,33,0,7,7,8,s:40~l:59~t:8,minnesota-lynx,Minnesota,Lynx,MIN,Minnesota Lynx,Lynx,266092,79bc43,https://a.espncdn.com/i/teamlogos/wnba/500/min.png,104,5,32,7
401507213,2023,2,2023-06-27,2023-06-27 22:00:00-04:00,11,s:40~l:59~t:11,phoenix-mercury,Phoenix,MERCURY,PHX,Phoenix Mercury,Mercury,3c286e,e56020,https://a.espncdn.com/i/teamlogos/wnba/500/phx.png,home,62,False,18,7,21,40.4,23,57,0,16,72.2,13,18,2,4,7,2,0,15.0,3,20,25,0,18,16,3,s:40~l:59~t:3,dallas-wings,Dallas,Wings,DAL,Dallas Wings,Wings,002b5c,c4d600,https://a.espncdn.com/i/teamlogos/wnba/500/dal.png,77,2,26,8
401507211,2023,2,2023-06-27,2023-06-27 19:00:00-04:00,9,s:40~l:59~t:9,new-york-liberty,New York,LIBERTY,NY,New York Liberty,Liberty,86cebc,000000,https://a.espncdn.com/i/teamlogos/wnba/500/ny.png,away,89,True,24,9,32,48.6,34,70,0,12,85.7,12,14,16,6,4,0,0,45.0,9,20,38,0,9,9,18,s:40~l:59~t:18,connecticut-sun,Connecticut,Sun,CONN,Connecticut Sun,Sun,f05023,0a2240,https://a.espncdn.com/i/teamlogos/wnba/500/conn.png,81,2,46,11
401507211,2023,2,2023-06-27,2023-06-27 19:00:00-04:00,18,s:40~l:59~t:18,connecticut-sun,Connecticut,SUN,CONN,Connecticut Sun,Sun,f05023,0a2240,https://a.espncdn.com/i/teamlogos/wnba/500/conn.png,home,81,False,18,8,26,39.2,31,79,0,11,92.9,13,14,4,8,7,0,0,31.6,6,19,34,0,5,5,9,s:40~l:59~t:9,new-york-liberty,New York,Liberty,NY,New York Liberty,Liberty,86cebc,000000,https://a.espncdn.com/i/teamlogos/wnba/500/ny.png,89,15,50,11
401507212,2023,2,2023-06-27,2023-06-27 20:00:00-04:00,8,s:40~l:59~t:8,minnesota-lynx,Minnesota,LYNX,MIN,Minnesota Lynx,Lynx,266092,79bc43,https://a.espncdn.com/i/teamlogos/wnba/500/min.png,home,104,True,25,2,32,53.2,41,77,0,15,93.3,14,15,17,6,3,0,0,40.0,8,20,38,0,8,8,14,s:40~l:59~t:14,seattle-storm,Seattle,Storm,SEA,Seattle Storm,Storm,2c5235,fee11a,https://a.espncdn.com/i/teamlogos/wnba/500/sea.png,93,6,54,12
401507214,2023,2,2023-06-28,2023-06-28 12:00:00-04:00,19,s:40~l:59~t:19,chicago-sky,Chicago,SKY,CHI,Chicago Sky,Sky,5091cd,ffd520,https://a.espncdn.com/i/teamlogos/wnba/500/chi.png,home,80,True,16,7,26,45.5,30,66,0,17,52.4,11,21,17,9,6,1,1,42.9,9,21,35,1,13,12,6,s:40~l:59~t:6,los-angeles-sparks,Los Angeles,Sparks,LA,Los Angeles Sparks,Sparks,552583,fdb927,https://a.espncdn.com/i/teamlogos/wnba/500/la.png,63,13,32,19
401507214,2023,2,2023-06-28,2023-06-28 12:00:00-04:00,6,s:40~l:59~t:6,los-angeles-sparks,Los Angeles,SPARKS,LA,Los Angeles Sparks,Sparks,552583,fdb927,https://a.espncdn.com/i/teamlogos/wnba/500/la.png,away,63,False,17,5,26,34.9,22,63,0,23,78.9,15,19,8,8,10,2,1,30.8,4,13,34,1,18,16,19,s:40~l:59~t:19,chicago-sky,Chicago,Sky,CHI,Chicago Sky,Sky,5091cd,ffd520,https://a.espncdn.com/i/teamlogos/wnba/500/chi.png,80,13,22,17
401507215,2023,2,2023-06-28,2023-06-28 19:00:00-04:00,16,s:40~l:59~t:16,washington-mystics,Washington,MYSTICS,WSH,Washington Mystics,Mystics,e03a3e,002b5c,https://a.espncdn.com/i/teamlogos/wnba/500/wsh.png,home,109,True,26,8,35,53.4,39,73,0,22,95.2,20,21,32,6,6,0,1,50.0,11,22,41,1,14,14,20,s:40~l:59~t:20,atlanta-dream,Atlanta,Dream,ATL,Atlanta Dream,Dream,e31837,5091cc,https://a.espncdn.com/i/teamlogos/wnba/500/atl.png,86,13,36,15
401507215,2023,2,2023-06-28,2023-06-28 19:00:00-04:00,20,s:40~l:59~t:20,atlanta-dream,Atlanta,DREAM,ATL,Atlanta Dream,Dream,e31837,5091cc,https://a.espncdn.com/i/teamlogos/wnba/500/atl.png,away,86,False,21,7,21,37.8,28,74,0,20,71.4,25,35,2,11,9,1,0,33.3,5,15,32,0,11,10,16,s:40~l:59~t:16,washington-mystics,Washington,Mystics,WSH,Washington Mystics,Mystics,e03a3e,002b5c,https://a.espncdn.com/i/teamlogos/wnba/500/wsh.png,109,7,38,11
401507216,2023,2,2023-06-29,2023-06-29 22:00:00-04:00,9,s:40~l:59~t:9,new-york-liberty,New York,LIBERTY,NY,New York Liberty,Liberty,86cebc,000000,https://a.espncdn.com/i/teamlogos/wnba/500/ny.png,away,81,False,21,3,23,47.7,31,65,0,14,73.3,11,15,0,8,3,2,0,40.0,8,20,31,0,17,15,17,s:40~l:59~t:17,las-vegas-aces,Las Vegas,Aces,LV,Las Vegas Aces,Aces,ce1141,b4975a,https://a.espncdn.com/i/teamlogos/wnba/500/lv.png,98,5,42,22
401507216,2023,2,2023-06-29,2023-06-29 22:00:00-04:00,17,s:40~l:59~t:17,las-vegas-aces,Las Vegas,ACES,LV,Las Vegas Aces,Aces,ce1141,b4975a,https://a.espncdn.com/i/teamlogos/wnba/500/lv.png,home,98,True,32,1,23,58.0,40,69,0,15,90.0,9,10,27,4,10,1,2,42.9,9,21,27,2,8,7,9,s:40~l:59~t:9,new-york-liberty,New York,Liberty,NY,New York Liberty,Liberty,86cebc,000000,https://a.espncdn.com/i/teamlogos/wnba/500/ny.png,81,11,50,9
401507217,2023,2,2023-06-29,2023-06-29 22:00:00-04:00,5,s:40~l:59~t:5,indiana-fever,Indiana,FEVER,IND,Indiana Fever,Fever,002d62,e03a3e,https://a.espncdn.com/i/teamlogos/wnba/500/ind.png,away,63,False,17,1,20,33.3,24,72,2,18,90.0,9,10,0,13,4,1,0,35.3,6,17,33,0,17,16,11,s:40~l:59~t:11,phoenix-mercury,Phoenix,Mercury,PHX,Phoenix Mercury,Mercury,3c286e,e56020,https://a.espncdn.com/i/teamlogos/wnba/500/phx.png,85,2,28,20
401507217,2023,2,2023-06-29,2023-06-29 22:00:00-04:00,11,s:40~l:59~t:11,phoenix-mercury,Phoenix,MERCURY,PHX,Phoenix Mercury,Mercury,3c286e,e56020,https://a.espncdn.com/i/teamlogos/wnba/500/phx.png,home,85,True,28,8,25,53.1,34,64,0,17,68.8,11,16,25,5,6,2,0,31.6,6,19,30,0,16,14,5,s:40~l:59~t:5,indiana-fever,Indiana,Fever,IND,Indiana Fever,Fever,002d62,e03a3e,https://a.espncdn.com/i/teamlogos/wnba/500/ind.png,63,14,38,9
401507218,2023,2,2023-06-29,2023-06-29 22:00:00-04:00,8,s:40~l:59~t:8,minnesota-lynx,Minnesota,LYNX,MIN,Minnesota Lynx,Lynx,266092,79bc43,https://a.espncdn.com/i/teamlogos/wnba/500/min.png,away,99,True,25,10,29,46.1,35,76,0,19,80.0,20,25,13,7,11,0,1,34.6,9,26,36,1,10,10,14,s:40~l:59~t:14,seattle-storm,Seattle,Storm,SEA,Seattle Storm,Storm,2c5235,fee11a,https://a.espncdn.com/i/teamlogos/wnba/500/sea.png,97,16,42,15
401507218,2023,2,2023-06-29,2023-06-29 22:00:00-04:00,14,s:40~l:59~t:14,seattle-storm,Seattle,STORM,SEA,Seattle Storm,Storm,2c5235,fee11a,https://a.espncdn.com/i/teamlogos/wnba/500/sea.png,home,97,False,21,3,35,40.5,34,84,0,20,84.2,16,19,4,13,8,1,1,50.0,13,26,48,1,19,18,8,s:40~l:59~t:8,minnesota-lynx,Minnesota,Lynx,MIN,Minnesota Lynx,Lynx,266092,79bc43,https://a.espncdn.com/i/teamlogos/wnba/500/min.png,99,16,34,27
401507219,2023,2,2023-06-30,2023-06-30 19:30:00-04:00,20,s:40~l:59~t:20,atlanta-dream,Atlanta,DREAM,ATL,Atlanta Dream,Dream,e31837,5091cc,https://a.espncdn.com/i/teamlogos/wnba/500/atl.png,home,94,True,19,3,24,47.8,33,69,0,25,77.8,21,27,10,7,7,0,0,53.8,7,13,31,0,10,10,16,s:40~l:59~t:16,washington-mystics,Washington,Mystics,WSH,Washington Mystics,Mystics,e03a3e,002b5c,https://a.espncdn.com/i/teamlogos/wnba/500/wsh.png,89,6,48,10
401507219,2023,2,2023-06-30,2023-06-30 19:30:00-04:00,16,s:40~l:59~t:16,washington-mystics,Washington,MYSTICS,WSH,Washington Mystics,Mystics,e03a3e,002b5c,https://a.espncdn.com/i/teamlogos/wnba/500/wsh.png,away,89,False,14,3,26,49.2,32,65,0,26,84.6,22,26,5,8,6,1,0,16.7,3,18,34,0,15,14,20,s:40~l:59~t:20,atlanta-dream,Atlanta,Dream,ATL,Atlanta Dream,Dream,e31837,5091cc,https://a.espncdn.com/i/teamlogos/wnba/500/atl.png,94,4,44,21
401507220,2023,2,2023-06-30,2023-06-30 20:00:00-04:00,19,s:40~l:59~t:19,chicago-sky,Chicago,SKY,CHI,Chicago Sky,Sky,5091cd,ffd520,https://a.espncdn.com/i/teamlogos/wnba/500/chi.png,home,86,True,28,5,23,56.9,37,65,1,18,55.6,5,9,17,8,8,1,0,46.7,7,15,31,0,16,15,6,s:40~l:59~t:6,los-angeles-sparks,Los Angeles,Sparks,LA,Los Angeles Sparks,Sparks,552583,fdb927,https://a.espncdn.com/i/teamlogos/wnba/500/la.png,78,10,44,17
401507220,2023,2,2023-06-30,2023-06-30 20:00:00-04:00,6,s:40~l:59~t:6,los-angeles-sparks,Los Angeles,SPARKS,LA,Los Angeles Sparks,Sparks,552583,fdb927,https://a.espncdn.com/i/teamlogos/wnba/500/la.png,away,78,False,16,3,20,41.8,28,67,0,13,78.3,18,23,3,10,9,2,1,30.8,4,13,30,1,15,13,19,s:40~l:59~t:19,chicago-sky,Chicago,Sky,CHI,Chicago Sky,Sky,5091cd,ffd520,https://a.espncdn.com/i/teamlogos/wnba/500/chi.png,86,4,44,20
401507221,2023,2,2023-07-01,2023-07-01 15:00:00-04:00,17,s:40~l:59~t:17,las-vegas-aces,Las Vegas,ACES,LV,Las Vegas Aces,Aces,ce1141,b4975a,https://a.espncdn.com/i/teamlogos/wnba/500/lv.png,home,102,True,25,5,31,50.0,36,72,0,22,88.5,23,26,29,11,8,1,0,30.4,7,23,42,0,13,12,18,s:40~l:59~t:18,connecticut-sun,Connecticut,Sun,CONN,Connecticut Sun,Sun,f05023,0a2240,https://a.espncdn.com/i/teamlogos/wnba/500/conn.png,84,15,52,20
401507221,2023,2,2023-07-01,2023-07-01 15:00:00-04:00,18,s:40~l:59~t:18,connecticut-sun,Connecticut,SUN,CONN,Connecticut Sun,Sun,f05023,0a2240,https://a.espncdn.com/i/teamlogos/wnba/500/conn.png,away,84,False,22,3,20,47.1,33,70,0,19,63.2,12,19,2,4,7,3,2,30.0,6,20,24,2,14,11,17,s:40~l:59~t:17,las-vegas-aces,Las Vegas,Aces,LV,Las Vegas Aces,Aces,ce1141,b4975a,https://a.espncdn.com/i/teamlogos/wnba/500/lv.png,102,14,44,17
401507222,2023,2,2023-07-01,2023-07-01 22:00:00-04:00,11,s:40~l:59~t:11,phoenix-mercury,Phoenix,MERCURY,PHX,Phoenix Mercury,Mercury,3c286e,e56020,https://a.espncdn.com/i/teamlogos/wnba/500/phx.png,home,76,False,19,4,26,50.8,30,59,1,20,55.6,10,18,10,9,4,2,2,31.6,6,19,35,2,24,22,8,s:40~l:59~t:8,minnesota-lynx,Minnesota,Lynx,MIN,Minnesota Lynx,Lynx,266092,79bc43,https://a.espncdn.com/i/teamlogos/wnba/500/min.png,86,8,44,18
401507222,2023,2,2023-07-01,2023-07-01 22:00:00-04:00,8,s:40~l:59~t:8,minnesota-lynx,Minnesota,LYNX,MIN,Minnesota Lynx,Lynx,266092,79bc43,https://a.espncdn.com/i/teamlogos/wnba/500/min.png,away,86,True,16,1,23,45.6,31,68,0,18,81.8,18,22,13,7,13,1,0,33.3,6,18,30,0,13,12,11,s:40~l:59~t:11,phoenix-mercury,Phoenix,Mercury,PHX,Phoenix Mercury,Mercury,3c286e,e56020,https://a.espncdn.com/i/teamlogos/wnba/500/phx.png,76,7,40,12
401507226,2023,2,2023-07-02,2023-07-02 18:00:00-04:00,14,s:40~l:59~t:14,seattle-storm,Seattle,STORM,SEA,Seattle Storm,Storm,2c5235,fee11a,https://a.espncdn.com/i/teamlogos/wnba/500/sea.png,home,66,False,16,4,25,35.4,23,65,0,15,78.6,11,14,0,8,5,1,1,36.0,9,25,33,1,20,19,9,s:40~l:59~t:9,new-york-liberty,New York,Liberty,NY,New York Liberty,Liberty,86cebc,000000,https://a.espncdn.com/i/teamlogos/wnba/500/ny.png,81,7,28,19
401507224,2023,2,2023-07-02,2023-07-02 16:00:00-04:00,19,s:40~l:59~t:19,chicago-sky,Chicago,SKY,CHI,Chicago Sky,Sky,5091cd,ffd520,https://a.espncdn.com/i/teamlogos/wnba/500/chi.png,away,89,True,22,3,22,50.0,34,68,0,21,56.3,9,16,14,9,8,0,1,42.9,12,28,31,1,13,13,5,s:40~l:59~t:5,indiana-fever,Indiana,Fever,IND,Indiana Fever,Fever,002d62,e03a3e,https://a.espncdn.com/i/teamlogos/wnba/500/ind.png,87,16,30,11
401507224,2023,2,2023-07-02,2023-07-02 16:00:00-04:00,5,s:40~l:59~t:5,indiana-fever,Indiana,FEVER,IND,Indiana Fever,Fever,002d62,e03a3e,https://a.espncdn.com/i/teamlogos/wnba/500/ind.png,home,87,False,21,1,26,51.5,35,68,0,18,66.7,12,18,3,9,6,0,1,29.4,5,17,35,1,15,15,19,s:40~l:59~t:19,chicago-sky,Chicago,Sky,CHI,Chicago Sky,Sky,5091cd,ffd520,https://a.espncdn.com/i/teamlogos/wnba/500/chi.png,89,13,54,12
401507226,2023,2,2023-07-02,2023-07-02 18:00:00-04:00,9,s:40~l:59~t:9,new-york-liberty,New York,LIBERTY,NY,New York Liberty,Liberty,86cebc,000000,https://a.espncdn.com/i/teamlogos/wnba/500/ny.png,away,81,True,30,7,29,46.5,33,71,0,20,87.5,7,8,22,8,16,0,0,32.0,8,25,37,0,14,14,14,s:40~l:59~t:14,seattle-storm,Seattle,Storm,SEA,Seattle Storm,Storm,2c5235,fee11a,https://a.espncdn.com/i/teamlogos/wnba/500/sea.png,66,19,42,12
401507223,2023,2,2023-07-02,2023-07-02 15:00:00-04:00,20,s:40~l:59~t:20,atlanta-dream,Atlanta,DREAM,ATL,Atlanta Dream,Dream,e31837,5091cc,https://a.espncdn.com/i/teamlogos/wnba/500/atl.png,home,112,True,18,7,34,54.4,37,68,0,19,85.3,29,34,28,6,11,0,1,42.9,9,21,40,1,13,13,6,s:40~l:59~t:6,los-angeles-sparks,Los Angeles,Sparks,LA,Los Angeles Sparks,Sparks,552583,fdb927,https://a.espncdn.com/i/teamlogos/wnba/500/la.png,84,18,46,14
401507225,2023,2,2023-07-02,2023-07-02 15:00:00-04:00,16,s:40~l:59~t:16,washington-mystics,Washington,MYSTICS,WSH,Washington Mystics,Mystics,e03a3e,002b5c,https://a.espncdn.com/i/teamlogos/wnba/500/wsh.png,away,72,False,19,6,19,34.3,24,70,0,18,80.0,20,25,7,5,9,1,1,16.0,4,25,24,1,10,9,3,s:40~l:59~t:3,dallas-wings,Dallas,Wings,DAL,Dallas Wings,Wings,002b5c,c4d600,https://a.espncdn.com/i/teamlogos/wnba/500/dal.png,89,13,26,4
401507225,2023,2,2023-07-02,2023-07-02 15:00:00-04:00,3,s:40~l:59~t:3,dallas-wings,Dallas,WINGS,DAL,Dallas Wings,Wings,002b5c,c4d600,https://a.espncdn.com/i/teamlogos/wnba/500/dal.png,home,89,True,25,2,39,44.6,33,74,1,24,73.9,17,23,18,15,4,1,0,27.3,6,22,54,0,19,18,16,s:40~l:59~t:16,washington-mystics,Washington,Mystics,WSH,Washington Mystics,Mystics,e03a3e,002b5c,https://a.espncdn.com/i/teamlogos/wnba/500/wsh.png,72,23,42,18
401507223,2023,2,2023-07-02,2023-07-02 15:00:00-04:00,6,s:40~l:59~t:6,los-angeles-sparks,Los Angeles,SPARKS,LA,Los Angeles Sparks,Sparks,552583,fdb927,https://a.espncdn.com/i/teamlogos/wnba/500/la.png,away,84,False,17,3,27,41.8,28,67,1,22,76.7,23,30,4,6,10,1,0,27.8,5,18,33,0,14,13,20,s:40~l:59~t:20,atlanta-dream,Atlanta,Dream,ATL,Atlanta Dream,Dream,e31837,5091cc,https://a.espncdn.com/i/teamlogos/wnba/500/atl.png,112,4,38,15
401507229,2023,2,2023-07-05,2023-07-05 22:00:00-04:00,17,s:40~l:59~t:17,las-vegas-aces,Las Vegas,ACES,LV,Las Vegas Aces,Aces,ce1141,b4975a,https://a.espncdn.com/i/teamlogos/wnba/500/lv.png,home,89,True,17,4,32,46.2,30,65,0,12,83.3,20,24,7,7,1,0,1,45.0,9,20,39,1,13,13,3,s:40~l:59~t:3,dallas-wings,Dallas,Wings,DAL,Dallas Wings,Wings,002b5c,c4d600,https://a.espncdn.com/i/teamlogos/wnba/500/dal.png,82,8,34,19
401507230,2023,2,2023-07-05,2023-07-05 22:00:00-04:00,20,s:40~l:59~t:20,atlanta-dream,Atlanta,DREAM,ATL,Atlanta Dream,Dream,e31837,5091cc,https://a.espncdn.com/i/teamlogos/wnba/500/atl.png,away,90,True,30,5,36,49.3,33,67,0,19,60.9,14,23,21,3,6,3,0,41.7,10,24,39,0,11,8,6,s:40~l:59~t:6,los-angeles-sparks,Los Angeles,Sparks,LA,Los Angeles Sparks,Sparks,552583,fdb927,https://a.espncdn.com/i/teamlogos/wnba/500/la.png,79,11,42,15
401507230,2023,2,2023-07-05,2023-07-05 22:00:00-04:00,6,s:40~l:59~t:6,los-angeles-sparks,Los Angeles,SPARKS,LA,Los Angeles Sparks,Sparks,552583,fdb927,https://a.espncdn.com/i/teamlogos/wnba/500/la.png,home,79,False,20,5,29,42.6,29,68,0,20,68.2,15,22,2,4,3,1,0,27.3,6,22,33,0,12,11,20,s:40~l:59~t:20,atlanta-dream,Atlanta,Dream,ATL,Atlanta Dream,Dream,e31837,5091cc,https://a.espncdn.com/i/teamlogos/wnba/500/atl.png,90,2,36,15
401507229,2023,2,2023-07-05,2023-07-05 22:00:00-04:00,3,s:40~l:59~t:3,dallas-wings,Dallas,WINGS,DAL,Dallas Wings,Wings,002b5c,c4d600,https://a.espncdn.com/i/teamlogos/wnba/500/dal.png,away,82,False,18,1,26,40.2,33,82,0,19,83.3,10,12,14,13,8,1,0,25.0,6,24,39,0,9,8,17,s:40~l:59~t:17,las-vegas-aces,Las Vegas,Aces,LV,Las Vegas Aces,Aces,ce1141,b4975a,https://a.espncdn.com/i/teamlogos/wnba/500/lv.png,89,16,44,9
401507228,2023,2,2023-07-05,2023-07-05 20:00:00-04:00,8,s:40~l:59~t:8,minnesota-lynx,Minnesota,LYNX,MIN,Minnesota Lynx,Lynx,266092,79bc43,https://a.espncdn.com/i/teamlogos/wnba/500/min.png,home,90,True,20,2,18,46.6,27,58,0,16,85.3,29,34,12,8,5,0,2,35.0,7,20,26,2,18,18,5,s:40~l:59~t:5,indiana-fever,Indiana,Fever,IND,Indiana Fever,Fever,002d62,e03a3e,https://a.espncdn.com/i/teamlogos/wnba/500/ind.png,83,3,30,21
401507227,2023,2,2023-07-05,2023-07-05 19:00:00-04:00,11,s:40~l:59~t:11,phoenix-mercury,Phoenix,MERCURY,PHX,Phoenix Mercury,Mercury,3c286e,e56020,https://a.espncdn.com/i/teamlogos/wnba/500/phx.png,away,95,False,23,5,22,50.7,34,67,0,25,81.8,18,22,3,3,7,0,1,45.0,9,20,25,1,15,15,9,s:40~l:59~t:9,new-york-liberty,New York,Liberty,NY,New York Liberty,Liberty,86cebc,000000,https://a.espncdn.com/i/teamlogos/wnba/500/ny.png,99,13,42,22
401507227,2023,2,2023-07-05,2023-07-05 19:00:00-04:00,9,s:40~l:59~t:9,new-york-liberty,New York,LIBERTY,NY,New York Liberty,Liberty,86cebc,000000,https://a.espncdn.com/i/teamlogos/wnba/500/ny.png,home,99,True,27,3,24,49.2,32,65,2,20,85.7,24,28,20,6,6,2,0,44.0,11,25,30,0,17,15,11,s:40~l:59~t:11,phoenix-mercury,Phoenix,Mercury,PHX,Phoenix Mercury,Mercury,3c286e,e56020,https://a.espncdn.com/i/teamlogos/wnba/500/phx.png,95,14,32,20
401507228,2023,2,2023-07-05,2023-07-05 20:00:00-04:00,5,s:40~l:59~t:5,indiana-fever,Indiana,FEVER,IND,Indiana Fever,Fever,002d62,e03a3e,https://a.espncdn.com/i/teamlogos/wnba/500/ind.png,away,83,False,15,4,20,47.1,33,70,0,25,92.9,13,14,2,10,10,1,2,25.0,4,16,30,2,17,16,8,s:40~l:59~t:8,minnesota-lynx,Minnesota,Lynx,MIN,Minnesota Lynx,Lynx,266092,79bc43,https://a.espncdn.com/i/teamlogos/wnba/500/min.png,90,6,46,18
401507231,2023,2,2023-07-06,2023-07-06 19:00:00-04:00,18,s:40~l:59~t:18,connecticut-sun,Connecticut,SUN,CONN,Connecticut Sun,Sun,f05023,0a2240,https://a.espncdn.com/i/teamlogos/wnba/500/conn.png,home,93,True,24,7,24,54.0,34,63,0,18,94.1,16,17,37,6,10,0,1,69.2,9,13,30,1,17,17,14,s:40~l:59~t:14,seattle-storm,Seattle,Storm,SEA,Seattle Storm,Storm,2c5235,fee11a,https://a.espncdn.com/i/teamlogos/wnba/500/sea.png,73,19,40,15
401507231,2023,2,2023-07-06,2023-07-06 19:00:00-04:00,14,s:40~l:59~t:14,seattle-storm,Seattle,STORM,SEA,Seattle Storm,Storm,2c5235,fee11a,https://a.espncdn.com/i/teamlogos/wnba/500/sea.png,away,73,False,17,3,22,38.8,26,67,0,16,76.5,13,17,0,9,8,3,0,33.3,8,24,31,0,23,20,18,s:40~l:59~t:18,connecticut-sun,Connecticut,Sun,CONN,Connecticut Sun,Sun,f05023,0a2240,https://a.espncdn.com/i/teamlogos/wnba/500/conn.png,93,13,36,25
401507233,2023,2,2023-07-07,2023-07-07 20:00:00-04:00,19,s:40~l:59~t:19,chicago-sky,Chicago,SKY,CHI,Chicago Sky,Sky,5091cd,ffd520,https://a.espncdn.com/i/teamlogos/wnba/500/chi.png,home,68,False,18,2,25,36.8,25,68,0,15,73.3,11,15,5,6,9,3,1,29.2,7,24,31,1,15,12,20,s:40~l:59~t:20,atlanta-dream,Atlanta,Dream,ATL,Atlanta Dream,Dream,e31837,5091cc,https://a.espncdn.com/i/teamlogos/wnba/500/atl.png,82,14,32,18
401507232,2023,2,2023-07-07,2023-07-07 19:00:00-04:00,5,s:40~l:59~t:5,indiana-fever,Indiana,FEVER,IND,Indiana Fever,Fever,002d62,e03a3e,https://a.espncdn.com/i/teamlogos/wnba/500/ind.png,away,88,False,24,2,23,55.0,33,60,1,29,68.4,13,19,2,5,3,0,0,50.0,9,18,28,0,13,13,16,s:40~l:59~t:16,washington-mystics,Washington,Mystics,WSH,Washington Mystics,Mystics,e03a3e,002b5c,https://a.espncdn.com/i/teamlogos/wnba/500/wsh.png,96,4,44,19
401507235,2023,2,2023-07-07,2023-07-07 20:00:00-04:00,8,s:40~l:59~t:8,minnesota-lynx,Minnesota,LYNX,MIN,Minnesota Lynx,Lynx,266092,79bc43,https://a.espncdn.com/i/teamlogos/wnba/500/min.png,home,75,True,20,4,28,43.1,28,65,0,15,80.0,12,15,24,10,12,0,0,36.8,7,19,38,0,15,15,11,s:40~l:59~t:11,phoenix-mercury,Phoenix,Mercury,PHX,Phoenix Mercury,Mercury,3c286e,e56020,https://a.espncdn.com/i/teamlogos/wnba/500/phx.png,64,11,34,10
401507235,2023,2,2023-07-07,2023-07-07 20:00:00-04:00,11,s:40~l:59~t:11,phoenix-mercury,Phoenix,MERCURY,PHX,Phoenix Mercury,Mercury,3c286e,e56020,https://a.espncdn.com/i/teamlogos/wnba/500/phx.png,away,64,False,17,3,25,37.7,23,61,0,18,85.7,12,14,4,5,5,0,0,30.0,6,20,30,0,19,19,8,s:40~l:59~t:8,minnesota-lynx,Minnesota,Lynx,MIN,Minnesota Lynx,Lynx,266092,79bc43,https://a.espncdn.com/i/teamlogos/wnba/500/min.png,75,7,30,19
401507234,2023,2,2023-07-07,2023-07-07 20:00:00-04:00,3,s:40~l:59~t:3,dallas-wings,Dallas,WINGS,DAL,Dallas Wings,Wings,002b5c,c4d600,https://a.espncdn.com/i/teamlogos/wnba/500/dal.png,home,80,True,21,4,26,47.1,32,68,0,16,72.2,13,18,7,10,13,1,0,21.4,3,14,36,0,17,16,17,s:40~l:59~t:17,las-vegas-aces,Las Vegas,Aces,LV,Las Vegas Aces,Aces,ce1141,b4975a,https://a.espncdn.com/i/teamlogos/wnba/500/lv.png,78,14,46,22
401507234,2023,2,2023-07-07,2023-07-07 20:00:00-04:00,17,s:40~l:59~t:17,las-vegas-aces,Las Vegas,ACES,LV,Las Vegas Aces,Aces,ce1141,b4975a,https://a.espncdn.com/i/teamlogos/wnba/500/lv.png,away,78,False,14,4,20,45.0,27,60,0,14,82.4,14,17,11,5,7,1,0,38.5,10,26,25,0,18,17,3,s:40~l:59~t:3,dallas-wings,Dallas,Wings,DAL,Dallas Wings,Wings,002b5c,c4d600,https://a.espncdn.com/i/teamlogos/wnba/500/dal.png,80,13,22,17
401507233,2023,2,2023-07-07,2023-07-07 20:00:00-04:00,20,s:40~l:59~t:20,atlanta-dream,Atlanta,DREAM,ATL,Atlanta Dream,Dream,e31837,5091cc,https://a.espncdn.com/i/teamlogos/wnba/500/atl.png,away,82,True,17,7,32,47.8,33,69,0,16,76.9,10,13,15,10,9,2,0,35.3,6,17,42,0,18,16,19,s:40~l:59~t:19,chicago-sky,Chicago,Sky,CHI,Chicago Sky,Sky,5091cd,ffd520,https://a.espncdn.com/i/teamlogos/wnba/500/chi.png,68,12,44,16
401507232,2023,2,2023-07-07,2023-07-07 19:00:00-04:00,16,s:40~l:59~t:16,washington-mystics,Washington,MYSTICS,WSH,Washington Mystics,Mystics,e03a3e,002b5c,https://a.espncdn.com/i/teamlogos/wnba/500/wsh.png,home,96,True,14,0,21,46.0,29,63,0,20,83.8,31,37,17,10,6,1,1,33.3,7,21,31,1,8,7,5,s:40~l:59~t:5,indiana-fever,Indiana,Fever,IND,Indiana Fever,Fever,002d62,e03a3e,https://a.espncdn.com/i/teamlogos/wnba/500/ind.png,88,4,30,3
401507236,2023,2,2023-07-08,2023-07-08 14:00:00-04:00,9,s:40~l:59~t:9,new-york-liberty,New York,LIBERTY,NY,New York Liberty,Liberty,86cebc,000000,https://a.espncdn.com/i/teamlogos/wnba/500/ny.png,home,80,True,23,2,26,40.9,27,66,0,15,86.7,13,15,10,4,5,0,2,43.3,13,30,30,2,13,13,14,s:40~l:59~t:14,seattle-storm,Seattle,Storm,SEA,Seattle Storm,Storm,2c5235,fee11a,https://a.espncdn.com/i/teamlogos/wnba/500/sea.png,76,10,26,15
401507236,2023,2,2023-07-08,2023-07-08 14:00:00-04:00,14,s:40~l:59~t:14,seattle-storm,Seattle,STORM,SEA,Seattle Storm,Storm,2c5235,fee11a,https://a.espncdn.com/i/teamlogos/wnba/500/sea.png,away,76,False,19,6,33,38.7,29,75,0,17,85.7,12,14,7,15,7,3,0,18.8,6,32,48,0,18,15,9,s:40~l:59~t:9,new-york-liberty,New York,Liberty,NY,New York Liberty,Liberty,86cebc,000000,https://a.espncdn.com/i/teamlogos/wnba/500/ny.png,80,11,34,18
401507237,2023,2,2023-07-09,2023-07-09 15:00:00-04:00,18,s:40~l:59~t:18,connecticut-sun,Connecticut,SUN,CONN,Connecticut Sun,Sun,f05023,0a2240,https://a.espncdn.com/i/teamlogos/wnba/500/conn.png,home,92,True,18,1,20,50.8,33,65,0,17,61.9,13,21,11,4,6,1,1,52.0,13,25,24,1,12,11,16,s:40~l:59~t:16,washington-mystics,Washington,Mystics,WSH,Washington Mystics,Mystics,e03a3e,002b5c,https://a.espncdn.com/i/teamlogos/wnba/500/wsh.png,84,4,24,15
401507241,2023,2,2023-07-09,2023-07-09 20:00:00-04:00,20,s:40~l:59~t:20,atlanta-dream,Atlanta,DREAM,ATL,Atlanta Dream,Dream,e31837,5091cc,https://a.espncdn.com/i/teamlogos/wnba/500/atl.png,away,88,True,24,5,29,46.7,35,75,1,17,80.0,12,15,12,13,8,2,0,37.5,6,16,42,0,12,10,19,s:40~l:59~t:19,chicago-sky,Chicago,Sky,CHI,Chicago Sky,Sky,5091cd,ffd520,https://a.espncdn.com/i/teamlogos/wnba/500/chi.png,77,11,44,12
401507241,2023,2,2023-07-09,2023-07-09 20:00:00-04:00,19,s:40~l:59~t:19,chicago-sky,Chicago,SKY,CHI,Chicago Sky,Sky,5091cd,ffd520,https://a.espncdn.com/i/teamlogos/wnba/500/chi.png,home,77,False,20,6,22,41.1,30,73,0,16,68.8,11,16,3,8,2,0,0,27.3,6,22,30,0,10,10,20,s:40~l:59~t:20,atlanta-dream,Atlanta,Dream,ATL,Atlanta Dream,Dream,e31837,5091cc,https://a.espncdn.com/i/teamlogos/wnba/500/atl.png,88,11,32,13
401507240,2023,2,2023-07-09,2023-07-09 19:00:00-04:00,17,s:40~l:59~t:17,las-vegas-aces,Las Vegas,ACES,LV,Las Vegas Aces,Aces,ce1141,b4975a,https://a.espncdn.com/i/teamlogos/wnba/500/lv.png,away,113,True,31,11,27,59.7,43,72,0,11,71.4,10,14,26,7,9,1,0,43.6,17,39,34,0,12,11,8,s:40~l:59~t:8,minnesota-lynx,Minnesota,Lynx,MIN,Minnesota Lynx,Lynx,266092,79bc43,https://a.espncdn.com/i/teamlogos/wnba/500/min.png,89,18,40,23
401507237,2023,2,2023-07-09,2023-07-09 15:00:00-04:00,16,s:40~l:59~t:16,washington-mystics,Washington,MYSTICS,WSH,Washington Mystics,Mystics,e03a3e,002b5c,https://a.espncdn.com/i/teamlogos/wnba/500/wsh.png,away,84,False,24,4,26,54.1,33,61,0,21,73.3,11,15,6,5,8,1,1,41.2,7,17,31,1,18,17,18,s:40~l:59~t:18,connecticut-sun,Connecticut,Sun,CONN,Connecticut Sun,Sun,f05023,0a2240,https://a.espncdn.com/i/teamlogos/wnba/500/conn.png,92,12,46,17
401507239,2023,2,2023-07-09,2023-07-09 18:00:00-04:00,6,s:40~l:59~t:6,los-angeles-sparks,Los Angeles,SPARKS,LA,Los Angeles Sparks,Sparks,552583,fdb927,https://a.espncdn.com/i/teamlogos/wnba/500/la.png,away,72,False,15,2,22,37.1,26,70,0,19,85.7,12,14,3,8,9,2,0,38.1,8,21,30,0,13,11,11,s:40~l:59~t:11,phoenix-mercury,Phoenix,Mercury,PHX,Phoenix Mercury,Mercury,3c286e,e56020,https://a.espncdn.com/i/teamlogos/wnba/500/phx.png,78,2,28,9
401507238,2023,2,2023-07-09,2023-07-09 16:00:00-04:00,5,s:40~l:59~t:5,indiana-fever,Indiana,FEVER,IND,Indiana Fever,Fever,002d62,e03a3e,https://a.espncdn.com/i/teamlogos/wnba/500/ind.png,home,76,False,18,2,24,44.8,30,67,0,21,76.5,13,17,8,11,5,1,0,21.4,3,14,35,0,18,17,3,s:40~l:59~t:3,dallas-wings,Dallas,Wings,DAL,Dallas Wings,Wings,002b5c,c4d600,https://a.espncdn.com/i/teamlogos/wnba/500/dal.png,77,10,36,16
401507240,2023,2,2023-07-09,2023-07-09 19:00:00-04:00,8,s:40~l:59~t:8,minnesota-lynx,Minnesota,LYNX,MIN,Minnesota Lynx,Lynx,266092,79bc43,https://a.espncdn.com/i/teamlogos/wnba/500/min.png,home,89,False,24,2,21,50.0,36,72,0,14,53.3,8,15,3,5,6,1,0,56.3,9,16,26,0,14,13,17,s:40~l:59~t:17,las-vegas-aces,Las Vegas,Aces,LV,Las Vegas Aces,Aces,ce1141,b4975a,https://a.espncdn.com/i/teamlogos/wnba/500/lv.png,113,11,42,20
401507239,2023,2,2023-07-09,2023-07-09 18:00:00-04:00,11,s:40~l:59~t:11,phoenix-mercury,Phoenix,MERCURY,PHX,Phoenix Mercury,Mercury,3c286e,e56020,https://a.espncdn.com/i/teamlogos/wnba/500/phx.png,home,78,True,22,6,27,47.6,30,63,0,19,86.7,13,15,13,10,7,1,0,29.4,5,17,37,0,18,17,6,s:40~l:59~t:6,los-angeles-sparks,Los Angeles,Sparks,LA,Los Angeles Sparks,Sparks,552583,fdb927,https://a.espncdn.com/i/teamlogos/wnba/500/la.png,72,2,40,21
401507238,2023,2,2023-07-09,2023-07-09 16:00:00-04:00,3,s:40~l:59~t:3,dallas-wings,Dallas,WINGS,DAL,Dallas Wings,Wings,002b5c,c4d600,https://a.espncdn.com/i/teamlogos/wnba/500/dal.png,away,77,True,18,4,24,43.5,27,62,0,18,80.8,21,26,13,9,9,1,0,15.4,2,13,33,0,14,13,5,s:40~l:59~t:5,indiana-fever,Indiana,Fever,IND,Indiana Fever,Fever,002d62,e03a3e,https://a.espncdn.com/i/teamlogos/wnba/500/ind.png,76,19,34,18
401507242,2023,2,2023-07-11,2023-07-11 19:00:00-04:00,16,s:40~l:59~t:16,washington-mystics,Washington,MYSTICS,WSH,Washington Mystics,Mystics,e03a3e,002b5c,https://a.espncdn.com/i/teamlogos/wnba/500/wsh.png,home,93,True,19,2,25,53.7,36,67,0,13,75.0,12,16,25,6,8,2,1,37.5,9,24,31,1,14,12,14,s:40~l:59~t:14,seattle-storm,Seattle,Storm,SEA,Seattle Storm,Storm,2c5235,fee11a,https://a.espncdn.com/i/teamlogos/wnba/500/sea.png,86,10,32,16
401507242,2023,2,2023-07-11,2023-07-11 19:00:00-04:00,14,s:40~l:59~t:14,seattle-storm,Seattle,STORM,SEA,Seattle Storm,Storm,2c5235,fee11a,https://a.espncdn.com/i/teamlogos/wnba/500/sea.png,away,86,False,18,2,23,44.8,30,67,0,16,82.4,14,17,6,8,9,0,0,40.0,12,30,31,0,15,15,16,s:40~l:59~t:16,washington-mystics,Washington,Mystics,WSH,Washington Mystics,Mystics,e03a3e,002b5c,https://a.espncdn.com/i/teamlogos/wnba/500/wsh.png,93,10,32,20
401507243,2023,2,2023-07-11,2023-07-11 22:00:00-04:00,17,s:40~l:59~t:17,las-vegas-aces,Las Vegas,ACES,LV,Las Vegas Aces,Aces,ce1141,b4975a,https://a.espncdn.com/i/teamlogos/wnba/500/lv.png,home,98,True,24,3,32,50.0,36,72,0,15,77.3,17,22,36,3,3,1,0,36.0,9,25,35,0,4,3,11,s:40~l:59~t:11,phoenix-mercury,Phoenix,Mercury,PHX,Phoenix Mercury,Mercury,3c286e,e56020,https://a.espncdn.com/i/teamlogos/wnba/500/phx.png,72,7,50,9
401507243,2023,2,2023-07-11,2023-07-11 22:00:00-04:00,11,s:40~l:59~t:11,phoenix-mercury,Phoenix,MERCURY,PHX,Phoenix Mercury,Mercury,3c286e,e56020,https://a.espncdn.com/i/teamlogos/wnba/500/phx.png,away,72,False,15,2,30,38.6,27,70,2,19,85.7,12,14,3,8,3,1,1,31.6,6,19,38,1,10,9,17,s:40~l:59~t:17,las-vegas-aces,Las Vegas,Aces,LV,Las Vegas Aces,Aces,ce1141,b4975a,https://a.espncdn.com/i/teamlogos/wnba/500/lv.png,98,1,32,14
401507245,2023,2,2023-07-12,2023-07-12 12:00:00-04:00,19,s:40~l:59~t:19,chicago-sky,Chicago,SKY,CHI,Chicago Sky,Sky,5091cd,ffd520,https://a.espncdn.com/i/teamlogos/wnba/500/chi.png,home,72,False,19,7,24,40.3,25,62,0,17,77.8,14,18,6,7,6,2,0,40.0,8,20,31,0,18,16,18,s:40~l:59~t:18,connecticut-sun,Connecticut,Sun,CONN,Connecticut Sun,Sun,f05023,0a2240,https://a.espncdn.com/i/teamlogos/wnba/500/conn.png,84,16,30,26
401507245,2023,2,2023-07-12,2023-07-12 12:00:00-04:00,18,s:40~l:59~t:18,connecticut-sun,Connecticut,SUN,CONN,Connecticut Sun,Sun,f05023,0a2240,https://a.espncdn.com/i/teamlogos/wnba/500/conn.png,away,84,True,26,1,22,49.3,34,69,0,14,58.8,10,17,18,8,7,1,0,30.0,6,20,30,0,11,10,19,s:40~l:59~t:19,chicago-sky,Chicago,Sky,CHI,Chicago Sky,Sky,5091cd,ffd520,https://a.espncdn.com/i/teamlogos/wnba/500/chi.png,72,14,46,13
401507244,2023,2,2023-07-12,2023-07-12 12:00:00-04:00,9,s:40~l:59~t:9,new-york-liberty,New York,LIBERTY,NY,New York Liberty,Liberty,86cebc,000000,https://a.espncdn.com/i/teamlogos/wnba/500/ny.png,away,95,True,27,4,39,41.9,31,74,0,22,87.5,21,24,20,8,7,3,0,33.3,12,36,47,0,22,19,5,s:40~l:59~t:5,indiana-fever,Indiana,Fever,IND,Indiana Fever,Fever,002d62,e03a3e,https://a.espncdn.com/i/teamlogos/wnba/500/ind.png,87,9,28,15
401507246,2023,2,2023-07-12,2023-07-12 13:00:00-04:00,8,s:40~l:59~t:8,minnesota-lynx,Minnesota,LYNX,MIN,Minnesota Lynx,Lynx,266092,79bc43,https://a.espncdn.com/i/teamlogos/wnba/500/min.png,home,67,False,16,3,18,40.0,28,70,0,16,62.5,5,8,1,10,4,0,0,26.1,6,23,28,0,15,15,3,s:40~l:59~t:3,dallas-wings,Dallas,Wings,DAL,Dallas Wings,Wings,002b5c,c4d600,https://a.espncdn.com/i/teamlogos/wnba/500/dal.png,107,3,26,25
401507246,2023,2,2023-07-12,2023-07-12 13:00:00-04:00,3,s:40~l:59~t:3,dallas-wings,Dallas,WINGS,DAL,Dallas Wings,Wings,002b5c,c4d600,https://a.espncdn.com/i/teamlogos/wnba/500/dal.png,away,107,True,31,4,31,51.9,41,79,0,13,78.9,15,19,42,12,9,0,1,38.5,10,26,43,1,7,7,8,s:40~l:59~t:8,minnesota-lynx,Minnesota,Lynx,MIN,Minnesota Lynx,Lynx,266092,79bc43,https://a.espncdn.com/i/teamlogos/wnba/500/min.png,67,14,52,3
401507247,2023,2,2023-07-12,2023-07-12 19:00:00-04:00,20,s:40~l:59~t:20,atlanta-dream,Atlanta,DREAM,ATL,Atlanta Dream,Dream,e31837,5091cc,https://a.espncdn.com/i/teamlogos/wnba/500/atl.png,home,85,True,18,2,36,46.4,32,69,0,21,81.0,17,21,24,9,8,1,1,21.1,4,19,45,1,17,16,14,s:40~l:59~t:14,seattle-storm,Seattle,Storm,SEA,Seattle Storm,Storm,2c5235,fee11a,https://a.espncdn.com/i/teamlogos/wnba/500/sea.png,75,10,44,12
401507247,2023,2,2023-07-12,2023-07-12 19:00:00-04:00,14,s:40~l:59~t:14,seattle-storm,Seattle,STORM,SEA,Seattle Storm,Storm,2c5235,fee11a,https://a.espncdn.com/i/teamlogos/wnba/500/sea.png,away,75,False,21,3,27,37.3,25,67,0,20,69.2,18,26,2,5,8,0,0,33.3,7,21,32,0,13,13,20,s:40~l:59~t:20,atlanta-dream,Atlanta,Dream,ATL,Atlanta Dream,Dream,e31837,5091cc,https://a.espncdn.com/i/teamlogos/wnba/500/atl.png,85,17,32,9
401507248,2023,2,2023-07-12,2023-07-12 22:00:00-04:00,6,s:40~l:59~t:6,los-angeles-sparks,Los Angeles,SPARKS,LA,Los Angeles Sparks,Sparks,552583,fdb927,https://a.espncdn.com/i/teamlogos/wnba/500/la.png,home,78,False,22,3,24,43.6,34,78,0,13,75.0,6,8,0,12,9,0,0,19.0,4,21,36,0,16,16,17,s:40~l:59~t:17,las-vegas-aces,Las Vegas,Aces,LV,Las Vegas Aces,Aces,ce1141,b4975a,https://a.espncdn.com/i/teamlogos/wnba/500/lv.png,97,9,48,21
401507248,2023,2,2023-07-12,2023-07-12 22:00:00-04:00,17,s:40~l:59~t:17,las-vegas-aces,Las Vegas,ACES,LV,Las Vegas Aces,Aces,ce1141,b4975a,https://a.espncdn.com/i/teamlogos/wnba/500/lv.png,away,97,True,20,5,29,54.4,37,68,1,14,87.5,14,16,29,5,12,0,0,40.9,9,22,34,0,15,15,6,s:40~l:59~t:6,los-angeles-sparks,Los Angeles,Sparks,LA,Los Angeles Sparks,Sparks,552583,fdb927,https://a.espncdn.com/i/teamlogos/wnba/500/la.png,78,14,52,18
401507244,2023,2,2023-07-12,2023-07-12 12:00:00-04:00,5,s:40~l:59~t:5,indiana-fever,Indiana,FEVER,IND,Indiana Fever,Fever,002d62,e03a3e,https://a.espncdn.com/i/teamlogos/wnba/500/ind.png,home,87,False,20,0,32,39.0,32,82,0,22,81.0,17,21,6,8,7,1,0,28.6,6,21,40,0,14,13,9,s:40~l:59~t:9,new-york-liberty,New York,Liberty,NY,New York Liberty,Liberty,86cebc,000000,https://a.espncdn.com/i/teamlogos/wnba/500/ny.png,95,7,44,16
401558893,2023,2,2023-07-15,2023-07-15 20:30:00-04:00,126287,s:40~l:59~t:126287,team-stewart,Team Stewart,TEAM STEWART,STE,Team Stewart,Team Stewart,,,,away,143,True,38,2,45,50.0,58,116,0,2,100.0,6,6,26,19,3,0,0,30.9,21,68,64,0,9,9,112530,s:40~l:59~t:112530,team-wilson,Team Wilson,Team Wilson,WIL,Team Wilson,Team Wilson,,,,127,12,68,15
401558893,2023,2,2023-07-15,2023-07-15 20:30:00-04:00,112530,s:40~l:59~t:112530,team-wilson,Team Wilson,TEAM WILSON,WIL,Team Wilson,Team Wilson,,,,home,127,False,31,0,31,43.1,50,116,0,2,100.0,6,6,4,16,5,0,0,30.4,21,69,47,0,5,5,126287,s:40~l:59~t:126287,team-stewart,Team Stewart,Team Stewart,STE,Team Stewart,Team Stewart,,,,143,19,48,6
401507249,2023,2,2023-07-18,2023-07-18 19:00:00-04:00,8,s:40~l:59~t:8,minnesota-lynx,Minnesota,LYNX,MIN,Minnesota Lynx,Lynx,266092,79bc43,https://a.espncdn.com/i/teamlogos/wnba/500/min.png,away,73,False,12,4,30,37.9,25,66,1,17,81.0,17,21,0,7,5,1,0,27.3,6,22,37,0,14,13,20,s:40~l:59~t:20,atlanta-dream,Atlanta,Dream,ATL,Atlanta Dream,Dream,e31837,5091cc,https://a.espncdn.com/i/teamlogos/wnba/500/atl.png,82,15,32,13
401507249,2023,2,2023-07-18,2023-07-18 19:00:00-04:00,20,s:40~l:59~t:20,atlanta-dream,Atlanta,DREAM,ATL,Atlanta Dream,Dream,e31837,5091cc,https://a.espncdn.com/i/teamlogos/wnba/500/atl.png,home,82,True,24,4,29,40.3,29,72,0,21,73.3,11,15,22,8,5,2,1,39.4,13,33,37,1,14,12,8,s:40~l:59~t:8,minnesota-lynx,Minnesota,Lynx,MIN,Minnesota Lynx,Lynx,266092,79bc43,https://a.espncdn.com/i/teamlogos/wnba/500/min.png,73,9,24,15
401507250,2023,2,2023-07-18,2023-07-18 22:00:00-04:00,11,s:40~l:59~t:11,phoenix-mercury,Phoenix,MERCURY,PHX,Phoenix Mercury,Mercury,3c286e,e56020,https://a.espncdn.com/i/teamlogos/wnba/500/phx.png,home,72,True,19,6,28,41.9,26,62,0,24,90.0,9,10,14,5,5,1,0,42.3,11,26,33,0,14,13,18,s:40~l:59~t:18,connecticut-sun,Connecticut,Sun,CONN,Connecticut Sun,Sun,f05023,0a2240,https://a.espncdn.com/i/teamlogos/wnba/500/conn.png,66,5,18,13
401507250,2023,2,2023-07-18,2023-07-18 22:00:00-04:00,18,s:40~l:59~t:18,connecticut-sun,Connecticut,SUN,CONN,Connecticut Sun,Sun,f05023,0a2240,https://a.espncdn.com/i/teamlogos/wnba/500/conn.png,away,66,False,14,4,26,36.1,22,61,0,15,76.2,16,21,2,6,7,2,2,37.5,6,16,32,2,12,10,11,s:40~l:59~t:11,phoenix-mercury,Phoenix,Mercury,PHX,Phoenix Mercury,Mercury,3c286e,e56020,https://a.espncdn.com/i/teamlogos/wnba/500/phx.png,72,14,26,18
401507251,2023,2,2023-07-19,2023-07-19 11:30:00-04:00,5,s:40~l:59~t:5,indiana-fever,Indiana,FEVER,IND,Indiana Fever,Fever,002d62,e03a3e,https://a.espncdn.com/i/teamlogos/wnba/500/ind.png,away,82,True,22,0,26,43.8,28,64,0,20,85.7,18,21,11,6,7,1,0,33.3,8,24,32,0,15,14,16,s:40~l:59~t:16,washington-mystics,Washington,Mystics,WSH,Washington Mystics,Mystics,e03a3e,002b5c,https://a.espncdn.com/i/teamlogos/wnba/500/wsh.png,76,7,28,22
401507252,2023,2,2023-07-19,2023-07-19 13:00:00-04:00,9,s:40~l:59~t:9,new-york-liberty,New York,LIBERTY,NY,New York Liberty,Liberty,86cebc,000000,https://a.espncdn.com/i/teamlogos/wnba/500/ny.png,home,88,False,21,3,28,45.7,32,70,0,17,91.7,11,12,5,8,0,0,1,43.3,13,30,36,1,13,13,3,s:40~l:59~t:3,dallas-wings,Dallas,Wings,DAL,Dallas Wings,Wings,002b5c,c4d600,https://a.espncdn.com/i/teamlogos/wnba/500/dal.png,98,5,36,20
401507252,2023,2,2023-07-19,2023-07-19 13:00:00-04:00,3,s:40~l:59~t:3,dallas-wings,Dallas,WINGS,DAL,Dallas Wings,Wings,002b5c,c4d600,https://a.espncdn.com/i/teamlogos/wnba/500/dal.png,away,98,True,25,3,28,47.5,38,80,0,16,65.2,15,23,16,12,6,0,0,43.8,7,16,40,0,2,2,9,s:40~l:59~t:9,new-york-liberty,New York,Liberty,NY,New York Liberty,Liberty,86cebc,000000,https://a.espncdn.com/i/teamlogos/wnba/500/ny.png,88,13,50,0
401507251,2023,2,2023-07-19,2023-07-19 11:30:00-04:00,16,s:40~l:59~t:16,washington-mystics,Washington,MYSTICS,WSH,Washington Mystics,Mystics,e03a3e,002b5c,https://a.espncdn.com/i/teamlogos/wnba/500/wsh.png,home,76,False,22,6,26,44.6,29,65,0,20,71.4,10,14,5,6,7,1,0,32.0,8,25,32,0,16,15,5,s:40~l:59~t:5,indiana-fever,Indiana,Fever,IND,Indiana Fever,Fever,002d62,e03a3e,https://a.espncdn.com/i/teamlogos/wnba/500/ind.png,82,13,34,12
401507255,2023,2,2023-07-20,2023-07-20 22:00:00-04:00,19,s:40~l:59~t:19,chicago-sky,Chicago,SKY,CHI,Chicago Sky,Sky,5091cd,ffd520,https://a.espncdn.com/i/teamlogos/wnba/500/chi.png,away,62,False,15,6,22,34.2,26,76,0,13,61.5,8,13,0,15,13,1,0,9.5,2,21,37,0,14,13,11,s:40~l:59~t:11,phoenix-mercury,Phoenix,Mercury,PHX,Phoenix Mercury,Mercury,3c286e,e56020,https://a.espncdn.com/i/teamlogos/wnba/500/phx.png,80,14,32,13
401507256,2023,2,2023-07-20,2023-07-20 22:00:00-04:00,17,s:40~l:59~t:17,las-vegas-aces,Las Vegas,ACES,LV,Las Vegas Aces,Aces,ce1141,b4975a,https://a.espncdn.com/i/teamlogos/wnba/500/lv.png,away,79,True,19,4,33,43.9,29,66,0,19,73.7,14,19,24,7,16,0,0,38.9,7,18,40,0,14,14,14,s:40~l:59~t:14,seattle-storm,Seattle,Storm,SEA,Seattle Storm,Storm,2c5235,fee11a,https://a.espncdn.com/i/teamlogos/wnba/500/sea.png,63,10,38,12
401507255,2023,2,2023-07-20,2023-07-20 22:00:00-04:00,11,s:40~l:59~t:11,phoenix-mercury,Phoenix,MERCURY,PHX,Phoenix Mercury,Mercury,3c286e,e56020,https://a.espncdn.com/i/teamlogos/wnba/500/phx.png,home,80,True,19,4,29,45.6,31,68,1,15,90.0,9,10,20,11,5,1,0,45.0,9,20,40,0,18,17,19,s:40~l:59~t:19,chicago-sky,Chicago,Sky,CHI,Chicago Sky,Sky,5091cd,ffd520,https://a.espncdn.com/i/teamlogos/wnba/500/chi.png,62,7,40,24
401507254,2023,2,2023-07-20,2023-07-20 20:00:00-04:00,8,s:40~l:59~t:8,minnesota-lynx,Minnesota,LYNX,MIN,Minnesota Lynx,Lynx,266092,79bc43,https://a.espncdn.com/i/teamlogos/wnba/500/min.png,home,73,True,19,2,30,44.1,30,68,0,14,58.3,7,12,20,6,8,1,1,26.1,6,23,36,1,14,13,6,s:40~l:59~t:6,los-angeles-sparks,Los Angeles,Sparks,LA,Los Angeles Sparks,Sparks,552583,fdb927,https://a.espncdn.com/i/teamlogos/wnba/500/la.png,70,14,44,12
401507253,2023,2,2023-07-20,2023-07-20 11:30:00-04:00,20,s:40~l:59~t:20,atlanta-dream,Atlanta,DREAM,ATL,Atlanta Dream,Dream,e31837,5091cc,https://a.espncdn.com/i/teamlogos/wnba/500/atl.png,away,71,False,15,5,29,39.1,25,64,0,20,73.7,14,19,8,10,9,2,1,38.9,7,18,39,1,23,21,18,s:40~l:59~t:18,connecticut-sun,Connecticut,Sun,CONN,Connecticut Sun,Sun,f05023,0a2240,https://a.espncdn.com/i/teamlogos/wnba/500/conn.png,82,4,30,17
401507253,2023,2,2023-07-20,2023-07-20 11:30:00-04:00,18,s:40~l:59~t:18,connecticut-sun,Connecticut,SUN,CONN,Connecticut Sun,Sun,f05023,0a2240,https://a.espncdn.com/i/teamlogos/wnba/500/conn.png,home,82,True,20,9,26,42.6,29,68,0,21,72.2,13,18,14,7,13,1,0,47.8,11,23,33,0,16,15,20,s:40~l:59~t:20,atlanta-dream,Atlanta,Dream,ATL,Atlanta Dream,Dream,e31837,5091cc,https://a.espncdn.com/i/teamlogos/wnba/500/atl.png,71,12,34,16
401507254,2023,2,2023-07-20,2023-07-20 20:00:00-04:00,6,s:40~l:59~t:6,los-angeles-sparks,Los Angeles,SPARKS,LA,Los Angeles Sparks,Sparks,552583,fdb927,https://a.espncdn.com/i/teamlogos/wnba/500/la.png,away,70,False,17,1,32,40.3,25,62,0,20,81.3,13,16,7,7,9,1,0,33.3,7,21,39,0,19,18,8,s:40~l:59~t:8,minnesota-lynx,Minnesota,Lynx,MIN,Minnesota Lynx,Lynx,266092,79bc43,https://a.espncdn.com/i/teamlogos/wnba/500/min.png,73,7,28,18
401507256,2023,2,2023-07-20,2023-07-20 22:00:00-04:00,14,s:40~l:59~t:14,seattle-storm,Seattle,STORM,SEA,Seattle Storm,Storm,2c5235,fee11a,https://a.espncdn.com/i/teamlogos/wnba/500/sea.png,home,63,False,16,4,27,38.7,24,62,0,16,44.4,8,18,2,6,10,0,0,26.9,7,26,33,0,18,18,17,s:40~l:59~t:17,las-vegas-aces,Las Vegas,Aces,LV,Las Vegas Aces,Aces,ce1141,b4975a,https://a.espncdn.com/i/teamlogos/wnba/500/lv.png,79,11,32,21
401507257,2023,2,2023-07-21,2023-07-21 19:00:00-04:00,16,s:40~l:59~t:16,washington-mystics,Washington,MYSTICS,WSH,Washington Mystics,Mystics,e03a3e,002b5c,https://a.espncdn.com/i/teamlogos/wnba/500/wsh.png,home,87,False,19,5,20,39.0,30,77,0,18,94.4,17,18,8,8,6,0,0,43.5,10,23,28,0,10,10,9,s:40~l:59~t:9,new-york-liberty,New York,Liberty,NY,New York Liberty,Liberty,86cebc,000000,https://a.espncdn.com/i/teamlogos/wnba/500/ny.png,96,7,36,12
401507257,2023,2,2023-07-21,2023-07-21 19:00:00-04:00,9,s:40~l:59~t:9,new-york-liberty,New York,LIBERTY,NY,New York Liberty,Liberty,86cebc,000000,https://a.espncdn.com/i/teamlogos/wnba/500/ny.png,away,96,True,22,5,36,47.3,35,74,1,16,88.2,15,17,17,12,3,0,0,35.5,11,31,48,0,18,18,16,s:40~l:59~t:16,washington-mystics,Washington,Mystics,WSH,Washington Mystics,Mystics,e03a3e,002b5c,https://a.espncdn.com/i/teamlogos/wnba/500/wsh.png,87,14,46,24
401507258,2023,2,2023-07-22,2023-07-22 13:00:00-04:00,20,s:40~l:59~t:20,atlanta-dream,Atlanta,DREAM,ATL,Atlanta Dream,Dream,e31837,5091cc,https://a.espncdn.com/i/teamlogos/wnba/500/atl.png,home,78,False,7,7,28,30.4,21,69,0,20,81.1,30,37,0,10,6,1,0,23.1,6,26,38,0,10,9,18,s:40~l:59~t:18,connecticut-sun,Connecticut,Sun,CONN,Connecticut Sun,Sun,f05023,0a2240,https://a.espncdn.com/i/teamlogos/wnba/500/conn.png,86,11,22,11
401507258,2023,2,2023-07-22,2023-07-22 13:00:00-04:00,18,s:40~l:59~t:18,connecticut-sun,Connecticut,SUN,CONN,Connecticut Sun,Sun,f05023,0a2240,https://a.espncdn.com/i/teamlogos/wnba/500/conn.png,away,86,True,22,5,33,43.9,29,66,0,21,75.0,21,28,20,6,8,0,0,29.2,7,24,39,0,13,13,20,s:40~l:59~t:20,atlanta-dream,Atlanta,Dream,ATL,Atlanta Dream,Dream,e31837,5091cc,https://a.espncdn.com/i/teamlogos/wnba/500/atl.png,78,8,38,20
401507261,2023,2,2023-07-22,2023-07-22 15:00:00-04:00,8,s:40~l:59~t:8,minnesota-lynx,Minnesota,LYNX,MIN,Minnesota Lynx,Lynx,266092,79bc43,https://a.espncdn.com/i/teamlogos/wnba/500/min.png,home,81,False,17,5,28,42.7,32,75,0,20,90.0,9,10,0,8,5,0,3,29.6,8,27,36,3,15,15,17,s:40~l:59~t:17,las-vegas-aces,Las Vegas,Aces,LV,Las Vegas Aces,Aces,ce1141,b4975a,https://a.espncdn.com/i/teamlogos/wnba/500/lv.png,98,6,40,25
401507261,2023,2,2023-07-22,2023-07-22 15:00:00-04:00,17,s:40~l:59~t:17,las-vegas-aces,Las Vegas,ACES,LV,Las Vegas Aces,Aces,ce1141,b4975a,https://a.espncdn.com/i/teamlogos/wnba/500/lv.png,away,98,True,25,1,30,52.2,36,69,0,12,75.0,18,24,26,4,8,1,1,30.8,8,26,34,1,14,13,8,s:40~l:59~t:8,minnesota-lynx,Minnesota,Lynx,MIN,Minnesota Lynx,Lynx,266092,79bc43,https://a.espncdn.com/i/teamlogos/wnba/500/min.png,81,7,46,11
401507260,2023,2,2023-07-22,2023-07-22 20:00:00-04:00,6,s:40~l:59~t:6,los-angeles-sparks,Los Angeles,SPARKS,LA,Los Angeles Sparks,Sparks,552583,fdb927,https://a.espncdn.com/i/teamlogos/wnba/500/la.png,away,84,False,20,1,21,50.8,32,63,1,12,85.7,12,14,4,3,4,3,1,44.4,8,18,24,1,15,12,3,s:40~l:59~t:3,dallas-wings,Dallas,Wings,DAL,Dallas Wings,Wings,002b5c,c4d600,https://a.espncdn.com/i/teamlogos/wnba/500/dal.png,98,8,32,26
401507260,2023,2,2023-07-22,2023-07-22 20:00:00-04:00,3,s:40~l:59~t:3,dallas-wings,Dallas,WINGS,DAL,Dallas Wings,Wings,002b5c,c4d600,https://a.espncdn.com/i/teamlogos/wnba/500/dal.png,home,98,True,26,6,25,53.9,41,76,0,14,66.7,10,15,17,13,9,0,1,31.6,6,19,38,1,11,11,6,s:40~l:59~t:6,los-angeles-sparks,Los Angeles,Sparks,LA,Los Angeles Sparks,Sparks,552583,fdb927,https://a.espncdn.com/i/teamlogos/wnba/500/la.png,84,20,54,15
401507259,2023,2,2023-07-22,2023-07-22 21:00:00-04:00,19,s:40~l:59~t:19,chicago-sky,Chicago,SKY,CHI,Chicago Sky,Sky,5091cd,ffd520,https://a.espncdn.com/i/teamlogos/wnba/500/chi.png,away,90,True,17,3,26,42.0,29,69,0,20,77.4,24,31,23,18,10,0,1,38.1,8,21,44,1,20,20,14,s:40~l:59~t:14,seattle-storm,Seattle,Storm,SEA,Seattle Storm,Storm,2c5235,fee11a,https://a.espncdn.com/i/teamlogos/wnba/500/sea.png,75,10,38,23
401507259,2023,2,2023-07-22,2023-07-22 21:00:00-04:00,14,s:40~l:59~t:14,seattle-storm,Seattle,STORM,SEA,Seattle Storm,Storm,2c5235,fee11a,https://a.espncdn.com/i/teamlogos/wnba/500/sea.png,home,75,False,13,2,20,46.7,28,60,1,23,80.0,16,20,0,4,12,1,2,25.0,3,12,24,2,20,19,19,s:40~l:59~t:19,chicago-sky,Chicago,Sky,CHI,Chicago Sky,Sky,5091cd,ffd520,https://a.espncdn.com/i/teamlogos/wnba/500/chi.png,90,13,46,18
401507262,2023,2,2023-07-23,2023-07-23 15:00:00-04:00,5,s:40~l:59~t:5,indiana-fever,Indiana,FEVER,IND,Indiana Fever,Fever,002d62,e03a3e,https://a.espncdn.com/i/teamlogos/wnba/500/ind.png,away,83,False,19,4,17,46.2,30,65,1,17,88.2,15,17,0,8,10,1,0,47.1,8,17,25,0,16,15,9,s:40~l:59~t:9,new-york-liberty,New York,Liberty,NY,New York Liberty,Liberty,86cebc,000000,https://a.espncdn.com/i/teamlogos/wnba/500/ny.png,101,12,38,25
401507263,2023,2,2023-07-23,2023-07-23 13:00:00-04:00,16,s:40~l:59~t:16,washington-mystics,Washington,MYSTICS,WSH,Washington Mystics,Mystics,e03a3e,002b5c,https://a.espncdn.com/i/teamlogos/wnba/500/wsh.png,home,84,True,18,3,29,46.2,30,65,1,14,81.0,17,21,26,6,12,0,0,31.8,7,22,35,0,15,15,11,s:40~l:59~t:11,phoenix-mercury,Phoenix,Mercury,PHX,Phoenix Mercury,Mercury,3c286e,e56020,https://a.espncdn.com/i/teamlogos/wnba/500/phx.png,69,10,32,13
401507263,2023,2,2023-07-23,2023-07-23 13:00:00-04:00,11,s:40~l:59~t:11,phoenix-mercury,Phoenix,MERCURY,PHX,Phoenix Mercury,Mercury,3c286e,e56020,https://a.espncdn.com/i/teamlogos/wnba/500/phx.png,away,69,False,20,3,25,42.6,26,61,0,18,75.0,9,12,5,5,10,0,1,38.1,8,21,30,1,19,19,16,s:40~l:59~t:16,washington-mystics,Washington,Mystics,WSH,Washington Mystics,Mystics,e03a3e,002b5c,https://a.espncdn.com/i/teamlogos/wnba/500/wsh.png,84,3,26,22
401507262,2023,2,2023-07-23,2023-07-23 15:00:00-04:00,9,s:40~l:59~t:9,new-york-liberty,New York,LIBERTY,NY,New York Liberty,Liberty,86cebc,000000,https://a.espncdn.com/i/teamlogos/wnba/500/ny.png,home,101,True,29,3,24,54.4,37,68,0,15,71.4,10,14,34,11,8,0,1,50.0,17,34,35,1,16,16,5,s:40~l:59~t:5,indiana-fever,Indiana,Fever,IND,Indiana Fever,Fever,002d62,e03a3e,https://a.espncdn.com/i/teamlogos/wnba/500/ind.png,83,9,34,14
401507268,2023,2,2023-07-25,2023-07-25 22:00:00-04:00,6,s:40~l:59~t:6,los-angeles-sparks,Los Angeles,SPARKS,LA,Los Angeles Sparks,Sparks,552583,fdb927,https://a.espncdn.com/i/teamlogos/wnba/500/la.png,home,79,True,17,5,19,43.7,31,71,0,13,91.7,11,12,11,6,9,0,0,37.5,6,16,25,0,11,11,5,s:40~l:59~t:5,indiana-fever,Indiana,Fever,IND,Indiana Fever,Fever,002d62,e03a3e,https://a.espncdn.com/i/teamlogos/wnba/500/ind.png,78,5,38,13
401507267,2023,2,2023-07-25,2023-07-25 20:00:00-04:00,18,s:40~l:59~t:18,connecticut-sun,Connecticut,SUN,CONN,Connecticut Sun,Sun,f05023,0a2240,https://a.espncdn.com/i/teamlogos/wnba/500/conn.png,away,88,True,19,4,23,43.9,29,66,0,15,88.5,23,26,12,8,6,2,0,29.2,7,24,31,0,9,7,3,s:40~l:59~t:3,dallas-wings,Dallas,Wings,DAL,Dallas Wings,Wings,002b5c,c4d600,https://a.espncdn.com/i/teamlogos/wnba/500/dal.png,83,12,36,10
401507267,2023,2,2023-07-25,2023-07-25 20:00:00-04:00,3,s:40~l:59~t:3,dallas-wings,Dallas,WINGS,DAL,Dallas Wings,Wings,002b5c,c4d600,https://a.espncdn.com/i/teamlogos/wnba/500/dal.png,home,83,False,15,5,26,40.8,31,76,0,21,70.0,14,20,9,18,5,1,1,33.3,7,21,44,1,10,9,18,s:40~l:59~t:18,connecticut-sun,Connecticut,Sun,CONN,Connecticut Sun,Sun,f05023,0a2240,https://a.espncdn.com/i/teamlogos/wnba/500/conn.png,88,19,40,10
401507266,2023,2,2023-07-25,2023-07-25 19:00:00-04:00,19,s:40~l:59~t:19,chicago-sky,Chicago,SKY,CHI,Chicago Sky,Sky,5091cd,ffd520,https://a.espncdn.com/i/teamlogos/wnba/500/chi.png,home,95,False,23,3,25,47.1,33,70,1,22,84.2,16,19,4,9,3,1,0,54.2,13,24,34,0,13,12,17,s:40~l:59~t:17,las-vegas-aces,Las Vegas,Aces,LV,Las Vegas Aces,Aces,ce1141,b4975a,https://a.espncdn.com/i/teamlogos/wnba/500/lv.png,107,10,24,17
401507264,2023,2,2023-07-25,2023-07-25 19:00:00-04:00,20,s:40~l:59~t:20,atlanta-dream,Atlanta,DREAM,ATL,Atlanta Dream,Dream,e31837,5091cc,https://a.espncdn.com/i/teamlogos/wnba/500/atl.png,home,78,True,22,8,29,46.3,31,67,0,19,66.7,8,12,22,6,5,0,1,47.1,8,17,35,1,17,17,11,s:40~l:59~t:11,phoenix-mercury,Phoenix,Mercury,PHX,Phoenix Mercury,Mercury,3c286e,e56020,https://a.espncdn.com/i/teamlogos/wnba/500/phx.png,65,8,30,18
401507265,2023,2,2023-07-25,2023-07-25 19:00:00-04:00,14,s:40~l:59~t:14,seattle-storm,Seattle,STORM,SEA,Seattle Storm,Storm,2c5235,fee11a,https://a.espncdn.com/i/teamlogos/wnba/500/sea.png,away,82,False,22,5,28,42.9,30,70,0,15,78.6,11,14,18,7,10,0,0,36.7,11,30,35,0,14,14,9,s:40~l:59~t:9,new-york-liberty,New York,Liberty,NY,New York Liberty,Liberty,86cebc,000000,https://a.espncdn.com/i/teamlogos/wnba/500/ny.png,86,13,34,14
401507265,2023,2,2023-07-25,2023-07-25 19:00:00-04:00,9,s:40~l:59~t:9,new-york-liberty,New York,LIBERTY,NY,New York Liberty,Liberty,86cebc,000000,https://a.espncdn.com/i/teamlogos/wnba/500/ny.png,home,86,True,26,5,34,40.0,32,80,0,11,85.7,12,14,7,13,10,1,2,28.6,10,35,47,2,13,12,14,s:40~l:59~t:14,seattle-storm,Seattle,Storm,SEA,Seattle Storm,Storm,2c5235,fee11a,https://a.espncdn.com/i/teamlogos/wnba/500/sea.png,82,11,36,5
401507266,2023,2,2023-07-25,2023-07-25 19:00:00-04:00,17,s:40~l:59~t:17,las-vegas-aces,Las Vegas,ACES,LV,Las Vegas Aces,Aces,ce1141,b4975a,https://a.espncdn.com/i/teamlogos/wnba/500/lv.png,away,107,True,24,6,26,50.0,38,76,0,13,88.9,24,27,16,9,7,1,0,31.8,7,22,35,0,5,4,19,s:40~l:59~t:19,chicago-sky,Chicago,Sky,CHI,Chicago Sky,Sky,5091cd,ffd520,https://a.espncdn.com/i/teamlogos/wnba/500/chi.png,95,22,50,5
401507264,2023,2,2023-07-25,2023-07-25 19:00:00-04:00,11,s:40~l:59~t:11,phoenix-mercury,Phoenix,MERCURY,PHX,Phoenix Mercury,Mercury,3c286e,e56020,https://a.espncdn.com/i/teamlogos/wnba/500/phx.png,away,65,False,11,8,25,35.8,24,67,0,17,80.0,12,15,0,8,9,3,1,20.8,5,24,33,1,16,13,20,s:40~l:59~t:20,atlanta-dream,Atlanta,Dream,ATL,Atlanta Dream,Dream,e31837,5091cc,https://a.espncdn.com/i/teamlogos/wnba/500/atl.png,78,7,30,15
401507268,2023,2,2023-07-25,2023-07-25 22:00:00-04:00,5,s:40~l:59~t:5,indiana-fever,Indiana,FEVER,IND,Indiana Fever,Fever,002d62,e03a3e,https://a.espncdn.com/i/teamlogos/wnba/500/ind.png,away,78,False,20,4,27,43.8,28,64,0,15,88.9,16,18,5,8,4,2,1,27.3,6,22,35,1,17,15,6,s:40~l:59~t:6,los-angeles-sparks,Los Angeles,Sparks,LA,Los Angeles Sparks,Sparks,552583,fdb927,https://a.espncdn.com/i/teamlogos/wnba/500/la.png,79,8,36,21
401507269,2023,2,2023-07-26,2023-07-26 20:00:00-04:00,8,s:40~l:59~t:8,minnesota-lynx,Minnesota,LYNX,MIN,Minnesota Lynx,Lynx,266092,79bc43,https://a.espncdn.com/i/teamlogos/wnba/500/min.png,home,97,True,21,0,24,50.7,37,73,1,8,82.6,19,23,9,9,10,0,0,30.8,4,13,33,0,11,11,16,s:40~l:59~t:16,washington-mystics,Washington,Mystics,WSH,Washington Mystics,Mystics,e03a3e,002b5c,https://a.espncdn.com/i/teamlogos/wnba/500/wsh.png,92,17,46,12
401507269,2023,2,2023-07-26,2023-07-26 20:00:00-04:00,16,s:40~l:59~t:16,washington-mystics,Washington,MYSTICS,WSH,Washington Mystics,Mystics,e03a3e,002b5c,https://a.espncdn.com/i/teamlogos/wnba/500/wsh.png,away,92,False,18,4,21,51.3,40,78,0,18,100.0,4,4,8,8,7,1,2,38.1,8,21,29,2,14,13,8,s:40~l:59~t:8,minnesota-lynx,Minnesota,Lynx,MIN,Minnesota Lynx,Lynx,266092,79bc43,https://a.espncdn.com/i/teamlogos/wnba/500/min.png,97,13,42,13
401507270,2023,2,2023-07-27,2023-07-27 15:30:00-04:00,6,s:40~l:59~t:6,los-angeles-sparks,Los Angeles,SPARKS,LA,Los Angeles Sparks,Sparks,552583,fdb927,https://a.espncdn.com/i/teamlogos/wnba/500/la.png,home,81,True,17,4,26,44.4,28,63,0,9,87.0,20,23,16,4,7,0,0,25.0,5,20,30,0,12,12,5,s:40~l:59~t:5,indiana-fever,Indiana,Fever,IND,Indiana Fever,Fever,002d62,e03a3e,https://a.espncdn.com/i/teamlogos/wnba/500/ind.png,68,12,42,15
401507270,2023,2,2023-07-27,2023-07-27 15:30:00-04:00,5,s:40~l:59~t:5,indiana-fever,Indiana,FEVER,IND,Indiana Fever,Fever,002d62,e03a3e,https://a.espncdn.com/i/teamlogos/wnba/500/ind.png,away,68,False,19,3,27,45.3,29,64,0,19,66.7,2,3,4,3,8,4,0,32.0,8,25,30,0,17,13,6,s:40~l:59~t:6,los-angeles-sparks,Los Angeles,Sparks,LA,Los Angeles Sparks,Sparks,552583,fdb927,https://a.espncdn.com/i/teamlogos/wnba/500/la.png,81,6,32,19
401507271,2023,2,2023-07-27,2023-07-27 19:00:00-04:00,9,s:40~l:59~t:9,new-york-liberty,New York,LIBERTY,NY,New York Liberty,Liberty,86cebc,000000,https://a.espncdn.com/i/teamlogos/wnba/500/ny.png,home,95,True,23,2,34,48.5,32,66,0,21,90.9,20,22,18,5,3,0,0,35.5,11,31,39,0,13,13,20,s:40~l:59~t:20,atlanta-dream,Atlanta,Dream,ATL,Atlanta Dream,Dream,e31837,5091cc,https://a.espncdn.com/i/teamlogos/wnba/500/atl.png,84,9,32,19
401507271,2023,2,2023-07-27,2023-07-27 19:00:00-04:00,20,s:40~l:59~t:20,atlanta-dream,Atlanta,DREAM,ATL,Atlanta Dream,Dream,e31837,5091cc,https://a.espncdn.com/i/teamlogos/wnba/500/atl.png,away,84,False,18,5,24,42.5,31,73,0,17,60.9,14,23,0,8,1,0,1,30.8,8,26,32,1,7,7,9,s:40~l:59~t:9,new-york-liberty,New York,Liberty,NY,New York Liberty,Liberty,86cebc,000000,https://a.espncdn.com/i/teamlogos/wnba/500/ny.png,95,7,34,10
401507272,2023,2,2023-07-28,2023-07-28 20:00:00-04:00,14,s:40~l:59~t:14,seattle-storm,Seattle,STORM,SEA,Seattle Storm,Storm,2c5235,fee11a,https://a.espncdn.com/i/teamlogos/wnba/500/sea.png,away,83,True,22,4,30,41.8,33,79,0,18,83.3,10,12,18,16,5,2,0,26.9,7,26,46,0,15,13,19,s:40~l:59~t:19,chicago-sky,Chicago,Sky,CHI,Chicago Sky,Sky,5091cd,ffd520,https://a.espncdn.com/i/teamlogos/wnba/500/chi.png,74,6,42,8
401507272,2023,2,2023-07-28,2023-07-28 20:00:00-04:00,19,s:40~l:59~t:19,chicago-sky,Chicago,SKY,CHI,Chicago Sky,Sky,5091cd,ffd520,https://a.espncdn.com/i/teamlogos/wnba/500/chi.png,home,74,False,18,12,20,40.9,27,66,0,12,68.2,15,22,5,6,8,0,0,25.0,5,20,26,0,10,10,14,s:40~l:59~t:14,seattle-storm,Seattle,Storm,SEA,Seattle Storm,Storm,2c5235,fee11a,https://a.espncdn.com/i/teamlogos/wnba/500/sea.png,83,6,32,12
401507273,2023,2,2023-07-28,2023-07-28 20:00:00-04:00,3,s:40~l:59~t:3,dallas-wings,Dallas,WINGS,DAL,Dallas Wings,Wings,002b5c,c4d600,https://a.espncdn.com/i/teamlogos/wnba/500/dal.png,home,90,True,29,6,42,58.7,37,63,0,15,91.7,11,12,31,6,5,0,0,31.3,5,16,48,0,20,20,16,s:40~l:59~t:16,washington-mystics,Washington,Mystics,WSH,Washington Mystics,Mystics,e03a3e,002b5c,https://a.espncdn.com/i/teamlogos/wnba/500/wsh.png,62,14,60,22
401558197,2023,2,2023-07-28,2023-07-28 20:00:00-04:00,8,s:40~l:59~t:8,minnesota-lynx,Minnesota,LYNX,MIN,Minnesota Lynx,Lynx,266092,79bc43,https://a.espncdn.com/i/teamlogos/wnba/500/min.png,away,88,True,20,0,28,46.5,33,71,1,18,59.1,13,22,17,12,5,0,1,40.9,9,22,40,1,14,14,9,s:40~l:59~t:9,new-york-liberty,New York,Liberty,NY,New York Liberty,Liberty,86cebc,000000,https://a.espncdn.com/i/teamlogos/wnba/500/ny.png,83,10,40,18
401558197,2023,2,2023-07-28,2023-07-28 20:00:00-04:00,9,s:40~l:59~t:9,new-york-liberty,New York,LIBERTY,NY,New York Liberty,Liberty,86cebc,000000,https://a.espncdn.com/i/teamlogos/wnba/500/ny.png,home,83,False,20,3,26,36.1,26,72,1,21,84.0,21,25,10,11,6,1,0,28.6,10,35,37,0,11,10,8,s:40~l:59~t:8,minnesota-lynx,Minnesota,Lynx,MIN,Minnesota Lynx,Lynx,266092,79bc43,https://a.espncdn.com/i/teamlogos/wnba/500/min.png,88,12,24,7
401507273,2023,2,2023-07-28,2023-07-28 20:00:00-04:00,16,s:40~l:59~t:16,washington-mystics,Washington,MYSTICS,WSH,Washington Mystics,Mystics,e03a3e,002b5c,https://a.espncdn.com/i/teamlogos/wnba/500/wsh.png,away,62,False,19,2,14,34.2,25,73,0,16,58.3,7,12,0,7,11,0,0,19.2,5,26,21,0,8,8,3,s:40~l:59~t:3,dallas-wings,Dallas,Wings,DAL,Dallas Wings,Wings,002b5c,c4d600,https://a.espncdn.com/i/teamlogos/wnba/500/dal.png,90,9,28,8
401507278,2023,2,2023-07-30,2023-07-30 18:00:00-04:00,3,s:40~l:59~t:3,dallas-wings,Dallas,WINGS,DAL,Dallas Wings,Wings,002b5c,c4d600,https://a.espncdn.com/i/teamlogos/wnba/500/dal.png,away,91,False,18,3,26,46.2,36,78,0,23,57.1,12,21,0,15,8,0,2,38.9,7,18,41,2,16,16,17,s:40~l:59~t:17,las-vegas-aces,Las Vegas,Aces,LV,Las Vegas Aces,Aces,ce1141,b4975a,https://a.espncdn.com/i/teamlogos/wnba/500/lv.png,104,11,44,19
401507276,2023,2,2023-07-30,2023-07-30 16:00:00-04:00,14,s:40~l:59~t:14,seattle-storm,Seattle,STORM,SEA,Seattle Storm,Storm,2c5235,fee11a,https://a.espncdn.com/i/teamlogos/wnba/500/sea.png,away,85,True,23,5,23,53.4,31,58,0,19,84.6,11,13,25,5,11,1,0,50.0,12,24,28,0,18,17,5,s:40~l:59~t:5,indiana-fever,Indiana,Fever,IND,Indiana Fever,Fever,002d62,e03a3e,https://a.espncdn.com/i/teamlogos/wnba/500/ind.png,62,4,24,15
401507276,2023,2,2023-07-30,2023-07-30 16:00:00-04:00,5,s:40~l:59~t:5,indiana-fever,Indiana,FEVER,IND,Indiana Fever,Fever,002d62,e03a3e,https://a.espncdn.com/i/teamlogos/wnba/500/ind.png,home,62,False,17,2,17,37.9,25,66,0,11,66.7,8,12,4,10,8,1,0,25.0,4,16,27,0,18,17,14,s:40~l:59~t:14,seattle-storm,Seattle,Storm,SEA,Seattle Storm,Storm,2c5235,fee11a,https://a.espncdn.com/i/teamlogos/wnba/500/sea.png,85,9,34,21
401507277,2023,2,2023-07-30,2023-07-30 16:00:00-04:00,11,s:40~l:59~t:11,phoenix-mercury,Phoenix,MERCURY,PHX,Phoenix Mercury,Mercury,3c286e,e56020,https://a.espncdn.com/i/teamlogos/wnba/500/phx.png,away,85,False,24,5,21,47.6,30,63,0,15,92.9,13,14,1,8,4,2,0,44.4,12,27,29,0,18,16,19,s:40~l:59~t:19,chicago-sky,Chicago,Sky,CHI,Chicago Sky,Sky,5091cd,ffd520,https://a.espncdn.com/i/teamlogos/wnba/500/chi.png,104,6,34,32
401507278,2023,2,2023-07-30,2023-07-30 18:00:00-04:00,17,s:40~l:59~t:17,las-vegas-aces,Las Vegas,ACES,LV,Las Vegas Aces,Aces,ce1141,b4975a,https://a.espncdn.com/i/teamlogos/wnba/500/lv.png,home,104,True,17,7,27,50.0,32,64,0,18,96.4,27,28,20,3,5,0,2,52.0,13,25,30,2,8,8,3,s:40~l:59~t:3,dallas-wings,Dallas,Wings,DAL,Dallas Wings,Wings,002b5c,c4d600,https://a.espncdn.com/i/teamlogos/wnba/500/dal.png,91,9,36,7
401507279,2023,2,2023-07-30,2023-07-30 16:00:00-04:00,9,s:40~l:59~t:9,new-york-liberty,New York,LIBERTY,NY,New York Liberty,Liberty,86cebc,000000,https://a.espncdn.com/i/teamlogos/wnba/500/ny.png,away,87,True,26,6,32,45.7,32,70,0,18,72.7,8,11,27,10,5,0,2,44.1,15,34,42,2,17,17,6,s:40~l:59~t:6,los-angeles-sparks,Los Angeles,Sparks,LA,Los Angeles Sparks,Sparks,552583,fdb927,https://a.espncdn.com/i/teamlogos/wnba/500/la.png,79,6,24,17
401507277,2023,2,2023-07-30,2023-07-30 16:00:00-04:00,19,s:40~l:59~t:19,chicago-sky,Chicago,SKY,CHI,Chicago Sky,Sky,5091cd,ffd520,https://a.espncdn.com/i/teamlogos/wnba/500/chi.png,home,104,True,27,8,19,52.7,39,74,0,13,87.5,14,16,19,8,6,0,0,57.1,12,21,27,0,7,7,11,s:40~l:59~t:11,phoenix-mercury,Phoenix,Mercury,PHX,Phoenix Mercury,Mercury,3c286e,e56020,https://a.espncdn.com/i/teamlogos/wnba/500/phx.png,85,10,32,5
401507274,2023,2,2023-07-30,2023-07-30 13:00:00-04:00,8,s:40~l:59~t:8,minnesota-lynx,Minnesota,LYNX,MIN,Minnesota Lynx,Lynx,266092,79bc43,https://a.espncdn.com/i/teamlogos/wnba/500/min.png,away,87,True,23,4,28,57.4,35,61,0,20,68.8,11,16,9,3,6,1,1,31.6,6,19,31,1,20,19,18,s:40~l:59~t:18,connecticut-sun,Connecticut,Sun,CONN,Connecticut Sun,Sun,f05023,0a2240,https://a.espncdn.com/i/teamlogos/wnba/500/conn.png,83,8,52,18
401507274,2023,2,2023-07-30,2023-07-30 13:00:00-04:00,18,s:40~l:59~t:18,connecticut-sun,Connecticut,SUN,CONN,Connecticut Sun,Sun,f05023,0a2240,https://a.espncdn.com/i/teamlogos/wnba/500/conn.png,home,83,False,22,5,23,38.9,28,72,0,14,88.9,24,27,2,11,10,0,0,17.6,3,17,34,0,10,10,8,s:40~l:59~t:8,minnesota-lynx,Minnesota,Lynx,MIN,Minnesota Lynx,Lynx,266092,79bc43,https://a.espncdn.com/i/teamlogos/wnba/500/min.png,87,6,42,10
401507275,2023,2,2023-07-30,2023-07-30 15:00:00-04:00,16,s:40~l:59~t:16,washington-mystics,Washington,MYSTICS,WSH,Washington Mystics,Mystics,e03a3e,002b5c,https://a.espncdn.com/i/teamlogos/wnba/500/wsh.png,away,73,False,13,1,22,31.9,23,72,0,22,84.0,21,25,6,11,13,2,0,28.6,6,21,33,0,16,14,20,s:40~l:59~t:20,atlanta-dream,Atlanta,Dream,ATL,Atlanta Dream,Dream,e31837,5091cc,https://a.espncdn.com/i/teamlogos/wnba/500/atl.png,80,11,32,10
401507279,2023,2,2023-07-30,2023-07-30 16:00:00-04:00,6,s:40~l:59~t:6,los-angeles-sparks,Los Angeles,SPARKS,LA,Los Angeles Sparks,Sparks,552583,fdb927,https://a.espncdn.com/i/teamlogos/wnba/500/la.png,home,79,False,17,3,21,43.1,31,72,0,13,66.7,12,18,0,4,10,0,1,22.7,5,22,25,1,8,8,9,s:40~l:59~t:9,new-york-liberty,New York,Liberty,NY,New York Liberty,Liberty,86cebc,000000,https://a.espncdn.com/i/teamlogos/wnba/500/ny.png,87,16,46,8
401507275,2023,2,2023-07-30,2023-07-30 15:00:00-04:00,20,s:40~l:59~t:20,atlanta-dream,Atlanta,DREAM,ATL,Atlanta Dream,Dream,e31837,5091cc,https://a.espncdn.com/i/teamlogos/wnba/500/atl.png,home,80,True,21,7,31,46.6,27,58,0,19,84.2,16,19,9,2,7,0,0,43.5,10,23,33,0,20,20,16,s:40~l:59~t:16,washington-mystics,Washington,Mystics,WSH,Washington Mystics,Mystics,e03a3e,002b5c,https://a.espncdn.com/i/teamlogos/wnba/500/wsh.png,73,19,32,15
401507281,2023,2,2023-08-01,2023-08-01 19:00:00-04:00,5,s:40~l:59~t:5,indiana-fever,Indiana,FEVER,IND,Indiana Fever,Fever,002d62,e03a3e,https://a.espncdn.com/i/teamlogos/wnba/500/ind.png,home,72,True,12,3,25,39.7,25,63,0,20,81.8,18,22,11,11,8,1,0,26.7,4,15,36,0,21,20,11,s:40~l:59~t:11,phoenix-mercury,Phoenix,Mercury,PHX,Phoenix Mercury,Mercury,3c286e,e56020,https://a.espncdn.com/i/teamlogos/wnba/500/phx.png,71,8,38,19
401507281,2023,2,2023-08-01,2023-08-01 19:00:00-04:00,11,s:40~l:59~t:11,phoenix-mercury,Phoenix,MERCURY,PHX,Phoenix Mercury,Mercury,3c286e,e56020,https://a.espncdn.com/i/teamlogos/wnba/500/phx.png,away,71,False,18,4,23,39.1,25,64,0,23,85.7,12,14,5,6,7,0,2,39.1,9,23,29,2,18,18,5,s:40~l:59~t:5,indiana-fever,Indiana,Fever,IND,Indiana Fever,Fever,002d62,e03a3e,https://a.espncdn.com/i/teamlogos/wnba/500/ind.png,72,15,18,18
401507280,2023,2,2023-08-01,2023-08-01 19:00:00-04:00,18,s:40~l:59~t:18,connecticut-sun,Connecticut,SUN,CONN,Connecticut Sun,Sun,f05023,0a2240,https://a.espncdn.com/i/teamlogos/wnba/500/conn.png,home,79,True,25,7,25,50.7,36,71,0,18,50.0,3,6,14,7,7,2,1,20.0,4,20,32,1,11,9,8,s:40~l:59~t:8,minnesota-lynx,Minnesota,Lynx,MIN,Minnesota Lynx,Lynx,266092,79bc43,https://a.espncdn.com/i/teamlogos/wnba/500/min.png,69,8,54,7
401507283,2023,2,2023-08-01,2023-08-01 22:00:00-04:00,6,s:40~l:59~t:6,los-angeles-sparks,Los Angeles,SPARKS,LA,Los Angeles Sparks,Sparks,552583,fdb927,https://a.espncdn.com/i/teamlogos/wnba/500/la.png,home,69,False,18,1,23,34.3,24,70,0,17,93.8,15,16,8,12,7,1,0,30.0,6,20,35,0,13,12,9,s:40~l:59~t:9,new-york-liberty,New York,Liberty,NY,New York Liberty,Liberty,86cebc,000000,https://a.espncdn.com/i/teamlogos/wnba/500/ny.png,76,8,32,12
401507283,2023,2,2023-08-01,2023-08-01 22:00:00-04:00,9,s:40~l:59~t:9,new-york-liberty,New York,LIBERTY,NY,New York Liberty,Liberty,86cebc,000000,https://a.espncdn.com/i/teamlogos/wnba/500/ny.png,away,76,True,20,6,27,42.4,28,66,0,16,80.0,12,15,7,13,6,3,0,24.2,8,33,40,0,15,12,6,s:40~l:59~t:6,los-angeles-sparks,Los Angeles,Sparks,LA,Los Angeles Sparks,Sparks,552583,fdb927,https://a.espncdn.com/i/teamlogos/wnba/500/la.png,69,3,34,13
401507282,2023,2,2023-08-01,2023-08-01 22:00:00-04:00,17,s:40~l:59~t:17,las-vegas-aces,Las Vegas,ACES,LV,Las Vegas Aces,Aces,ce1141,b4975a,https://a.espncdn.com/i/teamlogos/wnba/500/lv.png,home,93,True,17,5,32,52.3,34,65,0,20,82.4,14,17,22,3,12,1,0,47.8,11,23,35,0,14,13,20,s:40~l:59~t:20,atlanta-dream,Atlanta,Dream,ATL,Atlanta Dream,Dream,e31837,5091cc,https://a.espncdn.com/i/teamlogos/wnba/500/atl.png,72,18,36,3
401507282,2023,2,2023-08-01,2023-08-01 22:00:00-04:00,20,s:40~l:59~t:20,atlanta-dream,Atlanta,DREAM,ATL,Atlanta Dream,Dream,e31837,5091cc,https://a.espncdn.com/i/teamlogos/wnba/500/atl.png,away,72,False,21,5,22,43.3,29,67,0,16,66.7,10,15,6,6,5,2,0,20.0,4,20,28,0,17,15,17,s:40~l:59~t:17,las-vegas-aces,Las Vegas,Aces,LV,Las Vegas Aces,Aces,ce1141,b4975a,https://a.espncdn.com/i/teamlogos/wnba/500/lv.png,93,12,28,32
401507280,2023,2,2023-08-01,2023-08-01 19:00:00-04:00,8,s:40~l:59~t:8,minnesota-lynx,Minnesota,LYNX,MIN,Minnesota Lynx,Lynx,266092,79bc43,https://a.espncdn.com/i/teamlogos/wnba/500/min.png,away,69,False,14,1,25,39.0,23,59,0,13,75.0,18,24,3,5,5,3,0,27.8,5,18,30,0,19,16,18,s:40~l:59~t:18,connecticut-sun,Connecticut,Sun,CONN,Connecticut Sun,Sun,f05023,0a2240,https://a.espncdn.com/i/teamlogos/wnba/500/conn.png,79,7,30,22
401507284,2023,2,2023-08-02,2023-08-02 22:30:00-04:00,14,s:40~l:59~t:14,seattle-storm,Seattle,STORM,SEA,Seattle Storm,Storm,2c5235,fee11a,https://a.espncdn.com/i/teamlogos/wnba/500/sea.png,home,65,False,15,2,25,40.6,26,64,0,16,70.0,7,10,0,5,2,0,0,30.0,6,20,30,0,18,18,3,s:40~l:59~t:3,dallas-wings,Dallas,Wings,DAL,Dallas Wings,Wings,002b5c,c4d600,https://a.espncdn.com/i/teamlogos/wnba/500/dal.png,76,15,32,15
401507284,2023,2,2023-08-02,2023-08-02 22:30:00-04:00,3,s:40~l:59~t:3,dallas-wings,Dallas,WINGS,DAL,Dallas Wings,Wings,002b5c,c4d600,https://a.espncdn.com/i/teamlogos/wnba/500/dal.png,away,76,True,17,2,27,36.4,28,77,0,15,100.0,12,12,17,17,11,3,0,36.4,8,22,44,0,16,13,14,s:40~l:59~t:14,seattle-storm,Seattle,Storm,SEA,Seattle Storm,Storm,2c5235,fee11a,https://a.espncdn.com/i/teamlogos/wnba/500/sea.png,65,12,36,7
401507285,2023,2,2023-08-03,2023-08-03 22:00:00-04:00,20,s:40~l:59~t:20,atlanta-dream,Atlanta,DREAM,ATL,Atlanta Dream,Dream,e31837,5091cc,https://a.espncdn.com/i/teamlogos/wnba/500/atl.png,away,71,False,16,4,23,39.7,25,63,0,25,76.0,19,25,7,8,8,0,1,15.4,2,13,31,1,15,15,11,s:40~l:59~t:11,phoenix-mercury,Phoenix,Mercury,PHX,Phoenix Mercury,Mercury,3c286e,e56020,https://a.espncdn.com/i/teamlogos/wnba/500/phx.png,91,6,34,12
401507285,2023,2,2023-08-03,2023-08-03 22:00:00-04:00,11,s:40~l:59~t:11,phoenix-mercury,Phoenix,MERCURY,PHX,Phoenix Mercury,Mercury,3c286e,e56020,https://a.espncdn.com/i/teamlogos/wnba/500/phx.png,home,91,True,17,3,28,40.8,29,71,0,24,95.8,23,24,21,12,5,1,0,32.3,10,31,40,0,14,13,20,s:40~l:59~t:20,atlanta-dream,Atlanta,Dream,ATL,Atlanta Dream,Dream,e31837,5091cc,https://a.espncdn.com/i/teamlogos/wnba/500/atl.png,71,2,34,12
401507288,2023,2,2023-08-04,2023-08-04 20:00:00-04:00,19,s:40~l:59~t:19,chicago-sky,Chicago,SKY,CHI,Chicago Sky,Sky,5091cd,ffd520,https://a.espncdn.com/i/teamlogos/wnba/500/chi.png,away,104,True,24,4,24,55.1,38,69,0,18,93.3,14,15,19,5,4,0,0,58.3,14,24,29,0,11,11,3,s:40~l:59~t:3,dallas-wings,Dallas,Wings,DAL,Dallas Wings,Wings,002b5c,c4d600,https://a.espncdn.com/i/teamlogos/wnba/500/dal.png,89,13,34,13
401507288,2023,2,2023-08-04,2023-08-04 20:00:00-04:00,3,s:40~l:59~t:3,dallas-wings,Dallas,WINGS,DAL,Dallas Wings,Wings,002b5c,c4d600,https://a.espncdn.com/i/teamlogos/wnba/500/dal.png,home,89,False,26,3,21,47.9,35,73,0,15,63.2,12,19,1,7,9,0,0,35.0,7,20,28,0,12,12,19,s:40~l:59~t:19,chicago-sky,Chicago,Sky,CHI,Chicago Sky,Sky,5091cd,ffd520,https://a.espncdn.com/i/teamlogos/wnba/500/chi.png,104,12,48,11
401507289,2023,2,2023-08-04,2023-08-04 20:00:00-04:00,9,s:40~l:59~t:9,new-york-liberty,New York,LIBERTY,NY,New York Liberty,Liberty,86cebc,000000,https://a.espncdn.com/i/teamlogos/wnba/500/ny.png,away,76,True,20,4,27,40.0,30,75,0,15,87.5,7,8,10,16,5,1,0,30.0,9,30,43,0,13,12,8,s:40~l:59~t:8,minnesota-lynx,Minnesota,Lynx,MIN,Minnesota Lynx,Lynx,266092,79bc43,https://a.espncdn.com/i/teamlogos/wnba/500/min.png,66,7,38,11
401507287,2023,2,2023-08-04,2023-08-04 19:00:00-04:00,16,s:40~l:59~t:16,washington-mystics,Washington,MYSTICS,WSH,Washington Mystics,Mystics,e03a3e,002b5c,https://a.espncdn.com/i/teamlogos/wnba/500/wsh.png,home,79,True,22,0,29,43.7,31,71,0,20,92.3,12,13,13,3,10,0,1,22.7,5,22,32,1,10,10,6,s:40~l:59~t:6,los-angeles-sparks,Los Angeles,Sparks,LA,Los Angeles Sparks,Sparks,552583,fdb927,https://a.espncdn.com/i/teamlogos/wnba/500/la.png,77,4,38,13
401507286,2023,2,2023-08-04,2023-08-04 19:00:00-04:00,18,s:40~l:59~t:18,connecticut-sun,Connecticut,SUN,CONN,Connecticut Sun,Sun,f05023,0a2240,https://a.espncdn.com/i/teamlogos/wnba/500/conn.png,away,88,True,21,3,22,49.2,31,63,1,21,89.5,17,19,26,10,8,1,1,40.9,9,22,32,1,17,16,5,s:40~l:59~t:5,indiana-fever,Indiana,Fever,IND,Indiana Fever,Fever,002d62,e03a3e,https://a.espncdn.com/i/teamlogos/wnba/500/ind.png,72,14,40,26
401507286,2023,2,2023-08-04,2023-08-04 19:00:00-04:00,5,s:40~l:59~t:5,indiana-fever,Indiana,FEVER,IND,Indiana Fever,Fever,002d62,e03a3e,https://a.espncdn.com/i/teamlogos/wnba/500/ind.png,home,72,False,15,4,15,38.6,22,57,0,21,87.5,21,24,3,10,10,0,0,30.4,7,23,25,0,19,19,18,s:40~l:59~t:18,connecticut-sun,Connecticut,Sun,CONN,Connecticut Sun,Sun,f05023,0a2240,https://a.espncdn.com/i/teamlogos/wnba/500/conn.png,88,7,20,16
401507287,2023,2,2023-08-04,2023-08-04 19:00:00-04:00,6,s:40~l:59~t:6,los-angeles-sparks,Los Angeles,SPARKS,LA,Los Angeles Sparks,Sparks,552583,fdb927,https://a.espncdn.com/i/teamlogos/wnba/500/la.png,away,77,False,17,2,32,41.8,28,67,0,21,77.8,14,18,3,11,3,1,0,41.2,7,17,43,0,17,16,16,s:40~l:59~t:16,washington-mystics,Washington,Mystics,WSH,Washington Mystics,Mystics,e03a3e,002b5c,https://a.espncdn.com/i/teamlogos/wnba/500/wsh.png,79,0,38,20
401507289,2023,2,2023-08-04,2023-08-04 20:00:00-04:00,8,s:40~l:59~t:8,minnesota-lynx,Minnesota,LYNX,MIN,Minnesota Lynx,Lynx,266092,79bc43,https://a.espncdn.com/i/teamlogos/wnba/500/min.png,home,66,False,21,2,23,41.3,26,63,0,16,78.6,11,14,4,9,8,1,0,18.8,3,16,32,0,11,10,9,s:40~l:59~t:9,new-york-liberty,New York,Liberty,NY,New York Liberty,Liberty,86cebc,000000,https://a.espncdn.com/i/teamlogos/wnba/500/ny.png,76,9,40,11
401507290,2023,2,2023-08-05,2023-08-05 22:00:00-04:00,11,s:40~l:59~t:11,phoenix-mercury,Phoenix,MERCURY,PHX,Phoenix Mercury,Mercury,3c286e,e56020,https://a.espncdn.com/i/teamlogos/wnba/500/phx.png,home,91,False,27,1,23,50.7,36,71,0,20,86.7,13,15,10,4,8,1,1,26.1,6,23,27,1,11,10,14,s:40~l:59~t:14,seattle-storm,Seattle,Storm,SEA,Seattle Storm,Storm,2c5235,fee11a,https://a.espncdn.com/i/teamlogos/wnba/500/sea.png,97,8,52,19
401507290,2023,2,2023-08-05,2023-08-05 22:00:00-04:00,14,s:40~l:59~t:14,seattle-storm,Seattle,STORM,SEA,Seattle Storm,Storm,2c5235,fee11a,https://a.espncdn.com/i/teamlogos/wnba/500/sea.png,away,97,True,18,4,24,47.2,34,72,1,18,91.3,21,23,7,12,6,0,0,36.4,8,22,36,0,12,12,11,s:40~l:59~t:11,phoenix-mercury,Phoenix,Mercury,PHX,Phoenix Mercury,Mercury,3c286e,e56020,https://a.espncdn.com/i/teamlogos/wnba/500/phx.png,91,8,46,14
401507294,2023,2,2023-08-06,2023-08-06 16:00:00-04:00,3,s:40~l:59~t:3,dallas-wings,Dallas,WINGS,DAL,Dallas Wings,Wings,002b5c,c4d600,https://a.espncdn.com/i/teamlogos/wnba/500/dal.png,home,96,False,20,4,21,45.7,32,70,0,26,80.0,28,35,4,13,8,0,3,25.0,4,16,34,3,17,17,19,s:40~l:59~t:19,chicago-sky,Chicago,Sky,CHI,Chicago Sky,Sky,5091cd,ffd520,https://a.espncdn.com/i/teamlogos/wnba/500/chi.png,104,12,44,18
401507291,2023,2,2023-08-06,2023-08-06 15:00:00-04:00,5,s:40~l:59~t:5,indiana-fever,Indiana,FEVER,IND,Indiana Fever,Fever,002d62,e03a3e,https://a.espncdn.com/i/teamlogos/wnba/500/ind.png,away,73,False,12,4,25,45.3,29,64,0,23,55.0,11,20,2,8,8,2,1,30.8,4,13,33,1,16,14,20,s:40~l:59~t:20,atlanta-dream,Atlanta,Dream,ATL,Atlanta Dream,Dream,e31837,5091cc,https://a.espncdn.com/i/teamlogos/wnba/500/atl.png,82,12,34,21
401507291,2023,2,2023-08-06,2023-08-06 15:00:00-04:00,20,s:40~l:59~t:20,atlanta-dream,Atlanta,DREAM,ATL,Atlanta Dream,Dream,e31837,5091cc,https://a.espncdn.com/i/teamlogos/wnba/500/atl.png,home,82,True,23,7,24,48.4,30,62,0,16,61.9,13,21,14,4,6,0,1,45.0,9,20,28,1,10,10,5,s:40~l:59~t:5,indiana-fever,Indiana,Fever,IND,Indiana Fever,Fever,002d62,e03a3e,https://a.espncdn.com/i/teamlogos/wnba/500/ind.png,73,11,20,8
401507294,2023,2,2023-08-06,2023-08-06 16:00:00-04:00,19,s:40~l:59~t:19,chicago-sky,Chicago,SKY,CHI,Chicago Sky,Sky,5091cd,ffd520,https://a.espncdn.com/i/teamlogos/wnba/500/chi.png,away,104,True,19,1,19,48.4,31,64,0,28,85.7,30,35,12,12,7,1,2,46.2,12,26,31,2,19,18,3,s:40~l:59~t:3,dallas-wings,Dallas,Wings,DAL,Dallas Wings,Wings,002b5c,c4d600,https://a.espncdn.com/i/teamlogos/wnba/500/dal.png,96,6,28,18
401507292,2023,2,2023-08-06,2023-08-06 15:00:00-04:00,9,s:40~l:59~t:9,new-york-liberty,New York,LIBERTY,NY,New York Liberty,Liberty,86cebc,000000,https://a.espncdn.com/i/teamlogos/wnba/500/ny.png,home,99,True,28,4,37,50.0,38,76,1,6,100.0,6,6,42,11,7,0,0,44.7,17,38,48,0,13,13,17,s:40~l:59~t:17,las-vegas-aces,Las Vegas,Aces,LV,Las Vegas Aces,Aces,ce1141,b4975a,https://a.espncdn.com/i/teamlogos/wnba/500/lv.png,61,21,36,12
401507293,2023,2,2023-08-06,2023-08-06 15:00:00-04:00,6,s:40~l:59~t:6,los-angeles-sparks,Los Angeles,SPARKS,LA,Los Angeles Sparks,Sparks,552583,fdb927,https://a.espncdn.com/i/teamlogos/wnba/500/la.png,away,91,True,21,3,26,45.8,27,59,0,23,87.1,27,31,10,6,11,1,1,47.6,10,21,32,1,16,15,16,s:40~l:59~t:16,washington-mystics,Washington,Mystics,WSH,Washington Mystics,Mystics,e03a3e,002b5c,https://a.espncdn.com/i/teamlogos/wnba/500/wsh.png,83,6,26,17
401507293,2023,2,2023-08-06,2023-08-06 15:00:00-04:00,16,s:40~l:59~t:16,washington-mystics,Washington,MYSTICS,WSH,Washington Mystics,Mystics,e03a3e,002b5c,https://a.espncdn.com/i/teamlogos/wnba/500/wsh.png,home,83,False,19,1,20,46.8,29,62,0,23,66.7,18,27,10,4,7,0,2,50.0,7,14,24,2,16,16,6,s:40~l:59~t:6,los-angeles-sparks,Los Angeles,Sparks,LA,Los Angeles Sparks,Sparks,552583,fdb927,https://a.espncdn.com/i/teamlogos/wnba/500/la.png,91,11,38,17
401507292,2023,2,2023-08-06,2023-08-06 15:00:00-04:00,17,s:40~l:59~t:17,las-vegas-aces,Las Vegas,ACES,LV,Las Vegas Aces,Aces,ce1141,b4975a,https://a.espncdn.com/i/teamlogos/wnba/500/lv.png,away,61,False,14,4,22,32.9,23,70,0,9,90.0,9,10,5,2,7,0,0,26.1,6,23,24,0,10,10,9,s:40~l:59~t:9,new-york-liberty,New York,Liberty,NY,New York Liberty,Liberty,86cebc,000000,https://a.espncdn.com/i/teamlogos/wnba/500/ny.png,99,14,26,9
401507295,2023,2,2023-08-08,2023-08-08 15:00:00-04:00,14,s:40~l:59~t:14,seattle-storm,Seattle,STORM,SEA,Seattle Storm,Storm,2c5235,fee11a,https://a.espncdn.com/i/teamlogos/wnba/500/sea.png,home,69,False,19,6,27,41.4,29,70,0,13,60.0,6,10,7,13,6,1,1,20.8,5,24,40,1,17,16,18,s:40~l:59~t:18,connecticut-sun,Connecticut,Sun,CONN,Connecticut Sun,Sun,f05023,0a2240,https://a.espncdn.com/i/teamlogos/wnba/500/conn.png,81,5,48,23
401507295,2023,2,2023-08-08,2023-08-08 15:00:00-04:00,18,s:40~l:59~t:18,connecticut-sun,Connecticut,SUN,CONN,Connecticut Sun,Sun,f05023,0a2240,https://a.espncdn.com/i/teamlogos/wnba/500/conn.png,away,81,True,21,5,23,45.7,32,70,0,17,90.9,10,11,24,11,11,1,0,46.7,7,15,34,0,12,11,14,s:40~l:59~t:14,seattle-storm,Seattle,Storm,SEA,Seattle Storm,Storm,2c5235,fee11a,https://a.espncdn.com/i/teamlogos/wnba/500/sea.png,69,16,46,13
401507296,2023,2,2023-08-08,2023-08-08 19:00:00-04:00,5,s:40~l:59~t:5,indiana-fever,Indiana,FEVER,IND,Indiana Fever,Fever,002d62,e03a3e,https://a.espncdn.com/i/teamlogos/wnba/500/ind.png,home,80,False,20,5,33,46.9,30,64,0,21,82.4,14,17,9,6,7,1,1,30.0,6,20,39,1,21,20,6,s:40~l:59~t:6,los-angeles-sparks,Los Angeles,Sparks,LA,Los Angeles Sparks,Sparks,552583,fdb927,https://a.espncdn.com/i/teamlogos/wnba/500/la.png,87,10,40,24
401507296,2023,2,2023-08-08,2023-08-08 19:00:00-04:00,6,s:40~l:59~t:6,los-angeles-sparks,Los Angeles,SPARKS,LA,Los Angeles Sparks,Sparks,552583,fdb927,https://a.espncdn.com/i/teamlogos/wnba/500/la.png,away,87,True,19,6,25,40.3,29,72,0,14,87.5,21,24,8,6,8,2,0,42.1,8,19,31,0,10,8,5,s:40~l:59~t:5,indiana-fever,Indiana,Fever,IND,Indiana Fever,Fever,002d62,e03a3e,https://a.espncdn.com/i/teamlogos/wnba/500/ind.png,80,12,30,11
401507298,2023,2,2023-08-08,2023-08-08 20:00:00-04:00,3,s:40~l:59~t:3,dallas-wings,Dallas,WINGS,DAL,Dallas Wings,Wings,002b5c,c4d600,https://a.espncdn.com/i/teamlogos/wnba/500/dal.png,home,84,False,23,4,22,37.5,27,72,0,17,75.0,21,28,0,8,4,1,0,34.6,9,26,30,0,7,6,17,s:40~l:59~t:17,las-vegas-aces,Las Vegas,Aces,LV,Las Vegas Aces,Aces,ce1141,b4975a,https://a.espncdn.com/i/teamlogos/wnba/500/lv.png,104,9,28,12
401507298,2023,2,2023-08-08,2023-08-08 20:00:00-04:00,17,s:40~l:59~t:17,las-vegas-aces,Las Vegas,ACES,LV,Las Vegas Aces,Aces,ce1141,b4975a,https://a.espncdn.com/i/teamlogos/wnba/500/lv.png,away,104,True,27,2,34,50.0,37,74,0,21,87.5,14,16,41,11,4,0,1,50.0,16,32,45,1,13,13,3,s:40~l:59~t:3,dallas-wings,Dallas,Wings,DAL,Dallas Wings,Wings,002b5c,c4d600,https://a.espncdn.com/i/teamlogos/wnba/500/dal.png,84,13,30,11
401507297,2023,2,2023-08-08,2023-08-08 20:00:00-04:00,19,s:40~l:59~t:19,chicago-sky,Chicago,SKY,CHI,Chicago Sky,Sky,5091cd,ffd520,https://a.espncdn.com/i/teamlogos/wnba/500/chi.png,home,79,False,20,2,22,42.1,32,76,0,18,80.0,4,5,0,6,7,0,0,39.3,11,28,28,0,11,11,8,s:40~l:59~t:8,minnesota-lynx,Minnesota,Lynx,MIN,Minnesota Lynx,Lynx,266092,79bc43,https://a.espncdn.com/i/teamlogos/wnba/500/min.png,88,12,36,18
401507297,2023,2,2023-08-08,2023-08-08 20:00:00-04:00,8,s:40~l:59~t:8,minnesota-lynx,Minnesota,LYNX,MIN,Minnesota Lynx,Lynx,266092,79bc43,https://a.espncdn.com/i/teamlogos/wnba/500/min.png,away,88,True,26,3,31,51.7,30,58,0,12,80.8,21,26,12,6,5,2,0,46.7,7,15,37,0,18,16,19,s:40~l:59~t:19,chicago-sky,Chicago,Sky,CHI,Chicago Sky,Sky,5091cd,ffd520,https://a.espncdn.com/i/teamlogos/wnba/500/chi.png,79,9,40,13
401507299,2023,2,2023-08-08,2023-08-08 22:00:00-04:00,11,s:40~l:59~t:11,phoenix-mercury,Phoenix,MERCURY,PHX,Phoenix Mercury,Mercury,3c286e,e56020,https://a.espncdn.com/i/teamlogos/wnba/500/phx.png,home,91,True,24,3,29,55.7,34,61,0,13,66.7,10,15,21,4,5,4,0,44.8,13,29,33,0,18,14,16,s:40~l:59~t:16,washington-mystics,Washington,Mystics,WSH,Washington Mystics,Mystics,e03a3e,002b5c,https://a.espncdn.com/i/teamlogos/wnba/500/wsh.png,72,3,34,24
401507299,2023,2,2023-08-08,2023-08-08 22:00:00-04:00,16,s:40~l:59~t:16,washington-mystics,Washington,MYSTICS,WSH,Washington Mystics,Mystics,e03a3e,002b5c,https://a.espncdn.com/i/teamlogos/wnba/500/wsh.png,away,72,False,19,2,17,36.6,26,71,0,18,80.0,12,15,0,9,8,1,0,28.6,8,28,26,0,12,11,11,s:40~l:59~t:11,phoenix-mercury,Phoenix,Mercury,PHX,Phoenix Mercury,Mercury,3c286e,e56020,https://a.espncdn.com/i/teamlogos/wnba/500/phx.png,91,13,28,8
401507301,2023,2,2023-08-10,2023-08-10 22:00:00-04:00,18,s:40~l:59~t:18,connecticut-sun,Connecticut,SUN,CONN,Connecticut Sun,Sun,f05023,0a2240,https://a.espncdn.com/i/teamlogos/wnba/500/conn.png,away,84,False,17,3,21,42.3,30,71,0,23,68.0,17,25,0,10,7,3,0,53.8,7,13,31,0,16,13,11,s:40~l:59~t:11,phoenix-mercury,Phoenix,Mercury,PHX,Phoenix Mercury,Mercury,3c286e,e56020,https://a.espncdn.com/i/teamlogos/wnba/500/phx.png,90,15,34,21
401507301,2023,2,2023-08-10,2023-08-10 22:00:00-04:00,11,s:40~l:59~t:11,phoenix-mercury,Phoenix,MERCURY,PHX,Phoenix Mercury,Mercury,3c286e,e56020,https://a.espncdn.com/i/teamlogos/wnba/500/phx.png,home,90,True,21,8,24,55.4,31,56,1,23,90.5,19,21,21,2,8,0,2,50.0,9,18,26,2,19,19,18,s:40~l:59~t:18,connecticut-sun,Connecticut,Sun,CONN,Connecticut Sun,Sun,f05023,0a2240,https://a.espncdn.com/i/teamlogos/wnba/500/conn.png,84,6,38,24
401507302,2023,2,2023-08-10,2023-08-10 22:00:00-04:00,20,s:40~l:59~t:20,atlanta-dream,Atlanta,DREAM,ATL,Atlanta Dream,Dream,e31837,5091cc,https://a.espncdn.com/i/teamlogos/wnba/500/atl.png,away,67,False,12,4,34,31.5,23,73,0,23,68.4,13,19,16,11,12,1,0,38.1,8,21,45,0,15,14,14,s:40~l:59~t:14,seattle-storm,Seattle,Storm,SEA,Seattle Storm,Storm,2c5235,fee11a,https://a.espncdn.com/i/teamlogos/wnba/500/sea.png,68,6,24,10
401507302,2023,2,2023-08-10,2023-08-10 22:00:00-04:00,14,s:40~l:59~t:14,seattle-storm,Seattle,STORM,SEA,Seattle Storm,Storm,2c5235,fee11a,https://a.espncdn.com/i/teamlogos/wnba/500/sea.png,home,68,True,14,5,37,33.3,21,63,0,20,71.0,22,31,4,8,10,1,0,28.6,4,14,45,0,18,17,20,s:40~l:59~t:20,atlanta-dream,Atlanta,Dream,ATL,Atlanta Dream,Dream,e31837,5091cc,https://a.espncdn.com/i/teamlogos/wnba/500/atl.png,67,5,32,12
401507300,2023,2,2023-08-10,2023-08-10 19:00:00-04:00,8,s:40~l:59~t:8,minnesota-lynx,Minnesota,LYNX,MIN,Minnesota Lynx,Lynx,266092,79bc43,https://a.espncdn.com/i/teamlogos/wnba/500/min.png,away,73,False,17,1,19,39.7,25,63,1,17,86.7,13,15,4,7,6,0,0,52.6,10,19,26,0,13,13,5,s:40~l:59~t:5,indiana-fever,Indiana,Fever,IND,Indiana Fever,Fever,002d62,e03a3e,https://a.espncdn.com/i/teamlogos/wnba/500/ind.png,91,7,18,18
401507300,2023,2,2023-08-10,2023-08-10 19:00:00-04:00,5,s:40~l:59~t:5,indiana-fever,Indiana,FEVER,IND,Indiana Fever,Fever,002d62,e03a3e,https://a.espncdn.com/i/teamlogos/wnba/500/ind.png,home,91,True,23,5,26,50.0,34,68,0,16,92.9,13,14,18,13,8,0,0,37.0,10,27,39,0,12,12,8,s:40~l:59~t:8,minnesota-lynx,Minnesota,Lynx,MIN,Minnesota Lynx,Lynx,266092,79bc43,https://a.espncdn.com/i/teamlogos/wnba/500/min.png,73,3,34,17
401507303,2023,2,2023-08-11,2023-08-11 20:00:00-04:00,9,s:40~l:59~t:9,new-york-liberty,New York,LIBERTY,NY,New York Liberty,Liberty,86cebc,000000,https://a.espncdn.com/i/teamlogos/wnba/500/ny.png,home,89,True,28,4,29,51.5,34,66,0,13,66.7,8,12,23,5,9,0,0,52.0,13,25,34,0,14,14,19,s:40~l:59~t:19,chicago-sky,Chicago,Sky,CHI,Chicago Sky,Sky,5091cd,ffd520,https://a.espncdn.com/i/teamlogos/wnba/500/chi.png,73,14,40,10
401507303,2023,2,2023-08-11,2023-08-11 20:00:00-04:00,19,s:40~l:59~t:19,chicago-sky,Chicago,SKY,CHI,Chicago Sky,Sky,5091cd,ffd520,https://a.espncdn.com/i/teamlogos/wnba/500/chi.png,away,73,False,21,2,26,41.4,29,70,0,12,88.9,8,9,0,7,7,2,0,29.2,7,24,33,0,19,17,9,s:40~l:59~t:9,new-york-liberty,New York,Liberty,NY,New York Liberty,Liberty,86cebc,000000,https://a.espncdn.com/i/teamlogos/wnba/500/ny.png,89,16,36,27
401507304,2023,2,2023-08-11,2023-08-11 22:00:00-04:00,17,s:40~l:59~t:17,las-vegas-aces,Las Vegas,ACES,LV,Las Vegas Aces,Aces,ce1141,b4975a,https://a.espncdn.com/i/teamlogos/wnba/500/lv.png,home,113,True,29,1,31,54.5,42,77,0,10,93.8,15,16,27,3,9,0,1,50.0,14,28,34,1,7,7,16,s:40~l:59~t:16,washington-mystics,Washington,Mystics,WSH,Washington Mystics,Mystics,e03a3e,002b5c,https://a.espncdn.com/i/teamlogos/wnba/500/wsh.png,89,11,46,8
401507304,2023,2,2023-08-11,2023-08-11 22:00:00-04:00,16,s:40~l:59~t:16,washington-mystics,Washington,MYSTICS,WSH,Washington Mystics,Mystics,e03a3e,002b5c,https://a.espncdn.com/i/teamlogos/wnba/500/wsh.png,away,89,False,27,4,28,43.0,34,79,0,16,81.8,9,11,0,7,4,0,1,38.7,12,31,35,1,12,12,17,s:40~l:59~t:17,las-vegas-aces,Las Vegas,Aces,LV,Las Vegas Aces,Aces,ce1141,b4975a,https://a.espncdn.com/i/teamlogos/wnba/500/lv.png,113,14,36,20
401507305,2023,2,2023-08-12,2023-08-12 19:30:00-04:00,6,s:40~l:59~t:6,los-angeles-sparks,Los Angeles,SPARKS,LA,Los Angeles Sparks,Sparks,552583,fdb927,https://a.espncdn.com/i/teamlogos/wnba/500/la.png,home,85,True,20,2,26,45.2,28,62,0,21,85.7,24,28,11,4,8,2,1,33.3,5,15,30,1,14,12,20,s:40~l:59~t:20,atlanta-dream,Atlanta,Dream,ATL,Atlanta Dream,Dream,e31837,5091cc,https://a.espncdn.com/i/teamlogos/wnba/500/atl.png,74,10,40,15
401507305,2023,2,2023-08-12,2023-08-12 19:30:00-04:00,20,s:40~l:59~t:20,atlanta-dream,Atlanta,DREAM,ATL,Atlanta Dream,Dream,e31837,5091cc,https://a.espncdn.com/i/teamlogos/wnba/500/atl.png,away,74,False,16,5,27,40.0,24,60,0,28,91.7,22,24,11,4,5,1,0,17.4,4,23,31,0,15,14,6,s:40~l:59~t:6,los-angeles-sparks,Los Angeles,Sparks,LA,Los Angeles Sparks,Sparks,552583,fdb927,https://a.espncdn.com/i/teamlogos/wnba/500/la.png,85,17,38,16
401507306,2023,2,2023-08-12,2023-08-12 20:00:00-04:00,3,s:40~l:59~t:3,dallas-wings,Dallas,WINGS,DAL,Dallas Wings,Wings,002b5c,c4d600,https://a.espncdn.com/i/teamlogos/wnba/500/dal.png,home,91,True,22,5,27,46.9,30,64,0,18,92.6,25,27,13,7,8,1,1,40.0,6,15,34,1,13,12,18,s:40~l:59~t:18,connecticut-sun,Connecticut,Sun,CONN,Connecticut Sun,Sun,f05023,0a2240,https://a.espncdn.com/i/teamlogos/wnba/500/conn.png,81,10,44,16
401507306,2023,2,2023-08-12,2023-08-12 20:00:00-04:00,18,s:40~l:59~t:18,connecticut-sun,Connecticut,SUN,CONN,Connecticut Sun,Sun,f05023,0a2240,https://a.espncdn.com/i/teamlogos/wnba/500/conn.png,away,81,False,18,2,25,45.2,33,73,1,20,50.0,7,14,4,9,7,1,2,44.4,8,18,34,2,13,12,3,s:40~l:59~t:3,dallas-wings,Dallas,Wings,DAL,Dallas Wings,Wings,002b5c,c4d600,https://a.espncdn.com/i/teamlogos/wnba/500/dal.png,91,14,46,12
401507310,2023,2,2023-08-13,2023-08-13 21:00:00-04:00,20,s:40~l:59~t:20,atlanta-dream,Atlanta,DREAM,ATL,Atlanta Dream,Dream,e31837,5091cc,https://a.espncdn.com/i/teamlogos/wnba/500/atl.png,away,65,False,13,2,38,37.1,23,62,0,19,78.9,15,19,7,5,3,1,0,25.0,4,16,43,0,17,16,17,s:40~l:59~t:17,las-vegas-aces,Las Vegas,Aces,LV,Las Vegas Aces,Aces,ce1141,b4975a,https://a.espncdn.com/i/teamlogos/wnba/500/lv.png,86,5,28,13
401507310,2023,2,2023-08-13,2023-08-13 21:00:00-04:00,17,s:40~l:59~t:17,las-vegas-aces,Las Vegas,ACES,LV,Las Vegas Aces,Aces,ce1141,b4975a,https://a.espncdn.com/i/teamlogos/wnba/500/lv.png,home,86,True,16,6,30,41.6,32,77,0,19,78.9,15,19,23,8,13,0,0,30.4,7,23,38,0,9,9,20,s:40~l:59~t:20,atlanta-dream,Atlanta,Dream,ATL,Atlanta Dream,Dream,e31837,5091cc,https://a.espncdn.com/i/teamlogos/wnba/500/atl.png,65,9,30,7
401507308,2023,2,2023-08-13,2023-08-13 18:00:00-04:00,11,s:40~l:59~t:11,phoenix-mercury,Phoenix,MERCURY,PHX,Phoenix Mercury,Mercury,3c286e,e56020,https://a.espncdn.com/i/teamlogos/wnba/500/phx.png,away,71,False,19,4,20,41.3,31,75,0,14,57.1,4,7,7,11,10,0,0,21.7,5,23,31,0,8,8,14,s:40~l:59~t:14,seattle-storm,Seattle,Storm,SEA,Seattle Storm,Storm,2c5235,fee11a,https://a.espncdn.com/i/teamlogos/wnba/500/sea.png,81,10,38,7
401507307,2023,2,2023-08-13,2023-08-13 15:00:00-04:00,19,s:40~l:59~t:19,chicago-sky,Chicago,SKY,CHI,Chicago Sky,Sky,5091cd,ffd520,https://a.espncdn.com/i/teamlogos/wnba/500/chi.png,away,76,False,17,3,22,41.8,28,67,0,18,75.0,12,16,2,12,8,1,2,32.0,8,25,34,2,17,16,16,s:40~l:59~t:16,washington-mystics,Washington,Mystics,WSH,Washington Mystics,Mystics,e03a3e,002b5c,https://a.espncdn.com/i/teamlogos/wnba/500/wsh.png,83,9,30,20
401507307,2023,2,2023-08-13,2023-08-13 15:00:00-04:00,16,s:40~l:59~t:16,washington-mystics,Washington,MYSTICS,WSH,Washington Mystics,Mystics,e03a3e,002b5c,https://a.espncdn.com/i/teamlogos/wnba/500/wsh.png,home,83,True,21,2,24,49.2,30,61,0,14,83.3,20,24,12,8,14,0,2,16.7,3,18,32,2,17,17,19,s:40~l:59~t:19,chicago-sky,Chicago,Sky,CHI,Chicago Sky,Sky,5091cd,ffd520,https://a.espncdn.com/i/teamlogos/wnba/500/chi.png,76,13,46,22
401507309,2023,2,2023-08-13,2023-08-13 15:00:00-04:00,9,s:40~l:59~t:9,new-york-liberty,New York,LIBERTY,NY,New York Liberty,Liberty,86cebc,000000,https://a.espncdn.com/i/teamlogos/wnba/500/ny.png,away,100,True,32,5,25,51.4,37,72,0,17,73.7,14,19,18,10,7,1,0,41.4,12,29,35,0,9,8,5,s:40~l:59~t:5,indiana-fever,Indiana,Fever,IND,Indiana Fever,Fever,002d62,e03a3e,https://a.espncdn.com/i/teamlogos/wnba/500/ind.png,89,15,38,13
401507309,2023,2,2023-08-13,2023-08-13 15:00:00-04:00,5,s:40~l:59~t:5,indiana-fever,Indiana,FEVER,IND,Indiana Fever,Fever,002d62,e03a3e,https://a.espncdn.com/i/teamlogos/wnba/500/ind.png,home,89,False,18,4,24,46.5,33,71,0,17,84.2,16,19,6,8,2,0,0,38.9,7,18,32,0,11,11,9,s:40~l:59~t:9,new-york-liberty,New York,Liberty,NY,New York Liberty,Liberty,86cebc,000000,https://a.espncdn.com/i/teamlogos/wnba/500/ny.png,100,9,42,13
401507308,2023,2,2023-08-13,2023-08-13 18:00:00-04:00,14,s:40~l:59~t:14,seattle-storm,Seattle,STORM,SEA,Seattle Storm,Storm,2c5235,fee11a,https://a.espncdn.com/i/teamlogos/wnba/500/sea.png,home,81,True,16,5,31,51.6,32,62,0,10,90.9,10,11,16,7,4,0,0,46.7,7,15,38,0,16,16,11,s:40~l:59~t:11,phoenix-mercury,Phoenix,Mercury,PHX,Phoenix Mercury,Mercury,3c286e,e56020,https://a.espncdn.com/i/teamlogos/wnba/500/phx.png,71,14,44,21
401507376,2023,2,2023-08-15,2023-08-15 21:00:00-04:00,17,s:40~l:59~t:17,las-vegas-aces,Las Vegas,ACES,LV,Las Vegas Aces,Aces,ce1141,b4975a,https://a.espncdn.com/i/teamlogos/wnba/500/lv.png,home,63,False,14,3,24,33.3,23,69,0,16,85.7,12,14,7,4,9,0,0,19.2,5,26,28,0,9,9,9,s:40~l:59~t:9,new-york-liberty,New York,Liberty,NY,New York Liberty,Liberty,86cebc,000000,https://a.espncdn.com/i/teamlogos/wnba/500/ny.png,82,8,28,5
401507376,2023,2,2023-08-15,2023-08-15 21:00:00-04:00,9,s:40~l:59~t:9,new-york-liberty,New York,LIBERTY,NY,New York Liberty,Liberty,86cebc,000000,https://a.espncdn.com/i/teamlogos/wnba/500/ny.png,away,82,True,20,6,37,40.6,28,69,0,17,64.7,11,17,20,12,3,2,1,42.9,15,35,49,1,18,16,17,s:40~l:59~t:17,las-vegas-aces,Las Vegas,Aces,LV,Las Vegas Aces,Aces,ce1141,b4975a,https://a.espncdn.com/i/teamlogos/wnba/500/lv.png,63,6,18,17
401507311,2023,2,2023-08-17,2023-08-17 22:00:00-04:00,17,s:40~l:59~t:17,las-vegas-aces,Las Vegas,ACES,LV,Las Vegas Aces,Aces,ce1141,b4975a,https://a.espncdn.com/i/teamlogos/wnba/500/lv.png,home,88,True,21,1,28,44.4,32,72,0,20,93.8,15,16,14,7,9,0,0,36.0,9,25,35,0,8,8,9,s:40~l:59~t:9,new-york-liberty,New York,Liberty,NY,New York Liberty,Liberty,86cebc,000000,https://a.espncdn.com/i/teamlogos/wnba/500/ny.png,75,9,32,8
401507311,2023,2,2023-08-17,2023-08-17 22:00:00-04:00,9,s:40~l:59~t:9,new-york-liberty,New York,LIBERTY,NY,New York Liberty,Liberty,86cebc,000000,https://a.espncdn.com/i/teamlogos/wnba/500/ny.png,away,75,False,23,7,24,39.1,25,64,0,13,76.9,10,13,8,4,2,1,0,38.5,15,39,28,0,16,15,17,s:40~l:59~t:17,las-vegas-aces,Las Vegas,Aces,LV,Las Vegas Aces,Aces,ce1141,b4975a,https://a.espncdn.com/i/teamlogos/wnba/500/lv.png,88,6,18,21
401507316,2023,2,2023-08-18,2023-08-18 22:00:00-04:00,8,s:40~l:59~t:8,minnesota-lynx,Minnesota,LYNX,MIN,Minnesota Lynx,Lynx,266092,79bc43,https://a.espncdn.com/i/teamlogos/wnba/500/min.png,away,78,True,17,0,27,43.8,28,64,1,18,88.9,16,18,15,9,6,2,0,28.6,6,21,36,0,15,13,14,s:40~l:59~t:14,seattle-storm,Seattle,Storm,SEA,Seattle Storm,Storm,2c5235,fee11a,https://a.espncdn.com/i/teamlogos/wnba/500/sea.png,70,14,36,14
401507315,2023,2,2023-08-18,2023-08-18 22:00:00-04:00,9,s:40~l:59~t:9,new-york-liberty,New York,LIBERTY,NY,New York Liberty,Liberty,86cebc,000000,https://a.espncdn.com/i/teamlogos/wnba/500/ny.png,away,85,True,17,4,32,45.2,33,73,0,10,81.8,9,11,22,8,10,1,0,34.5,10,29,40,0,13,12,11,s:40~l:59~t:11,phoenix-mercury,Phoenix,Mercury,PHX,Phoenix Mercury,Mercury,3c286e,e56020,https://a.espncdn.com/i/teamlogos/wnba/500/phx.png,63,17,34,17
401507315,2023,2,2023-08-18,2023-08-18 22:00:00-04:00,11,s:40~l:59~t:11,phoenix-mercury,Phoenix,MERCURY,PHX,Phoenix Mercury,Mercury,3c286e,e56020,https://a.espncdn.com/i/teamlogos/wnba/500/phx.png,home,63,False,16,4,25,35.2,25,71,0,11,81.8,9,11,6,11,4,1,1,17.4,4,23,36,1,15,14,9,s:40~l:59~t:9,new-york-liberty,New York,Liberty,NY,New York Liberty,Liberty,86cebc,000000,https://a.espncdn.com/i/teamlogos/wnba/500/ny.png,85,6,38,23
401507316,2023,2,2023-08-18,2023-08-18 22:00:00-04:00,14,s:40~l:59~t:14,seattle-storm,Seattle,STORM,SEA,Seattle Storm,Storm,2c5235,fee11a,https://a.espncdn.com/i/teamlogos/wnba/500/sea.png,home,70,False,16,6,22,36.8,25,68,0,17,70.6,12,17,5,11,8,1,0,29.6,8,27,33,0,16,15,8,s:40~l:59~t:8,minnesota-lynx,Minnesota,Lynx,MIN,Minnesota Lynx,Lynx,266092,79bc43,https://a.espncdn.com/i/teamlogos/wnba/500/min.png,78,7,26,19
401507312,2023,2,2023-08-18,2023-08-18 19:00:00-04:00,18,s:40~l:59~t:18,connecticut-sun,Connecticut,SUN,CONN,Connecticut Sun,Sun,f05023,0a2240,https://a.espncdn.com/i/teamlogos/wnba/500/conn.png,home,75,False,14,3,21,38.0,27,71,1,20,78.3,18,23,8,16,5,2,1,21.4,3,14,37,1,14,12,3,s:40~l:59~t:3,dallas-wings,Dallas,Wings,DAL,Dallas Wings,Wings,002b5c,c4d600,https://a.espncdn.com/i/teamlogos/wnba/500/dal.png,95,8,46,21
401507314,2023,2,2023-08-18,2023-08-18 19:30:00-04:00,20,s:40~l:59~t:20,atlanta-dream,Atlanta,DREAM,ATL,Atlanta Dream,Dream,e31837,5091cc,https://a.espncdn.com/i/teamlogos/wnba/500/atl.png,home,78,True,23,2,24,40.6,28,69,0,12,90.0,18,20,11,7,3,1,2,28.6,4,14,31,2,7,6,19,s:40~l:59~t:19,chicago-sky,Chicago,Sky,CHI,Chicago Sky,Sky,5091cd,ffd520,https://a.espncdn.com/i/teamlogos/wnba/500/chi.png,67,8,44,6
401507313,2023,2,2023-08-18,2023-08-18 19:00:00-04:00,16,s:40~l:59~t:16,washington-mystics,Washington,MYSTICS,WSH,Washington Mystics,Mystics,e03a3e,002b5c,https://a.espncdn.com/i/teamlogos/wnba/500/wsh.png,away,83,True,16,4,24,42.6,26,61,0,18,76.0,19,25,7,3,7,1,0,48.0,12,25,27,0,10,9,5,s:40~l:59~t:5,indiana-fever,Indiana,Fever,IND,Indiana Fever,Fever,002d62,e03a3e,https://a.espncdn.com/i/teamlogos/wnba/500/ind.png,79,8,24,6
401507313,2023,2,2023-08-18,2023-08-18 19:00:00-04:00,5,s:40~l:59~t:5,indiana-fever,Indiana,FEVER,IND,Indiana Fever,Fever,002d62,e03a3e,https://a.espncdn.com/i/teamlogos/wnba/500/ind.png,home,79,False,16,2,29,47.0,31,66,0,21,90.0,9,10,7,7,4,0,0,40.0,8,20,36,0,17,17,16,s:40~l:59~t:16,washington-mystics,Washington,Mystics,WSH,Washington Mystics,Mystics,e03a3e,002b5c,https://a.espncdn.com/i/teamlogos/wnba/500/wsh.png,83,15,38,14
401507312,2023,2,2023-08-18,2023-08-18 19:00:00-04:00,3,s:40~l:59~t:3,dallas-wings,Dallas,WINGS,DAL,Dallas Wings,Wings,002b5c,c4d600,https://a.espncdn.com/i/teamlogos/wnba/500/dal.png,away,95,True,19,10,24,48.6,36,74,0,18,65.2,15,23,22,16,8,0,0,42.1,8,19,40,0,12,12,18,s:40~l:59~t:18,connecticut-sun,Connecticut,Sun,CONN,Connecticut Sun,Sun,f05023,0a2240,https://a.espncdn.com/i/teamlogos/wnba/500/conn.png,75,7,52,18
401507314,2023,2,2023-08-18,2023-08-18 19:30:00-04:00,19,s:40~l:59~t:19,chicago-sky,Chicago,SKY,CHI,Chicago Sky,Sky,5091cd,ffd520,https://a.espncdn.com/i/teamlogos/wnba/500/chi.png,away,67,False,14,6,25,39.7,27,68,0,20,66.7,8,12,10,14,3,1,0,25.0,5,20,39,0,17,16,20,s:40~l:59~t:20,atlanta-dream,Atlanta,Dream,ATL,Atlanta Dream,Dream,e31837,5091cc,https://a.espncdn.com/i/teamlogos/wnba/500/atl.png,78,6,30,27
401507317,2023,2,2023-08-19,2023-08-19 15:00:00-04:00,17,s:40~l:59~t:17,las-vegas-aces,Las Vegas,ACES,LV,Las Vegas Aces,Aces,ce1141,b4975a,https://a.espncdn.com/i/teamlogos/wnba/500/lv.png,home,72,False,17,2,19,36.0,27,75,1,19,90.9,10,11,4,13,12,0,0,25.0,8,32,32,0,15,15,6,s:40~l:59~t:6,los-angeles-sparks,Los Angeles,Sparks,LA,Los Angeles Sparks,Sparks,552583,fdb927,https://a.espncdn.com/i/teamlogos/wnba/500/la.png,78,9,36,16
401507317,2023,2,2023-08-19,2023-08-19 15:00:00-04:00,6,s:40~l:59~t:6,los-angeles-sparks,Los Angeles,SPARKS,LA,Los Angeles Sparks,Sparks,552583,fdb927,https://a.espncdn.com/i/teamlogos/wnba/500/la.png,away,78,True,17,2,27,52.8,28,53,0,10,94.1,16,17,12,2,10,3,1,50.0,6,12,29,1,25,22,17,s:40~l:59~t:17,las-vegas-aces,Las Vegas,Aces,LV,Las Vegas Aces,Aces,ce1141,b4975a,https://a.espncdn.com/i/teamlogos/wnba/500/lv.png,72,18,42,20
401507318,2023,2,2023-08-20,2023-08-20 15:00:00-04:00,16,s:40~l:59~t:16,washington-mystics,Washington,MYSTICS,WSH,Washington Mystics,Mystics,e03a3e,002b5c,https://a.espncdn.com/i/teamlogos/wnba/500/wsh.png,home,84,False,21,1,24,42.3,30,71,0,16,70.6,12,17,3,7,12,0,0,41.4,12,29,31,0,15,15,3,s:40~l:59~t:3,dallas-wings,Dallas,Wings,DAL,Dallas Wings,Wings,002b5c,c4d600,https://a.espncdn.com/i/teamlogos/wnba/500/dal.png,97,7,26,12
401507318,2023,2,2023-08-20,2023-08-20 15:00:00-04:00,3,s:40~l:59~t:3,dallas-wings,Dallas,WINGS,DAL,Dallas Wings,Wings,002b5c,c4d600,https://a.espncdn.com/i/teamlogos/wnba/500/dal.png,away,97,True,23,1,32,49.3,34,69,0,16,87.0,20,23,20,8,11,0,0,42.9,9,21,40,0,18,18,16,s:40~l:59~t:16,washington-mystics,Washington,Mystics,WSH,Washington Mystics,Mystics,e03a3e,002b5c,https://a.espncdn.com/i/teamlogos/wnba/500/wsh.png,84,4,44,16
401507319,2023,2,2023-08-20,2023-08-20 17:00:00-04:00,19,s:40~l:59~t:19,chicago-sky,Chicago,SKY,CHI,Chicago Sky,Sky,5091cd,ffd520,https://a.espncdn.com/i/teamlogos/wnba/500/chi.png,home,73,False,21,3,18,41.3,26,63,0,18,72.0,18,25,5,7,5,2,2,14.3,3,21,25,2,12,10,18,s:40~l:59~t:18,connecticut-sun,Connecticut,Sun,CONN,Connecticut Sun,Sun,f05023,0a2240,https://a.espncdn.com/i/teamlogos/wnba/500/conn.png,79,8,34,11
401507319,2023,2,2023-08-20,2023-08-20 17:00:00-04:00,18,s:40~l:59~t:18,connecticut-sun,Connecticut,SUN,CONN,Connecticut Sun,Sun,f05023,0a2240,https://a.espncdn.com/i/teamlogos/wnba/500/conn.png,away,79,True,21,5,28,47.4,27,57,2,18,78.3,18,23,13,5,8,5,0,33.3,7,21,33,0,16,11,19,s:40~l:59~t:19,chicago-sky,Chicago,Sky,CHI,Chicago Sky,Sky,5091cd,ffd520,https://a.espncdn.com/i/teamlogos/wnba/500/chi.png,73,17,28,17
401507320,2023,2,2023-08-20,2023-08-20 18:00:00-04:00,11,s:40~l:59~t:11,phoenix-mercury,Phoenix,MERCURY,PHX,Phoenix Mercury,Mercury,3c286e,e56020,https://a.espncdn.com/i/teamlogos/wnba/500/phx.png,home,73,False,9,3,24,40.3,27,67,0,20,69.6,16,23,4,12,3,1,0,13.6,3,22,36,0,14,13,5,s:40~l:59~t:5,indiana-fever,Indiana,Fever,IND,Indiana Fever,Fever,002d62,e03a3e,https://a.espncdn.com/i/teamlogos/wnba/500/ind.png,83,4,38,20
401507320,2023,2,2023-08-20,2023-08-20 18:00:00-04:00,5,s:40~l:59~t:5,indiana-fever,Indiana,FEVER,IND,Indiana Fever,Fever,002d62,e03a3e,https://a.espncdn.com/i/teamlogos/wnba/500/ind.png,away,83,True,16,3,21,44.6,29,65,0,18,69.2,18,26,13,8,10,2,1,38.9,7,18,29,1,10,8,11,s:40~l:59~t:11,phoenix-mercury,Phoenix,Mercury,PHX,Phoenix Mercury,Mercury,3c286e,e56020,https://a.espncdn.com/i/teamlogos/wnba/500/phx.png,73,10,40,7
401507321,2023,2,2023-08-20,2023-08-20 19:00:00-04:00,8,s:40~l:59~t:8,minnesota-lynx,Minnesota,LYNX,MIN,Minnesota Lynx,Lynx,266092,79bc43,https://a.espncdn.com/i/teamlogos/wnba/500/min.png,home,74,False,15,2,28,35.3,24,68,0,18,91.7,22,24,3,9,6,1,0,22.2,4,18,37,0,12,11,14,s:40~l:59~t:14,seattle-storm,Seattle,Storm,SEA,Seattle Storm,Storm,2c5235,fee11a,https://a.espncdn.com/i/teamlogos/wnba/500/sea.png,88,4,30,21
401507321,2023,2,2023-08-20,2023-08-20 19:00:00-04:00,14,s:40~l:59~t:14,seattle-storm,Seattle,STORM,SEA,Seattle Storm,Storm,2c5235,fee11a,https://a.espncdn.com/i/teamlogos/wnba/500/sea.png,away,88,True,16,5,31,42.1,32,76,0,19,77.8,14,18,19,10,4,0,0,38.5,10,26,41,0,9,9,8,s:40~l:59~t:8,minnesota-lynx,Minnesota,Lynx,MIN,Minnesota Lynx,Lynx,266092,79bc43,https://a.espncdn.com/i/teamlogos/wnba/500/min.png,74,2,34,6
401507324,2023,2,2023-08-22,2023-08-22 20:00:00-04:00,14,s:40~l:59~t:14,seattle-storm,Seattle,STORM,SEA,Seattle Storm,Storm,2c5235,fee11a,https://a.espncdn.com/i/teamlogos/wnba/500/sea.png,away,79,False,22,2,25,38.0,27,71,1,16,72.0,18,25,2,15,2,3,1,35.0,7,20,40,1,15,12,19,s:40~l:59~t:19,chicago-sky,Chicago,Sky,CHI,Chicago Sky,Sky,5091cd,ffd520,https://a.espncdn.com/i/teamlogos/wnba/500/chi.png,102,9,36,18
401507324,2023,2,2023-08-22,2023-08-22 20:00:00-04:00,19,s:40~l:59~t:19,chicago-sky,Chicago,SKY,CHI,Chicago Sky,Sky,5091cd,ffd520,https://a.espncdn.com/i/teamlogos/wnba/500/chi.png,home,102,True,20,4,25,50.6,39,77,0,21,78.9,15,19,31,11,11,1,0,36.0,9,25,36,0,5,4,14,s:40~l:59~t:14,seattle-storm,Seattle,Storm,SEA,Seattle Storm,Storm,2c5235,fee11a,https://a.espncdn.com/i/teamlogos/wnba/500/sea.png,79,18,42,1
401507325,2023,2,2023-08-22,2023-08-22 20:00:00-04:00,3,s:40~l:59~t:3,dallas-wings,Dallas,WINGS,DAL,Dallas Wings,Wings,002b5c,c4d600,https://a.espncdn.com/i/teamlogos/wnba/500/dal.png,away,86,False,18,2,24,42.9,33,77,0,18,75.0,12,16,5,17,8,0,1,34.8,8,23,41,1,20,20,8,s:40~l:59~t:8,minnesota-lynx,Minnesota,Lynx,MIN,Minnesota Lynx,Lynx,266092,79bc43,https://a.espncdn.com/i/teamlogos/wnba/500/min.png,91,12,40,28
401507323,2023,2,2023-08-22,2023-08-22 19:00:00-04:00,18,s:40~l:59~t:18,connecticut-sun,Connecticut,SUN,CONN,Connecticut Sun,Sun,f05023,0a2240,https://a.espncdn.com/i/teamlogos/wnba/500/conn.png,away,68,True,17,2,24,39.3,24,61,0,19,92.3,12,13,14,4,9,1,1,32.0,8,25,28,1,14,13,16,s:40~l:59~t:16,washington-mystics,Washington,Mystics,WSH,Washington Mystics,Mystics,e03a3e,002b5c,https://a.espncdn.com/i/teamlogos/wnba/500/wsh.png,64,6,30,21
401507322,2023,2,2023-08-22,2023-08-22 19:00:00-04:00,17,s:40~l:59~t:17,las-vegas-aces,Las Vegas,ACES,LV,Las Vegas Aces,Aces,ce1141,b4975a,https://a.espncdn.com/i/teamlogos/wnba/500/lv.png,away,112,True,25,7,29,50.7,35,69,0,22,94.4,34,36,22,5,4,0,0,42.1,8,19,34,0,9,9,20,s:40~l:59~t:20,atlanta-dream,Atlanta,Dream,ATL,Atlanta Dream,Dream,e31837,5091cc,https://a.espncdn.com/i/teamlogos/wnba/500/atl.png,100,11,30,14
401507322,2023,2,2023-08-22,2023-08-22 19:00:00-04:00,20,s:40~l:59~t:20,atlanta-dream,Atlanta,DREAM,ATL,Atlanta Dream,Dream,e31837,5091cc,https://a.espncdn.com/i/teamlogos/wnba/500/atl.png,home,100,False,17,3,25,49.3,33,67,1,24,84.8,28,33,4,5,7,0,2,35.3,6,17,30,2,10,10,17,s:40~l:59~t:17,las-vegas-aces,Las Vegas,Aces,LV,Las Vegas Aces,Aces,ce1141,b4975a,https://a.espncdn.com/i/teamlogos/wnba/500/lv.png,112,18,38,11
401507323,2023,2,2023-08-22,2023-08-22 19:00:00-04:00,16,s:40~l:59~t:16,washington-mystics,Washington,MYSTICS,WSH,Washington Mystics,Mystics,e03a3e,002b5c,https://a.espncdn.com/i/teamlogos/wnba/500/wsh.png,home,64,False,16,7,29,35.5,22,62,0,16,86.7,13,15,7,9,6,0,1,31.8,7,22,38,1,20,20,18,s:40~l:59~t:18,connecticut-sun,Connecticut,Sun,CONN,Connecticut Sun,Sun,f05023,0a2240,https://a.espncdn.com/i/teamlogos/wnba/500/conn.png,68,2,22,18
401507325,2023,2,2023-08-22,2023-08-22 20:00:00-04:00,8,s:40~l:59~t:8,minnesota-lynx,Minnesota,LYNX,MIN,Minnesota Lynx,Lynx,266092,79bc43,https://a.espncdn.com/i/teamlogos/wnba/500/min.png,home,91,True,26,2,20,48.6,34,70,2,19,80.0,12,15,12,8,9,1,0,44.0,11,25,28,0,15,14,3,s:40~l:59~t:3,dallas-wings,Dallas,Wings,DAL,Dallas Wings,Wings,002b5c,c4d600,https://a.espncdn.com/i/teamlogos/wnba/500/dal.png,86,6,34,23
401507326,2023,2,2023-08-23,2023-08-23 22:00:00-04:00,6,s:40~l:59~t:6,los-angeles-sparks,Los Angeles,SPARKS,LA,Los Angeles Sparks,Sparks,552583,fdb927,https://a.espncdn.com/i/teamlogos/wnba/500/la.png,home,91,True,24,5,22,54.0,34,63,0,18,68.4,13,19,31,8,8,0,0,58.8,10,17,30,0,7,7,11,s:40~l:59~t:11,phoenix-mercury,Phoenix,Mercury,PHX,Phoenix Mercury,Mercury,3c286e,e56020,https://a.espncdn.com/i/teamlogos/wnba/500/phx.png,62,12,38,7
401507326,2023,2,2023-08-23,2023-08-23 22:00:00-04:00,11,s:40~l:59~t:11,phoenix-mercury,Phoenix,MERCURY,PHX,Phoenix Mercury,Mercury,3c286e,e56020,https://a.espncdn.com/i/teamlogos/wnba/500/phx.png,away,62,False,19,6,20,40.7,24,59,0,18,78.6,11,14,2,8,4,3,0,18.8,3,16,28,0,16,13,6,s:40~l:59~t:6,los-angeles-sparks,Los Angeles,Sparks,LA,Los Angeles Sparks,Sparks,552583,fdb927,https://a.espncdn.com/i/teamlogos/wnba/500/la.png,91,5,34,14
401507329,2023,2,2023-08-24,2023-08-24 20:00:00-04:00,17,s:40~l:59~t:17,las-vegas-aces,Las Vegas,ACES,LV,Las Vegas Aces,Aces,ce1141,b4975a,https://a.espncdn.com/i/teamlogos/wnba/500/lv.png,away,94,True,21,5,28,47.9,34,71,0,15,100.0,18,18,8,6,6,0,0,33.3,8,24,34,0,14,14,19,s:40~l:59~t:19,chicago-sky,Chicago,Sky,CHI,Chicago Sky,Sky,5091cd,ffd520,https://a.espncdn.com/i/teamlogos/wnba/500/chi.png,87,16,42,19
401507329,2023,2,2023-08-24,2023-08-24 20:00:00-04:00,19,s:40~l:59~t:19,chicago-sky,Chicago,SKY,CHI,Chicago Sky,Sky,5091cd,ffd520,https://a.espncdn.com/i/teamlogos/wnba/500/chi.png,home,87,False,23,0,23,45.5,35,77,0,15,80.0,8,10,16,10,8,0,0,33.3,9,27,33,0,16,16,17,s:40~l:59~t:17,las-vegas-aces,Las Vegas,Aces,LV,Las Vegas Aces,Aces,ce1141,b4975a,https://a.espncdn.com/i/teamlogos/wnba/500/lv.png,94,15,38,13
401507330,2023,2,2023-08-24,2023-08-24 20:00:00-04:00,8,s:40~l:59~t:8,minnesota-lynx,Minnesota,LYNX,MIN,Minnesota Lynx,Lynx,266092,79bc43,https://a.espncdn.com/i/teamlogos/wnba/500/min.png,away,90,True,21,4,23,45.6,31,68,0,20,84.0,21,25,16,10,8,1,1,29.2,7,24,33,1,15,14,3,s:40~l:59~t:3,dallas-wings,Dallas,Wings,DAL,Dallas Wings,Wings,002b5c,c4d600,https://a.espncdn.com/i/teamlogos/wnba/500/dal.png,81,4,36,15
401507327,2023,2,2023-08-24,2023-08-24 19:00:00-04:00,18,s:40~l:59~t:18,connecticut-sun,Connecticut,SUN,CONN,Connecticut Sun,Sun,f05023,0a2240,https://a.espncdn.com/i/teamlogos/wnba/500/conn.png,home,90,False,27,1,29,47.4,36,76,2,24,87.5,7,8,20,6,4,1,0,34.4,11,32,35,0,12,11,9,s:40~l:59~t:9,new-york-liberty,New York,Liberty,NY,New York Liberty,Liberty,86cebc,000000,https://a.espncdn.com/i/teamlogos/wnba/500/ny.png,95,7,38,20
401507327,2023,2,2023-08-24,2023-08-24 19:00:00-04:00,9,s:40~l:59~t:9,new-york-liberty,New York,LIBERTY,NY,New York Liberty,Liberty,86cebc,000000,https://a.espncdn.com/i/teamlogos/wnba/500/ny.png,away,95,True,23,3,31,44.0,33,75,0,16,80.8,21,26,7,12,5,1,0,25.8,8,31,43,0,12,11,18,s:40~l:59~t:18,connecticut-sun,Connecticut,Sun,CONN,Connecticut Sun,Sun,f05023,0a2240,https://a.espncdn.com/i/teamlogos/wnba/500/conn.png,90,8,40,16
401507330,2023,2,2023-08-24,2023-08-24 20:00:00-04:00,3,s:40~l:59~t:3,dallas-wings,Dallas,WINGS,DAL,Dallas Wings,Wings,002b5c,c4d600,https://a.espncdn.com/i/teamlogos/wnba/500/dal.png,home,81,False,21,7,23,45.5,30,66,0,18,76.0,19,25,6,11,7,0,0,15.4,2,13,34,0,18,18,8,s:40~l:59~t:8,minnesota-lynx,Minnesota,Lynx,MIN,Minnesota Lynx,Lynx,266092,79bc43,https://a.espncdn.com/i/teamlogos/wnba/500/min.png,90,14,50,16
401507328,2023,2,2023-08-24,2023-08-24 19:00:00-04:00,14,s:40~l:59~t:14,seattle-storm,Seattle,STORM,SEA,Seattle Storm,Storm,2c5235,fee11a,https://a.espncdn.com/i/teamlogos/wnba/500/sea.png,away,86,False,15,6,23,41.8,28,67,1,25,76.0,19,25,4,8,9,2,1,39.3,11,28,31,1,13,11,5,s:40~l:59~t:5,indiana-fever,Indiana,Fever,IND,Indiana Fever,Fever,002d62,e03a3e,https://a.espncdn.com/i/teamlogos/wnba/500/ind.png,90,8,32,22
401507328,2023,2,2023-08-24,2023-08-24 19:00:00-04:00,5,s:40~l:59~t:5,indiana-fever,Indiana,FEVER,IND,Indiana Fever,Fever,002d62,e03a3e,https://a.espncdn.com/i/teamlogos/wnba/500/ind.png,home,90,True,18,6,26,43.1,28,65,0,17,78.1,25,32,9,9,6,0,2,40.9,9,22,35,2,13,13,14,s:40~l:59~t:14,seattle-storm,Seattle,Storm,SEA,Seattle Storm,Storm,2c5235,fee11a,https://a.espncdn.com/i/teamlogos/wnba/500/sea.png,86,6,26,16
401507331,2023,2,2023-08-25,2023-08-25 20:00:00-04:00,20,s:40~l:59~t:20,atlanta-dream,Atlanta,DREAM,ATL,Atlanta Dream,Dream,e31837,5091cc,https://a.espncdn.com/i/teamlogos/wnba/500/atl.png,home,78,False,17,4,23,48.4,30,62,0,17,81.3,13,16,16,6,6,1,0,50.0,5,10,29,0,16,15,6,s:40~l:59~t:6,los-angeles-sparks,Los Angeles,Sparks,LA,Los Angeles Sparks,Sparks,552583,fdb927,https://a.espncdn.com/i/teamlogos/wnba/500/la.png,83,6,38,18
401507331,2023,2,2023-08-25,2023-08-25 20:00:00-04:00,6,s:40~l:59~t:6,los-angeles-sparks,Los Angeles,SPARKS,LA,Los Angeles Sparks,Sparks,552583,fdb927,https://a.espncdn.com/i/teamlogos/wnba/500/la.png,away,83,True,19,3,22,47.7,31,65,0,19,88.2,15,17,6,5,9,3,0,33.3,6,18,27,0,12,9,20,s:40~l:59~t:20,atlanta-dream,Atlanta,Dream,ATL,Atlanta Dream,Dream,e31837,5091cc,https://a.espncdn.com/i/teamlogos/wnba/500/atl.png,78,6,48,8
401507332,2023,2,2023-08-26,2023-08-26 19:00:00-04:00,16,s:40~l:59~t:16,washington-mystics,Washington,MYSTICS,WSH,Washington Mystics,Mystics,e03a3e,002b5c,https://a.espncdn.com/i/teamlogos/wnba/500/wsh.png,home,78,True,22,2,33,40.0,28,70,0,19,83.3,15,18,16,6,8,2,2,26.9,7,26,39,2,10,8,17,s:40~l:59~t:17,las-vegas-aces,Las Vegas,Aces,LV,Las Vegas Aces,Aces,ce1141,b4975a,https://a.espncdn.com/i/teamlogos/wnba/500/lv.png,62,6,30,7
401507332,2023,2,2023-08-26,2023-08-26 19:00:00-04:00,17,s:40~l:59~t:17,las-vegas-aces,Las Vegas,ACES,LV,Las Vegas Aces,Aces,ce1141,b4975a,https://a.espncdn.com/i/teamlogos/wnba/500/lv.png,away,62,False,14,3,34,30.8,20,65,1,13,76.2,16,21,5,6,6,2,0,20.7,6,29,40,0,19,17,16,s:40~l:59~t:16,washington-mystics,Washington,Mystics,WSH,Washington Mystics,Mystics,e03a3e,002b5c,https://a.espncdn.com/i/teamlogos/wnba/500/wsh.png,78,0,14,22
401507333,2023,2,2023-08-26,2023-08-26 20:00:00-04:00,8,s:40~l:59~t:8,minnesota-lynx,Minnesota,LYNX,MIN,Minnesota Lynx,Lynx,266092,79bc43,https://a.espncdn.com/i/teamlogos/wnba/500/min.png,home,76,False,19,2,24,43.7,31,71,0,14,85.7,6,7,2,5,1,1,0,38.1,8,21,29,0,14,13,9,s:40~l:59~t:9,new-york-liberty,New York,Liberty,NY,New York Liberty,Liberty,86cebc,000000,https://a.espncdn.com/i/teamlogos/wnba/500/ny.png,111,4,36,25
401507333,2023,2,2023-08-26,2023-08-26 20:00:00-04:00,9,s:40~l:59~t:9,new-york-liberty,New York,LIBERTY,NY,New York Liberty,Liberty,86cebc,000000,https://a.espncdn.com/i/teamlogos/wnba/500/ny.png,away,111,True,22,4,30,55.4,41,74,0,9,100.0,17,17,43,5,7,0,0,44.4,12,27,35,0,6,6,8,s:40~l:59~t:8,minnesota-lynx,Minnesota,Lynx,MIN,Minnesota Lynx,Lynx,266092,79bc43,https://a.espncdn.com/i/teamlogos/wnba/500/min.png,76,28,50,9
401507336,2023,2,2023-08-27,2023-08-27 18:00:00-04:00,3,s:40~l:59~t:3,dallas-wings,Dallas,WINGS,DAL,Dallas Wings,Wings,002b5c,c4d600,https://a.espncdn.com/i/teamlogos/wnba/500/dal.png,away,77,True,10,3,20,36.1,26,72,0,15,95.0,19,20,5,14,6,1,0,37.5,6,16,34,0,12,11,11,s:40~l:59~t:11,phoenix-mercury,Phoenix,Mercury,PHX,Phoenix Mercury,Mercury,3c286e,e56020,https://a.espncdn.com/i/teamlogos/wnba/500/phx.png,74,5,30,6
401507336,2023,2,2023-08-27,2023-08-27 18:00:00-04:00,11,s:40~l:59~t:11,phoenix-mercury,Phoenix,MERCURY,PHX,Phoenix Mercury,Mercury,3c286e,e56020,https://a.espncdn.com/i/teamlogos/wnba/500/phx.png,home,74,False,16,4,26,51.6,32,62,0,20,80.0,8,10,12,4,3,1,0,13.3,2,15,30,0,14,13,3,s:40~l:59~t:3,dallas-wings,Dallas,Wings,DAL,Dallas Wings,Wings,002b5c,c4d600,https://a.espncdn.com/i/teamlogos/wnba/500/dal.png,77,10,44,20
401507337,2023,2,2023-08-27,2023-08-27 18:00:00-04:00,19,s:40~l:59~t:19,chicago-sky,Chicago,SKY,CHI,Chicago Sky,Sky,5091cd,ffd520,https://a.espncdn.com/i/teamlogos/wnba/500/chi.png,away,90,True,24,4,27,42.5,31,73,0,15,78.3,18,23,5,6,10,0,1,45.5,10,22,33,1,10,10,14,s:40~l:59~t:14,seattle-storm,Seattle,Storm,SEA,Seattle Storm,Storm,2c5235,fee11a,https://a.espncdn.com/i/teamlogos/wnba/500/sea.png,85,19,32,11
401507335,2023,2,2023-08-27,2023-08-27 16:00:00-04:00,20,s:40~l:59~t:20,atlanta-dream,Atlanta,DREAM,ATL,Atlanta Dream,Dream,e31837,5091cc,https://a.espncdn.com/i/teamlogos/wnba/500/atl.png,away,80,False,15,2,25,37.7,26,69,0,14,88.9,24,27,12,12,7,1,1,25.0,4,16,37,1,14,13,5,s:40~l:59~t:5,indiana-fever,Indiana,Fever,IND,Indiana Fever,Fever,002d62,e03a3e,https://a.espncdn.com/i/teamlogos/wnba/500/ind.png,83,16,28,20
401507335,2023,2,2023-08-27,2023-08-27 16:00:00-04:00,5,s:40~l:59~t:5,indiana-fever,Indiana,FEVER,IND,Indiana Fever,Fever,002d62,e03a3e,https://a.espncdn.com/i/teamlogos/wnba/500/ind.png,home,83,True,18,2,24,45.7,32,70,1,18,76.9,10,13,16,7,8,1,0,47.4,9,19,31,0,14,13,20,s:40~l:59~t:20,atlanta-dream,Atlanta,Dream,ATL,Atlanta Dream,Dream,e31837,5091cc,https://a.espncdn.com/i/teamlogos/wnba/500/atl.png,80,11,36,20
401507334,2023,2,2023-08-27,2023-08-27 13:00:00-04:00,18,s:40~l:59~t:18,connecticut-sun,Connecticut,SUN,CONN,Connecticut Sun,Sun,f05023,0a2240,https://a.espncdn.com/i/teamlogos/wnba/500/conn.png,home,83,True,24,4,31,49.2,32,65,0,17,68.8,11,16,19,7,11,0,0,30.8,8,26,38,0,19,19,6,s:40~l:59~t:6,los-angeles-sparks,Los Angeles,Sparks,LA,Los Angeles Sparks,Sparks,552583,fdb927,https://a.espncdn.com/i/teamlogos/wnba/500/la.png,68,8,40,13
401507337,2023,2,2023-08-27,2023-08-27 18:00:00-04:00,14,s:40~l:59~t:14,seattle-storm,Seattle,STORM,SEA,Seattle Storm,Storm,2c5235,fee11a,https://a.espncdn.com/i/teamlogos/wnba/500/sea.png,home,85,False,17,4,35,43.1,31,72,0,20,88.2,15,17,14,9,9,0,0,30.8,8,26,44,0,14,14,19,s:40~l:59~t:19,chicago-sky,Chicago,Sky,CHI,Chicago Sky,Sky,5091cd,ffd520,https://a.espncdn.com/i/teamlogos/wnba/500/chi.png,90,2,34,17
401507334,2023,2,2023-08-27,2023-08-27 13:00:00-04:00,6,s:40~l:59~t:6,los-angeles-sparks,Los Angeles,SPARKS,LA,Los Angeles Sparks,Sparks,552583,fdb927,https://a.espncdn.com/i/teamlogos/wnba/500/la.png,away,68,False,21,1,25,41.9,26,62,0,16,66.7,10,15,7,1,13,2,2,28.6,6,21,26,2,16,14,18,s:40~l:59~t:18,connecticut-sun,Connecticut,Sun,CONN,Connecticut Sun,Sun,f05023,0a2240,https://a.espncdn.com/i/teamlogos/wnba/500/conn.png,83,10,32,17
401507338,2023,2,2023-08-28,2023-08-28 19:00:00-04:00,9,s:40~l:59~t:9,new-york-liberty,New York,LIBERTY,NY,New York Liberty,Liberty,86cebc,000000,https://a.espncdn.com/i/teamlogos/wnba/500/ny.png,home,94,True,24,3,31,45.3,34,75,1,15,84.2,16,19,19,12,8,0,0,30.3,10,33,43,0,13,13,17,s:40~l:59~t:17,las-vegas-aces,Las Vegas,Aces,LV,Las Vegas Aces,Aces,ce1141,b4975a,https://a.espncdn.com/i/teamlogos/wnba/500/lv.png,85,17,44,12
401507338,2023,2,2023-08-28,2023-08-28 19:00:00-04:00,17,s:40~l:59~t:17,las-vegas-aces,Las Vegas,ACES,LV,Las Vegas Aces,Aces,ce1141,b4975a,https://a.espncdn.com/i/teamlogos/wnba/500/lv.png,away,85,False,21,6,26,44.9,31,69,0,23,70.0,14,20,9,5,5,0,0,39.1,9,23,31,0,11,11,9,s:40~l:59~t:9,new-york-liberty,New York,Liberty,NY,New York Liberty,Liberty,86cebc,000000,https://a.espncdn.com/i/teamlogos/wnba/500/ny.png,94,13,36,15
401507341,2023,2,2023-08-29,2023-08-29 22:30:00-04:00,6,s:40~l:59~t:6,los-angeles-sparks,Los Angeles,SPARKS,LA,Los Angeles Sparks,Sparks,552583,fdb927,https://a.espncdn.com/i/teamlogos/wnba/500/la.png,home,75,False,23,1,27,36.7,29,79,0,15,83.3,10,12,11,14,10,3,0,30.4,7,23,41,0,12,9,19,s:40~l:59~t:19,chicago-sky,Chicago,Sky,CHI,Chicago Sky,Sky,5091cd,ffd520,https://a.espncdn.com/i/teamlogos/wnba/500/chi.png,76,15,34,5
401507341,2023,2,2023-08-29,2023-08-29 22:30:00-04:00,19,s:40~l:59~t:19,chicago-sky,Chicago,SKY,CHI,Chicago Sky,Sky,5091cd,ffd520,https://a.espncdn.com/i/teamlogos/wnba/500/chi.png,away,76,True,20,6,31,46.2,30,65,0,15,53.8,7,13,10,8,7,1,2,40.9,9,22,39,2,15,14,6,s:40~l:59~t:6,los-angeles-sparks,Los Angeles,Sparks,LA,Los Angeles Sparks,Sparks,552583,fdb927,https://a.espncdn.com/i/teamlogos/wnba/500/la.png,75,9,34,12
401507339,2023,2,2023-08-29,2023-08-29 19:00:00-04:00,20,s:40~l:59~t:20,atlanta-dream,Atlanta,DREAM,ATL,Atlanta Dream,Dream,e31837,5091cc,https://a.espncdn.com/i/teamlogos/wnba/500/atl.png,home,94,True,27,4,22,52.0,39,75,0,18,100.0,9,9,30,10,11,0,0,36.8,7,19,32,0,10,10,11,s:40~l:59~t:11,phoenix-mercury,Phoenix,Mercury,PHX,Phoenix Mercury,Mercury,3c286e,e56020,https://a.espncdn.com/i/teamlogos/wnba/500/phx.png,76,18,52,10
401507340,2023,2,2023-08-29,2023-08-29 19:00:00-04:00,8,s:40~l:59~t:8,minnesota-lynx,Minnesota,LYNX,MIN,Minnesota Lynx,Lynx,266092,79bc43,https://a.espncdn.com/i/teamlogos/wnba/500/min.png,away,72,False,19,2,25,41.8,28,67,0,20,100.0,7,7,2,9,7,2,0,34.6,9,26,34,0,16,14,16,s:40~l:59~t:16,washington-mystics,Washington,Mystics,WSH,Washington Mystics,Mystics,e03a3e,002b5c,https://a.espncdn.com/i/teamlogos/wnba/500/wsh.png,83,4,30,14
401507340,2023,2,2023-08-29,2023-08-29 19:00:00-04:00,16,s:40~l:59~t:16,washington-mystics,Washington,MYSTICS,WSH,Washington Mystics,Mystics,e03a3e,002b5c,https://a.espncdn.com/i/teamlogos/wnba/500/wsh.png,home,83,True,21,2,24,45.3,29,64,0,15,86.7,13,15,14,8,8,1,0,48.0,12,25,32,0,15,14,8,s:40~l:59~t:8,minnesota-lynx,Minnesota,Lynx,MIN,Minnesota Lynx,Lynx,266092,79bc43,https://a.espncdn.com/i/teamlogos/wnba/500/min.png,72,5,22,19
401507339,2023,2,2023-08-29,2023-08-29 19:00:00-04:00,11,s:40~l:59~t:11,phoenix-mercury,Phoenix,MERCURY,PHX,Phoenix Mercury,Mercury,3c286e,e56020,https://a.espncdn.com/i/teamlogos/wnba/500/phx.png,away,76,False,22,5,22,55.2,32,58,0,12,72.7,8,11,0,1,4,0,1,50.0,4,8,23,1,16,16,20,s:40~l:59~t:20,atlanta-dream,Atlanta,Dream,ATL,Atlanta Dream,Dream,e31837,5091cc,https://a.espncdn.com/i/teamlogos/wnba/500/atl.png,94,4,40,19
401507342,2023,2,2023-08-31,2023-08-31 19:00:00-04:00,18,s:40~l:59~t:18,connecticut-sun,Connecticut,SUN,CONN,Connecticut Sun,Sun,f05023,0a2240,https://a.espncdn.com/i/teamlogos/wnba/500/conn.png,home,84,True,18,4,24,43.6,24,55,0,16,80.0,24,30,12,6,8,1,0,66.7,12,18,30,0,12,11,11,s:40~l:59~t:11,phoenix-mercury,Phoenix,Mercury,PHX,Phoenix Mercury,Mercury,3c286e,e56020,https://a.espncdn.com/i/teamlogos/wnba/500/phx.png,74,8,20,16
401507342,2023,2,2023-08-31,2023-08-31 19:00:00-04:00,11,s:40~l:59~t:11,phoenix-mercury,Phoenix,MERCURY,PHX,Phoenix Mercury,Mercury,3c286e,e56020,https://a.espncdn.com/i/teamlogos/wnba/500/phx.png,away,74,False,18,3,20,51.7,30,58,0,23,63.6,7,11,10,5,5,5,0,63.6,7,11,25,0,15,10,18,s:40~l:59~t:18,connecticut-sun,Connecticut,Sun,CONN,Connecticut Sun,Sun,f05023,0a2240,https://a.espncdn.com/i/teamlogos/wnba/500/conn.png,84,4,40,20
401507344,2023,2,2023-08-31,2023-08-31 22:00:00-04:00,6,s:40~l:59~t:6,los-angeles-sparks,Los Angeles,SPARKS,LA,Los Angeles Sparks,Sparks,552583,fdb927,https://a.espncdn.com/i/teamlogos/wnba/500/la.png,home,61,False,17,1,22,30.3,20,66,0,18,93.8,15,16,3,4,12,0,0,28.6,6,21,26,0,13,13,14,s:40~l:59~t:14,seattle-storm,Seattle,Storm,SEA,Seattle Storm,Storm,2c5235,fee11a,https://a.espncdn.com/i/teamlogos/wnba/500/sea.png,72,9,26,15
401507344,2023,2,2023-08-31,2023-08-31 22:00:00-04:00,14,s:40~l:59~t:14,seattle-storm,Seattle,STORM,SEA,Seattle Storm,Storm,2c5235,fee11a,https://a.espncdn.com/i/teamlogos/wnba/500/sea.png,away,72,True,14,6,39,38.9,21,54,0,19,89.3,25,28,13,6,9,2,0,21.7,5,23,45,0,22,20,6,s:40~l:59~t:6,los-angeles-sparks,Los Angeles,Sparks,LA,Los Angeles Sparks,Sparks,552583,fdb927,https://a.espncdn.com/i/teamlogos/wnba/500/la.png,61,6,26,20
401507343,2023,2,2023-08-31,2023-08-31 22:00:00-04:00,17,s:40~l:59~t:17,las-vegas-aces,Las Vegas,ACES,LV,Las Vegas Aces,Aces,ce1141,b4975a,https://a.espncdn.com/i/teamlogos/wnba/500/lv.png,home,84,True,19,5,29,46.8,29,62,0,17,84.2,16,19,13,4,7,2,1,35.7,10,28,33,1,12,10,16,s:40~l:59~t:16,washington-mystics,Washington,Mystics,WSH,Washington Mystics,Mystics,e03a3e,002b5c,https://a.espncdn.com/i/teamlogos/wnba/500/wsh.png,75,11,26,10
401507343,2023,2,2023-08-31,2023-08-31 22:00:00-04:00,16,s:40~l:59~t:16,washington-mystics,Washington,MYSTICS,WSH,Washington Mystics,Mystics,e03a3e,002b5c,https://a.espncdn.com/i/teamlogos/wnba/500/wsh.png,away,75,False,16,0,27,39.4,28,71,0,21,76.5,13,17,2,10,6,2,2,28.6,6,21,37,2,12,10,17,s:40~l:59~t:17,las-vegas-aces,Las Vegas,Aces,LV,Las Vegas Aces,Aces,ce1141,b4975a,https://a.espncdn.com/i/teamlogos/wnba/500/lv.png,84,10,32,14
401507346,2023,2,2023-09-01,2023-09-01 20:00:00-04:00,9,s:40~l:59~t:9,new-york-liberty,New York,LIBERTY,NY,New York Liberty,Liberty,86cebc,000000,https://a.espncdn.com/i/teamlogos/wnba/500/ny.png,home,89,True,21,5,32,54.8,34,62,0,16,72.2,13,18,31,8,8,1,0,32.0,8,25,40,0,16,15,18,s:40~l:59~t:18,connecticut-sun,Connecticut,Sun,CONN,Connecticut Sun,Sun,f05023,0a2240,https://a.espncdn.com/i/teamlogos/wnba/500/conn.png,58,15,42,13
401507347,2023,2,2023-09-01,2023-09-01 20:00:00-04:00,20,s:40~l:59~t:20,atlanta-dream,Atlanta,DREAM,ATL,Atlanta Dream,Dream,e31837,5091cc,https://a.espncdn.com/i/teamlogos/wnba/500/atl.png,away,85,False,20,6,32,36.4,32,88,0,17,80.0,16,20,7,13,8,2,0,26.3,5,19,45,0,12,10,8,s:40~l:59~t:8,minnesota-lynx,Minnesota,Lynx,MIN,Minnesota Lynx,Lynx,266092,79bc43,https://a.espncdn.com/i/teamlogos/wnba/500/min.png,91,12,46,18
401507346,2023,2,2023-09-01,2023-09-01 20:00:00-04:00,18,s:40~l:59~t:18,connecticut-sun,Connecticut,SUN,CONN,Connecticut Sun,Sun,f05023,0a2240,https://a.espncdn.com/i/teamlogos/wnba/500/conn.png,away,58,False,14,3,21,33.3,21,63,0,19,71.4,10,14,3,6,6,4,0,30.0,6,20,27,0,17,13,9,s:40~l:59~t:9,new-york-liberty,New York,Liberty,NY,New York Liberty,Liberty,86cebc,000000,https://a.espncdn.com/i/teamlogos/wnba/500/ny.png,89,2,28,17
401507345,2023,2,2023-09-01,2023-09-01 19:00:00-04:00,3,s:40~l:59~t:3,dallas-wings,Dallas,WINGS,DAL,Dallas Wings,Wings,002b5c,c4d600,https://a.espncdn.com/i/teamlogos/wnba/500/dal.png,away,110,True,25,4,21,50.6,40,79,0,19,88.9,16,18,15,14,7,1,1,58.3,14,24,35,1,11,10,5,s:40~l:59~t:5,indiana-fever,Indiana,Fever,IND,Indiana Fever,Fever,002d62,e03a3e,https://a.espncdn.com/i/teamlogos/wnba/500/ind.png,100,12,34,12
401507345,2023,2,2023-09-01,2023-09-01 19:00:00-04:00,5,s:40~l:59~t:5,indiana-fever,Indiana,FEVER,IND,Indiana Fever,Fever,002d62,e03a3e,https://a.espncdn.com/i/teamlogos/wnba/500/ind.png,home,100,False,27,5,17,49.3,35,71,0,15,87.0,20,23,8,12,4,0,0,43.5,10,23,29,0,12,12,3,s:40~l:59~t:3,dallas-wings,Dallas,Wings,DAL,Dallas Wings,Wings,002b5c,c4d600,https://a.espncdn.com/i/teamlogos/wnba/500/dal.png,110,4,32,21
401507347,2023,2,2023-09-01,2023-09-01 20:00:00-04:00,8,s:40~l:59~t:8,minnesota-lynx,Minnesota,LYNX,MIN,Minnesota Lynx,Lynx,266092,79bc43,https://a.espncdn.com/i/teamlogos/wnba/500/min.png,home,91,True,23,5,36,43.4,36,83,0,19,73.3,11,15,9,14,3,0,1,32.0,8,25,50,1,13,13,20,s:40~l:59~t:20,atlanta-dream,Atlanta,Dream,ATL,Atlanta Dream,Dream,e31837,5091cc,https://a.espncdn.com/i/teamlogos/wnba/500/atl.png,85,4,44,8
401507348,2023,2,2023-09-02,2023-09-02 21:00:00-04:00,17,s:40~l:59~t:17,las-vegas-aces,Las Vegas,ACES,LV,Las Vegas Aces,Aces,ce1141,b4975a,https://a.espncdn.com/i/teamlogos/wnba/500/lv.png,home,103,True,26,3,29,46.7,35,75,0,15,92.0,23,25,28,9,10,0,0,33.3,10,30,38,0,8,8,14,s:40~l:59~t:14,seattle-storm,Seattle,Storm,SEA,Seattle Storm,Storm,2c5235,fee11a,https://a.espncdn.com/i/teamlogos/wnba/500/sea.png,77,23,44,8
401507348,2023,2,2023-09-02,2023-09-02 21:00:00-04:00,14,s:40~l:59~t:14,seattle-storm,Seattle,STORM,SEA,Seattle Storm,Storm,2c5235,fee11a,https://a.espncdn.com/i/teamlogos/wnba/500/sea.png,away,77,False,20,2,29,39.7,27,68,0,18,82.4,14,17,5,9,5,1,0,40.9,9,22,38,0,17,16,17,s:40~l:59~t:17,las-vegas-aces,Las Vegas,Aces,LV,Las Vegas Aces,Aces,ce1141,b4975a,https://a.espncdn.com/i/teamlogos/wnba/500/lv.png,103,5,26,20
401507349,2023,2,2023-09-03,2023-09-03 15:00:00-04:00,19,s:40~l:59~t:19,chicago-sky,Chicago,SKY,CHI,Chicago Sky,Sky,5091cd,ffd520,https://a.espncdn.com/i/teamlogos/wnba/500/chi.png,home,69,False,15,3,24,37.5,27,72,0,10,87.5,7,8,2,7,7,2,0,34.8,8,23,31,0,17,15,9,s:40~l:59~t:9,new-york-liberty,New York,Liberty,NY,New York Liberty,Liberty,86cebc,000000,https://a.espncdn.com/i/teamlogos/wnba/500/ny.png,86,11,32,20
401507349,2023,2,2023-09-03,2023-09-03 15:00:00-04:00,9,s:40~l:59~t:9,new-york-liberty,New York,LIBERTY,NY,New York Liberty,Liberty,86cebc,000000,https://a.espncdn.com/i/teamlogos/wnba/500/ny.png,away,86,True,23,5,30,47.2,34,72,0,9,72.7,8,11,21,10,12,0,0,37.0,10,27,40,0,14,14,19,s:40~l:59~t:19,chicago-sky,Chicago,Sky,CHI,Chicago Sky,Sky,5091cd,ffd520,https://a.espncdn.com/i/teamlogos/wnba/500/chi.png,69,21,42,10
401507350,2023,2,2023-09-03,2023-09-03 16:00:00-04:00,3,s:40~l:59~t:3,dallas-wings,Dallas,WINGS,DAL,Dallas Wings,Wings,002b5c,c4d600,https://a.espncdn.com/i/teamlogos/wnba/500/dal.png,home,84,False,16,6,29,38.6,32,83,0,18,68.4,13,19,5,10,8,2,2,24.1,7,29,39,2,12,10,5,s:40~l:59~t:5,indiana-fever,Indiana,Fever,IND,Indiana Fever,Fever,002d62,e03a3e,https://a.espncdn.com/i/teamlogos/wnba/500/ind.png,97,17,38,18
401507350,2023,2,2023-09-03,2023-09-03 16:00:00-04:00,5,s:40~l:59~t:5,indiana-fever,Indiana,FEVER,IND,Indiana Fever,Fever,002d62,e03a3e,https://a.espncdn.com/i/teamlogos/wnba/500/ind.png,away,97,True,23,4,31,44.4,36,81,0,25,70.6,12,17,13,10,6,1,1,44.8,13,29,41,1,16,15,3,s:40~l:59~t:3,dallas-wings,Dallas,Wings,DAL,Dallas Wings,Wings,002b5c,c4d600,https://a.espncdn.com/i/teamlogos/wnba/500/dal.png,84,17,36,15
401507351,2023,2,2023-09-03,2023-09-03 19:00:00-04:00,8,s:40~l:59~t:8,minnesota-lynx,Minnesota,LYNX,MIN,Minnesota Lynx,Lynx,266092,79bc43,https://a.espncdn.com/i/teamlogos/wnba/500/min.png,home,86,True,28,5,31,43.1,31,72,0,23,68.2,15,22,18,10,6,0,0,42.9,9,21,41,0,12,12,11,s:40~l:59~t:11,phoenix-mercury,Phoenix,Mercury,PHX,Phoenix Mercury,Mercury,3c286e,e56020,https://a.espncdn.com/i/teamlogos/wnba/500/phx.png,73,6,36,11
401507351,2023,2,2023-09-03,2023-09-03 19:00:00-04:00,11,s:40~l:59~t:11,phoenix-mercury,Phoenix,MERCURY,PHX,Phoenix Mercury,Mercury,3c286e,e56020,https://a.espncdn.com/i/teamlogos/wnba/500/phx.png,away,73,False,13,1,28,36.8,25,68,0,21,72.7,16,22,8,9,5,0,1,50.0,7,14,37,1,12,12,8,s:40~l:59~t:8,minnesota-lynx,Minnesota,Lynx,MIN,Minnesota Lynx,Lynx,266092,79bc43,https://a.espncdn.com/i/teamlogos/wnba/500/min.png,86,5,30,11
401507352,2023,2,2023-09-03,2023-09-03 19:30:00-04:00,6,s:40~l:59~t:6,los-angeles-sparks,Los Angeles,SPARKS,LA,Los Angeles Sparks,Sparks,552583,fdb927,https://a.espncdn.com/i/teamlogos/wnba/500/la.png,home,72,True,16,4,29,39.7,23,58,0,11,87.5,21,24,8,2,8,2,0,25.0,5,20,31,0,13,11,16,s:40~l:59~t:16,washington-mystics,Washington,Mystics,WSH,Washington Mystics,Mystics,e03a3e,002b5c,https://a.espncdn.com/i/teamlogos/wnba/500/wsh.png,64,10,30,9
401507352,2023,2,2023-09-03,2023-09-03 19:30:00-04:00,16,s:40~l:59~t:16,washington-mystics,Washington,MYSTICS,WSH,Washington Mystics,Mystics,e03a3e,002b5c,https://a.espncdn.com/i/teamlogos/wnba/500/wsh.png,away,64,False,16,7,25,40.0,26,65,0,21,85.7,6,7,2,6,6,2,0,23.1,6,26,31,0,15,13,6,s:40~l:59~t:6,los-angeles-sparks,Los Angeles,Sparks,LA,Los Angeles Sparks,Sparks,552583,fdb927,https://a.espncdn.com/i/teamlogos/wnba/500/la.png,72,15,36,19
401507356,2023,2,2023-09-05,2023-09-05 22:00:00-04:00,11,s:40~l:59~t:11,phoenix-mercury,Phoenix,MERCURY,PHX,Phoenix Mercury,Mercury,3c286e,e56020,https://a.espncdn.com/i/teamlogos/wnba/500/phx.png,home,77,False,22,1,24,44.6,29,65,0,12,72.2,13,18,0,7,4,1,0,35.3,6,17,31,0,13,12,16,s:40~l:59~t:16,washington-mystics,Washington,Mystics,WSH,Washington Mystics,Mystics,e03a3e,002b5c,https://a.espncdn.com/i/teamlogos/wnba/500/wsh.png,100,2,24,15
401507356,2023,2,2023-09-05,2023-09-05 22:00:00-04:00,16,s:40~l:59~t:16,washington-mystics,Washington,MYSTICS,WSH,Washington Mystics,Mystics,e03a3e,002b5c,https://a.espncdn.com/i/teamlogos/wnba/500/wsh.png,away,100,True,26,4,28,56.7,38,67,0,15,100.0,11,11,29,1,6,0,0,56.5,13,23,29,0,7,7,11,s:40~l:59~t:11,phoenix-mercury,Phoenix,Mercury,PHX,Phoenix Mercury,Mercury,3c286e,e56020,https://a.espncdn.com/i/teamlogos/wnba/500/phx.png,77,12,40,8
401507355,2023,2,2023-09-05,2023-09-05 20:00:00-04:00,9,s:40~l:59~t:9,new-york-liberty,New York,LIBERTY,NY,New York Liberty,Liberty,86cebc,000000,https://a.espncdn.com/i/teamlogos/wnba/500/ny.png,away,94,True,26,3,21,47.2,34,72,0,13,78.3,18,23,8,11,4,1,0,30.8,8,26,32,0,13,12,3,s:40~l:59~t:3,dallas-wings,Dallas,Wings,DAL,Dallas Wings,Wings,002b5c,c4d600,https://a.espncdn.com/i/teamlogos/wnba/500/dal.png,93,7,46,13
401507353,2023,2,2023-09-05,2023-09-05 19:00:00-04:00,18,s:40~l:59~t:18,connecticut-sun,Connecticut,SUN,CONN,Connecticut Sun,Sun,f05023,0a2240,https://a.espncdn.com/i/teamlogos/wnba/500/conn.png,home,90,True,22,5,24,50.7,34,67,0,16,87.5,14,16,16,8,10,1,0,38.1,8,21,32,0,16,15,6,s:40~l:59~t:6,los-angeles-sparks,Los Angeles,Sparks,LA,Los Angeles Sparks,Sparks,552583,fdb927,https://a.espncdn.com/i/teamlogos/wnba/500/la.png,76,17,46,20
401507353,2023,2,2023-09-05,2023-09-05 19:00:00-04:00,6,s:40~l:59~t:6,los-angeles-sparks,Los Angeles,SPARKS,LA,Los Angeles Sparks,Sparks,552583,fdb927,https://a.espncdn.com/i/teamlogos/wnba/500/la.png,away,76,False,17,5,17,41.7,25,60,0,20,85.7,18,21,7,8,6,1,0,42.1,8,19,25,0,14,13,18,s:40~l:59~t:18,connecticut-sun,Connecticut,Sun,CONN,Connecticut Sun,Sun,f05023,0a2240,https://a.espncdn.com/i/teamlogos/wnba/500/conn.png,90,7,28,25
401507354,2023,2,2023-09-05,2023-09-05 19:00:00-04:00,19,s:40~l:59~t:19,chicago-sky,Chicago,SKY,CHI,Chicago Sky,Sky,5091cd,ffd520,https://a.espncdn.com/i/teamlogos/wnba/500/chi.png,away,96,True,25,5,30,49.4,38,77,0,20,85.7,6,7,30,5,7,0,0,43.8,14,32,35,0,8,8,5,s:40~l:59~t:5,indiana-fever,Indiana,Fever,IND,Indiana Fever,Fever,002d62,e03a3e,https://a.espncdn.com/i/teamlogos/wnba/500/ind.png,69,17,30,8
401507354,2023,2,2023-09-05,2023-09-05 19:00:00-04:00,5,s:40~l:59~t:5,indiana-fever,Indiana,FEVER,IND,Indiana Fever,Fever,002d62,e03a3e,https://a.espncdn.com/i/teamlogos/wnba/500/ind.png,home,69,False,17,2,26,40.0,24,60,0,11,72.7,16,22,2,5,6,2,1,31.3,5,16,31,1,19,17,19,s:40~l:59~t:19,chicago-sky,Chicago,Sky,CHI,Chicago Sky,Sky,5091cd,ffd520,https://a.espncdn.com/i/teamlogos/wnba/500/chi.png,96,12,22,21
401507355,2023,2,2023-09-05,2023-09-05 20:00:00-04:00,3,s:40~l:59~t:3,dallas-wings,Dallas,WINGS,DAL,Dallas Wings,Wings,002b5c,c4d600,https://a.espncdn.com/i/teamlogos/wnba/500/dal.png,home,93,False,24,5,24,48.7,37,76,0,21,83.3,15,18,8,13,9,1,1,21.1,4,19,37,1,13,12,9,s:40~l:59~t:9,new-york-liberty,New York,Liberty,NY,New York Liberty,Liberty,86cebc,000000,https://a.espncdn.com/i/teamlogos/wnba/500/ny.png,94,13,60,15
401507357,2023,2,2023-09-06,2023-09-06 19:00:00-04:00,20,s:40~l:59~t:20,atlanta-dream,Atlanta,DREAM,ATL,Atlanta Dream,Dream,e31837,5091cc,https://a.espncdn.com/i/teamlogos/wnba/500/atl.png,home,79,True,24,3,29,45.8,33,72,0,19,83.3,10,12,14,8,3,2,0,21.4,3,14,37,0,12,10,14,s:40~l:59~t:14,seattle-storm,Seattle,Storm,SEA,Seattle Storm,Storm,2c5235,fee11a,https://a.espncdn.com/i/teamlogos/wnba/500/sea.png,68,4,44,14
401507357,2023,2,2023-09-06,2023-09-06 19:00:00-04:00,14,s:40~l:59~t:14,seattle-storm,Seattle,STORM,SEA,Seattle Storm,Storm,2c5235,fee11a,https://a.espncdn.com/i/teamlogos/wnba/500/sea.png,away,68,False,12,6,24,36.1,22,61,0,14,90.0,18,20,7,6,4,2,0,30.0,6,20,30,0,14,12,20,s:40~l:59~t:20,atlanta-dream,Atlanta,Dream,ATL,Atlanta Dream,Dream,e31837,5091cc,https://a.espncdn.com/i/teamlogos/wnba/500/atl.png,79,6,22,16
401507358,2023,2,2023-09-07,2023-09-07 19:00:00-04:00,9,s:40~l:59~t:9,new-york-liberty,New York,LIBERTY,NY,New York Liberty,Liberty,86cebc,000000,https://a.espncdn.com/i/teamlogos/wnba/500/ny.png,home,96,True,32,5,24,50.7,35,69,0,15,90.0,9,10,12,7,7,0,0,50.0,17,34,31,0,17,17,6,s:40~l:59~t:6,los-angeles-sparks,Los Angeles,Sparks,LA,Los Angeles Sparks,Sparks,552583,fdb927,https://a.espncdn.com/i/teamlogos/wnba/500/la.png,89,5,32,19
401507358,2023,2,2023-09-07,2023-09-07 19:00:00-04:00,6,s:40~l:59~t:6,los-angeles-sparks,Los Angeles,SPARKS,LA,Los Angeles Sparks,Sparks,552583,fdb927,https://a.espncdn.com/i/teamlogos/wnba/500/la.png,away,89,False,16,7,18,47.9,34,71,0,12,84.6,11,13,14,7,8,2,0,43.5,10,23,25,0,13,11,9,s:40~l:59~t:9,new-york-liberty,New York,Liberty,NY,New York Liberty,Liberty,86cebc,000000,https://a.espncdn.com/i/teamlogos/wnba/500/ny.png,96,13,40,17
401507363,2023,2,2023-09-08,2023-09-08 22:00:00-04:00,17,s:40~l:59~t:17,las-vegas-aces,Las Vegas,ACES,LV,Las Vegas Aces,Aces,ce1141,b4975a,https://a.espncdn.com/i/teamlogos/wnba/500/lv.png,away,94,True,25,6,35,54.3,38,70,0,15,85.7,12,14,30,3,8,0,0,24.0,6,25,38,0,10,10,11,s:40~l:59~t:11,phoenix-mercury,Phoenix,Mercury,PHX,Phoenix Mercury,Mercury,3c286e,e56020,https://a.espncdn.com/i/teamlogos/wnba/500/phx.png,73,20,50,9
401507363,2023,2,2023-09-08,2023-09-08 22:00:00-04:00,11,s:40~l:59~t:11,phoenix-mercury,Phoenix,MERCURY,PHX,Phoenix Mercury,Mercury,3c286e,e56020,https://a.espncdn.com/i/teamlogos/wnba/500/phx.png,home,73,False,13,0,27,34.7,26,75,0,14,88.9,16,18,4,8,6,0,0,27.8,5,18,35,0,10,10,17,s:40~l:59~t:17,las-vegas-aces,Las Vegas,Aces,LV,Las Vegas Aces,Aces,ce1141,b4975a,https://a.espncdn.com/i/teamlogos/wnba/500/lv.png,94,2,34,9
401507361,2023,2,2023-09-08,2023-09-08 20:00:00-04:00,8,s:40~l:59~t:8,minnesota-lynx,Minnesota,LYNX,MIN,Minnesota Lynx,Lynx,266092,79bc43,https://a.espncdn.com/i/teamlogos/wnba/500/min.png,away,87,False,24,1,24,50.8,33,65,1,14,77.8,14,18,9,7,11,1,1,36.8,7,19,31,1,17,16,19,s:40~l:59~t:19,chicago-sky,Chicago,Sky,CHI,Chicago Sky,Sky,5091cd,ffd520,https://a.espncdn.com/i/teamlogos/wnba/500/chi.png,92,11,38,13
401507361,2023,2,2023-09-08,2023-09-08 20:00:00-04:00,19,s:40~l:59~t:19,chicago-sky,Chicago,SKY,CHI,Chicago Sky,Sky,5091cd,ffd520,https://a.espncdn.com/i/teamlogos/wnba/500/chi.png,home,92,True,25,2,23,46.7,35,75,0,17,78.6,11,14,12,9,8,0,1,50.0,11,22,32,1,15,15,8,s:40~l:59~t:8,minnesota-lynx,Minnesota,Lynx,MIN,Minnesota Lynx,Lynx,266092,79bc43,https://a.espncdn.com/i/teamlogos/wnba/500/min.png,87,2,34,12
401507362,2023,2,2023-09-08,2023-09-08 20:00:00-04:00,14,s:40~l:59~t:14,seattle-storm,Seattle,STORM,SEA,Seattle Storm,Storm,2c5235,fee11a,https://a.espncdn.com/i/teamlogos/wnba/500/sea.png,away,91,False,22,2,16,44.9,31,69,0,19,85.7,18,21,1,8,5,0,0,44.0,11,25,24,0,16,16,3,s:40~l:59~t:3,dallas-wings,Dallas,Wings,DAL,Dallas Wings,Wings,002b5c,c4d600,https://a.espncdn.com/i/teamlogos/wnba/500/dal.png,106,16,32,21
401507359,2023,2,2023-09-08,2023-09-08 19:00:00-04:00,5,s:40~l:59~t:5,indiana-fever,Indiana,FEVER,IND,Indiana Fever,Fever,002d62,e03a3e,https://a.espncdn.com/i/teamlogos/wnba/500/ind.png,away,59,False,11,3,21,34.9,22,63,0,21,68.8,11,16,0,6,10,0,1,22.2,4,18,27,1,13,13,18,s:40~l:59~t:18,connecticut-sun,Connecticut,Sun,CONN,Connecticut Sun,Sun,f05023,0a2240,https://a.espncdn.com/i/teamlogos/wnba/500/conn.png,76,5,34,13
401507359,2023,2,2023-09-08,2023-09-08 19:00:00-04:00,18,s:40~l:59~t:18,connecticut-sun,Connecticut,SUN,CONN,Connecticut Sun,Sun,f05023,0a2240,https://a.espncdn.com/i/teamlogos/wnba/500/conn.png,home,76,True,19,5,31,50.0,29,58,0,17,64.7,11,17,21,6,6,2,0,36.8,7,19,37,0,19,17,5,s:40~l:59~t:5,indiana-fever,Indiana,Fever,IND,Indiana Fever,Fever,002d62,e03a3e,https://a.espncdn.com/i/teamlogos/wnba/500/ind.png,59,13,36,9
401507360,2023,2,2023-09-08,2023-09-08 19:00:00-04:00,20,s:40~l:59~t:20,atlanta-dream,Atlanta,DREAM,ATL,Atlanta Dream,Dream,e31837,5091cc,https://a.espncdn.com/i/teamlogos/wnba/500/atl.png,away,80,True,13,1,38,37.9,25,66,0,15,82.8,24,29,13,9,4,3,1,25.0,6,24,47,1,13,10,16,s:40~l:59~t:16,washington-mystics,Washington,Mystics,WSH,Washington Mystics,Mystics,e03a3e,002b5c,https://a.espncdn.com/i/teamlogos/wnba/500/wsh.png,75,8,28,15
401507360,2023,2,2023-09-08,2023-09-08 19:00:00-04:00,16,s:40~l:59~t:16,washington-mystics,Washington,MYSTICS,WSH,Washington Mystics,Mystics,e03a3e,002b5c,https://a.espncdn.com/i/teamlogos/wnba/500/wsh.png,home,75,False,24,2,28,38.6,27,70,0,21,83.3,10,12,1,4,6,0,0,35.5,11,31,32,0,7,7,20,s:40~l:59~t:20,atlanta-dream,Atlanta,Dream,ATL,Atlanta Dream,Dream,e31837,5091cc,https://a.espncdn.com/i/teamlogos/wnba/500/atl.png,80,12,24,6
401507362,2023,2,2023-09-08,2023-09-08 20:00:00-04:00,3,s:40~l:59~t:3,dallas-wings,Dallas,WINGS,DAL,Dallas Wings,Wings,002b5c,c4d600,https://a.espncdn.com/i/teamlogos/wnba/500/dal.png,home,106,True,30,5,27,59.4,41,69,0,22,76.2,16,21,18,9,7,1,1,40.0,8,20,36,1,16,15,14,s:40~l:59~t:14,seattle-storm,Seattle,Storm,SEA,Seattle Storm,Storm,2c5235,fee11a,https://a.espncdn.com/i/teamlogos/wnba/500/sea.png,91,22,60,16
401507368,2023,2,2023-09-10,2023-09-10 15:00:00-04:00,11,s:40~l:59~t:11,phoenix-mercury,Phoenix,MERCURY,PHX,Phoenix Mercury,Mercury,3c286e,e56020,https://a.espncdn.com/i/teamlogos/wnba/500/phx.png,away,85,False,21,3,22,47.9,34,71,0,12,100.0,6,6,2,10,6,1,0,42.3,11,26,32,0,15,14,17,s:40~l:59~t:17,las-vegas-aces,Las Vegas,Aces,LV,Las Vegas Aces,Aces,ce1141,b4975a,https://a.espncdn.com/i/teamlogos/wnba/500/lv.png,100,6,36,22
401507368,2023,2,2023-09-10,2023-09-10 15:00:00-04:00,17,s:40~l:59~t:17,las-vegas-aces,Las Vegas,ACES,LV,Las Vegas Aces,Aces,ce1141,b4975a,https://a.espncdn.com/i/teamlogos/wnba/500/lv.png,home,100,True,22,3,22,52.9,37,70,0,11,75.0,12,16,24,10,12,0,0,42.4,14,33,32,0,9,9,11,s:40~l:59~t:11,phoenix-mercury,Phoenix,Mercury,PHX,Phoenix Mercury,Mercury,3c286e,e56020,https://a.espncdn.com/i/teamlogos/wnba/500/phx.png,85,13,36,13
401507369,2023,2,2023-09-10,2023-09-10 15:00:00-04:00,6,s:40~l:59~t:6,los-angeles-sparks,Los Angeles,SPARKS,LA,Los Angeles Sparks,Sparks,552583,fdb927,https://a.espncdn.com/i/teamlogos/wnba/500/la.png,away,91,True,25,2,24,44.2,34,77,0,16,75.0,18,24,4,14,16,0,1,27.8,5,18,38,1,12,12,14,s:40~l:59~t:14,seattle-storm,Seattle,Storm,SEA,Seattle Storm,Storm,2c5235,fee11a,https://a.espncdn.com/i/teamlogos/wnba/500/sea.png,89,14,54,13
401507369,2023,2,2023-09-10,2023-09-10 15:00:00-04:00,14,s:40~l:59~t:14,seattle-storm,Seattle,STORM,SEA,Seattle Storm,Storm,2c5235,fee11a,https://a.espncdn.com/i/teamlogos/wnba/500/sea.png,home,89,False,25,3,28,49.2,32,65,0,19,86.7,13,15,19,5,5,1,1,54.5,12,22,33,1,21,20,6,s:40~l:59~t:6,los-angeles-sparks,Los Angeles,Sparks,LA,Los Angeles Sparks,Sparks,552583,fdb927,https://a.espncdn.com/i/teamlogos/wnba/500/la.png,91,13,38,27
401507364,2023,2,2023-09-10,2023-09-10 13:00:00-04:00,3,s:40~l:59~t:3,dallas-wings,Dallas,WINGS,DAL,Dallas Wings,Wings,002b5c,c4d600,https://a.espncdn.com/i/teamlogos/wnba/500/dal.png,away,94,True,26,4,38,50.0,33,66,0,20,100.0,23,23,21,6,6,0,1,27.8,5,18,44,1,16,16,20,s:40~l:59~t:20,atlanta-dream,Atlanta,Dream,ATL,Atlanta Dream,Dream,e31837,5091cc,https://a.espncdn.com/i/teamlogos/wnba/500/atl.png,77,8,46,19
401507364,2023,2,2023-09-10,2023-09-10 13:00:00-04:00,20,s:40~l:59~t:20,atlanta-dream,Atlanta,DREAM,ATL,Atlanta Dream,Dream,e31837,5091cc,https://a.espncdn.com/i/teamlogos/wnba/500/atl.png,home,77,False,17,3,22,38.2,26,68,0,18,73.1,19,26,1,7,6,0,0,33.3,6,18,29,0,13,13,3,s:40~l:59~t:3,dallas-wings,Dallas,Wings,DAL,Dallas Wings,Wings,002b5c,c4d600,https://a.espncdn.com/i/teamlogos/wnba/500/dal.png,94,13,28,14
401507365,2023,2,2023-09-10,2023-09-10 13:00:00-04:00,18,s:40~l:59~t:18,connecticut-sun,Connecticut,SUN,CONN,Connecticut Sun,Sun,f05023,0a2240,https://a.espncdn.com/i/teamlogos/wnba/500/conn.png,home,91,False,21,3,26,41.0,34,83,0,13,84.2,16,19,10,10,9,0,1,30.4,7,23,36,1,10,10,19,s:40~l:59~t:19,chicago-sky,Chicago,Sky,CHI,Chicago Sky,Sky,5091cd,ffd520,https://a.espncdn.com/i/teamlogos/wnba/500/chi.png,102,23,42,8
401507366,2023,2,2023-09-10,2023-09-10 13:00:00-04:00,8,s:40~l:59~t:8,minnesota-lynx,Minnesota,LYNX,MIN,Minnesota Lynx,Lynx,266092,79bc43,https://a.espncdn.com/i/teamlogos/wnba/500/min.png,away,72,False,13,2,21,40.3,27,67,0,15,76.5,13,17,3,8,5,1,2,25.0,5,20,29,2,15,14,5,s:40~l:59~t:5,indiana-fever,Indiana,Fever,IND,Indiana Fever,Fever,002d62,e03a3e,https://a.espncdn.com/i/teamlogos/wnba/500/ind.png,87,9,28,14
401507366,2023,2,2023-09-10,2023-09-10 13:00:00-04:00,5,s:40~l:59~t:5,indiana-fever,Indiana,FEVER,IND,Indiana Fever,Fever,002d62,e03a3e,https://a.espncdn.com/i/teamlogos/wnba/500/ind.png,home,87,True,13,0,25,47.9,34,71,1,16,57.9,11,19,15,11,13,0,1,40.0,8,20,36,1,15,15,8,s:40~l:59~t:8,minnesota-lynx,Minnesota,Lynx,MIN,Minnesota Lynx,Lynx,266092,79bc43,https://a.espncdn.com/i/teamlogos/wnba/500/min.png,72,5,48,13
401507367,2023,2,2023-09-10,2023-09-10 13:00:00-04:00,16,s:40~l:59~t:16,washington-mystics,Washington,MYSTICS,WSH,Washington Mystics,Mystics,e03a3e,002b5c,https://a.espncdn.com/i/teamlogos/wnba/500/wsh.png,away,90,True,21,3,25,50.0,33,66,1,15,84.2,16,19,12,7,6,4,1,36.4,8,22,32,1,12,8,9,s:40~l:59~t:9,new-york-liberty,New York,Liberty,NY,New York Liberty,Liberty,86cebc,000000,https://a.espncdn.com/i/teamlogos/wnba/500/ny.png,88,6,40,15
401507367,2023,2,2023-09-10,2023-09-10 13:00:00-04:00,9,s:40~l:59~t:9,new-york-liberty,New York,LIBERTY,NY,New York Liberty,Liberty,86cebc,000000,https://a.espncdn.com/i/teamlogos/wnba/500/ny.png,home,88,False,19,2,25,40.5,30,74,0,14,100.0,16,16,8,11,5,0,0,32.4,12,37,36,0,10,10,16,s:40~l:59~t:16,washington-mystics,Washington,Mystics,WSH,Washington Mystics,Mystics,e03a3e,002b5c,https://a.espncdn.com/i/teamlogos/wnba/500/wsh.png,90,7,28,15
401507365,2023,2,2023-09-10,2023-09-10 13:00:00-04:00,19,s:40~l:59~t:19,chicago-sky,Chicago,SKY,CHI,Chicago Sky,Sky,5091cd,ffd520,https://a.espncdn.com/i/teamlogos/wnba/500/chi.png,away,102,True,28,4,32,54.2,39,72,0,20,85.7,12,14,13,6,6,0,0,52.2,12,23,38,0,17,17,18,s:40~l:59~t:18,connecticut-sun,Connecticut,Sun,CONN,Connecticut Sun,Sun,f05023,0a2240,https://a.espncdn.com/i/teamlogos/wnba/500/conn.png,91,23,44,19
401578549,2023,3,2023-09-13,2023-09-13 20:00:00-04:00,18,s:40~l:59~t:18,connecticut-sun,Connecticut,SUN,CONN,Connecticut Sun,Sun,f05023,0a2240,https://a.espncdn.com/i/teamlogos/wnba/500/conn.png,home,90,True,28,2,29,47.1,33,70,0,14,66.7,8,12,33,7,13,2,0,53.3,16,30,36,0,13,11,8,s:40~l:59~t:8,minnesota-lynx,Minnesota,Lynx,MIN,Minnesota Lynx,Lynx,266092,79bc43,https://a.espncdn.com/i/teamlogos/wnba/500/min.png,60,16,26,9
401578549,2023,3,2023-09-13,2023-09-13 20:00:00-04:00,8,s:40~l:59~t:8,minnesota-lynx,Minnesota,LYNX,MIN,Minnesota Lynx,Lynx,266092,79bc43,https://a.espncdn.com/i/teamlogos/wnba/500/min.png,away,60,False,13,2,25,35.0,21,60,0,13,81.3,13,16,2,7,5,0,1,20.0,5,25,32,1,19,19,18,s:40~l:59~t:18,connecticut-sun,Connecticut,Sun,CONN,Connecticut Sun,Sun,f05023,0a2240,https://a.espncdn.com/i/teamlogos/wnba/500/conn.png,90,3,22,30
401578550,2023,3,2023-09-13,2023-09-13 22:00:00-04:00,17,s:40~l:59~t:17,las-vegas-aces,Las Vegas,ACES,LV,Las Vegas Aces,Aces,ce1141,b4975a,https://a.espncdn.com/i/teamlogos/wnba/500/lv.png,home,87,True,20,7,34,43.2,32,74,0,8,94.1,16,17,32,5,10,1,0,31.8,7,22,39,0,8,7,19,s:40~l:59~t:19,chicago-sky,Chicago,Sky,CHI,Chicago Sky,Sky,5091cd,ffd520,https://a.espncdn.com/i/teamlogos/wnba/500/chi.png,59,27,44,6
401578550,2023,3,2023-09-13,2023-09-13 22:00:00-04:00,19,s:40~l:59~t:19,chicago-sky,Chicago,SKY,CHI,Chicago Sky,Sky,5091cd,ffd520,https://a.espncdn.com/i/teamlogos/wnba/500/chi.png,away,59,False,14,5,34,33.3,24,72,1,17,75.0,6,8,0,9,4,1,0,22.7,5,22,43,0,14,13,17,s:40~l:59~t:17,las-vegas-aces,Las Vegas,Aces,LV,Las Vegas Aces,Aces,ce1141,b4975a,https://a.espncdn.com/i/teamlogos/wnba/500/lv.png,87,15,28,16
401578551,2023,3,2023-09-15,2023-09-15 19:30:00-04:00,9,s:40~l:59~t:9,new-york-liberty,New York,LIBERTY,NY,New York Liberty,Liberty,86cebc,000000,https://a.espncdn.com/i/teamlogos/wnba/500/ny.png,home,90,True,18,9,29,44.0,33,75,0,12,85.7,12,14,15,14,6,0,0,35.3,12,34,43,0,10,10,16,s:40~l:59~t:16,washington-mystics,Washington,Mystics,WSH,Washington Mystics,Mystics,e03a3e,002b5c,https://a.espncdn.com/i/teamlogos/wnba/500/wsh.png,75,9,40,11
401578551,2023,3,2023-09-15,2023-09-15 19:30:00-04:00,16,s:40~l:59~t:16,washington-mystics,Washington,MYSTICS,WSH,Washington Mystics,Mystics,e03a3e,002b5c,https://a.espncdn.com/i/teamlogos/wnba/500/wsh.png,away,75,False,24,2,24,41.3,31,75,0,15,66.7,8,12,6,13,8,0,0,22.7,5,22,37,0,7,7,9,s:40~l:59~t:9,new-york-liberty,New York,Liberty,NY,New York Liberty,Liberty,86cebc,000000,https://a.espncdn.com/i/teamlogos/wnba/500/ny.png,90,12,42,9
401578552,2023,3,2023-09-15,2023-09-15 21:30:00-04:00,3,s:40~l:59~t:3,dallas-wings,Dallas,WINGS,DAL,Dallas Wings,Wings,002b5c,c4d600,https://a.espncdn.com/i/teamlogos/wnba/500/dal.png,home,94,True,21,5,33,48.6,34,70,0,17,70.4,19,27,12,11,12,1,0,41.2,7,17,44,0,19,18,20,s:40~l:59~t:20,atlanta-dream,Atlanta,Dream,ATL,Atlanta Dream,Dream,e31837,5091cc,https://a.espncdn.com/i/teamlogos/wnba/500/atl.png,82,20,48,24
401578552,2023,3,2023-09-15,2023-09-15 21:30:00-04:00,20,s:40~l:59~t:20,atlanta-dream,Atlanta,DREAM,ATL,Atlanta Dream,Dream,e31837,5091cc,https://a.espncdn.com/i/teamlogos/wnba/500/atl.png,away,82,False,18,3,23,36.8,28,76,0,19,76.5,13,17,20,9,10,0,0,48.1,13,27,32,0,16,16,3,s:40~l:59~t:3,dallas-wings,Dallas,Wings,DAL,Dallas Wings,Wings,002b5c,c4d600,https://a.espncdn.com/i/teamlogos/wnba/500/dal.png,94,14,24,20
401578554,2023,3,2023-09-17,2023-09-17 15:00:00-04:00,19,s:40~l:59~t:19,chicago-sky,Chicago,SKY,CHI,Chicago Sky,Sky,5091cd,ffd520,https://a.espncdn.com/i/teamlogos/wnba/500/chi.png,away,70,False,15,7,25,38.5,25,65,0,19,86.7,13,15,0,7,4,3,0,33.3,7,21,32,0,18,15,17,s:40~l:59~t:17,las-vegas-aces,Las Vegas,Aces,LV,Las Vegas Aces,Aces,ce1141,b4975a,https://a.espncdn.com/i/teamlogos/wnba/500/lv.png,92,9,24,15
401578553,2023,3,2023-09-17,2023-09-17 13:00:00-04:00,18,s:40~l:59~t:18,connecticut-sun,Connecticut,SUN,CONN,Connecticut Sun,Sun,f05023,0a2240,https://a.espncdn.com/i/teamlogos/wnba/500/conn.png,home,75,False,18,4,24,43.8,28,64,0,10,85.7,12,14,1,6,3,1,0,35.0,7,20,30,0,11,10,8,s:40~l:59~t:8,minnesota-lynx,Minnesota,Lynx,MIN,Minnesota Lynx,Lynx,266092,79bc43,https://a.espncdn.com/i/teamlogos/wnba/500/min.png,82,5,32,20
401578553,2023,3,2023-09-17,2023-09-17 13:00:00-04:00,8,s:40~l:59~t:8,minnesota-lynx,Minnesota,LYNX,MIN,Minnesota Lynx,Lynx,266092,79bc43,https://a.espncdn.com/i/teamlogos/wnba/500/min.png,away,82,True,22,1,27,47.8,33,69,0,16,70.0,7,10,16,8,7,2,0,37.5,9,24,35,0,9,7,18,s:40~l:59~t:18,connecticut-sun,Connecticut,Sun,CONN,Connecticut Sun,Sun,f05023,0a2240,https://a.espncdn.com/i/teamlogos/wnba/500/conn.png,75,2,42,6
401578554,2023,3,2023-09-17,2023-09-17 15:00:00-04:00,17,s:40~l:59~t:17,las-vegas-aces,Las Vegas,ACES,LV,Las Vegas Aces,Aces,ce1141,b4975a,https://a.espncdn.com/i/teamlogos/wnba/500/lv.png,home,92,True,20,4,31,41.6,32,77,0,14,91.3,21,23,28,15,12,2,0,33.3,7,21,46,0,10,8,19,s:40~l:59~t:19,chicago-sky,Chicago,Sky,CHI,Chicago Sky,Sky,5091cd,ffd520,https://a.espncdn.com/i/teamlogos/wnba/500/chi.png,70,16,42,9
401578555,2023,3,2023-09-19,2023-09-19 19:00:00-04:00,9,s:40~l:59~t:9,new-york-liberty,New York,LIBERTY,NY,New York Liberty,Liberty,86cebc,000000,https://a.espncdn.com/i/teamlogos/wnba/500/ny.png,home,90,True,21,7,30,42.0,34,81,0,17,85.7,18,21,11,11,8,2,1,17.4,4,23,41,1,15,13,16,s:40~l:59~t:16,washington-mystics,Washington,Mystics,WSH,Washington Mystics,Mystics,e03a3e,002b5c,https://a.espncdn.com/i/teamlogos/wnba/500/wsh.png,85,7,52,16
401578555,2023,3,2023-09-19,2023-09-19 19:00:00-04:00,16,s:40~l:59~t:16,washington-mystics,Washington,MYSTICS,WSH,Washington Mystics,Mystics,e03a3e,002b5c,https://a.espncdn.com/i/teamlogos/wnba/500/wsh.png,away,85,False,20,7,29,40.0,32,80,0,25,81.3,13,16,7,9,8,1,1,30.8,8,26,38,1,15,14,9,s:40~l:59~t:9,new-york-liberty,New York,Liberty,NY,New York Liberty,Liberty,86cebc,000000,https://a.espncdn.com/i/teamlogos/wnba/500/ny.png,90,8,42,18
401578556,2023,3,2023-09-19,2023-09-19 21:00:00-04:00,3,s:40~l:59~t:3,dallas-wings,Dallas,WINGS,DAL,Dallas Wings,Wings,002b5c,c4d600,https://a.espncdn.com/i/teamlogos/wnba/500/dal.png,home,101,True,22,7,29,52.6,41,78,0,14,85.7,12,14,27,12,9,0,0,33.3,7,21,41,0,13,13,20,s:40~l:59~t:20,atlanta-dream,Atlanta,Dream,ATL,Atlanta Dream,Dream,e31837,5091cc,https://a.espncdn.com/i/teamlogos/wnba/500/atl.png,74,14,54,5
401578556,2023,3,2023-09-19,2023-09-19 21:00:00-04:00,20,s:40~l:59~t:20,atlanta-dream,Atlanta,DREAM,ATL,Atlanta Dream,Dream,e31837,5091cc,https://a.espncdn.com/i/teamlogos/wnba/500/atl.png,away,74,False,14,4,23,41.2,28,68,0,13,61.1,11,18,3,5,5,2,0,35.0,7,20,28,0,18,16,3,s:40~l:59~t:3,dallas-wings,Dallas,Wings,DAL,Dallas Wings,Wings,002b5c,c4d600,https://a.espncdn.com/i/teamlogos/wnba/500/dal.png,101,4,34,25
401578557,2023,3,2023-09-20,2023-09-20 20:00:00-04:00,8,s:40~l:59~t:8,minnesota-lynx,Minnesota,LYNX,MIN,Minnesota Lynx,Lynx,266092,79bc43,https://a.espncdn.com/i/teamlogos/wnba/500/min.png,home,75,False,16,3,21,43.3,26,60,0,16,78.9,15,19,0,6,6,0,0,36.4,8,22,27,0,10,10,18,s:40~l:59~t:18,connecticut-sun,Connecticut,Sun,CONN,Connecticut Sun,Sun,f05023,0a2240,https://a.espncdn.com/i/teamlogos/wnba/500/conn.png,90,7,28,14
401578557,2023,3,2023-09-20,2023-09-20 20:00:00-04:00,18,s:40~l:59~t:18,connecticut-sun,Connecticut,SUN,CONN,Connecticut Sun,Sun,f05023,0a2240,https://a.espncdn.com/i/teamlogos/wnba/500/conn.png,away,90,True,24,5,28,55.4,36,65,0,14,64.3,9,14,19,7,7,2,0,45.0,9,20,35,0,10,8,8,s:40~l:59~t:8,minnesota-lynx,Minnesota,Lynx,MIN,Minnesota Lynx,Lynx,266092,79bc43,https://a.espncdn.com/i/teamlogos/wnba/500/min.png,75,16,40,7
401578562,2023,3,2023-09-24,2023-09-24 17:00:00-04:00,3,s:40~l:59~t:3,dallas-wings,Dallas,WINGS,DAL,Dallas Wings,Wings,002b5c,c4d600,https://a.espncdn.com/i/teamlogos/wnba/500/dal.png,away,83,False,21,3,19,43.7,31,71,0,13,66.7,12,18,1,10,10,0,0,42.9,9,21,29,0,12,12,17,s:40~l:59~t:17,las-vegas-aces,Las Vegas,Aces,LV,Las Vegas Aces,Aces,ce1141,b4975a,https://a.espncdn.com/i/teamlogos/wnba/500/lv.png,97,10,40,21
401578562,2023,3,2023-09-24,2023-09-24 17:00:00-04:00,17,s:40~l:59~t:17,las-vegas-aces,Las Vegas,ACES,LV,Las Vegas Aces,Aces,ce1141,b4975a,https://a.espncdn.com/i/teamlogos/wnba/500/lv.png,home,97,True,18,7,26,53.6,37,69,0,14,100.0,13,13,20,10,9,0,0,43.5,10,23,36,0,16,16,3,s:40~l:59~t:3,dallas-wings,Dallas,Wings,DAL,Dallas Wings,Wings,002b5c,c4d600,https://a.espncdn.com/i/teamlogos/wnba/500/dal.png,83,17,46,14
401578561,2023,3,2023-09-24,2023-09-24 13:00:00-04:00,18,s:40~l:59~t:18,connecticut-sun,Connecticut,SUN,CONN,Connecticut Sun,Sun,f05023,0a2240,https://a.espncdn.com/i/teamlogos/wnba/500/conn.png,away,78,True,20,7,23,44.9,31,69,0,14,80.0,8,10,16,12,7,5,1,33.3,8,24,35,1,13,8,9,s:40~l:59~t:9,new-york-liberty,New York,Liberty,NY,New York Liberty,Liberty,86cebc,000000,https://a.espncdn.com/i/teamlogos/wnba/500/ny.png,63,7,34,6
401578561,2023,3,2023-09-24,2023-09-24 13:00:00-04:00,9,s:40~l:59~t:9,new-york-liberty,New York,LIBERTY,NY,New York Liberty,Liberty,86cebc,000000,https://a.espncdn.com/i/teamlogos/wnba/500/ny.png,home,63,False,17,6,18,33.8,23,68,0,10,75.0,9,12,3,12,4,0,0,29.6,8,27,30,0,14,14,18,s:40~l:59~t:18,connecticut-sun,Connecticut,Sun,CONN,Connecticut Sun,Sun,f05023,0a2240,https://a.espncdn.com/i/teamlogos/wnba/500/conn.png,78,0,22,13
401578563,2023,3,2023-09-26,2023-09-26 20:00:00-04:00,9,s:40~l:59~t:9,new-york-liberty,New York,LIBERTY,NY,New York Liberty,Liberty,86cebc,000000,https://a.espncdn.com/i/teamlogos/wnba/500/ny.png,home,84,True,19,9,29,44.6,29,65,0,15,100.0,16,16,10,8,5,2,0,38.5,10,26,37,0,14,12,18,s:40~l:59~t:18,connecticut-sun,Connecticut,Sun,CONN,Connecticut Sun,Sun,f05023,0a2240,https://a.espncdn.com/i/teamlogos/wnba/500/conn.png,77,16,32,11
401578563,2023,3,2023-09-26,2023-09-26 20:00:00-04:00,18,s:40~l:59~t:18,connecticut-sun,Connecticut,SUN,CONN,Connecticut Sun,Sun,f05023,0a2240,https://a.espncdn.com/i/teamlogos/wnba/500/conn.png,away,77,False,21,2,25,39.7,27,68,0,15,77.8,14,18,12,6,7,1,0,39.1,9,23,31,0,10,9,9,s:40~l:59~t:9,new-york-liberty,New York,Liberty,NY,New York Liberty,Liberty,86cebc,000000,https://a.espncdn.com/i/teamlogos/wnba/500/ny.png,84,5,24,17
401578564,2023,3,2023-09-26,2023-09-26 22:00:00-04:00,17,s:40~l:59~t:17,las-vegas-aces,Las Vegas,ACES,LV,Las Vegas Aces,Aces,ce1141,b4975a,https://a.espncdn.com/i/teamlogos/wnba/500/lv.png,home,91,True,17,6,31,46.2,30,65,0,16,88.0,22,25,14,8,5,0,0,37.5,9,24,39,0,12,12,3,s:40~l:59~t:3,dallas-wings,Dallas,Wings,DAL,Dallas Wings,Wings,002b5c,c4d600,https://a.espncdn.com/i/teamlogos/wnba/500/dal.png,84,12,30,4
401578564,2023,3,2023-09-26,2023-09-26 22:00:00-04:00,3,s:40~l:59~t:3,dallas-wings,Dallas,WINGS,DAL,Dallas Wings,Wings,002b5c,c4d600,https://a.espncdn.com/i/teamlogos/wnba/500/dal.png,away,84,False,19,6,19,37.5,33,88,0,14,61.5,8,13,0,21,7,1,0,38.5,10,26,40,0,9,8,17,s:40~l:59~t:17,las-vegas-aces,Las Vegas,Aces,LV,Las Vegas Aces,Aces,ce1141,b4975a,https://a.espncdn.com/i/teamlogos/wnba/500/lv.png,91,11,42,8
401578566,2023,3,2023-09-29,2023-09-29 21:30:00-04:00,17,s:40~l:59~t:17,las-vegas-aces,Las Vegas,ACES,LV,Las Vegas Aces,Aces,ce1141,b4975a,https://a.espncdn.com/i/teamlogos/wnba/500/lv.png,away,64,True,16,4,34,40.7,24,59,0,12,71.4,10,14,7,5,6,1,0,31.6,6,19,39,0,20,19,3,s:40~l:59~t:3,dallas-wings,Dallas,Wings,DAL,Dallas Wings,Wings,002b5c,c4d600,https://a.espncdn.com/i/teamlogos/wnba/500/dal.png,61,7,24,15
401578566,2023,3,2023-09-29,2023-09-29 21:30:00-04:00,3,s:40~l:59~t:3,dallas-wings,Dallas,WINGS,DAL,Dallas Wings,Wings,002b5c,c4d600,https://a.espncdn.com/i/teamlogos/wnba/500/dal.png,home,61,False,14,4,30,31.6,24,76,0,15,46.7,7,15,8,11,9,1,0,21.4,6,28,41,0,13,12,17,s:40~l:59~t:17,las-vegas-aces,Las Vegas,Aces,LV,Las Vegas Aces,Aces,ce1141,b4975a,https://a.espncdn.com/i/teamlogos/wnba/500/lv.png,64,12,30,2
401578565,2023,3,2023-09-29,2023-09-29 19:30:00-04:00,18,s:40~l:59~t:18,connecticut-sun,Connecticut,SUN,CONN,Connecticut Sun,Sun,f05023,0a2240,https://a.espncdn.com/i/teamlogos/wnba/500/conn.png,home,81,False,26,5,22,47.1,33,70,0,15,90.9,10,11,0,8,5,2,0,31.3,5,16,30,0,12,10,9,s:40~l:59~t:9,new-york-liberty,New York,Liberty,NY,New York Liberty,Liberty,86cebc,000000,https://a.espncdn.com/i/teamlogos/wnba/500/ny.png,92,8,48,12
401578565,2023,3,2023-09-29,2023-09-29 19:30:00-04:00,9,s:40~l:59~t:9,new-york-liberty,New York,LIBERTY,NY,New York Liberty,Liberty,86cebc,000000,https://a.espncdn.com/i/teamlogos/wnba/500/ny.png,away,92,True,20,5,24,50.0,38,76,0,13,100.0,7,7,22,11,4,1,0,34.6,9,26,35,0,13,12,18,s:40~l:59~t:18,connecticut-sun,Connecticut,Sun,CONN,Connecticut Sun,Sun,f05023,0a2240,https://a.espncdn.com/i/teamlogos/wnba/500/conn.png,81,15,50,17
401578567,2023,3,2023-10-01,2023-10-01 15:00:00-04:00,18,s:40~l:59~t:18,connecticut-sun,Connecticut,SUN,CONN,Connecticut Sun,Sun,f05023,0a2240,https://a.espncdn.com/i/teamlogos/wnba/500/conn.png,home,84,False,21,6,26,45.5,35,77,0,23,37.5,3,8,10,7,7,0,0,44.0,11,25,33,0,10,10,9,s:40~l:59~t:9,new-york-liberty,New York,Liberty,NY,New York Liberty,Liberty,86cebc,000000,https://a.espncdn.com/i/teamlogos/wnba/500/ny.png,87,11,42,17
401578567,2023,3,2023-10-01,2023-10-01 15:00:00-04:00,9,s:40~l:59~t:9,new-york-liberty,New York,LIBERTY,NY,New York Liberty,Liberty,86cebc,000000,https://a.espncdn.com/i/teamlogos/wnba/500/ny.png,away,87,True,22,6,31,41.2,28,68,0,11,84.0,21,25,11,11,5,1,0,45.5,10,22,42,0,13,12,18,s:40~l:59~t:18,connecticut-sun,Connecticut,Sun,CONN,Connecticut Sun,Sun,f05023,0a2240,https://a.espncdn.com/i/teamlogos/wnba/500/conn.png,84,5,34,14
401578571,2023,3,2023-10-08,2023-10-08 15:00:00-04:00,9,s:40~l:59~t:9,new-york-liberty,New York,LIBERTY,NY,New York Liberty,Liberty,86cebc,000000,https://a.espncdn.com/i/teamlogos/wnba/500/ny.png,away,82,False,17,3,24,46.4,32,69,0,18,69.2,9,13,8,6,6,0,2,31.0,9,29,30,2,11,11,17,s:40~l:59~t:17,las-vegas-aces,Las Vegas,Aces,LV,Las Vegas Aces,Aces,ce1141,b4975a,https://a.espncdn.com/i/teamlogos/wnba/500/lv.png,99,11,32,16
401578571,2023,3,2023-10-08,2023-10-08 15:00:00-04:00,17,s:40~l:59~t:17,las-vegas-aces,Las Vegas,ACES,LV,Las Vegas Aces,Aces,ce1141,b4975a,https://a.espncdn.com/i/teamlogos/wnba/500/lv.png,home,99,True,21,5,30,54.7,35,64,0,16,87.0,20,23,22,4,7,0,2,40.9,9,22,34,2,11,11,9,s:40~l:59~t:9,new-york-liberty,New York,Liberty,NY,New York Liberty,Liberty,86cebc,000000,https://a.espncdn.com/i/teamlogos/wnba/500/ny.png,82,13,42,6
401578572,2023,3,2023-10-11,2023-10-11 21:00:00-04:00,17,s:40~l:59~t:17,las-vegas-aces,Las Vegas,ACES,LV,Las Vegas Aces,Aces,ce1141,b4975a,https://a.espncdn.com/i/teamlogos/wnba/500/lv.png,home,104,True,31,1,32,52.9,37,70,0,18,100.0,17,17,32,8,7,2,0,44.8,13,29,40,0,11,9,9,s:40~l:59~t:9,new-york-liberty,New York,Liberty,NY,New York Liberty,Liberty,86cebc,000000,https://a.espncdn.com/i/teamlogos/wnba/500/ny.png,76,11,32,14
401578572,2023,3,2023-10-11,2023-10-11 21:00:00-04:00,9,s:40~l:59~t:9,new-york-liberty,New York,LIBERTY,NY,New York Liberty,Liberty,86cebc,000000,https://a.espncdn.com/i/teamlogos/wnba/500/ny.png,away,76,False,19,4,22,36.1,26,72,0,15,72.7,16,22,0,13,4,0,0,22.9,8,35,35,0,10,10,17,s:40~l:59~t:17,las-vegas-aces,Las Vegas,Aces,LV,Las Vegas Aces,Aces,ce1141,b4975a,https://a.espncdn.com/i/teamlogos/wnba/500/lv.png,104,3,30,13
401578573,2023,3,2023-10-15,2023-10-15 15:00:00-04:00,9,s:40~l:59~t:9,new-york-liberty,New York,LIBERTY,NY,New York Liberty,Liberty,86cebc,000000,https://a.espncdn.com/i/teamlogos/wnba/500/ny.png,home,87,True,28,8,31,52.4,33,63,0,16,50.0,8,16,17,4,4,0,0,43.3,13,30,35,0,11,11,17,s:40~l:59~t:17,las-vegas-aces,Las Vegas,Aces,LV,Las Vegas Aces,Aces,ce1141,b4975a,https://a.espncdn.com/i/teamlogos/wnba/500/lv.png,73,12,34,13
401578573,2023,3,2023-10-15,2023-10-15 15:00:00-04:00,17,s:40~l:59~t:17,las-vegas-aces,Las Vegas,ACES,LV,Las Vegas Aces,Aces,ce1141,b4975a,https://a.espncdn.com/i/teamlogos/wnba/500/lv.png,away,73,False,13,0,26,33.3,23,69,0,14,87.0,20,23,1,8,7,2,0,31.8,7,22,34,0,13,11,9,s:40~l:59~t:9,new-york-liberty,New York,Liberty,NY,New York Liberty,Liberty,86cebc,000000,https://a.espncdn.com/i/teamlogos/wnba/500/ny.png,87,2,30,14
401578574,2023,3,2023-10-18,2023-10-18 20:00:00-04:00,9,s:40~l:59~t:9,new-york-liberty,New York,LIBERTY,NY,New York Liberty,Liberty,86cebc,000000,https://a.espncdn.com/i/teamlogos/wnba/500/ny.png,home,69,False,19,5,30,36.1,26,72,0,12,66.7,8,12,12,9,5,0,0,34.6,9,26,39,0,13,13,17,s:40~l:59~t:17,las-vegas-aces,Las Vegas,Aces,LV,Las Vegas Aces,Aces,ce1141,b4975a,https://a.espncdn.com/i/teamlogos/wnba/500/lv.png,70,17,24,15
401578574,2023,3,2023-10-18,2023-10-18 20:00:00-04:00,17,s:40~l:59~t:17,las-vegas-aces,Las Vegas,ACES,LV,Las Vegas Aces,Aces,ce1141,b4975a,https://a.espncdn.com/i/teamlogos/wnba/500/lv.png,away,70,True,18,1,32,41.8,28,67,0,14,81.8,9,11,7,6,7,2,0,23.8,5,21,38,0,15,13,9,s:40~l:59~t:9,new-york-liberty,New York,Liberty,NY,New York Liberty,Liberty,86cebc,000000,https://a.espncdn.com/i/teamlogos/wnba/500/ny.png,69,4,44,14
401620219,2024,2,2024-05-14,2024-05-14 19:30:00-04:00,18,s:40~l:59~t:18,connecticut-sun,Connecticut,SUN,CON,Connecticut Sun,Sun,f05023,0a2240,https://a.espncdn.com/guid/7c72e7ee-5064-b766-2b39-95b57e3d9a08/logos/default.png,home,92,True,20,1,22,48.0,32,66,0,22,76.0,19,25,23,8,11,0,0,43.0,9,21,30,0,15,15,5,s:40~l:59~t:5,indiana-fever,Indiana,Fever,IND,Indiana Fever,Fever,002d62,e03a3e,https://a.espncdn.com/i/teamlogos/wnba/500/ind.png,71,10,32,14
401620219,2024,2,2024-05-14,2024-05-14 19:30:00-04:00,5,s:40~l:59~t:5,indiana-fever,Indiana,FEVER,IND,Indiana Fever,Fever,002d62,e03a3e,https://a.espncdn.com/i/teamlogos/wnba/500/ind.png,away,71,False,16,5,24,48.0,24,50,0,21,79.0,15,19,4,4,6,0,1,40.0,8,20,28,1,25,25,18,s:40~l:59~t:18,connecticut-sun,Connecticut,Sun,CON,Connecticut Sun,Sun,f05023,0a2240,https://a.espncdn.com/guid/7c72e7ee-5064-b766-2b39-95b57e3d9a08/logos/default.png,92,14,30,29
401620221,2024,2,2024-05-14,2024-05-14 22:00:00-04:00,14,s:40~l:59~t:14,seattle-storm,Seattle,STORM,SEA,Seattle Storm,Storm,2c5235,fee11a,https://a.espncdn.com/i/teamlogos/wnba/500/sea.png,home,70,False,14,5,29,37.0,29,78,0,12,79.0,11,14,8,14,10,0,2,11.0,1,9,43,2,17,17,8,s:40~l:59~t:8,minnesota-lynx,Minnesota,Lynx,MIN,Minnesota Lynx,Lynx,266092,79bc43,https://a.espncdn.com/i/teamlogos/wnba/500/min.png,83,10,46,22
401620221,2024,2,2024-05-14,2024-05-14 22:00:00-04:00,8,s:40~l:59~t:8,minnesota-lynx,Minnesota,LYNX,MIN,Minnesota Lynx,Lynx,266092,79bc43,https://a.espncdn.com/i/teamlogos/wnba/500/min.png,away,83,True,23,8,32,45.0,34,75,0,15,89.0,8,9,16,7,15,0,0,29.0,7,24,39,0,17,17,14,s:40~l:59~t:14,seattle-storm,Seattle,Storm,SEA,Seattle Storm,Storm,2c5235,fee11a,https://a.espncdn.com/i/teamlogos/wnba/500/sea.png,70,18,40,19
401620220,2024,2,2024-05-14,2024-05-14 22:00:00-04:00,17,s:40~l:59~t:17,las-vegas-aces,Las Vegas,ACES,LV,Las Vegas Aces,Aces,a7a8aa,000000,https://a.espncdn.com/i/teamlogos/wnba/500/lv.png,home,89,True,17,5,29,41.0,29,71,0,12,86.0,25,29,18,8,7,2,0,21.0,6,29,37,0,11,9,11,s:40~l:59~t:11,phoenix-mercury,Phoenix,Mercury,PHX,Phoenix Mercury,Mercury,3c286e,fa4b0a,https://a.espncdn.com/i/teamlogos/wnba/500/phx.png,80,14,36,10
401620220,2024,2,2024-05-14,2024-05-14 22:00:00-04:00,11,s:40~l:59~t:11,phoenix-mercury,Phoenix,MERCURY,PHX,Phoenix Mercury,Mercury,3c286e,fa4b0a,https://a.espncdn.com/i/teamlogos/wnba/500/phx.png,away,80,False,21,6,27,38.0,29,76,1,23,70.0,7,10,3,10,6,2,0,42.0,15,36,37,0,17,15,17,s:40~l:59~t:17,las-vegas-aces,Las Vegas,Aces,LV,Las Vegas Aces,Aces,a7a8aa,000000,https://a.espncdn.com/i/teamlogos/wnba/500/lv.png,89,8,24,23
401620178,2024,2,2024-05-14,2024-05-14 19:00:00-04:00,16,s:40~l:59~t:16,washington-mystics,Washington,MYSTICS,WSH,Washington Mystics,Mystics,e03a3e,002b5c,https://a.espncdn.com/i/teamlogos/wnba/500/wsh.png,home,80,False,22,7,24,40.0,31,78,0,20,73.0,8,11,8,10,9,2,0,31.0,10,32,34,0,14,12,9,s:40~l:59~t:9,new-york-liberty,New York,Liberty,NY,New York Liberty,Liberty,86cebc,000000,https://a.espncdn.com/i/teamlogos/wnba/500/ny.png,85,8,30,19
401620178,2024,2,2024-05-14,2024-05-14 19:00:00-04:00,9,s:40~l:59~t:9,new-york-liberty,New York,LIBERTY,NY,New York Liberty,Liberty,86cebc,000000,https://a.espncdn.com/i/teamlogos/wnba/500/ny.png,away,85,True,21,5,28,47.0,32,68,0,20,87.0,13,15,10,8,8,2,0,29.0,8,28,36,0,20,18,16,s:40~l:59~t:16,washington-mystics,Washington,Mystics,WSH,Washington Mystics,Mystics,e03a3e,002b5c,https://a.espncdn.com/i/teamlogos/wnba/500/wsh.png,80,8,34,19
401620222,2024,2,2024-05-15,2024-05-15 20:00:00-04:00,3,s:40~l:59~t:3,dallas-wings,Dallas,WINGS,DAL,Dallas Wings,Wings,002b5c,c4d600,https://a.espncdn.com/guid/34946ff8-281e-c57d-bb76-37fb1ebe3ec6/logos/default.png,home,87,True,18,12,27,45.0,37,82,0,20,80.0,8,10,12,15,7,0,0,33.0,5,15,42,0,15,15,19,s:40~l:59~t:19,chicago-sky,Chicago,Sky,CHI,Chicago Sky,Sky,5091cd,ffd520,https://a.espncdn.com/i/teamlogos/wnba/500/chi.png,79,13,60,14
401620222,2024,2,2024-05-15,2024-05-15 20:00:00-04:00,19,s:40~l:59~t:19,chicago-sky,Chicago,SKY,CHI,Chicago Sky,Sky,5091cd,ffd520,https://a.espncdn.com/i/teamlogos/wnba/500/chi.png,away,79,False,14,3,21,39.0,29,74,0,19,59.0,16,27,10,16,9,2,0,29.0,5,17,37,0,14,12,3,s:40~l:59~t:3,dallas-wings,Dallas,Wings,DAL,Dallas Wings,Wings,002b5c,c4d600,https://a.espncdn.com/guid/34946ff8-281e-c57d-bb76-37fb1ebe3ec6/logos/default.png,87,12,42,24
401620223,2024,2,2024-05-15,2024-05-15 22:00:00-04:00,6,s:40~l:59~t:6,los-angeles-sparks,Los Angeles,SPARKS,LA,Los Angeles Sparks,Sparks,552583,fdb927,https://a.espncdn.com/i/teamlogos/wnba/500/la.png,home,81,False,24,2,27,39.0,28,72,0,17,59.0,13,22,7,8,8,3,0,39.0,12,31,35,0,14,11,20,s:40~l:59~t:20,atlanta-dream,Atlanta,Dream,ATL,Atlanta Dream,Dream,e31837,5091cc,https://a.espncdn.com/i/teamlogos/wnba/500/atl.png,92,10,30,21
401620223,2024,2,2024-05-15,2024-05-15 22:00:00-04:00,20,s:40~l:59~t:20,atlanta-dream,Atlanta,DREAM,ATL,Atlanta Dream,Dream,e31837,5091cc,https://a.espncdn.com/i/teamlogos/wnba/500/atl.png,away,92,True,20,9,27,51.0,34,67,0,20,84.0,16,19,12,7,8,0,0,47.0,8,17,34,0,13,13,6,s:40~l:59~t:6,los-angeles-sparks,Los Angeles,Sparks,LA,Los Angeles Sparks,Sparks,552583,fdb927,https://a.espncdn.com/i/teamlogos/wnba/500/la.png,81,19,50,20
401620224,2024,2,2024-05-16,2024-05-16 19:00:00-04:00,5,s:40~l:59~t:5,indiana-fever,Indiana,FEVER,IND,Indiana Fever,Fever,002d62,e03a3e,https://a.espncdn.com/i/teamlogos/wnba/500/ind.png,home,66,False,13,4,19,37.0,22,60,0,20,77.0,17,22,0,7,5,3,0,26.0,5,19,26,0,16,13,9,s:40~l:59~t:9,new-york-liberty,New York,Liberty,NY,New York Liberty,Liberty,86cebc,000000,https://a.espncdn.com/i/teamlogos/wnba/500/ny.png,102,2,28,21
401620224,2024,2,2024-05-16,2024-05-16 19:00:00-04:00,9,s:40~l:59~t:9,new-york-liberty,New York,LIBERTY,NY,New York Liberty,Liberty,86cebc,000000,https://a.espncdn.com/i/teamlogos/wnba/500/ny.png,away,102,True,22,8,27,46.0,36,78,0,17,96.0,22,23,37,13,8,0,0,30.0,8,27,40,0,10,10,5,s:40~l:59~t:5,indiana-fever,Indiana,Fever,IND,Indiana Fever,Fever,002d62,e03a3e,https://a.espncdn.com/i/teamlogos/wnba/500/ind.png,66,16,48,10
401620225,2024,2,2024-05-17,2024-05-17 19:30:00-04:00,18,s:40~l:59~t:18,connecticut-sun,Connecticut,SUN,CON,Connecticut Sun,Sun,f05023,0a2240,https://a.espncdn.com/guid/7c72e7ee-5064-b766-2b39-95b57e3d9a08/logos/default.png,home,84,True,16,3,21,43.0,29,68,0,22,92.0,24,26,9,8,14,3,0,10.0,2,20,29,0,13,10,16,s:40~l:59~t:16,washington-mystics,Washington,Mystics,WSH,Washington Mystics,Mystics,e03a3e,002b5c,https://a.espncdn.com/i/teamlogos/wnba/500/wsh.png,77,12,46,12
401620225,2024,2,2024-05-17,2024-05-17 19:30:00-04:00,16,s:40~l:59~t:16,washington-mystics,Washington,MYSTICS,WSH,Washington Mystics,Mystics,e03a3e,002b5c,https://a.espncdn.com/i/teamlogos/wnba/500/wsh.png,away,77,False,22,4,24,48.0,28,58,0,21,86.0,12,14,7,4,6,2,0,41.0,9,22,28,0,22,20,18,s:40~l:59~t:18,connecticut-sun,Connecticut,Sun,CON,Connecticut Sun,Sun,f05023,0a2240,https://a.espncdn.com/guid/7c72e7ee-5064-b766-2b39-95b57e3d9a08/logos/default.png,84,2,32,26
401620226,2024,2,2024-05-17,2024-05-17 21:30:00-04:00,8,s:40~l:59~t:8,minnesota-lynx,Minnesota,LYNX,MIN,Minnesota Lynx,Lynx,266092,79bc43,https://a.espncdn.com/i/teamlogos/wnba/500/min.png,home,102,True,27,10,32,44.0,35,79,0,23,76.0,19,25,16,10,18,1,0,43.0,13,30,42,0,28,27,14,s:40~l:59~t:14,seattle-storm,Seattle,Storm,SEA,Seattle Storm,Storm,2c5235,fee11a,https://a.espncdn.com/i/teamlogos/wnba/500/sea.png,93,19,36,22
401620226,2024,2,2024-05-17,2024-05-17 21:30:00-04:00,14,s:40~l:59~t:14,seattle-storm,Seattle,STORM,SEA,Seattle Storm,Storm,2c5235,fee11a,https://a.espncdn.com/i/teamlogos/wnba/500/sea.png,away,93,False,19,8,33,40.0,31,78,0,25,90.0,26,29,2,9,20,1,0,25.0,5,20,42,0,25,24,8,s:40~l:59~t:8,minnesota-lynx,Minnesota,Lynx,MIN,Minnesota Lynx,Lynx,266092,79bc43,https://a.espncdn.com/i/teamlogos/wnba/500/min.png,102,12,40,35
401620227,2024,2,2024-05-18,2024-05-18 13:00:00-04:00,5,s:40~l:59~t:5,indiana-fever,Indiana,FEVER,IND,Indiana Fever,Fever,002d62,e03a3e,https://a.espncdn.com/i/teamlogos/wnba/500/ind.png,away,80,False,22,3,24,41.0,33,80,0,16,83.0,5,6,3,10,9,1,0,35.0,9,26,34,0,16,15,9,s:40~l:59~t:9,new-york-liberty,New York,Liberty,NY,New York Liberty,Liberty,86cebc,000000,https://a.espncdn.com/i/teamlogos/wnba/500/ny.png,91,2,38,16
401620230,2024,2,2024-05-18,2024-05-18 22:00:00-04:00,20,s:40~l:59~t:20,atlanta-dream,Atlanta,DREAM,ATL,Atlanta Dream,Dream,e31837,5091cc,https://a.espncdn.com/i/teamlogos/wnba/500/atl.png,away,85,False,21,5,26,41.0,27,66,0,21,78.0,21,27,7,7,8,1,0,43.0,10,23,33,0,14,13,11,s:40~l:59~t:11,phoenix-mercury,Phoenix,Mercury,PHX,Phoenix Mercury,Mercury,3c286e,fa4b0a,https://a.espncdn.com/i/teamlogos/wnba/500/phx.png,88,12,32,14
401620230,2024,2,2024-05-18,2024-05-18 22:00:00-04:00,11,s:40~l:59~t:11,phoenix-mercury,Phoenix,MERCURY,PHX,Phoenix Mercury,Mercury,3c286e,fa4b0a,https://a.espncdn.com/i/teamlogos/wnba/500/phx.png,home,88,True,17,5,31,41.0,27,66,0,22,88.0,28,32,12,7,10,0,1,26.0,6,23,38,1,12,12,20,s:40~l:59~t:20,atlanta-dream,Atlanta,Dream,ATL,Atlanta Dream,Dream,e31837,5091cc,https://a.espncdn.com/i/teamlogos/wnba/500/atl.png,85,6,34,13
401620229,2024,2,2024-05-18,2024-05-18 20:00:00-04:00,19,s:40~l:59~t:19,chicago-sky,Chicago,SKY,CHI,Chicago Sky,Sky,5091cd,ffd520,https://a.espncdn.com/i/teamlogos/wnba/500/chi.png,away,83,True,25,13,23,40.0,32,80,0,24,75.0,15,20,9,19,15,2,1,19.0,4,21,42,1,19,17,3,s:40~l:59~t:3,dallas-wings,Dallas,Wings,DAL,Dallas Wings,Wings,002b5c,c4d600,https://a.espncdn.com/guid/34946ff8-281e-c57d-bb76-37fb1ebe3ec6/logos/default.png,74,16,46,6
401620229,2024,2,2024-05-18,2024-05-18 20:00:00-04:00,3,s:40~l:59~t:3,dallas-wings,Dallas,WINGS,DAL,Dallas Wings,Wings,002b5c,c4d600,https://a.espncdn.com/guid/34946ff8-281e-c57d-bb76-37fb1ebe3ec6/logos/default.png,home,74,False,15,8,27,35.0,23,66,0,23,91.0,21,23,14,13,7,1,1,39.0,7,18,40,1,26,25,19,s:40~l:59~t:19,chicago-sky,Chicago,Sky,CHI,Chicago Sky,Sky,5091cd,ffd520,https://a.espncdn.com/i/teamlogos/wnba/500/chi.png,83,10,24,34
401620227,2024,2,2024-05-18,2024-05-18 13:00:00-04:00,9,s:40~l:59~t:9,new-york-liberty,New York,LIBERTY,NY,New York Liberty,Liberty,86cebc,000000,https://a.espncdn.com/i/teamlogos/wnba/500/ny.png,home,91,True,21,6,26,48.0,31,64,0,14,88.0,14,16,23,6,9,0,0,47.0,15,32,32,0,20,20,5,s:40~l:59~t:5,indiana-fever,Indiana,Fever,IND,Indiana Fever,Fever,002d62,e03a3e,https://a.espncdn.com/i/teamlogos/wnba/500/ind.png,80,28,32,16
401620228,2024,2,2024-05-18,2024-05-18 15:00:00-04:00,17,s:40~l:59~t:17,las-vegas-aces,Las Vegas,ACES,LV,Las Vegas Aces,Aces,a7a8aa,000000,https://a.espncdn.com/i/teamlogos/wnba/500/lv.png,home,89,True,23,4,24,42.0,31,73,0,14,88.0,14,16,13,10,10,0,1,42.0,13,31,34,1,12,12,6,s:40~l:59~t:6,los-angeles-sparks,Los Angeles,Sparks,LA,Los Angeles Sparks,Sparks,552583,fdb927,https://a.espncdn.com/i/teamlogos/wnba/500/la.png,82,8,34,14
401620228,2024,2,2024-05-18,2024-05-18 15:00:00-04:00,6,s:40~l:59~t:6,los-angeles-sparks,Los Angeles,SPARKS,LA,Los Angeles Sparks,Sparks,552583,fdb927,https://a.espncdn.com/i/teamlogos/wnba/500/la.png,away,82,False,16,5,28,52.0,34,66,0,18,60.0,9,15,7,3,11,1,0,36.0,5,14,31,0,18,17,17,s:40~l:59~t:17,las-vegas-aces,Las Vegas,Aces,LV,Las Vegas Aces,Aces,a7a8aa,000000,https://a.espncdn.com/i/teamlogos/wnba/500/lv.png,89,20,52,25
401620231,2024,2,2024-05-19,2024-05-19 15:00:00-04:00,16,s:40~l:59~t:16,washington-mystics,Washington,MYSTICS,WSH,Washington Mystics,Mystics,e03a3e,002b5c,https://a.espncdn.com/i/teamlogos/wnba/500/wsh.png,home,75,False,20,4,23,40.0,25,62,0,23,70.0,16,23,5,6,9,0,2,35.0,9,26,29,2,16,16,14,s:40~l:59~t:14,seattle-storm,Seattle,Storm,SEA,Seattle Storm,Storm,2c5235,fee11a,https://a.espncdn.com/i/teamlogos/wnba/500/sea.png,84,7,30,13
401620231,2024,2,2024-05-19,2024-05-19 15:00:00-04:00,14,s:40~l:59~t:14,seattle-storm,Seattle,STORM,SEA,Seattle Storm,Storm,2c5235,fee11a,https://a.espncdn.com/i/teamlogos/wnba/500/sea.png,away,84,True,10,2,29,41.0,28,68,0,23,79.0,23,29,15,14,10,0,0,25.0,5,20,43,0,20,20,16,s:40~l:59~t:16,washington-mystics,Washington,Mystics,WSH,Washington Mystics,Mystics,e03a3e,002b5c,https://a.espncdn.com/i/teamlogos/wnba/500/wsh.png,75,8,36,26
401620232,2024,2,2024-05-20,2024-05-20 19:00:00-04:00,18,s:40~l:59~t:18,connecticut-sun,Connecticut,SUN,CON,Connecticut Sun,Sun,f05023,0a2240,https://a.espncdn.com/guid/7c72e7ee-5064-b766-2b39-95b57e3d9a08/logos/default.png,away,88,True,15,4,18,41.0,30,74,0,13,80.0,24,30,9,15,5,0,0,21.0,4,19,33,0,8,8,5,s:40~l:59~t:5,indiana-fever,Indiana,Fever,IND,Indiana Fever,Fever,002d62,e03a3e,https://a.espncdn.com/i/teamlogos/wnba/500/ind.png,84,11,42,13
401620233,2024,2,2024-05-20,2024-05-20 19:00:00-04:00,14,s:40~l:59~t:14,seattle-storm,Seattle,STORM,SEA,Seattle Storm,Storm,2c5235,fee11a,https://a.espncdn.com/i/teamlogos/wnba/500/sea.png,away,63,False,16,3,22,34.0,24,70,0,23,64.0,9,14,0,12,8,3,0,25.0,6,24,34,0,17,14,9,s:40~l:59~t:9,new-york-liberty,New York,Liberty,NY,New York Liberty,Liberty,86cebc,000000,https://a.espncdn.com/i/teamlogos/wnba/500/ny.png,74,13,24,12
401620233,2024,2,2024-05-20,2024-05-20 19:00:00-04:00,9,s:40~l:59~t:9,new-york-liberty,New York,LIBERTY,NY,New York Liberty,Liberty,86cebc,000000,https://a.espncdn.com/i/teamlogos/wnba/500/ny.png,home,74,True,18,5,29,41.0,26,63,0,13,95.0,19,20,18,7,7,3,0,13.0,3,23,36,0,18,15,14,s:40~l:59~t:14,seattle-storm,Seattle,Storm,SEA,Seattle Storm,Storm,2c5235,fee11a,https://a.espncdn.com/i/teamlogos/wnba/500/sea.png,63,4,42,15
401620232,2024,2,2024-05-20,2024-05-20 19:00:00-04:00,5,s:40~l:59~t:5,indiana-fever,Indiana,FEVER,IND,Indiana Fever,Fever,002d62,e03a3e,https://a.espncdn.com/i/teamlogos/wnba/500/ind.png,home,84,False,20,7,23,48.0,33,69,0,24,92.0,12,13,4,13,4,0,1,30.0,6,20,36,1,17,17,18,s:40~l:59~t:18,connecticut-sun,Connecticut,Sun,CON,Connecticut Sun,Sun,f05023,0a2240,https://a.espncdn.com/guid/7c72e7ee-5064-b766-2b39-95b57e3d9a08/logos/default.png,88,10,48,22
401620235,2024,2,2024-05-21,2024-05-21 22:00:00-04:00,11,s:40~l:59~t:11,phoenix-mercury,Phoenix,MERCURY,PHX,Phoenix Mercury,Mercury,3c286e,fa4b0a,https://a.espncdn.com/i/teamlogos/wnba/500/phx.png,away,98,True,23,7,33,47.0,37,78,0,15,62.0,8,13,15,6,7,0,0,48.0,16,33,39,0,7,7,17,s:40~l:59~t:17,las-vegas-aces,Las Vegas,Aces,LV,Las Vegas Aces,Aces,a7a8aa,000000,https://a.espncdn.com/i/teamlogos/wnba/500/lv.png,88,9,32,2
401620235,2024,2,2024-05-21,2024-05-21 22:00:00-04:00,17,s:40~l:59~t:17,las-vegas-aces,Las Vegas,ACES,LV,Las Vegas Aces,Aces,a7a8aa,000000,https://a.espncdn.com/i/teamlogos/wnba/500/lv.png,home,88,False,22,4,32,42.0,33,78,0,18,73.0,11,15,7,7,5,0,0,35.0,11,31,39,0,9,9,11,s:40~l:59~t:11,phoenix-mercury,Phoenix,Mercury,PHX,Phoenix Mercury,Mercury,3c286e,fa4b0a,https://a.espncdn.com/i/teamlogos/wnba/500/phx.png,98,14,34,7
401620236,2024,2,2024-05-21,2024-05-21 22:00:00-04:00,16,s:40~l:59~t:16,washington-mystics,Washington,MYSTICS,WSH,Washington Mystics,Mystics,e03a3e,002b5c,https://a.espncdn.com/i/teamlogos/wnba/500/wsh.png,away,68,False,21,3,20,42.0,27,64,0,16,55.0,6,11,9,8,13,1,3,32.0,8,25,28,3,19,18,6,s:40~l:59~t:6,los-angeles-sparks,Los Angeles,Sparks,LA,Los Angeles Sparks,Sparks,552583,fdb927,https://a.espncdn.com/i/teamlogos/wnba/500/la.png,70,6,26,10
401620234,2024,2,2024-05-21,2024-05-21 19:30:00-04:00,20,s:40~l:59~t:20,atlanta-dream,Atlanta,DREAM,ATL,Atlanta Dream,Dream,e31837,5091cc,https://a.espncdn.com/i/teamlogos/wnba/500/atl.png,home,83,True,17,3,23,42.0,30,72,0,20,73.0,16,22,8,13,9,1,0,32.0,7,22,36,0,13,12,3,s:40~l:59~t:3,dallas-wings,Dallas,Wings,DAL,Dallas Wings,Wings,002b5c,c4d600,https://a.espncdn.com/guid/34946ff8-281e-c57d-bb76-37fb1ebe3ec6/logos/default.png,78,17,26,13
401620234,2024,2,2024-05-21,2024-05-21 19:30:00-04:00,3,s:40~l:59~t:3,dallas-wings,Dallas,WINGS,DAL,Dallas Wings,Wings,002b5c,c4d600,https://a.espncdn.com/guid/34946ff8-281e-c57d-bb76-37fb1ebe3ec6/logos/default.png,away,78,False,17,6,24,43.0,30,70,0,20,80.0,16,20,10,11,6,2,0,13.0,2,16,35,0,16,14,20,s:40~l:59~t:20,atlanta-dream,Atlanta,Dream,ATL,Atlanta Dream,Dream,e31837,5091cc,https://a.espncdn.com/i/teamlogos/wnba/500/atl.png,83,9,46,16
401620236,2024,2,2024-05-21,2024-05-21 22:00:00-04:00,6,s:40~l:59~t:6,los-angeles-sparks,Los Angeles,SPARKS,LA,Los Angeles Sparks,Sparks,552583,fdb927,https://a.espncdn.com/i/teamlogos/wnba/500/la.png,home,70,True,21,5,28,47.0,26,55,0,19,67.0,10,15,9,5,8,4,0,38.0,8,21,33,0,28,24,16,s:40~l:59~t:16,washington-mystics,Washington,Mystics,WSH,Washington Mystics,Mystics,e03a3e,002b5c,https://a.espncdn.com/i/teamlogos/wnba/500/wsh.png,68,8,28,26
401620237,2024,2,2024-05-22,2024-05-22 22:00:00-04:00,14,s:40~l:59~t:14,seattle-storm,Seattle,STORM,SEA,Seattle Storm,Storm,2c5235,fee11a,https://a.espncdn.com/i/teamlogos/wnba/500/sea.png,home,85,True,20,9,24,41.0,34,82,0,16,85.0,11,13,11,17,6,1,0,30.0,6,20,41,0,9,8,5,s:40~l:59~t:5,indiana-fever,Indiana,Fever,IND,Indiana Fever,Fever,002d62,e03a3e,https://a.espncdn.com/i/teamlogos/wnba/500/ind.png,83,7,46,6
401620237,2024,2,2024-05-22,2024-05-22 22:00:00-04:00,5,s:40~l:59~t:5,indiana-fever,Indiana,FEVER,IND,Indiana Fever,Fever,002d62,e03a3e,https://a.espncdn.com/i/teamlogos/wnba/500/ind.png,away,83,False,18,8,27,43.0,31,72,0,17,83.0,15,18,4,13,5,2,0,27.0,6,22,40,0,13,11,14,s:40~l:59~t:14,seattle-storm,Seattle,Storm,SEA,Seattle Storm,Storm,2c5235,fee11a,https://a.espncdn.com/i/teamlogos/wnba/500/sea.png,85,9,50,11
401620239,2024,2,2024-05-23,2024-05-23 19:00:00-04:00,9,s:40~l:59~t:9,new-york-liberty,New York,LIBERTY,NY,New York Liberty,Liberty,86cebc,000000,https://a.espncdn.com/i/teamlogos/wnba/500/ny.png,home,81,False,22,5,27,43.0,30,69,0,17,65.0,13,20,3,8,8,0,0,36.0,8,22,35,0,14,14,19,s:40~l:59~t:19,chicago-sky,Chicago,Sky,CHI,Chicago Sky,Sky,5091cd,ffd520,https://a.espncdn.com/i/teamlogos/wnba/500/chi.png,90,11,36,19
401620239,2024,2,2024-05-23,2024-05-23 19:00:00-04:00,19,s:40~l:59~t:19,chicago-sky,Chicago,SKY,CHI,Chicago Sky,Sky,5091cd,ffd520,https://a.espncdn.com/i/teamlogos/wnba/500/chi.png,away,90,True,22,2,27,47.0,35,75,0,18,65.0,13,20,14,11,5,0,0,37.0,7,19,38,0,9,9,9,s:40~l:59~t:9,new-york-liberty,New York,Liberty,NY,New York Liberty,Liberty,86cebc,000000,https://a.espncdn.com/i/teamlogos/wnba/500/ny.png,81,19,46,11
401620238,2024,2,2024-05-23,2024-05-23 19:00:00-04:00,18,s:40~l:59~t:18,connecticut-sun,Connecticut,SUN,CON,Connecticut Sun,Sun,f05023,0a2240,https://a.espncdn.com/guid/7c72e7ee-5064-b766-2b39-95b57e3d9a08/logos/default.png,home,83,True,17,2,27,45.0,30,67,0,17,86.0,18,21,7,3,10,2,0,45.0,5,11,30,0,18,16,8,s:40~l:59~t:8,minnesota-lynx,Minnesota,Lynx,MIN,Minnesota Lynx,Lynx,266092,79bc43,https://a.espncdn.com/i/teamlogos/wnba/500/min.png,82,13,46,19
401620238,2024,2,2024-05-23,2024-05-23 19:00:00-04:00,8,s:40~l:59~t:8,minnesota-lynx,Minnesota,LYNX,MIN,Minnesota Lynx,Lynx,266092,79bc43,https://a.espncdn.com/i/teamlogos/wnba/500/min.png,away,82,False,23,5,27,49.0,33,68,0,19,60.0,12,20,13,6,11,0,0,19.0,4,21,33,0,17,17,18,s:40~l:59~t:18,connecticut-sun,Connecticut,Sun,CON,Connecticut Sun,Sun,f05023,0a2240,https://a.espncdn.com/guid/7c72e7ee-5064-b766-2b39-95b57e3d9a08/logos/default.png,83,9,36,24
401620240,2024,2,2024-05-23,2024-05-23 22:00:00-04:00,11,s:40~l:59~t:11,phoenix-mercury,Phoenix,MERCURY,PHX,Phoenix Mercury,Mercury,3c286e,fa4b0a,https://a.espncdn.com/i/teamlogos/wnba/500/phx.png,home,83,True,20,4,30,43.0,26,60,0,19,88.0,21,24,14,4,9,1,1,30.0,10,33,34,1,17,16,16,s:40~l:59~t:16,washington-mystics,Washington,Mystics,WSH,Washington Mystics,Mystics,e03a3e,002b5c,https://a.espncdn.com/i/teamlogos/wnba/500/wsh.png,80,4,30,16
401620240,2024,2,2024-05-23,2024-05-23 22:00:00-04:00,16,s:40~l:59~t:16,washington-mystics,Washington,MYSTICS,WSH,Washington Mystics,Mystics,e03a3e,002b5c,https://a.espncdn.com/i/teamlogos/wnba/500/wsh.png,away,80,False,21,1,27,39.0,27,70,0,21,81.0,13,16,4,9,7,0,0,36.0,13,36,36,0,17,17,11,s:40~l:59~t:11,phoenix-mercury,Phoenix,Mercury,PHX,Phoenix Mercury,Mercury,3c286e,fa4b0a,https://a.espncdn.com/i/teamlogos/wnba/500/phx.png,83,7,22,21
401620241,2024,2,2024-05-24,2024-05-24 22:00:00-04:00,5,s:40~l:59~t:5,indiana-fever,Indiana,FEVER,IND,Indiana Fever,Fever,002d62,e03a3e,https://a.espncdn.com/i/teamlogos/wnba/500/ind.png,away,78,True,22,2,27,42.0,29,69,0,17,76.0,13,17,7,5,9,1,0,28.0,7,25,32,0,11,10,6,s:40~l:59~t:6,los-angeles-sparks,Los Angeles,Sparks,LA,Los Angeles Sparks,Sparks,552583,fdb927,https://a.espncdn.com/i/teamlogos/wnba/500/la.png,73,14,38,16
401620241,2024,2,2024-05-24,2024-05-24 22:00:00-04:00,6,s:40~l:59~t:6,los-angeles-sparks,Los Angeles,SPARKS,LA,Los Angeles Sparks,Sparks,552583,fdb927,https://a.espncdn.com/i/teamlogos/wnba/500/la.png,home,73,False,18,3,32,42.0,25,59,0,19,86.0,18,21,11,3,5,1,0,21.0,5,24,35,0,19,18,5,s:40~l:59~t:5,indiana-fever,Indiana,Fever,IND,Indiana Fever,Fever,002d62,e03a3e,https://a.espncdn.com/i/teamlogos/wnba/500/ind.png,78,4,36,19
401620246,2024,2,2024-05-25,2024-05-25 22:00:00-04:00,3,s:40~l:59~t:3,dallas-wings,Dallas,WINGS,DAL,Dallas Wings,Wings,002b5c,c4d600,https://a.espncdn.com/guid/34946ff8-281e-c57d-bb76-37fb1ebe3ec6/logos/default.png,away,107,True,23,5,24,52.0,39,75,0,14,90.0,19,21,24,14,10,1,1,50.0,10,20,38,1,19,18,11,s:40~l:59~t:11,phoenix-mercury,Phoenix,Mercury,PHX,Phoenix Mercury,Mercury,3c286e,fa4b0a,https://a.espncdn.com/i/teamlogos/wnba/500/phx.png,92,13,52,20
401620242,2024,2,2024-05-25,2024-05-25 13:00:00-04:00,8,s:40~l:59~t:8,minnesota-lynx,Minnesota,LYNX,MIN,Minnesota Lynx,Lynx,266092,79bc43,https://a.espncdn.com/i/teamlogos/wnba/500/min.png,home,84,True,26,7,27,48.0,32,67,0,16,100.0,6,6,21,8,8,0,1,50.0,14,28,35,1,16,16,9,s:40~l:59~t:9,new-york-liberty,New York,Liberty,NY,New York Liberty,Liberty,86cebc,000000,https://a.espncdn.com/i/teamlogos/wnba/500/ny.png,67,15,32,17
401620242,2024,2,2024-05-25,2024-05-25 13:00:00-04:00,9,s:40~l:59~t:9,new-york-liberty,New York,LIBERTY,NY,New York Liberty,Liberty,86cebc,000000,https://a.espncdn.com/i/teamlogos/wnba/500/ny.png,away,67,False,18,3,21,38.0,26,68,0,11,80.0,8,10,2,9,8,2,0,24.0,7,29,30,0,18,16,8,s:40~l:59~t:8,minnesota-lynx,Minnesota,Lynx,MIN,Minnesota Lynx,Lynx,266092,79bc43,https://a.espncdn.com/i/teamlogos/wnba/500/min.png,84,15,36,25
401620243,2024,2,2024-05-25,2024-05-25 20:00:00-04:00,19,s:40~l:59~t:19,chicago-sky,Chicago,SKY,CHI,Chicago Sky,Sky,5091cd,ffd520,https://a.espncdn.com/i/teamlogos/wnba/500/chi.png,home,82,False,18,3,12,44.0,28,64,0,24,82.0,18,22,10,9,13,2,0,47.0,8,17,21,0,13,11,18,s:40~l:59~t:18,connecticut-sun,Connecticut,Sun,CON,Connecticut Sun,Sun,f05023,0a2240,https://a.espncdn.com/guid/7c72e7ee-5064-b766-2b39-95b57e3d9a08/logos/default.png,86,14,34,14
401620243,2024,2,2024-05-25,2024-05-25 20:00:00-04:00,18,s:40~l:59~t:18,connecticut-sun,Connecticut,SUN,CON,Connecticut Sun,Sun,f05023,0a2240,https://a.espncdn.com/guid/7c72e7ee-5064-b766-2b39-95b57e3d9a08/logos/default.png,away,86,True,17,4,22,49.0,31,63,1,16,86.0,18,21,7,16,5,3,0,35.0,6,17,38,0,20,17,19,s:40~l:59~t:19,chicago-sky,Chicago,Sky,CHI,Chicago Sky,Sky,5091cd,ffd520,https://a.espncdn.com/i/teamlogos/wnba/500/chi.png,82,11,40,23
401620245,2024,2,2024-05-25,2024-05-25 21:00:00-04:00,14,s:40~l:59~t:14,seattle-storm,Seattle,STORM,SEA,Seattle Storm,Storm,2c5235,fee11a,https://a.espncdn.com/i/teamlogos/wnba/500/sea.png,home,101,True,27,6,28,62.0,37,60,0,19,83.0,15,18,32,5,6,1,0,55.0,12,22,33,0,17,16,16,s:40~l:59~t:16,washington-mystics,Washington,Mystics,WSH,Washington Mystics,Mystics,e03a3e,002b5c,https://a.espncdn.com/i/teamlogos/wnba/500/wsh.png,69,10,44,17
401620245,2024,2,2024-05-25,2024-05-25 21:00:00-04:00,16,s:40~l:59~t:16,washington-mystics,Washington,MYSTICS,WSH,Washington Mystics,Mystics,e03a3e,002b5c,https://a.espncdn.com/i/teamlogos/wnba/500/wsh.png,away,69,False,13,0,15,34.0,24,70,0,15,93.0,14,15,3,12,7,1,0,35.0,7,20,27,0,15,14,14,s:40~l:59~t:14,seattle-storm,Seattle,Storm,SEA,Seattle Storm,Storm,2c5235,fee11a,https://a.espncdn.com/i/teamlogos/wnba/500/sea.png,101,5,30,21
401620244,2024,2,2024-05-25,2024-05-25 21:00:00-04:00,17,s:40~l:59~t:17,las-vegas-aces,Las Vegas,ACES,LV,Las Vegas Aces,Aces,a7a8aa,000000,https://a.espncdn.com/i/teamlogos/wnba/500/lv.png,home,99,True,24,4,30,48.0,35,73,0,14,89.0,16,18,23,6,7,0,0,37.0,13,35,36,0,8,8,5,s:40~l:59~t:5,indiana-fever,Indiana,Fever,IND,Indiana Fever,Fever,002d62,e03a3e,https://a.espncdn.com/i/teamlogos/wnba/500/ind.png,80,19,28,6
401620244,2024,2,2024-05-25,2024-05-25 21:00:00-04:00,5,s:40~l:59~t:5,indiana-fever,Indiana,FEVER,IND,Indiana Fever,Fever,002d62,e03a3e,https://a.espncdn.com/i/teamlogos/wnba/500/ind.png,away,80,False,20,3,30,43.0,30,70,0,16,77.0,10,13,6,6,4,1,0,37.0,10,27,36,0,13,12,17,s:40~l:59~t:17,las-vegas-aces,Las Vegas,Aces,LV,Las Vegas Aces,Aces,a7a8aa,000000,https://a.espncdn.com/i/teamlogos/wnba/500/lv.png,99,9,34,10
401620246,2024,2,2024-05-25,2024-05-25 22:00:00-04:00,11,s:40~l:59~t:11,phoenix-mercury,Phoenix,MERCURY,PHX,Phoenix Mercury,Mercury,3c286e,fa4b0a,https://a.espncdn.com/i/teamlogos/wnba/500/phx.png,home,92,False,26,6,17,41.0,31,75,0,15,94.0,16,17,5,8,7,0,2,40.0,14,35,25,2,19,19,3,s:40~l:59~t:3,dallas-wings,Dallas,Wings,DAL,Dallas Wings,Wings,002b5c,c4d600,https://a.espncdn.com/guid/34946ff8-281e-c57d-bb76-37fb1ebe3ec6/logos/default.png,107,12,26,25
401620248,2024,2,2024-05-26,2024-05-26 21:00:00-04:00,3,s:40~l:59~t:3,dallas-wings,Dallas,WINGS,DAL,Dallas Wings,Wings,002b5c,c4d600,https://a.espncdn.com/guid/34946ff8-281e-c57d-bb76-37fb1ebe3ec6/logos/default.png,away,84,True,22,6,28,42.0,32,76,0,17,75.0,18,24,12,16,5,1,0,17.0,2,12,44,0,7,6,6,s:40~l:59~t:6,los-angeles-sparks,Los Angeles,Sparks,LA,Los Angeles Sparks,Sparks,552583,fdb927,https://a.espncdn.com/i/teamlogos/wnba/500/la.png,83,2,46,4
401620248,2024,2,2024-05-26,2024-05-26 21:00:00-04:00,6,s:40~l:59~t:6,los-angeles-sparks,Los Angeles,SPARKS,LA,Los Angeles Sparks,Sparks,552583,fdb927,https://a.espncdn.com/i/teamlogos/wnba/500/la.png,home,83,False,21,4,27,39.0,30,76,0,18,81.0,17,21,4,10,1,0,1,29.0,6,21,37,1,8,8,3,s:40~l:59~t:3,dallas-wings,Dallas,Wings,DAL,Dallas Wings,Wings,002b5c,c4d600,https://a.espncdn.com/guid/34946ff8-281e-c57d-bb76-37fb1ebe3ec6/logos/default.png,84,3,44,13
401620247,2024,2,2024-05-26,2024-05-26 18:00:00-04:00,20,s:40~l:59~t:20,atlanta-dream,Atlanta,DREAM,ATL,Atlanta Dream,Dream,e31837,5091cc,https://a.espncdn.com/i/teamlogos/wnba/500/atl.png,home,79,False,23,1,22,46.0,31,68,0,15,79.0,11,14,5,10,9,1,0,27.0,6,22,32,0,11,10,8,s:40~l:59~t:8,minnesota-lynx,Minnesota,Lynx,MIN,Minnesota Lynx,Lynx,266092,79bc43,https://a.espncdn.com/i/teamlogos/wnba/500/min.png,92,4,30,13
401620247,2024,2,2024-05-26,2024-05-26 18:00:00-04:00,8,s:40~l:59~t:8,minnesota-lynx,Minnesota,LYNX,MIN,Minnesota Lynx,Lynx,266092,79bc43,https://a.espncdn.com/i/teamlogos/wnba/500/min.png,away,92,True,23,4,26,50.0,31,62,0,17,74.0,17,23,18,5,7,0,0,45.0,13,29,31,0,10,10,20,s:40~l:59~t:20,atlanta-dream,Atlanta,Dream,ATL,Atlanta Dream,Dream,e31837,5091cc,https://a.espncdn.com/i/teamlogos/wnba/500/atl.png,79,11,24,14
401620250,2024,2,2024-05-28,2024-05-28 19:00:00-04:00,5,s:40~l:59~t:5,indiana-fever,Indiana,FEVER,IND,Indiana Fever,Fever,002d62,e03a3e,https://a.espncdn.com/i/teamlogos/wnba/500/ind.png,home,82,False,17,6,19,38.0,26,68,0,26,80.0,20,25,7,9,12,0,1,33.0,10,30,28,1,14,14,6,s:40~l:59~t:6,los-angeles-sparks,Los Angeles,Sparks,LA,Los Angeles Sparks,Sparks,552583,fdb927,https://a.espncdn.com/i/teamlogos/wnba/500/la.png,88,11,26,20
401620250,2024,2,2024-05-28,2024-05-28 19:00:00-04:00,6,s:40~l:59~t:6,los-angeles-sparks,Los Angeles,SPARKS,LA,Los Angeles Sparks,Sparks,552583,fdb927,https://a.espncdn.com/i/teamlogos/wnba/500/la.png,away,88,True,17,5,26,47.0,25,53,1,20,73.0,24,33,14,4,9,1,0,61.0,14,23,30,0,20,19,5,s:40~l:59~t:5,indiana-fever,Indiana,Fever,IND,Indiana Fever,Fever,002d62,e03a3e,https://a.espncdn.com/i/teamlogos/wnba/500/ind.png,82,12,22,24
401620249,2024,2,2024-05-28,2024-05-28 19:00:00-04:00,18,s:40~l:59~t:18,connecticut-sun,Connecticut,SUN,CON,Connecticut Sun,Sun,f05023,0a2240,https://a.espncdn.com/guid/7c72e7ee-5064-b766-2b39-95b57e3d9a08/logos/default.png,home,70,True,23,4,27,35.0,27,77,0,17,61.0,11,18,26,11,12,2,0,21.0,5,24,38,0,11,9,11,s:40~l:59~t:11,phoenix-mercury,Phoenix,Mercury,PHX,Phoenix Mercury,Mercury,3c286e,fa4b0a,https://a.espncdn.com/i/teamlogos/wnba/500/phx.png,47,10,36,2
401620249,2024,2,2024-05-28,2024-05-28 19:00:00-04:00,11,s:40~l:59~t:11,phoenix-mercury,Phoenix,MERCURY,PHX,Phoenix Mercury,Mercury,3c286e,fa4b0a,https://a.espncdn.com/i/teamlogos/wnba/500/phx.png,away,47,False,12,9,31,24.0,15,63,0,11,73.0,16,22,4,12,7,0,3,4.0,1,27,43,3,20,20,18,s:40~l:59~t:18,connecticut-sun,Connecticut,Sun,CON,Connecticut Sun,Sun,f05023,0a2240,https://a.espncdn.com/guid/7c72e7ee-5064-b766-2b39-95b57e3d9a08/logos/default.png,70,4,26,12
401620251,2024,2,2024-05-28,2024-05-28 20:00:00-04:00,19,s:40~l:59~t:19,chicago-sky,Chicago,SKY,CHI,Chicago Sky,Sky,5091cd,ffd520,https://a.espncdn.com/i/teamlogos/wnba/500/chi.png,home,68,False,19,0,27,41.0,27,66,0,18,77.0,10,13,4,10,11,1,0,33.0,4,12,37,0,22,21,14,s:40~l:59~t:14,seattle-storm,Seattle,Storm,SEA,Seattle Storm,Storm,2c5235,fee11a,https://a.espncdn.com/i/teamlogos/wnba/500/sea.png,77,16,34,21
401620251,2024,2,2024-05-28,2024-05-28 20:00:00-04:00,14,s:40~l:59~t:14,seattle-storm,Seattle,STORM,SEA,Seattle Storm,Storm,2c5235,fee11a,https://a.espncdn.com/i/teamlogos/wnba/500/sea.png,away,77,True,17,8,26,44.0,28,64,0,15,89.0,16,18,19,6,13,1,0,33.0,5,15,32,0,19,18,19,s:40~l:59~t:19,chicago-sky,Chicago,Sky,CHI,Chicago Sky,Sky,5091cd,ffd520,https://a.espncdn.com/i/teamlogos/wnba/500/chi.png,68,18,40,17
401620254,2024,2,2024-05-29,2024-05-29 20:00:00-04:00,17,s:40~l:59~t:17,las-vegas-aces,Las Vegas,ACES,LV,Las Vegas Aces,Aces,a7a8aa,000000,https://a.espncdn.com/i/teamlogos/wnba/500/lv.png,away,80,True,23,5,30,42.0,30,72,0,12,71.0,10,14,17,11,6,2,1,37.0,10,27,41,1,16,14,8,s:40~l:59~t:8,minnesota-lynx,Minnesota,Lynx,MIN,Minnesota Lynx,Lynx,266092,79bc43,https://a.espncdn.com/i/teamlogos/wnba/500/min.png,66,14,32,24
401620254,2024,2,2024-05-29,2024-05-29 20:00:00-04:00,8,s:40~l:59~t:8,minnesota-lynx,Minnesota,LYNX,MIN,Minnesota Lynx,Lynx,266092,79bc43,https://a.espncdn.com/i/teamlogos/wnba/500/min.png,home,66,False,18,5,28,37.0,24,65,0,16,100.0,10,10,1,8,8,1,0,33.0,8,24,36,0,17,16,17,s:40~l:59~t:17,las-vegas-aces,Las Vegas,Aces,LV,Las Vegas Aces,Aces,a7a8aa,000000,https://a.espncdn.com/i/teamlogos/wnba/500/lv.png,80,15,18,8
401620252,2024,2,2024-05-29,2024-05-29 19:00:00-04:00,11,s:40~l:59~t:11,phoenix-mercury,Phoenix,MERCURY,PHX,Phoenix Mercury,Mercury,3c286e,fa4b0a,https://a.espncdn.com/i/teamlogos/wnba/500/phx.png,away,78,False,18,2,26,43.0,29,68,0,18,77.0,10,13,5,8,6,3,1,33.0,10,30,34,1,13,10,9,s:40~l:59~t:9,new-york-liberty,New York,Liberty,NY,New York Liberty,Liberty,86cebc,000000,https://a.espncdn.com/i/teamlogos/wnba/500/ny.png,81,12,36,19
401620253,2024,2,2024-05-29,2024-05-29 19:00:00-04:00,16,s:40~l:59~t:16,washington-mystics,Washington,MYSTICS,WSH,Washington Mystics,Mystics,e03a3e,002b5c,https://a.espncdn.com/i/teamlogos/wnba/500/wsh.png,home,67,False,21,3,22,36.0,27,74,0,17,100.0,7,7,6,9,6,2,0,22.0,6,27,31,0,15,13,20,s:40~l:59~t:20,atlanta-dream,Atlanta,Dream,ATL,Atlanta Dream,Dream,e31837,5091cc,https://a.espncdn.com/i/teamlogos/wnba/500/atl.png,73,4,34,17
401620253,2024,2,2024-05-29,2024-05-29 19:00:00-04:00,20,s:40~l:59~t:20,atlanta-dream,Atlanta,DREAM,ATL,Atlanta Dream,Dream,e31837,5091cc,https://a.espncdn.com/i/teamlogos/wnba/500/atl.png,away,73,True,19,2,31,42.0,26,62,0,19,71.0,15,21,9,5,9,3,0,29.0,6,21,36,0,20,17,16,s:40~l:59~t:16,washington-mystics,Washington,Mystics,WSH,Washington Mystics,Mystics,e03a3e,002b5c,https://a.espncdn.com/i/teamlogos/wnba/500/wsh.png,67,9,20,16
401620252,2024,2,2024-05-29,2024-05-29 19:00:00-04:00,9,s:40~l:59~t:9,new-york-liberty,New York,LIBERTY,NY,New York Liberty,Liberty,86cebc,000000,https://a.espncdn.com/i/teamlogos/wnba/500/ny.png,home,81,True,19,5,30,41.0,28,68,0,12,89.0,16,18,15,9,7,1,2,28.0,9,32,39,2,11,10,11,s:40~l:59~t:11,phoenix-mercury,Phoenix,Mercury,PHX,Phoenix Mercury,Mercury,3c286e,fa4b0a,https://a.espncdn.com/i/teamlogos/wnba/500/phx.png,78,12,34,16
401620255,2024,2,2024-05-30,2024-05-30 19:00:00-04:00,5,s:40~l:59~t:5,indiana-fever,Indiana,FEVER,IND,Indiana Fever,Fever,002d62,e03a3e,https://a.espncdn.com/i/teamlogos/wnba/500/ind.png,home,88,False,21,4,26,41.0,29,70,0,16,91.0,20,22,2,10,2,2,2,40.0,10,25,36,2,15,13,14,s:40~l:59~t:14,seattle-storm,Seattle,Storm,SEA,Seattle Storm,Storm,2c5235,fee11a,https://a.espncdn.com/i/teamlogos/wnba/500/sea.png,103,12,34,22
401620255,2024,2,2024-05-30,2024-05-30 19:00:00-04:00,14,s:40~l:59~t:14,seattle-storm,Seattle,STORM,SEA,Seattle Storm,Storm,2c5235,fee11a,https://a.espncdn.com/i/teamlogos/wnba/500/sea.png,away,103,True,29,7,28,56.0,42,75,0,22,79.0,11,14,27,4,9,1,1,42.0,8,19,32,1,8,7,5,s:40~l:59~t:5,indiana-fever,Indiana,Fever,IND,Indiana Fever,Fever,002d62,e03a3e,https://a.espncdn.com/i/teamlogos/wnba/500/ind.png,88,17,56,7
401620256,2024,2,2024-05-30,2024-05-30 20:00:00-04:00,19,s:40~l:59~t:19,chicago-sky,Chicago,SKY,CHI,Chicago Sky,Sky,5091cd,ffd520,https://a.espncdn.com/i/teamlogos/wnba/500/chi.png,home,83,True,27,7,22,43.0,32,75,0,26,75.0,12,16,21,13,13,1,0,37.0,7,19,35,0,15,14,6,s:40~l:59~t:6,los-angeles-sparks,Los Angeles,Sparks,LA,Los Angeles Sparks,Sparks,552583,fdb927,https://a.espncdn.com/i/teamlogos/wnba/500/la.png,73,10,40,19
401620256,2024,2,2024-05-30,2024-05-30 20:00:00-04:00,6,s:40~l:59~t:6,los-angeles-sparks,Los Angeles,SPARKS,LA,Los Angeles Sparks,Sparks,552583,fdb927,https://a.espncdn.com/i/teamlogos/wnba/500/la.png,away,73,False,17,2,26,40.0,24,60,0,15,72.0,21,29,2,7,9,1,0,19.0,4,21,33,0,19,18,19,s:40~l:59~t:19,chicago-sky,Chicago,Sky,CHI,Chicago Sky,Sky,5091cd,ffd520,https://a.espncdn.com/i/teamlogos/wnba/500/chi.png,83,4,32,18
401620258,2024,2,2024-05-31,2024-05-31 19:30:00-04:00,3,s:40~l:59~t:3,dallas-wings,Dallas,WINGS,DAL,Dallas Wings,Wings,002b5c,c4d600,https://a.espncdn.com/guid/34946ff8-281e-c57d-bb76-37fb1ebe3ec6/logos/default.png,away,72,False,21,4,23,52.0,32,62,0,22,50.0,2,4,11,7,3,1,0,38.0,6,16,30,0,15,14,18,s:40~l:59~t:18,connecticut-sun,Connecticut,Sun,CON,Connecticut Sun,Sun,f05023,0a2240,https://a.espncdn.com/guid/7c72e7ee-5064-b766-2b39-95b57e3d9a08/logos/default.png,74,13,40,19
401620260,2024,2,2024-05-31,2024-05-31 21:30:00-04:00,11,s:40~l:59~t:11,phoenix-mercury,Phoenix,MERCURY,PHX,Phoenix Mercury,Mercury,3c286e,fa4b0a,https://a.espncdn.com/i/teamlogos/wnba/500/phx.png,away,71,False,16,2,26,39.0,24,62,0,14,78.0,14,18,1,10,6,1,0,32.0,9,28,36,0,17,16,8,s:40~l:59~t:8,minnesota-lynx,Minnesota,Lynx,MIN,Minnesota Lynx,Lynx,266092,79bc43,https://a.espncdn.com/i/teamlogos/wnba/500/min.png,95,2,26,25
401620260,2024,2,2024-05-31,2024-05-31 21:30:00-04:00,8,s:40~l:59~t:8,minnesota-lynx,Minnesota,LYNX,MIN,Minnesota Lynx,Lynx,266092,79bc43,https://a.espncdn.com/i/teamlogos/wnba/500/min.png,home,95,True,29,3,26,49.0,36,73,0,15,75.0,9,12,29,10,6,1,0,40.0,14,35,36,0,7,6,11,s:40~l:59~t:11,phoenix-mercury,Phoenix,Mercury,PHX,Phoenix Mercury,Mercury,3c286e,fa4b0a,https://a.espncdn.com/i/teamlogos/wnba/500/phx.png,71,13,32,8
401620257,2024,2,2024-05-31,2024-05-31 19:30:00-04:00,17,s:40~l:59~t:17,las-vegas-aces,Las Vegas,ACES,LV,Las Vegas Aces,Aces,a7a8aa,000000,https://a.espncdn.com/i/teamlogos/wnba/500/lv.png,away,74,False,18,5,31,36.0,25,69,0,25,90.0,18,20,12,3,6,1,1,29.0,6,21,34,1,12,11,20,s:40~l:59~t:20,atlanta-dream,Atlanta,Dream,ATL,Atlanta Dream,Dream,e31837,5091cc,https://a.espncdn.com/i/teamlogos/wnba/500/atl.png,78,15,30,14
401620257,2024,2,2024-05-31,2024-05-31 19:30:00-04:00,20,s:40~l:59~t:20,atlanta-dream,Atlanta,DREAM,ATL,Atlanta Dream,Dream,e31837,5091cc,https://a.espncdn.com/i/teamlogos/wnba/500/atl.png,home,78,True,17,4,35,36.0,22,61,0,17,90.0,26,29,7,3,5,1,2,50.0,8,16,38,2,12,11,17,s:40~l:59~t:17,las-vegas-aces,Las Vegas,Aces,LV,Las Vegas Aces,Aces,a7a8aa,000000,https://a.espncdn.com/i/teamlogos/wnba/500/lv.png,74,13,20,19
401620258,2024,2,2024-05-31,2024-05-31 19:30:00-04:00,18,s:40~l:59~t:18,connecticut-sun,Connecticut,SUN,CON,Connecticut Sun,Sun,f05023,0a2240,https://a.espncdn.com/guid/7c72e7ee-5064-b766-2b39-95b57e3d9a08/logos/default.png,home,74,True,22,2,19,48.0,29,60,0,12,58.0,14,24,14,9,8,1,0,20.0,2,10,28,0,11,10,3,s:40~l:59~t:3,dallas-wings,Dallas,Wings,DAL,Dallas Wings,Wings,002b5c,c4d600,https://a.espncdn.com/guid/34946ff8-281e-c57d-bb76-37fb1ebe3ec6/logos/default.png,72,10,42,19
401620259,2024,2,2024-05-31,2024-05-31 19:30:00-04:00,16,s:40~l:59~t:16,washington-mystics,Washington,MYSTICS,WSH,Washington Mystics,Mystics,e03a3e,002b5c,https://a.espncdn.com/i/teamlogos/wnba/500/wsh.png,away,79,False,22,1,27,47.0,28,60,0,27,73.0,16,22,1,3,7,4,0,39.0,7,18,30,0,18,14,9,s:40~l:59~t:9,new-york-liberty,New York,Liberty,NY,New York Liberty,Liberty,86cebc,000000,https://a.espncdn.com/i/teamlogos/wnba/500/ny.png,90,13,40,19
401620259,2024,2,2024-05-31,2024-05-31 19:30:00-04:00,9,s:40~l:59~t:9,new-york-liberty,New York,LIBERTY,NY,New York Liberty,Liberty,86cebc,000000,https://a.espncdn.com/i/teamlogos/wnba/500/ny.png,home,90,True,18,1,26,44.0,28,63,0,23,74.0,23,31,17,8,9,1,0,34.0,11,32,34,0,15,14,16,s:40~l:59~t:16,washington-mystics,Washington,Mystics,WSH,Washington Mystics,Mystics,e03a3e,002b5c,https://a.espncdn.com/i/teamlogos/wnba/500/wsh.png,79,15,26,13
401620261,2024,2,2024-06-01,2024-06-01 12:00:00-04:00,5,s:40~l:59~t:5,indiana-fever,Indiana,FEVER,IND,Indiana Fever,Fever,002d62,e03a3e,https://a.espncdn.com/i/teamlogos/wnba/500/ind.png,home,71,True,19,5,24,39.0,27,69,0,18,69.0,11,16,9,9,6,2,0,24.0,6,25,33,0,13,11,19,s:40~l:59~t:19,chicago-sky,Chicago,Sky,CHI,Chicago Sky,Sky,5091cd,ffd520,https://a.espncdn.com/i/teamlogos/wnba/500/chi.png,70,11,38,17
401620261,2024,2,2024-06-01,2024-06-01 12:00:00-04:00,19,s:40~l:59~t:19,chicago-sky,Chicago,SKY,CHI,Chicago Sky,Sky,5091cd,ffd520,https://a.espncdn.com/i/teamlogos/wnba/500/chi.png,away,70,False,15,1,31,41.0,28,69,1,17,67.0,12,18,5,12,7,1,0,17.0,2,12,43,0,16,15,5,s:40~l:59~t:5,indiana-fever,Indiana,Fever,IND,Indiana Fever,Fever,002d62,e03a3e,https://a.espncdn.com/i/teamlogos/wnba/500/ind.png,71,11,34,14
401620264,2024,2,2024-06-02,2024-06-02 19:00:00-04:00,8,s:40~l:59~t:8,minnesota-lynx,Minnesota,LYNX,MIN,Minnesota Lynx,Lynx,266092,79bc43,https://a.espncdn.com/i/teamlogos/wnba/500/min.png,home,87,True,23,6,17,45.0,32,71,1,17,88.0,15,17,18,10,15,0,1,42.0,8,19,27,1,15,15,3,s:40~l:59~t:3,dallas-wings,Dallas,Wings,DAL,Dallas Wings,Wings,002b5c,c4d600,https://a.espncdn.com/guid/34946ff8-281e-c57d-bb76-37fb1ebe3ec6/logos/default.png,76,10,38,16
401620264,2024,2,2024-06-02,2024-06-02 19:00:00-04:00,3,s:40~l:59~t:3,dallas-wings,Dallas,WINGS,DAL,Dallas Wings,Wings,002b5c,c4d600,https://a.espncdn.com/guid/34946ff8-281e-c57d-bb76-37fb1ebe3ec6/logos/default.png,away,76,False,20,3,26,46.0,30,65,0,14,86.0,12,14,9,8,12,3,2,36.0,4,11,34,2,28,25,8,s:40~l:59~t:8,minnesota-lynx,Minnesota,Lynx,MIN,Minnesota Lynx,Lynx,266092,79bc43,https://a.espncdn.com/i/teamlogos/wnba/500/min.png,87,8,48,30
401620263,2024,2,2024-06-02,2024-06-02 19:00:00-04:00,5,s:40~l:59~t:5,indiana-fever,Indiana,FEVER,IND,Indiana Fever,Fever,002d62,e03a3e,https://a.espncdn.com/i/teamlogos/wnba/500/ind.png,away,68,False,18,1,19,37.0,27,73,0,17,64.0,7,11,0,9,6,1,2,25.0,7,28,28,2,13,12,9,s:40~l:59~t:9,new-york-liberty,New York,Liberty,NY,New York Liberty,Liberty,86cebc,000000,https://a.espncdn.com/i/teamlogos/wnba/500/ny.png,104,13,32,13
401620263,2024,2,2024-06-02,2024-06-02 19:00:00-04:00,9,s:40~l:59~t:9,new-york-liberty,New York,LIBERTY,NY,New York Liberty,Liberty,86cebc,000000,https://a.espncdn.com/i/teamlogos/wnba/500/ny.png,home,104,True,30,6,33,58.0,38,66,0,15,85.0,17,20,36,6,9,0,1,44.0,11,25,39,1,13,13,5,s:40~l:59~t:5,indiana-fever,Indiana,Fever,IND,Indiana Fever,Fever,002d62,e03a3e,https://a.espncdn.com/i/teamlogos/wnba/500/ind.png,68,15,44,14
401620265,2024,2,2024-06-02,2024-06-02 18:00:00-04:00,6,s:40~l:59~t:6,los-angeles-sparks,Los Angeles,SPARKS,LA,Los Angeles Sparks,Sparks,552583,fdb927,https://a.espncdn.com/i/teamlogos/wnba/500/la.png,away,68,False,18,2,24,40.0,24,60,1,23,73.0,11,15,1,6,5,2,0,39.0,9,23,30,0,20,18,11,s:40~l:59~t:11,phoenix-mercury,Phoenix,Mercury,PHX,Phoenix Mercury,Mercury,3c286e,fa4b0a,https://a.espncdn.com/i/teamlogos/wnba/500/phx.png,87,7,22,17
401620262,2024,2,2024-06-02,2024-06-02 15:00:00-04:00,18,s:40~l:59~t:18,connecticut-sun,Connecticut,SUN,CON,Connecticut Sun,Sun,f05023,0a2240,https://a.espncdn.com/guid/7c72e7ee-5064-b766-2b39-95b57e3d9a08/logos/default.png,away,69,True,22,3,38,42.0,28,66,0,17,54.0,7,13,22,7,4,1,0,33.0,6,18,45,0,16,15,20,s:40~l:59~t:20,atlanta-dream,Atlanta,Dream,ATL,Atlanta Dream,Dream,e31837,5091cc,https://a.espncdn.com/i/teamlogos/wnba/500/atl.png,50,1,36,13
401620262,2024,2,2024-06-02,2024-06-02 15:00:00-04:00,20,s:40~l:59~t:20,atlanta-dream,Atlanta,DREAM,ATL,Atlanta Dream,Dream,e31837,5091cc,https://a.espncdn.com/i/teamlogos/wnba/500/atl.png,home,50,False,10,6,25,28.0,19,67,0,16,75.0,9,12,4,8,10,1,0,19.0,3,16,33,0,13,12,18,s:40~l:59~t:18,connecticut-sun,Connecticut,Sun,CON,Connecticut Sun,Sun,f05023,0a2240,https://a.espncdn.com/guid/7c72e7ee-5064-b766-2b39-95b57e3d9a08/logos/default.png,69,7,26,7
401620265,2024,2,2024-06-02,2024-06-02 18:00:00-04:00,11,s:40~l:59~t:11,phoenix-mercury,Phoenix,MERCURY,PHX,Phoenix Mercury,Mercury,3c286e,fa4b0a,https://a.espncdn.com/i/teamlogos/wnba/500/phx.png,home,87,True,20,5,26,42.0,28,66,0,18,85.0,17,20,24,7,11,0,2,48.0,14,29,33,2,14,14,6,s:40~l:59~t:6,los-angeles-sparks,Los Angeles,Sparks,LA,Los Angeles Sparks,Sparks,552583,fdb927,https://a.espncdn.com/i/teamlogos/wnba/500/la.png,68,5,20,13
401620268,2024,2,2024-06-04,2024-06-04 22:00:00-04:00,14,s:40~l:59~t:14,seattle-storm,Seattle,STORM,SEA,Seattle Storm,Storm,2c5235,fee11a,https://a.espncdn.com/i/teamlogos/wnba/500/sea.png,home,80,True,20,4,34,41.0,28,69,0,15,76.0,16,21,22,8,10,1,0,35.0,8,23,42,0,15,14,11,s:40~l:59~t:11,phoenix-mercury,Phoenix,Mercury,PHX,Phoenix Mercury,Mercury,3c286e,fa4b0a,https://a.espncdn.com/i/teamlogos/wnba/500/phx.png,62,11,38,12
401620267,2024,2,2024-06-04,2024-06-04 20:00:00-04:00,9,s:40~l:59~t:9,new-york-liberty,New York,LIBERTY,NY,New York Liberty,Liberty,86cebc,000000,https://a.espncdn.com/i/teamlogos/wnba/500/ny.png,away,88,True,24,4,32,44.0,34,78,0,22,83.0,10,12,17,10,7,1,1,31.0,10,32,42,1,11,10,19,s:40~l:59~t:19,chicago-sky,Chicago,Sky,CHI,Chicago Sky,Sky,5091cd,ffd520,https://a.espncdn.com/i/teamlogos/wnba/500/chi.png,75,11,42,8
401620267,2024,2,2024-06-04,2024-06-04 20:00:00-04:00,19,s:40~l:59~t:19,chicago-sky,Chicago,SKY,CHI,Chicago Sky,Sky,5091cd,ffd520,https://a.espncdn.com/i/teamlogos/wnba/500/chi.png,home,75,False,15,4,30,32.0,24,74,0,17,89.0,25,28,3,12,5,0,3,29.0,2,7,42,3,10,10,9,s:40~l:59~t:9,new-york-liberty,New York,Liberty,NY,New York Liberty,Liberty,86cebc,000000,https://a.espncdn.com/i/teamlogos/wnba/500/ny.png,88,15,38,17
401620268,2024,2,2024-06-04,2024-06-04 22:00:00-04:00,11,s:40~l:59~t:11,phoenix-mercury,Phoenix,MERCURY,PHX,Phoenix Mercury,Mercury,3c286e,fa4b0a,https://a.espncdn.com/i/teamlogos/wnba/500/phx.png,away,62,False,13,4,30,34.0,23,68,0,15,71.0,12,17,2,3,7,4,2,17.0,4,23,33,2,17,13,14,s:40~l:59~t:14,seattle-storm,Seattle,Storm,SEA,Seattle Storm,Storm,2c5235,fee11a,https://a.espncdn.com/i/teamlogos/wnba/500/sea.png,80,15,32,12
401620266,2024,2,2024-06-04,2024-06-04 19:00:00-04:00,18,s:40~l:59~t:18,connecticut-sun,Connecticut,SUN,CON,Connecticut Sun,Sun,f05023,0a2240,https://a.espncdn.com/guid/7c72e7ee-5064-b766-2b39-95b57e3d9a08/logos/default.png,home,76,True,22,4,25,47.0,27,57,0,15,59.0,16,27,19,6,7,3,1,40.0,6,15,31,1,15,12,16,s:40~l:59~t:16,washington-mystics,Washington,Mystics,WSH,Washington Mystics,Mystics,e03a3e,002b5c,https://a.espncdn.com/i/teamlogos/wnba/500/wsh.png,59,9,28,13
401620266,2024,2,2024-06-04,2024-06-04 19:00:00-04:00,16,s:40~l:59~t:16,washington-mystics,Washington,MYSTICS,WSH,Washington Mystics,Mystics,e03a3e,002b5c,https://a.espncdn.com/i/teamlogos/wnba/500/wsh.png,away,59,False,13,3,24,31.0,20,64,0,21,87.0,13,15,2,13,4,1,1,21.0,6,29,37,1,17,16,18,s:40~l:59~t:18,connecticut-sun,Connecticut,Sun,CON,Connecticut Sun,Sun,f05023,0a2240,https://a.espncdn.com/guid/7c72e7ee-5064-b766-2b39-95b57e3d9a08/logos/default.png,76,2,26,24
401620269,2024,2,2024-06-05,2024-06-05 20:00:00-04:00,3,s:40~l:59~t:3,dallas-wings,Dallas,WINGS,DAL,Dallas Wings,Wings,002b5c,c4d600,https://a.espncdn.com/guid/34946ff8-281e-c57d-bb76-37fb1ebe3ec6/logos/default.png,home,81,False,18,4,26,38.0,28,74,0,20,91.0,20,22,0,14,5,1,0,20.0,5,25,40,0,14,13,17,s:40~l:59~t:17,las-vegas-aces,Las Vegas,Aces,LV,Las Vegas Aces,Aces,a7a8aa,000000,https://a.espncdn.com/i/teamlogos/wnba/500/lv.png,95,11,34,18
401620269,2024,2,2024-06-05,2024-06-05 20:00:00-04:00,17,s:40~l:59~t:17,las-vegas-aces,Las Vegas,ACES,LV,Las Vegas Aces,Aces,a7a8aa,000000,https://a.espncdn.com/i/teamlogos/wnba/500/lv.png,away,95,True,20,5,25,49.0,34,70,0,18,90.0,18,20,20,8,10,2,2,32.0,9,28,33,2,14,12,3,s:40~l:59~t:3,dallas-wings,Dallas,Wings,DAL,Dallas Wings,Wings,002b5c,c4d600,https://a.espncdn.com/guid/34946ff8-281e-c57d-bb76-37fb1ebe3ec6/logos/default.png,81,9,44,16
401620270,2024,2,2024-06-05,2024-06-05 22:00:00-04:00,6,s:40~l:59~t:6,los-angeles-sparks,Los Angeles,SPARKS,LA,Los Angeles Sparks,Sparks,552583,fdb927,https://a.espncdn.com/i/teamlogos/wnba/500/la.png,home,62,False,15,3,27,26.0,20,77,0,20,100.0,18,18,0,17,6,0,1,14.0,4,28,44,1,16,16,8,s:40~l:59~t:8,minnesota-lynx,Minnesota,Lynx,MIN,Minnesota Lynx,Lynx,266092,79bc43,https://a.espncdn.com/i/teamlogos/wnba/500/min.png,86,2,32,18
401620270,2024,2,2024-06-05,2024-06-05 22:00:00-04:00,8,s:40~l:59~t:8,minnesota-lynx,Minnesota,LYNX,MIN,Minnesota Lynx,Lynx,266092,79bc43,https://a.espncdn.com/i/teamlogos/wnba/500/min.png,away,86,True,25,5,32,49.0,32,65,1,18,81.0,13,16,28,5,8,0,0,39.0,9,23,37,0,14,14,6,s:40~l:59~t:6,los-angeles-sparks,Los Angeles,Sparks,LA,Los Angeles Sparks,Sparks,552583,fdb927,https://a.espncdn.com/i/teamlogos/wnba/500/la.png,62,15,30,9
401620271,2024,2,2024-06-06,2024-06-06 19:00:00-04:00,16,s:40~l:59~t:16,washington-mystics,Washington,MYSTICS,WSH,Washington Mystics,Mystics,e03a3e,002b5c,https://a.espncdn.com/i/teamlogos/wnba/500/wsh.png,home,71,False,20,7,29,42.0,27,64,0,24,65.0,13,20,13,7,7,0,1,24.0,4,17,36,1,24,24,19,s:40~l:59~t:19,chicago-sky,Chicago,Sky,CHI,Chicago Sky,Sky,5091cd,ffd520,https://a.espncdn.com/i/teamlogos/wnba/500/chi.png,79,2,38,20
401620271,2024,2,2024-06-06,2024-06-06 19:00:00-04:00,19,s:40~l:59~t:19,chicago-sky,Chicago,SKY,CHI,Chicago Sky,Sky,5091cd,ffd520,https://a.espncdn.com/i/teamlogos/wnba/500/chi.png,away,79,True,18,1,27,38.0,30,79,0,21,82.0,18,22,9,13,14,0,0,7.0,1,14,40,0,13,13,16,s:40~l:59~t:16,washington-mystics,Washington,Mystics,WSH,Washington Mystics,Mystics,e03a3e,002b5c,https://a.espncdn.com/i/teamlogos/wnba/500/wsh.png,71,9,48,18
401620272,2024,2,2024-06-06,2024-06-06 19:30:00-04:00,20,s:40~l:59~t:20,atlanta-dream,Atlanta,DREAM,ATL,Atlanta Dream,Dream,e31837,5091cc,https://a.espncdn.com/i/teamlogos/wnba/500/atl.png,home,61,False,15,4,27,34.0,22,64,0,16,82.0,14,17,6,7,8,2,0,14.0,3,21,34,0,14,12,9,s:40~l:59~t:9,new-york-liberty,New York,Liberty,NY,New York Liberty,Liberty,86cebc,000000,https://a.espncdn.com/i/teamlogos/wnba/500/ny.png,78,6,22,14
401620272,2024,2,2024-06-06,2024-06-06 19:30:00-04:00,9,s:40~l:59~t:9,new-york-liberty,New York,LIBERTY,NY,New York Liberty,Liberty,86cebc,000000,https://a.espncdn.com/i/teamlogos/wnba/500/ny.png,away,78,True,24,4,33,39.0,29,74,0,15,85.0,11,13,17,11,6,1,1,29.0,9,31,44,1,14,13,20,s:40~l:59~t:20,atlanta-dream,Atlanta,Dream,ATL,Atlanta Dream,Dream,e31837,5091cc,https://a.espncdn.com/i/teamlogos/wnba/500/atl.png,61,17,40,4
401620273,2024,2,2024-06-07,2024-06-07 19:30:00-04:00,5,s:40~l:59~t:5,indiana-fever,Indiana,FEVER,IND,Indiana Fever,Fever,002d62,e03a3e,https://a.espncdn.com/i/teamlogos/wnba/500/ind.png,away,85,True,21,2,25,45.0,28,62,0,21,76.0,13,17,12,5,9,0,0,46.0,16,35,30,0,15,15,16,s:40~l:59~t:16,washington-mystics,Washington,Mystics,WSH,Washington Mystics,Mystics,e03a3e,002b5c,https://a.espncdn.com/i/teamlogos/wnba/500/wsh.png,83,16,24,20
401620274,2024,2,2024-06-07,2024-06-07 22:00:00-04:00,14,s:40~l:59~t:14,seattle-storm,Seattle,STORM,SEA,Seattle Storm,Storm,2c5235,fee11a,https://a.espncdn.com/i/teamlogos/wnba/500/sea.png,away,78,True,19,6,37,36.0,26,72,0,16,91.0,20,22,14,6,7,1,0,30.0,6,20,43,0,13,12,17,s:40~l:59~t:17,las-vegas-aces,Las Vegas,Aces,LV,Las Vegas Aces,Aces,a7a8aa,000000,https://a.espncdn.com/i/teamlogos/wnba/500/lv.png,65,4,30,16
401620274,2024,2,2024-06-07,2024-06-07 22:00:00-04:00,17,s:40~l:59~t:17,las-vegas-aces,Las Vegas,ACES,LV,Las Vegas Aces,Aces,a7a8aa,000000,https://a.espncdn.com/i/teamlogos/wnba/500/lv.png,home,65,False,13,10,33,31.0,21,67,0,18,84.0,16,19,3,3,7,0,0,27.0,7,26,36,0,14,14,14,s:40~l:59~t:14,seattle-storm,Seattle,Storm,SEA,Seattle Storm,Storm,2c5235,fee11a,https://a.espncdn.com/i/teamlogos/wnba/500/sea.png,78,13,20,9
401620276,2024,2,2024-06-07,2024-06-07 22:00:00-04:00,11,s:40~l:59~t:11,phoenix-mercury,Phoenix,MERCURY,PHX,Phoenix Mercury,Mercury,3c286e,fa4b0a,https://a.espncdn.com/i/teamlogos/wnba/500/phx.png,home,81,True,18,7,29,41.0,29,70,0,13,78.0,14,18,9,10,6,0,1,35.0,9,26,39,1,14,14,8,s:40~l:59~t:8,minnesota-lynx,Minnesota,Lynx,MIN,Minnesota Lynx,Lynx,266092,79bc43,https://a.espncdn.com/i/teamlogos/wnba/500/min.png,80,10,34,13
401620275,2024,2,2024-06-07,2024-06-07 22:00:00-04:00,6,s:40~l:59~t:6,los-angeles-sparks,Los Angeles,SPARKS,LA,Los Angeles Sparks,Sparks,552583,fdb927,https://a.espncdn.com/i/teamlogos/wnba/500/la.png,home,81,True,23,4,28,47.0,33,70,0,20,67.0,10,15,9,8,9,0,0,25.0,5,20,36,0,14,14,3,s:40~l:59~t:3,dallas-wings,Dallas,Wings,DAL,Dallas Wings,Wings,002b5c,c4d600,https://a.espncdn.com/guid/34946ff8-281e-c57d-bb76-37fb1ebe3ec6/logos/default.png,72,14,52,14
401620273,2024,2,2024-06-07,2024-06-07 19:30:00-04:00,16,s:40~l:59~t:16,washington-mystics,Washington,MYSTICS,WSH,Washington Mystics,Mystics,e03a3e,002b5c,https://a.espncdn.com/i/teamlogos/wnba/500/wsh.png,home,83,False,22,1,29,43.0,31,72,0,16,62.0,8,13,3,9,9,0,1,38.0,13,34,38,1,15,15,5,s:40~l:59~t:5,indiana-fever,Indiana,Fever,IND,Indiana Fever,Fever,002d62,e03a3e,https://a.espncdn.com/i/teamlogos/wnba/500/ind.png,85,3,30,19
401620276,2024,2,2024-06-07,2024-06-07 22:00:00-04:00,8,s:40~l:59~t:8,minnesota-lynx,Minnesota,LYNX,MIN,Minnesota Lynx,Lynx,266092,79bc43,https://a.espncdn.com/i/teamlogos/wnba/500/min.png,away,80,False,24,5,29,39.0,28,72,0,20,82.0,9,11,9,7,5,1,0,44.0,15,34,36,0,14,13,11,s:40~l:59~t:11,phoenix-mercury,Phoenix,Mercury,PHX,Phoenix Mercury,Mercury,3c286e,fa4b0a,https://a.espncdn.com/i/teamlogos/wnba/500/phx.png,81,21,18,12
401620275,2024,2,2024-06-07,2024-06-07 22:00:00-04:00,3,s:40~l:59~t:3,dallas-wings,Dallas,WINGS,DAL,Dallas Wings,Wings,002b5c,c4d600,https://a.espncdn.com/guid/34946ff8-281e-c57d-bb76-37fb1ebe3ec6/logos/default.png,away,72,False,14,5,26,40.0,29,73,0,16,92.0,12,13,8,9,7,0,0,12.0,2,17,35,0,14,14,6,s:40~l:59~t:6,los-angeles-sparks,Los Angeles,Sparks,LA,Los Angeles Sparks,Sparks,552583,fdb927,https://a.espncdn.com/i/teamlogos/wnba/500/la.png,81,10,34,17
401620277,2024,2,2024-06-08,2024-06-08 13:00:00-04:00,18,s:40~l:59~t:18,connecticut-sun,Connecticut,SUN,CON,Connecticut Sun,Sun,f05023,0a2240,https://a.espncdn.com/guid/7c72e7ee-5064-b766-2b39-95b57e3d9a08/logos/default.png,home,75,False,17,2,24,41.0,29,71,0,14,76.0,13,17,7,11,3,0,0,25.0,4,16,35,0,13,13,9,s:40~l:59~t:9,new-york-liberty,New York,Liberty,NY,New York Liberty,Liberty,86cebc,000000,https://a.espncdn.com/i/teamlogos/wnba/500/ny.png,82,9,44,12
401620277,2024,2,2024-06-08,2024-06-08 13:00:00-04:00,9,s:40~l:59~t:9,new-york-liberty,New York,LIBERTY,NY,New York Liberty,Liberty,86cebc,000000,https://a.espncdn.com/i/teamlogos/wnba/500/ny.png,away,82,True,27,5,28,52.0,31,60,0,18,85.0,11,13,12,0,8,1,0,36.0,9,25,28,0,12,11,18,s:40~l:59~t:18,connecticut-sun,Connecticut,Sun,CON,Connecticut Sun,Sun,f05023,0a2240,https://a.espncdn.com/guid/7c72e7ee-5064-b766-2b39-95b57e3d9a08/logos/default.png,75,9,38,13
401620278,2024,2,2024-06-08,2024-06-08 17:00:00-04:00,19,s:40~l:59~t:19,chicago-sky,Chicago,SKY,CHI,Chicago Sky,Sky,5091cd,ffd520,https://a.espncdn.com/i/teamlogos/wnba/500/chi.png,home,80,False,17,2,22,48.0,29,60,0,21,90.0,19,21,2,7,8,1,0,27.0,3,11,29,0,21,20,20,s:40~l:59~t:20,atlanta-dream,Atlanta,Dream,ATL,Atlanta Dream,Dream,e31837,5091cc,https://a.espncdn.com/i/teamlogos/wnba/500/atl.png,89,6,36,26
401620278,2024,2,2024-06-08,2024-06-08 17:00:00-04:00,20,s:40~l:59~t:20,atlanta-dream,Atlanta,DREAM,ATL,Atlanta Dream,Dream,e31837,5091cc,https://a.espncdn.com/i/teamlogos/wnba/500/atl.png,away,89,True,22,4,20,46.0,31,68,0,20,91.0,21,23,18,11,14,1,0,38.0,6,16,31,0,14,13,19,s:40~l:59~t:19,chicago-sky,Chicago,Sky,CHI,Chicago Sky,Sky,5091cd,ffd520,https://a.espncdn.com/i/teamlogos/wnba/500/chi.png,80,7,36,12
401620282,2024,2,2024-06-09,2024-06-09 21:00:00-04:00,17,s:40~l:59~t:17,las-vegas-aces,Las Vegas,ACES,LV,Las Vegas Aces,Aces,a7a8aa,000000,https://a.espncdn.com/i/teamlogos/wnba/500/lv.png,away,92,False,17,6,19,44.0,30,68,0,16,88.0,21,24,15,4,7,0,4,42.0,11,26,23,4,6,6,6,s:40~l:59~t:6,los-angeles-sparks,Los Angeles,Sparks,LA,Los Angeles Sparks,Sparks,552583,fdb927,https://a.espncdn.com/i/teamlogos/wnba/500/la.png,96,7,34,7
401620282,2024,2,2024-06-09,2024-06-09 21:00:00-04:00,6,s:40~l:59~t:6,los-angeles-sparks,Los Angeles,SPARKS,LA,Los Angeles Sparks,Sparks,552583,fdb927,https://a.espncdn.com/i/teamlogos/wnba/500/la.png,home,96,True,21,6,28,49.0,32,65,0,24,85.0,22,26,10,8,3,2,0,40.0,10,25,36,0,17,15,17,s:40~l:59~t:17,las-vegas-aces,Las Vegas,Aces,LV,Las Vegas Aces,Aces,a7a8aa,000000,https://a.espncdn.com/i/teamlogos/wnba/500/lv.png,92,8,38,18
401620281,2024,2,2024-06-09,2024-06-09 19:00:00-04:00,14,s:40~l:59~t:14,seattle-storm,Seattle,STORM,SEA,Seattle Storm,Storm,2c5235,fee11a,https://a.espncdn.com/i/teamlogos/wnba/500/sea.png,away,64,False,12,9,20,35.0,26,75,0,17,62.0,8,13,10,14,9,1,2,18.0,4,22,34,2,14,13,8,s:40~l:59~t:8,minnesota-lynx,Minnesota,Lynx,MIN,Minnesota Lynx,Lynx,266092,79bc43,https://a.espncdn.com/i/teamlogos/wnba/500/min.png,83,13,30,10
401620280,2024,2,2024-06-09,2024-06-09 16:00:00-04:00,11,s:40~l:59~t:11,phoenix-mercury,Phoenix,MERCURY,PHX,Phoenix Mercury,Mercury,3c286e,fa4b0a,https://a.espncdn.com/i/teamlogos/wnba/500/phx.png,away,97,True,25,5,20,46.0,37,80,0,19,74.0,14,19,9,9,9,2,0,27.0,9,33,29,0,22,20,3,s:40~l:59~t:3,dallas-wings,Dallas,Wings,DAL,Dallas Wings,Wings,002b5c,c4d600,https://a.espncdn.com/guid/34946ff8-281e-c57d-bb76-37fb1ebe3ec6/logos/default.png,90,12,42,24
401620280,2024,2,2024-06-09,2024-06-09 16:00:00-04:00,3,s:40~l:59~t:3,dallas-wings,Dallas,WINGS,DAL,Dallas Wings,Wings,002b5c,c4d600,https://a.espncdn.com/guid/34946ff8-281e-c57d-bb76-37fb1ebe3ec6/logos/default.png,home,90,False,25,3,27,47.0,37,78,1,21,71.0,10,14,8,9,9,2,1,26.0,6,23,36,1,23,21,11,s:40~l:59~t:11,phoenix-mercury,Phoenix,Mercury,PHX,Phoenix Mercury,Mercury,3c286e,fa4b0a,https://a.espncdn.com/i/teamlogos/wnba/500/phx.png,97,11,46,32
401620279,2024,2,2024-06-09,2024-06-09 15:00:00-04:00,16,s:40~l:59~t:16,washington-mystics,Washington,MYSTICS,WSH,Washington Mystics,Mystics,e03a3e,002b5c,https://a.espncdn.com/i/teamlogos/wnba/500/wsh.png,away,88,False,26,2,18,49.0,33,67,0,19,83.0,10,12,5,4,7,0,1,43.0,12,28,22,1,12,12,9,s:40~l:59~t:9,new-york-liberty,New York,Liberty,NY,New York Liberty,Liberty,86cebc,000000,https://a.espncdn.com/i/teamlogos/wnba/500/ny.png,93,10,38,9
401620279,2024,2,2024-06-09,2024-06-09 15:00:00-04:00,9,s:40~l:59~t:9,new-york-liberty,New York,LIBERTY,NY,New York Liberty,Liberty,86cebc,000000,https://a.espncdn.com/i/teamlogos/wnba/500/ny.png,home,93,True,24,3,27,48.0,31,65,0,17,95.0,19,20,7,13,7,0,0,44.0,12,27,40,0,21,21,16,s:40~l:59~t:16,washington-mystics,Washington,Mystics,WSH,Washington Mystics,Mystics,e03a3e,002b5c,https://a.espncdn.com/i/teamlogos/wnba/500/wsh.png,88,9,34,23
401620281,2024,2,2024-06-09,2024-06-09 19:00:00-04:00,8,s:40~l:59~t:8,minnesota-lynx,Minnesota,LYNX,MIN,Minnesota Lynx,Lynx,266092,79bc43,https://a.espncdn.com/i/teamlogos/wnba/500/min.png,home,83,True,25,7,30,45.0,27,60,0,18,81.0,17,21,19,6,6,2,0,55.0,12,22,36,0,18,16,14,s:40~l:59~t:14,seattle-storm,Seattle,Storm,SEA,Seattle Storm,Storm,2c5235,fee11a,https://a.espncdn.com/i/teamlogos/wnba/500/sea.png,64,10,26,12
401620283,2024,2,2024-06-10,2024-06-10 19:00:00-04:00,18,s:40~l:59~t:18,connecticut-sun,Connecticut,SUN,CON,Connecticut Sun,Sun,f05023,0a2240,https://a.espncdn.com/guid/7c72e7ee-5064-b766-2b39-95b57e3d9a08/logos/default.png,home,89,True,22,3,29,46.0,30,65,0,19,88.0,21,24,28,12,9,2,0,47.0,8,17,41,0,12,10,5,s:40~l:59~t:5,indiana-fever,Indiana,Fever,IND,Indiana Fever,Fever,002d62,e03a3e,https://a.espncdn.com/i/teamlogos/wnba/500/ind.png,72,15,36,8
401620283,2024,2,2024-06-10,2024-06-10 19:00:00-04:00,5,s:40~l:59~t:5,indiana-fever,Indiana,FEVER,IND,Indiana Fever,Fever,002d62,e03a3e,https://a.espncdn.com/i/teamlogos/wnba/500/ind.png,away,72,False,19,3,19,40.0,25,62,0,18,68.0,13,19,3,7,5,0,0,38.0,9,24,26,0,11,11,18,s:40~l:59~t:18,connecticut-sun,Connecticut,Sun,CON,Connecticut Sun,Sun,f05023,0a2240,https://a.espncdn.com/guid/7c72e7ee-5064-b766-2b39-95b57e3d9a08/logos/default.png,89,9,28,18
401620285,2024,2,2024-06-11,2024-06-11 22:00:00-04:00,8,s:40~l:59~t:8,minnesota-lynx,Minnesota,LYNX,MIN,Minnesota Lynx,Lynx,266092,79bc43,https://a.espncdn.com/i/teamlogos/wnba/500/min.png,away,100,True,34,4,24,55.0,37,67,0,20,65.0,11,17,20,4,9,0,1,56.0,15,27,28,1,9,9,17,s:40~l:59~t:17,las-vegas-aces,Las Vegas,Aces,LV,Las Vegas Aces,Aces,a7a8aa,000000,https://a.espncdn.com/i/teamlogos/wnba/500/lv.png,86,6,28,11
401620285,2024,2,2024-06-11,2024-06-11 22:00:00-04:00,17,s:40~l:59~t:17,las-vegas-aces,Las Vegas,ACES,LV,Las Vegas Aces,Aces,a7a8aa,000000,https://a.espncdn.com/i/teamlogos/wnba/500/lv.png,home,86,False,19,1,30,45.0,28,62,0,19,77.0,20,26,8,5,4,1,1,32.0,10,31,35,1,14,13,8,s:40~l:59~t:8,minnesota-lynx,Minnesota,Lynx,MIN,Minnesota Lynx,Lynx,266092,79bc43,https://a.espncdn.com/i/teamlogos/wnba/500/min.png,100,9,34,21
401620286,2024,2,2024-06-11,2024-06-11 22:00:00-04:00,6,s:40~l:59~t:6,los-angeles-sparks,Los Angeles,SPARKS,LA,Los Angeles Sparks,Sparks,552583,fdb927,https://a.espncdn.com/i/teamlogos/wnba/500/la.png,away,79,False,19,6,23,39.0,27,69,0,15,79.0,19,24,0,10,6,1,0,30.0,6,20,33,0,12,11,14,s:40~l:59~t:14,seattle-storm,Seattle,Storm,SEA,Seattle Storm,Storm,2c5235,fee11a,https://a.espncdn.com/i/teamlogos/wnba/500/sea.png,95,6,42,12
401620286,2024,2,2024-06-11,2024-06-11 22:00:00-04:00,14,s:40~l:59~t:14,seattle-storm,Seattle,STORM,SEA,Seattle Storm,Storm,2c5235,fee11a,https://a.espncdn.com/i/teamlogos/wnba/500/sea.png,home,95,True,20,10,32,47.0,37,79,0,22,72.0,13,18,16,13,4,0,0,36.0,8,22,45,0,9,9,6,s:40~l:59~t:6,los-angeles-sparks,Los Angeles,Sparks,LA,Los Angeles Sparks,Sparks,552583,fdb927,https://a.espncdn.com/i/teamlogos/wnba/500/la.png,79,14,50,14
401620284,2024,2,2024-06-11,2024-06-11 19:30:00-04:00,16,s:40~l:59~t:16,washington-mystics,Washington,MYSTICS,WSH,Washington Mystics,Mystics,e03a3e,002b5c,https://a.espncdn.com/i/teamlogos/wnba/500/wsh.png,away,87,True,25,3,33,48.0,31,65,0,17,73.0,8,11,23,5,3,0,1,55.0,17,31,38,1,11,11,20,s:40~l:59~t:20,atlanta-dream,Atlanta,Dream,ATL,Atlanta Dream,Dream,e31837,5091cc,https://a.espncdn.com/i/teamlogos/wnba/500/atl.png,68,9,24,11
401620284,2024,2,2024-06-11,2024-06-11 19:30:00-04:00,20,s:40~l:59~t:20,atlanta-dream,Atlanta,DREAM,ATL,Atlanta Dream,Dream,e31837,5091cc,https://a.espncdn.com/i/teamlogos/wnba/500/atl.png,home,68,False,16,2,24,36.0,24,67,0,15,67.0,12,18,2,8,3,1,0,35.0,8,23,32,0,9,8,16,s:40~l:59~t:16,washington-mystics,Washington,Mystics,WSH,Washington Mystics,Mystics,e03a3e,002b5c,https://a.espncdn.com/i/teamlogos/wnba/500/wsh.png,87,3,22,6
401620287,2024,2,2024-06-12,2024-06-12 20:00:00-04:00,19,s:40~l:59~t:19,chicago-sky,Chicago,SKY,CHI,Chicago Sky,Sky,5091cd,ffd520,https://a.espncdn.com/i/teamlogos/wnba/500/chi.png,home,75,False,19,7,21,48.0,28,58,0,18,87.0,13,15,4,8,8,2,0,46.0,6,13,29,0,19,17,18,s:40~l:59~t:18,connecticut-sun,Connecticut,Sun,CON,Connecticut Sun,Sun,f05023,0a2240,https://a.espncdn.com/guid/7c72e7ee-5064-b766-2b39-95b57e3d9a08/logos/default.png,83,12,44,14
401620287,2024,2,2024-06-12,2024-06-12 20:00:00-04:00,18,s:40~l:59~t:18,connecticut-sun,Connecticut,SUN,CON,Connecticut Sun,Sun,f05023,0a2240,https://a.espncdn.com/guid/7c72e7ee-5064-b766-2b39-95b57e3d9a08/logos/default.png,away,83,True,21,2,20,45.0,28,62,0,14,86.0,24,28,13,8,13,1,0,21.0,3,14,28,0,15,14,19,s:40~l:59~t:19,chicago-sky,Chicago,Sky,CHI,Chicago Sky,Sky,5091cd,ffd520,https://a.espncdn.com/i/teamlogos/wnba/500/chi.png,75,13,42,18
401620290,2024,2,2024-06-13,2024-06-13 22:00:00-04:00,17,s:40~l:59~t:17,las-vegas-aces,Las Vegas,ACES,LV,Las Vegas Aces,Aces,a7a8aa,000000,https://a.espncdn.com/i/teamlogos/wnba/500/lv.png,away,103,True,17,2,25,48.0,33,69,0,16,96.0,24,25,7,12,6,2,0,43.0,13,30,37,0,16,14,11,s:40~l:59~t:11,phoenix-mercury,Phoenix,Mercury,PHX,Phoenix Mercury,Mercury,3c286e,fa4b0a,https://a.espncdn.com/i/teamlogos/wnba/500/phx.png,99,10,38,22
401620290,2024,2,2024-06-13,2024-06-13 22:00:00-04:00,11,s:40~l:59~t:11,phoenix-mercury,Phoenix,MERCURY,PHX,Phoenix Mercury,Mercury,3c286e,fa4b0a,https://a.espncdn.com/i/teamlogos/wnba/500/phx.png,home,99,False,26,5,19,55.0,39,71,0,25,87.0,13,15,16,4,5,0,1,33.0,8,24,23,1,12,12,17,s:40~l:59~t:17,las-vegas-aces,Las Vegas,Aces,LV,Las Vegas Aces,Aces,a7a8aa,000000,https://a.espncdn.com/i/teamlogos/wnba/500/lv.png,103,6,42,12
401620288,2024,2,2024-06-13,2024-06-13 19:00:00-04:00,5,s:40~l:59~t:5,indiana-fever,Indiana,FEVER,IND,Indiana Fever,Fever,002d62,e03a3e,https://a.espncdn.com/i/teamlogos/wnba/500/ind.png,home,91,True,18,6,23,44.0,32,72,0,16,95.0,18,19,18,11,6,0,0,35.0,9,26,34,0,14,14,20,s:40~l:59~t:20,atlanta-dream,Atlanta,Dream,ATL,Atlanta Dream,Dream,e31837,5091cc,https://a.espncdn.com/i/teamlogos/wnba/500/atl.png,84,11,42,9
401620289,2024,2,2024-06-13,2024-06-13 19:00:00-04:00,14,s:40~l:59~t:14,seattle-storm,Seattle,STORM,SEA,Seattle Storm,Storm,2c5235,fee11a,https://a.espncdn.com/i/teamlogos/wnba/500/sea.png,away,92,True,26,6,19,52.0,36,69,0,16,93.0,13,14,13,7,12,2,1,35.0,7,20,26,1,13,11,3,s:40~l:59~t:3,dallas-wings,Dallas,Wings,DAL,Dallas Wings,Wings,002b5c,c4d600,https://a.espncdn.com/guid/34946ff8-281e-c57d-bb76-37fb1ebe3ec6/logos/default.png,84,13,46,16
401620289,2024,2,2024-06-13,2024-06-13 19:00:00-04:00,3,s:40~l:59~t:3,dallas-wings,Dallas,WINGS,DAL,Dallas Wings,Wings,002b5c,c4d600,https://a.espncdn.com/guid/34946ff8-281e-c57d-bb76-37fb1ebe3ec6/logos/default.png,home,84,False,23,9,19,48.0,31,65,0,13,94.0,16,17,6,9,6,0,0,46.0,6,13,28,0,19,19,14,s:40~l:59~t:14,seattle-storm,Seattle,Storm,SEA,Seattle Storm,Storm,2c5235,fee11a,https://a.espncdn.com/i/teamlogos/wnba/500/sea.png,92,10,44,27
401620288,2024,2,2024-06-13,2024-06-13 19:00:00-04:00,20,s:40~l:59~t:20,atlanta-dream,Atlanta,DREAM,ATL,Atlanta Dream,Dream,e31837,5091cc,https://a.espncdn.com/i/teamlogos/wnba/500/atl.png,away,84,False,20,3,21,42.0,28,67,0,19,83.0,19,23,2,10,6,2,0,38.0,9,24,31,0,13,11,5,s:40~l:59~t:5,indiana-fever,Indiana,Fever,IND,Indiana Fever,Fever,002d62,e03a3e,https://a.espncdn.com/i/teamlogos/wnba/500/ind.png,91,2,30,20
401620292,2024,2,2024-06-14,2024-06-14 19:30:00-04:00,8,s:40~l:59~t:8,minnesota-lynx,Minnesota,LYNX,MIN,Minnesota Lynx,Lynx,266092,79bc43,https://a.espncdn.com/i/teamlogos/wnba/500/min.png,home,81,True,23,6,23,49.0,30,61,0,17,83.0,15,18,10,5,17,0,0,26.0,6,23,28,0,17,17,6,s:40~l:59~t:6,los-angeles-sparks,Los Angeles,Sparks,LA,Los Angeles Sparks,Sparks,552583,fdb927,https://a.espncdn.com/i/teamlogos/wnba/500/la.png,76,18,36,19
401620292,2024,2,2024-06-14,2024-06-14 19:30:00-04:00,6,s:40~l:59~t:6,los-angeles-sparks,Los Angeles,SPARKS,LA,Los Angeles Sparks,Sparks,552583,fdb927,https://a.espncdn.com/i/teamlogos/wnba/500/la.png,away,76,False,23,1,26,44.0,28,64,0,18,83.0,15,18,12,8,11,0,2,25.0,5,20,34,2,21,21,8,s:40~l:59~t:8,minnesota-lynx,Minnesota,Lynx,MIN,Minnesota Lynx,Lynx,266092,79bc43,https://a.espncdn.com/i/teamlogos/wnba/500/min.png,81,14,38,18
401620291,2024,2,2024-06-14,2024-06-14 19:30:00-04:00,16,s:40~l:59~t:16,washington-mystics,Washington,MYSTICS,WSH,Washington Mystics,Mystics,e03a3e,002b5c,https://a.espncdn.com/i/teamlogos/wnba/500/wsh.png,home,83,True,20,5,29,44.0,28,64,0,25,83.0,19,23,15,7,7,1,0,27.0,8,30,36,0,19,18,19,s:40~l:59~t:19,chicago-sky,Chicago,Sky,CHI,Chicago Sky,Sky,5091cd,ffd520,https://a.espncdn.com/i/teamlogos/wnba/500/chi.png,81,6,32,24
401620291,2024,2,2024-06-14,2024-06-14 19:30:00-04:00,19,s:40~l:59~t:19,chicago-sky,Chicago,SKY,CHI,Chicago Sky,Sky,5091cd,ffd520,https://a.espncdn.com/i/teamlogos/wnba/500/chi.png,away,81,False,16,1,25,45.0,30,66,0,25,68.0,17,25,0,9,9,1,1,31.0,4,13,34,1,15,14,16,s:40~l:59~t:16,washington-mystics,Washington,Mystics,WSH,Washington Mystics,Mystics,e03a3e,002b5c,https://a.espncdn.com/i/teamlogos/wnba/500/wsh.png,83,19,48,16
401620294,2024,2,2024-06-15,2024-06-15 15:00:00-04:00,9,s:40~l:59~t:9,new-york-liberty,New York,LIBERTY,NY,New York Liberty,Liberty,86cebc,000000,https://a.espncdn.com/i/teamlogos/wnba/500/ny.png,away,90,True,21,1,34,49.0,33,68,0,9,75.0,12,16,18,3,8,1,0,43.0,12,28,37,0,9,8,17,s:40~l:59~t:17,las-vegas-aces,Las Vegas,Aces,LV,Las Vegas Aces,Aces,a7a8aa,000000,https://a.espncdn.com/i/teamlogos/wnba/500/lv.png,82,12,36,10
401620294,2024,2,2024-06-15,2024-06-15 15:00:00-04:00,17,s:40~l:59~t:17,las-vegas-aces,Las Vegas,ACES,LV,Las Vegas Aces,Aces,a7a8aa,000000,https://a.espncdn.com/i/teamlogos/wnba/500/lv.png,home,82,False,23,3,29,45.0,31,69,0,19,82.0,9,11,6,2,3,0,0,32.0,11,34,31,0,10,10,9,s:40~l:59~t:9,new-york-liberty,New York,Liberty,NY,New York Liberty,Liberty,86cebc,000000,https://a.espncdn.com/i/teamlogos/wnba/500/ny.png,90,4,30,12
401620293,2024,2,2024-06-15,2024-06-15 13:00:00-04:00,18,s:40~l:59~t:18,connecticut-sun,Connecticut,SUN,CON,Connecticut Sun,Sun,f05023,0a2240,https://a.espncdn.com/guid/7c72e7ee-5064-b766-2b39-95b57e3d9a08/logos/default.png,away,85,True,21,3,31,45.0,30,67,0,21,86.0,19,22,24,7,7,2,0,33.0,6,18,38,0,9,7,3,s:40~l:59~t:3,dallas-wings,Dallas,Wings,DAL,Dallas Wings,Wings,002b5c,c4d600,https://a.espncdn.com/guid/34946ff8-281e-c57d-bb76-37fb1ebe3ec6/logos/default.png,67,14,44,9
401620293,2024,2,2024-06-15,2024-06-15 13:00:00-04:00,3,s:40~l:59~t:3,dallas-wings,Dallas,WINGS,DAL,Dallas Wings,Wings,002b5c,c4d600,https://a.espncdn.com/guid/34946ff8-281e-c57d-bb76-37fb1ebe3ec6/logos/default.png,home,67,False,19,2,22,38.0,23,61,0,17,83.0,20,24,0,7,3,1,0,6.0,1,16,29,0,12,11,18,s:40~l:59~t:18,connecticut-sun,Connecticut,Sun,CON,Connecticut Sun,Sun,f05023,0a2240,https://a.espncdn.com/guid/7c72e7ee-5064-b766-2b39-95b57e3d9a08/logos/default.png,85,7,40,11
401620296,2024,2,2024-06-16,2024-06-16 12:00:00-04:00,5,s:40~l:59~t:5,indiana-fever,Indiana,FEVER,IND,Indiana Fever,Fever,002d62,e03a3e,https://a.espncdn.com/i/teamlogos/wnba/500/ind.png,home,91,True,23,11,30,56.0,35,62,0,17,68.0,13,19,8,8,1,1,0,44.0,8,18,38,0,16,15,19,s:40~l:59~t:19,chicago-sky,Chicago,Sky,CHI,Chicago Sky,Sky,5091cd,ffd520,https://a.espncdn.com/i/teamlogos/wnba/500/chi.png,83,12,50,16
401620296,2024,2,2024-06-16,2024-06-16 12:00:00-04:00,19,s:40~l:59~t:19,chicago-sky,Chicago,SKY,CHI,Chicago Sky,Sky,5091cd,ffd520,https://a.espncdn.com/i/teamlogos/wnba/500/chi.png,away,83,False,20,2,20,41.0,33,81,1,21,86.0,12,14,5,12,8,0,0,42.0,5,12,32,0,5,5,5,s:40~l:59~t:5,indiana-fever,Indiana,Fever,IND,Indiana Fever,Fever,002d62,e03a3e,https://a.espncdn.com/i/teamlogos/wnba/500/ind.png,91,17,44,3
401620297,2024,2,2024-06-16,2024-06-16 15:00:00-04:00,20,s:40~l:59~t:20,atlanta-dream,Atlanta,DREAM,ATL,Atlanta Dream,Dream,e31837,5091cc,https://a.espncdn.com/i/teamlogos/wnba/500/atl.png,home,87,True,22,1,28,44.0,30,68,0,19,81.0,21,26,16,10,8,1,0,40.0,6,15,38,0,11,10,6,s:40~l:59~t:6,los-angeles-sparks,Los Angeles,Sparks,LA,Los Angeles Sparks,Sparks,552583,fdb927,https://a.espncdn.com/i/teamlogos/wnba/500/la.png,74,8,22,10
401620297,2024,2,2024-06-16,2024-06-16 15:00:00-04:00,6,s:40~l:59~t:6,los-angeles-sparks,Los Angeles,SPARKS,LA,Los Angeles Sparks,Sparks,552583,fdb927,https://a.espncdn.com/i/teamlogos/wnba/500/la.png,away,74,False,18,2,25,35.0,24,68,0,20,100.0,18,18,5,8,6,1,0,32.0,8,25,33,0,13,12,20,s:40~l:59~t:20,atlanta-dream,Atlanta,Dream,ATL,Atlanta Dream,Dream,e31837,5091cc,https://a.espncdn.com/i/teamlogos/wnba/500/atl.png,87,11,32,12
401620295,2024,2,2024-06-16,2024-06-16 15:00:00-04:00,11,s:40~l:59~t:11,phoenix-mercury,Phoenix,MERCURY,PHX,Phoenix Mercury,Mercury,3c286e,fa4b0a,https://a.espncdn.com/i/teamlogos/wnba/500/phx.png,home,87,True,24,5,34,50.0,31,62,0,18,95.0,18,19,21,3,5,0,3,39.0,7,18,37,3,15,15,14,s:40~l:59~t:14,seattle-storm,Seattle,Storm,SEA,Seattle Storm,Storm,2c5235,fee11a,https://a.espncdn.com/i/teamlogos/wnba/500/sea.png,78,6,44,14
401620295,2024,2,2024-06-16,2024-06-16 15:00:00-04:00,14,s:40~l:59~t:14,seattle-storm,Seattle,STORM,SEA,Seattle Storm,Storm,2c5235,fee11a,https://a.espncdn.com/i/teamlogos/wnba/500/sea.png,away,78,False,18,4,26,39.0,29,75,0,19,71.0,15,21,0,10,11,0,1,19.0,5,26,36,1,9,9,11,s:40~l:59~t:11,phoenix-mercury,Phoenix,Mercury,PHX,Phoenix Mercury,Mercury,3c286e,fa4b0a,https://a.espncdn.com/i/teamlogos/wnba/500/phx.png,87,4,42,10
401620298,2024,2,2024-06-17,2024-06-17 20:00:00-04:00,8,s:40~l:59~t:8,minnesota-lynx,Minnesota,LYNX,MIN,Minnesota Lynx,Lynx,266092,79bc43,https://a.espncdn.com/i/teamlogos/wnba/500/min.png,home,90,True,24,5,20,45.0,30,67,0,8,96.0,23,24,13,8,11,1,1,37.0,7,19,28,1,8,7,3,s:40~l:59~t:3,dallas-wings,Dallas,Wings,DAL,Dallas Wings,Wings,002b5c,c4d600,https://a.espncdn.com/guid/34946ff8-281e-c57d-bb76-37fb1ebe3ec6/logos/default.png,78,20,38,10
401620298,2024,2,2024-06-17,2024-06-17 20:00:00-04:00,3,s:40~l:59~t:3,dallas-wings,Dallas,WINGS,DAL,Dallas Wings,Wings,002b5c,c4d600,https://a.espncdn.com/guid/34946ff8-281e-c57d-bb76-37fb1ebe3ec6/logos/default.png,away,78,False,24,3,24,48.0,35,73,0,17,33.0,1,3,2,10,5,0,0,41.0,7,17,34,0,16,16,8,s:40~l:59~t:8,minnesota-lynx,Minnesota,Lynx,MIN,Minnesota Lynx,Lynx,266092,79bc43,https://a.espncdn.com/i/teamlogos/wnba/500/min.png,90,8,44,20
401620299,2024,2,2024-06-18,2024-06-18 19:00:00-04:00,18,s:40~l:59~t:18,connecticut-sun,Connecticut,SUN,CON,Connecticut Sun,Sun,f05023,0a2240,https://a.espncdn.com/guid/7c72e7ee-5064-b766-2b39-95b57e3d9a08/logos/default.png,home,79,True,18,3,20,52.0,34,65,0,18,70.0,7,10,19,7,10,2,1,40.0,4,10,27,1,12,10,6,s:40~l:59~t:6,los-angeles-sparks,Los Angeles,Sparks,LA,Los Angeles Sparks,Sparks,552583,fdb927,https://a.espncdn.com/i/teamlogos/wnba/500/la.png,70,4,50,14
401620299,2024,2,2024-06-18,2024-06-18 19:00:00-04:00,6,s:40~l:59~t:6,los-angeles-sparks,Los Angeles,SPARKS,LA,Los Angeles Sparks,Sparks,552583,fdb927,https://a.espncdn.com/i/teamlogos/wnba/500/la.png,away,70,False,19,2,22,50.0,26,52,0,15,67.0,12,18,0,4,7,2,1,35.0,6,17,26,1,24,22,18,s:40~l:59~t:18,connecticut-sun,Connecticut,Sun,CON,Connecticut Sun,Sun,f05023,0a2240,https://a.espncdn.com/guid/7c72e7ee-5064-b766-2b39-95b57e3d9a08/logos/default.png,79,5,32,30
401620300,2024,2,2024-06-18,2024-06-18 22:00:00-04:00,11,s:40~l:59~t:11,phoenix-mercury,Phoenix,MERCURY,PHX,Phoenix Mercury,Mercury,3c286e,fa4b0a,https://a.espncdn.com/i/teamlogos/wnba/500/phx.png,home,99,True,24,3,27,55.0,38,69,0,12,80.0,8,10,6,4,7,0,3,50.0,15,30,31,3,17,17,9,s:40~l:59~t:9,new-york-liberty,New York,Liberty,NY,New York Liberty,Liberty,86cebc,000000,https://a.espncdn.com/i/teamlogos/wnba/500/ny.png,93,13,30,13
401620300,2024,2,2024-06-18,2024-06-18 22:00:00-04:00,9,s:40~l:59~t:9,new-york-liberty,New York,LIBERTY,NY,New York Liberty,Liberty,86cebc,000000,https://a.espncdn.com/i/teamlogos/wnba/500/ny.png,away,93,False,27,4,26,42.0,32,76,0,12,79.0,11,14,12,11,14,0,0,43.0,18,42,37,0,16,16,11,s:40~l:59~t:11,phoenix-mercury,Phoenix,Mercury,PHX,Phoenix Mercury,Mercury,3c286e,fa4b0a,https://a.espncdn.com/i/teamlogos/wnba/500/phx.png,99,13,28,15
401620303,2024,2,2024-06-19,2024-06-19 22:00:00-04:00,14,s:40~l:59~t:14,seattle-storm,Seattle,STORM,SEA,Seattle Storm,Storm,2c5235,fee11a,https://a.espncdn.com/i/teamlogos/wnba/500/sea.png,away,83,False,21,1,25,44.0,31,70,0,16,89.0,17,19,2,7,11,0,2,25.0,4,16,32,2,15,15,17,s:40~l:59~t:17,las-vegas-aces,Las Vegas,Aces,LV,Las Vegas Aces,Aces,a7a8aa,000000,https://a.espncdn.com/i/teamlogos/wnba/500/lv.png,94,12,46,14
401620303,2024,2,2024-06-19,2024-06-19 22:00:00-04:00,17,s:40~l:59~t:17,las-vegas-aces,Las Vegas,ACES,LV,Las Vegas Aces,Aces,a7a8aa,000000,https://a.espncdn.com/i/teamlogos/wnba/500/lv.png,home,94,True,25,4,26,56.0,35,63,0,19,76.0,16,21,20,3,11,1,0,40.0,8,20,29,0,15,14,14,s:40~l:59~t:14,seattle-storm,Seattle,Storm,SEA,Seattle Storm,Storm,2c5235,fee11a,https://a.espncdn.com/i/teamlogos/wnba/500/sea.png,83,15,50,20
401620302,2024,2,2024-06-19,2024-06-19 20:00:00-04:00,8,s:40~l:59~t:8,minnesota-lynx,Minnesota,LYNX,MIN,Minnesota Lynx,Lynx,266092,79bc43,https://a.espncdn.com/i/teamlogos/wnba/500/min.png,home,68,True,19,4,35,36.0,27,76,0,17,88.0,7,8,15,10,5,1,1,32.0,7,22,45,1,10,9,20,s:40~l:59~t:20,atlanta-dream,Atlanta,Dream,ATL,Atlanta Dream,Dream,e31837,5091cc,https://a.espncdn.com/i/teamlogos/wnba/500/atl.png,55,4,36,10
401620301,2024,2,2024-06-19,2024-06-19 19:00:00-04:00,5,s:40~l:59~t:5,indiana-fever,Indiana,FEVER,IND,Indiana Fever,Fever,002d62,e03a3e,https://a.espncdn.com/i/teamlogos/wnba/500/ind.png,home,88,True,21,3,32,51.0,31,61,0,16,78.0,18,23,11,5,7,1,0,35.0,8,23,37,0,11,10,16,s:40~l:59~t:16,washington-mystics,Washington,Mystics,WSH,Washington Mystics,Mystics,e03a3e,002b5c,https://a.espncdn.com/i/teamlogos/wnba/500/wsh.png,81,9,38,10
401620302,2024,2,2024-06-19,2024-06-19 20:00:00-04:00,20,s:40~l:59~t:20,atlanta-dream,Atlanta,DREAM,ATL,Atlanta Dream,Dream,e31837,5091cc,https://a.espncdn.com/i/teamlogos/wnba/500/atl.png,away,55,False,16,9,34,29.0,19,66,0,12,65.0,13,20,1,12,4,1,1,17.0,4,23,46,1,14,13,8,s:40~l:59~t:8,minnesota-lynx,Minnesota,Lynx,MIN,Minnesota Lynx,Lynx,266092,79bc43,https://a.espncdn.com/i/teamlogos/wnba/500/min.png,68,2,22,16
401620301,2024,2,2024-06-19,2024-06-19 19:00:00-04:00,16,s:40~l:59~t:16,washington-mystics,Washington,MYSTICS,WSH,Washington Mystics,Mystics,e03a3e,002b5c,https://a.espncdn.com/i/teamlogos/wnba/500/wsh.png,away,81,False,26,4,24,41.0,29,70,0,16,80.0,12,15,0,7,6,0,0,32.0,11,34,31,0,11,11,5,s:40~l:59~t:5,indiana-fever,Indiana,Fever,IND,Indiana Fever,Fever,002d62,e03a3e,https://a.espncdn.com/i/teamlogos/wnba/500/ind.png,88,12,26,20
401620304,2024,2,2024-06-20,2024-06-20 12:00:00-04:00,19,s:40~l:59~t:19,chicago-sky,Chicago,SKY,CHI,Chicago Sky,Sky,5091cd,ffd520,https://a.espncdn.com/i/teamlogos/wnba/500/chi.png,home,83,True,19,3,28,46.0,32,69,0,16,80.0,16,20,22,11,7,1,0,25.0,3,12,39,0,14,13,3,s:40~l:59~t:3,dallas-wings,Dallas,Wings,DAL,Dallas Wings,Wings,002b5c,c4d600,https://a.espncdn.com/guid/34946ff8-281e-c57d-bb76-37fb1ebe3ec6/logos/default.png,72,14,48,12
401620304,2024,2,2024-06-20,2024-06-20 12:00:00-04:00,3,s:40~l:59~t:3,dallas-wings,Dallas,WINGS,DAL,Dallas Wings,Wings,002b5c,c4d600,https://a.espncdn.com/guid/34946ff8-281e-c57d-bb76-37fb1ebe3ec6/logos/default.png,away,72,False,16,3,25,35.0,23,65,0,19,85.0,17,20,0,10,9,1,0,35.0,9,26,35,0,16,15,19,s:40~l:59~t:19,chicago-sky,Chicago,Sky,CHI,Chicago Sky,Sky,5091cd,ffd520,https://a.espncdn.com/i/teamlogos/wnba/500/chi.png,83,11,22,10
401620305,2024,2,2024-06-20,2024-06-20 19:00:00-04:00,9,s:40~l:59~t:9,new-york-liberty,New York,LIBERTY,NY,New York Liberty,Liberty,86cebc,000000,https://a.espncdn.com/i/teamlogos/wnba/500/ny.png,home,93,True,29,3,26,49.0,34,69,0,15,80.0,12,15,19,4,7,0,0,39.0,13,33,30,0,11,11,6,s:40~l:59~t:6,los-angeles-sparks,Los Angeles,Sparks,LA,Los Angeles Sparks,Sparks,552583,fdb927,https://a.espncdn.com/i/teamlogos/wnba/500/la.png,80,21,38,16
401620305,2024,2,2024-06-20,2024-06-20 19:00:00-04:00,6,s:40~l:59~t:6,los-angeles-sparks,Los Angeles,SPARKS,LA,Los Angeles Sparks,Sparks,552583,fdb927,https://a.espncdn.com/i/teamlogos/wnba/500/la.png,away,80,False,18,1,29,50.0,31,62,0,18,58.0,11,19,6,5,8,1,0,37.0,7,19,34,0,15,14,9,s:40~l:59~t:9,new-york-liberty,New York,Liberty,NY,New York Liberty,Liberty,86cebc,000000,https://a.espncdn.com/i/teamlogos/wnba/500/ny.png,93,14,42,17
401620306,2024,2,2024-06-21,2024-06-21 19:30:00-04:00,20,s:40~l:59~t:20,atlanta-dream,Atlanta,DREAM,ATL,Atlanta Dream,Dream,e31837,5091cc,https://a.espncdn.com/i/teamlogos/wnba/500/atl.png,home,79,False,18,2,23,34.0,22,65,0,16,89.0,31,35,0,7,8,0,2,22.0,4,18,30,2,11,11,5,s:40~l:59~t:5,indiana-fever,Indiana,Fever,IND,Indiana Fever,Fever,002d62,e03a3e,https://a.espncdn.com/i/teamlogos/wnba/500/ind.png,91,8,26,9
401620306,2024,2,2024-06-21,2024-06-21 19:30:00-04:00,5,s:40~l:59~t:5,indiana-fever,Indiana,FEVER,IND,Indiana Fever,Fever,002d62,e03a3e,https://a.espncdn.com/i/teamlogos/wnba/500/ind.png,away,91,True,24,7,30,57.0,37,65,0,22,55.0,6,11,19,5,5,1,3,52.0,11,21,35,3,15,14,20,s:40~l:59~t:20,atlanta-dream,Atlanta,Dream,ATL,Atlanta Dream,Dream,e31837,5091cc,https://a.espncdn.com/i/teamlogos/wnba/500/atl.png,79,8,48,15
401620307,2024,2,2024-06-21,2024-06-21 22:00:00-04:00,17,s:40~l:59~t:17,las-vegas-aces,Las Vegas,ACES,LV,Las Vegas Aces,Aces,a7a8aa,000000,https://a.espncdn.com/i/teamlogos/wnba/500/lv.png,home,85,True,16,3,32,48.0,31,65,0,17,74.0,17,23,19,10,6,1,1,25.0,6,24,42,1,13,12,18,s:40~l:59~t:18,connecticut-sun,Connecticut,Sun,CON,Connecticut Sun,Sun,f05023,0a2240,https://a.espncdn.com/guid/7c72e7ee-5064-b766-2b39-95b57e3d9a08/logos/default.png,74,2,44,12
401620307,2024,2,2024-06-21,2024-06-21 22:00:00-04:00,18,s:40~l:59~t:18,connecticut-sun,Connecticut,SUN,CON,Connecticut Sun,Sun,f05023,0a2240,https://a.espncdn.com/guid/7c72e7ee-5064-b766-2b39-95b57e3d9a08/logos/default.png,away,74,False,14,1,26,43.0,26,61,0,16,64.0,16,25,4,3,8,1,0,46.0,6,13,29,0,11,10,17,s:40~l:59~t:17,las-vegas-aces,Las Vegas,Aces,LV,Las Vegas Aces,Aces,a7a8aa,000000,https://a.espncdn.com/i/teamlogos/wnba/500/lv.png,85,4,30,15
401620308,2024,2,2024-06-22,2024-06-22 15:00:00-04:00,3,s:40~l:59~t:3,dallas-wings,Dallas,WINGS,DAL,Dallas Wings,Wings,002b5c,c4d600,https://a.espncdn.com/guid/34946ff8-281e-c57d-bb76-37fb1ebe3ec6/logos/default.png,away,69,False,20,5,27,39.0,26,66,1,21,75.0,12,16,2,9,6,1,0,21.0,5,24,36,0,22,21,16,s:40~l:59~t:16,washington-mystics,Washington,Mystics,WSH,Washington Mystics,Mystics,e03a3e,002b5c,https://a.espncdn.com/i/teamlogos/wnba/500/wsh.png,97,2,22,24
401620310,2024,2,2024-06-22,2024-06-22 20:00:00-04:00,11,s:40~l:59~t:11,phoenix-mercury,Phoenix,MERCURY,PHX,Phoenix Mercury,Mercury,3c286e,fa4b0a,https://a.espncdn.com/i/teamlogos/wnba/500/phx.png,away,60,False,14,5,24,31.0,23,74,0,17,58.0,7,12,2,7,8,0,0,21.0,7,34,31,0,13,13,8,s:40~l:59~t:8,minnesota-lynx,Minnesota,Lynx,MIN,Minnesota Lynx,Lynx,266092,79bc43,https://a.espncdn.com/i/teamlogos/wnba/500/min.png,73,6,28,16
401620309,2024,2,2024-06-22,2024-06-22 15:00:00-04:00,6,s:40~l:59~t:6,los-angeles-sparks,Los Angeles,SPARKS,LA,Los Angeles Sparks,Sparks,552583,fdb927,https://a.espncdn.com/i/teamlogos/wnba/500/la.png,away,88,False,22,1,19,43.0,29,68,0,15,85.0,22,26,8,8,10,2,0,30.0,8,27,27,0,12,10,9,s:40~l:59~t:9,new-york-liberty,New York,Liberty,NY,New York Liberty,Liberty,86cebc,000000,https://a.espncdn.com/i/teamlogos/wnba/500/ny.png,98,15,34,15
401620309,2024,2,2024-06-22,2024-06-22 15:00:00-04:00,9,s:40~l:59~t:9,new-york-liberty,New York,LIBERTY,NY,New York Liberty,Liberty,86cebc,000000,https://a.espncdn.com/i/teamlogos/wnba/500/ny.png,home,98,True,31,6,29,54.0,37,68,0,21,89.0,8,9,23,7,8,5,0,44.0,16,36,36,0,19,14,6,s:40~l:59~t:6,los-angeles-sparks,Los Angeles,Sparks,LA,Los Angeles Sparks,Sparks,552583,fdb927,https://a.espncdn.com/i/teamlogos/wnba/500/la.png,88,16,36,23
401620308,2024,2,2024-06-22,2024-06-22 15:00:00-04:00,16,s:40~l:59~t:16,washington-mystics,Washington,MYSTICS,WSH,Washington Mystics,Mystics,e03a3e,002b5c,https://a.espncdn.com/i/teamlogos/wnba/500/wsh.png,home,97,True,26,0,32,49.0,34,70,0,19,90.0,18,20,28,7,9,2,0,42.0,11,26,39,0,15,13,3,s:40~l:59~t:3,dallas-wings,Dallas,Wings,DAL,Dallas Wings,Wings,002b5c,c4d600,https://a.espncdn.com/guid/34946ff8-281e-c57d-bb76-37fb1ebe3ec6/logos/default.png,69,8,34,15
401620310,2024,2,2024-06-22,2024-06-22 20:00:00-04:00,8,s:40~l:59~t:8,minnesota-lynx,Minnesota,LYNX,MIN,Minnesota Lynx,Lynx,266092,79bc43,https://a.espncdn.com/i/teamlogos/wnba/500/min.png,home,73,True,18,4,39,42.0,26,62,0,13,72.0,13,18,20,5,5,1,0,36.0,8,22,44,0,16,15,11,s:40~l:59~t:11,phoenix-mercury,Phoenix,Mercury,PHX,Phoenix Mercury,Mercury,3c286e,fa4b0a,https://a.espncdn.com/i/teamlogos/wnba/500/phx.png,60,11,18,11
401620314,2024,2,2024-06-23,2024-06-23 15:00:00-04:00,14,s:40~l:59~t:14,seattle-storm,Seattle,STORM,SEA,Seattle Storm,Storm,2c5235,fee11a,https://a.espncdn.com/i/teamlogos/wnba/500/sea.png,home,72,True,23,4,27,42.0,27,64,0,14,88.0,14,16,13,8,13,1,1,25.0,4,16,35,1,15,14,18,s:40~l:59~t:18,connecticut-sun,Connecticut,Sun,CON,Connecticut Sun,Sun,f05023,0a2240,https://a.espncdn.com/guid/7c72e7ee-5064-b766-2b39-95b57e3d9a08/logos/default.png,61,12,44,18
401620314,2024,2,2024-06-23,2024-06-23 15:00:00-04:00,18,s:40~l:59~t:18,connecticut-sun,Connecticut,SUN,CON,Connecticut Sun,Sun,f05023,0a2240,https://a.espncdn.com/guid/7c72e7ee-5064-b766-2b39-95b57e3d9a08/logos/default.png,away,61,False,13,3,26,37.0,25,67,0,16,53.0,9,17,11,12,8,3,0,14.0,2,14,38,0,17,14,14,s:40~l:59~t:14,seattle-storm,Seattle,Storm,SEA,Seattle Storm,Storm,2c5235,fee11a,https://a.espncdn.com/i/teamlogos/wnba/500/sea.png,72,6,40,17
401620312,2024,2,2024-06-23,2024-06-23 15:00:00-04:00,16,s:40~l:59~t:16,washington-mystics,Washington,MYSTICS,WSH,Washington Mystics,Mystics,e03a3e,002b5c,https://a.espncdn.com/i/teamlogos/wnba/500/wsh.png,home,92,True,27,2,24,49.0,31,63,0,19,89.0,16,18,13,4,7,0,0,52.0,14,27,28,0,12,12,3,s:40~l:59~t:3,dallas-wings,Dallas,Wings,DAL,Dallas Wings,Wings,002b5c,c4d600,https://a.espncdn.com/guid/34946ff8-281e-c57d-bb76-37fb1ebe3ec6/logos/default.png,84,9,30,10
401620312,2024,2,2024-06-23,2024-06-23 15:00:00-04:00,3,s:40~l:59~t:3,dallas-wings,Dallas,WINGS,DAL,Dallas Wings,Wings,002b5c,c4d600,https://a.espncdn.com/guid/34946ff8-281e-c57d-bb76-37fb1ebe3ec6/logos/default.png,away,84,False,17,1,28,41.0,28,68,0,18,85.0,17,20,10,13,6,1,1,39.0,11,28,41,1,15,14,16,s:40~l:59~t:16,washington-mystics,Washington,Mystics,WSH,Washington Mystics,Mystics,e03a3e,002b5c,https://a.espncdn.com/i/teamlogos/wnba/500/wsh.png,92,7,28,13
401620311,2024,2,2024-06-23,2024-06-23 15:00:00-04:00,20,s:40~l:59~t:20,atlanta-dream,Atlanta,DREAM,ATL,Atlanta Dream,Dream,e31837,5091cc,https://a.espncdn.com/i/teamlogos/wnba/500/atl.png,home,75,False,21,4,26,38.0,30,79,0,14,68.0,13,19,2,14,5,1,1,17.0,2,12,40,1,11,10,9,s:40~l:59~t:9,new-york-liberty,New York,Liberty,NY,New York Liberty,Liberty,86cebc,000000,https://a.espncdn.com/i/teamlogos/wnba/500/ny.png,96,5,40,21
401620311,2024,2,2024-06-23,2024-06-23 15:00:00-04:00,9,s:40~l:59~t:9,new-york-liberty,New York,LIBERTY,NY,New York Liberty,Liberty,86cebc,000000,https://a.espncdn.com/i/teamlogos/wnba/500/ny.png,away,96,True,25,4,31,51.0,36,70,0,17,93.0,14,15,33,7,7,1,0,40.0,10,25,38,0,13,12,20,s:40~l:59~t:20,atlanta-dream,Atlanta,Dream,ATL,Atlanta Dream,Dream,e31837,5091cc,https://a.espncdn.com/i/teamlogos/wnba/500/atl.png,75,7,44,16
401620313,2024,2,2024-06-23,2024-06-23 16:00:00-04:00,19,s:40~l:59~t:19,chicago-sky,Chicago,SKY,CHI,Chicago Sky,Sky,5091cd,ffd520,https://a.espncdn.com/i/teamlogos/wnba/500/chi.png,home,88,True,25,1,31,50.0,31,62,0,18,69.0,22,32,6,7,4,1,1,24.0,4,17,38,1,16,15,5,s:40~l:59~t:5,indiana-fever,Indiana,Fever,IND,Indiana Fever,Fever,002d62,e03a3e,https://a.espncdn.com/i/teamlogos/wnba/500/ind.png,87,9,48,17
401620313,2024,2,2024-06-23,2024-06-23 16:00:00-04:00,5,s:40~l:59~t:5,indiana-fever,Indiana,FEVER,IND,Indiana Fever,Fever,002d62,e03a3e,https://a.espncdn.com/i/teamlogos/wnba/500/ind.png,away,87,False,28,4,24,46.0,32,69,0,25,71.0,10,14,15,1,9,2,2,43.0,13,30,25,2,11,9,19,s:40~l:59~t:19,chicago-sky,Chicago,Sky,CHI,Chicago Sky,Sky,5091cd,ffd520,https://a.espncdn.com/i/teamlogos/wnba/500/chi.png,88,3,28,12
401677672,2024,2,2024-06-25,2024-06-25 20:00:00-04:00,9,s:40~l:59~t:9,new-york-liberty,New York,LIBERTY,NY,New York Liberty,Liberty,86cebc,000000,https://a.espncdn.com/i/teamlogos/wnba/500/ny.png,home,89,False,24,2,28,45.0,31,69,0,16,83.0,15,18,10,15,6,0,0,41.0,12,29,43,0,20,20,8,s:40~l:59~t:8,minnesota-lynx,Minnesota,Lynx,MIN,Minnesota Lynx,Lynx,266092,79bc43,https://a.espncdn.com/i/teamlogos/wnba/500/min.png,94,6,30,27
401677672,2024,2,2024-06-25,2024-06-25 20:00:00-04:00,8,s:40~l:59~t:8,minnesota-lynx,Minnesota,LYNX,MIN,Minnesota Lynx,Lynx,266092,79bc43,https://a.espncdn.com/i/teamlogos/wnba/500/min.png,away,94,True,26,4,21,48.0,33,69,0,17,100.0,14,14,11,4,12,1,0,48.0,14,29,25,0,11,10,9,s:40~l:59~t:9,new-york-liberty,New York,Liberty,NY,New York Liberty,Liberty,86cebc,000000,https://a.espncdn.com/i/teamlogos/wnba/500/ny.png,89,20,26,9
401620318,2024,2,2024-06-27,2024-06-27 22:00:00-04:00,14,s:40~l:59~t:14,seattle-storm,Seattle,STORM,SEA,Seattle Storm,Storm,2c5235,fee11a,https://a.espncdn.com/i/teamlogos/wnba/500/sea.png,home,89,True,27,5,22,46.0,32,70,0,16,88.0,15,17,19,5,14,0,0,40.0,10,25,27,0,8,8,5,s:40~l:59~t:5,indiana-fever,Indiana,Fever,IND,Indiana Fever,Fever,002d62,e03a3e,https://a.espncdn.com/i/teamlogos/wnba/500/ind.png,77,17,38,7
401620318,2024,2,2024-06-27,2024-06-27 22:00:00-04:00,5,s:40~l:59~t:5,indiana-fever,Indiana,FEVER,IND,Indiana Fever,Fever,002d62,e03a3e,https://a.espncdn.com/i/teamlogos/wnba/500/ind.png,away,77,False,21,4,30,45.0,29,65,0,16,61.0,11,18,4,14,4,2,0,42.0,8,19,44,0,22,20,14,s:40~l:59~t:14,seattle-storm,Seattle,Storm,SEA,Seattle Storm,Storm,2c5235,fee11a,https://a.espncdn.com/i/teamlogos/wnba/500/sea.png,89,4,40,27
401620316,2024,2,2024-06-27,2024-06-27 19:00:00-04:00,16,s:40~l:59~t:16,washington-mystics,Washington,MYSTICS,WSH,Washington Mystics,Mystics,e03a3e,002b5c,https://a.espncdn.com/i/teamlogos/wnba/500/wsh.png,home,91,False,26,5,27,51.0,35,68,0,21,67.0,10,15,16,4,3,3,0,39.0,11,28,31,0,26,23,18,s:40~l:59~t:18,connecticut-sun,Connecticut,Sun,CON,Connecticut Sun,Sun,f05023,0a2240,https://a.espncdn.com/guid/7c72e7ee-5064-b766-2b39-95b57e3d9a08/logos/default.png,94,9,36,32
401620315,2024,2,2024-06-27,2024-06-27 13:00:00-04:00,8,s:40~l:59~t:8,minnesota-lynx,Minnesota,LYNX,MIN,Minnesota Lynx,Lynx,266092,79bc43,https://a.espncdn.com/i/teamlogos/wnba/500/min.png,away,88,False,27,4,25,47.0,33,70,0,17,79.0,11,14,15,10,6,0,0,42.0,11,26,35,0,13,13,3,s:40~l:59~t:3,dallas-wings,Dallas,Wings,DAL,Dallas Wings,Wings,002b5c,c4d600,https://a.espncdn.com/guid/34946ff8-281e-c57d-bb76-37fb1ebe3ec6/logos/default.png,94,13,30,16
401620317,2024,2,2024-06-27,2024-06-27 19:00:00-04:00,17,s:40~l:59~t:17,las-vegas-aces,Las Vegas,ACES,LV,Las Vegas Aces,Aces,a7a8aa,000000,https://a.espncdn.com/i/teamlogos/wnba/500/lv.png,away,95,True,20,11,29,50.0,33,66,0,15,74.0,20,27,18,6,5,0,1,36.0,9,25,35,1,9,9,19,s:40~l:59~t:19,chicago-sky,Chicago,Sky,CHI,Chicago Sky,Sky,5091cd,ffd520,https://a.espncdn.com/i/teamlogos/wnba/500/chi.png,83,18,40,12
401620317,2024,2,2024-06-27,2024-06-27 19:00:00-04:00,19,s:40~l:59~t:19,chicago-sky,Chicago,SKY,CHI,Chicago Sky,Sky,5091cd,ffd520,https://a.espncdn.com/i/teamlogos/wnba/500/chi.png,home,83,False,20,3,28,44.0,34,78,0,20,79.0,11,14,6,10,6,1,0,25.0,4,16,38,0,7,6,17,s:40~l:59~t:17,las-vegas-aces,Las Vegas,Aces,LV,Las Vegas Aces,Aces,a7a8aa,000000,https://a.espncdn.com/i/teamlogos/wnba/500/lv.png,95,14,40,5
401620316,2024,2,2024-06-27,2024-06-27 19:00:00-04:00,18,s:40~l:59~t:18,connecticut-sun,Connecticut,SUN,CON,Connecticut Sun,Sun,f05023,0a2240,https://a.espncdn.com/guid/7c72e7ee-5064-b766-2b39-95b57e3d9a08/logos/default.png,away,94,True,20,5,21,44.0,32,73,0,20,75.0,21,28,5,9,12,1,2,33.0,9,27,30,2,11,10,16,s:40~l:59~t:16,washington-mystics,Washington,Mystics,WSH,Washington Mystics,Mystics,e03a3e,002b5c,https://a.espncdn.com/i/teamlogos/wnba/500/wsh.png,91,10,36,10
401620315,2024,2,2024-06-27,2024-06-27 13:00:00-04:00,3,s:40~l:59~t:3,dallas-wings,Dallas,WINGS,DAL,Dallas Wings,Wings,002b5c,c4d600,https://a.espncdn.com/guid/34946ff8-281e-c57d-bb76-37fb1ebe3ec6/logos/default.png,home,94,True,21,0,22,49.0,37,76,0,11,69.0,11,16,6,14,9,1,0,60.0,9,15,36,0,11,10,8,s:40~l:59~t:8,minnesota-lynx,Minnesota,Lynx,MIN,Minnesota Lynx,Lynx,266092,79bc43,https://a.espncdn.com/i/teamlogos/wnba/500/min.png,88,10,48,11
401620319,2024,2,2024-06-28,2024-06-28 19:30:00-04:00,18,s:40~l:59~t:18,connecticut-sun,Connecticut,SUN,CON,Connecticut Sun,Sun,f05023,0a2240,https://a.espncdn.com/guid/7c72e7ee-5064-b766-2b39-95b57e3d9a08/logos/default.png,home,74,False,20,2,20,39.0,23,59,0,17,81.0,21,26,5,6,10,0,1,33.0,7,21,26,1,18,18,20,s:40~l:59~t:20,atlanta-dream,Atlanta,Dream,ATL,Atlanta Dream,Dream,e31837,5091cc,https://a.espncdn.com/i/teamlogos/wnba/500/atl.png,78,9,32,17
401620319,2024,2,2024-06-28,2024-06-28 19:30:00-04:00,20,s:40~l:59~t:20,atlanta-dream,Atlanta,DREAM,ATL,Atlanta Dream,Dream,e31837,5091cc,https://a.espncdn.com/i/teamlogos/wnba/500/atl.png,away,78,True,18,6,27,49.0,28,57,0,22,73.0,16,22,5,5,12,4,0,43.0,6,14,32,0,19,15,18,s:40~l:59~t:18,connecticut-sun,Connecticut,Sun,CON,Connecticut Sun,Sun,f05023,0a2240,https://a.espncdn.com/guid/7c72e7ee-5064-b766-2b39-95b57e3d9a08/logos/default.png,74,8,36,14
401620320,2024,2,2024-06-28,2024-06-28 22:00:00-04:00,11,s:40~l:59~t:11,phoenix-mercury,Phoenix,MERCURY,PHX,Phoenix Mercury,Mercury,3c286e,fa4b0a,https://a.espncdn.com/i/teamlogos/wnba/500/phx.png,home,92,True,19,6,26,51.0,35,69,0,17,65.0,15,23,19,13,9,0,1,33.0,7,21,39,1,15,15,6,s:40~l:59~t:6,los-angeles-sparks,Los Angeles,Sparks,LA,Los Angeles Sparks,Sparks,552583,fdb927,https://a.espncdn.com/i/teamlogos/wnba/500/la.png,78,8,46,11
401620320,2024,2,2024-06-28,2024-06-28 22:00:00-04:00,6,s:40~l:59~t:6,los-angeles-sparks,Los Angeles,SPARKS,LA,Los Angeles Sparks,Sparks,552583,fdb927,https://a.espncdn.com/i/teamlogos/wnba/500/la.png,away,78,False,24,5,19,46.0,29,63,0,21,67.0,10,15,7,4,10,1,0,48.0,10,21,23,0,16,15,11,s:40~l:59~t:11,phoenix-mercury,Phoenix,Mercury,PHX,Phoenix Mercury,Mercury,3c286e,fa4b0a,https://a.espncdn.com/i/teamlogos/wnba/500/phx.png,92,5,34,17
401620321,2024,2,2024-06-29,2024-06-29 14:00:00-04:00,16,s:40~l:59~t:16,washington-mystics,Washington,MYSTICS,WSH,Washington Mystics,Mystics,e03a3e,002b5c,https://a.espncdn.com/i/teamlogos/wnba/500/wsh.png,home,77,False,24,3,24,43.0,28,65,0,25,91.0,10,11,11,5,6,0,0,46.0,11,24,29,0,14,14,17,s:40~l:59~t:17,las-vegas-aces,Las Vegas,Aces,LV,Las Vegas Aces,Aces,a7a8aa,000000,https://a.espncdn.com/i/teamlogos/wnba/500/lv.png,88,12,26,23
401620321,2024,2,2024-06-29,2024-06-29 14:00:00-04:00,17,s:40~l:59~t:17,las-vegas-aces,Las Vegas,ACES,LV,Las Vegas Aces,Aces,a7a8aa,000000,https://a.espncdn.com/i/teamlogos/wnba/500/lv.png,away,88,True,20,4,29,48.0,30,63,0,17,79.0,19,24,11,5,3,1,0,36.0,9,25,34,0,13,12,16,s:40~l:59~t:16,washington-mystics,Washington,Mystics,WSH,Washington Mystics,Mystics,e03a3e,002b5c,https://a.espncdn.com/i/teamlogos/wnba/500/wsh.png,77,6,32,16
401620322,2024,2,2024-06-29,2024-06-29 21:00:00-04:00,14,s:40~l:59~t:14,seattle-storm,Seattle,STORM,SEA,Seattle Storm,Storm,2c5235,fee11a,https://a.espncdn.com/i/teamlogos/wnba/500/sea.png,home,97,True,22,6,25,49.0,32,65,0,14,93.0,28,30,23,10,11,1,0,29.0,5,17,35,0,15,14,3,s:40~l:59~t:3,dallas-wings,Dallas,Wings,DAL,Dallas Wings,Wings,002b5c,c4d600,https://a.espncdn.com/guid/34946ff8-281e-c57d-bb76-37fb1ebe3ec6/logos/default.png,76,14,48,19
401620322,2024,2,2024-06-29,2024-06-29 21:00:00-04:00,3,s:40~l:59~t:3,dallas-wings,Dallas,WINGS,DAL,Dallas Wings,Wings,002b5c,c4d600,https://a.espncdn.com/guid/34946ff8-281e-c57d-bb76-37fb1ebe3ec6/logos/default.png,away,76,False,18,2,24,46.0,32,70,0,21,43.0,6,14,5,8,12,1,0,33.0,6,18,32,0,19,18,14,s:40~l:59~t:14,seattle-storm,Seattle,Storm,SEA,Seattle Storm,Storm,2c5235,fee11a,https://a.espncdn.com/i/teamlogos/wnba/500/sea.png,97,9,42,23
401620324,2024,2,2024-06-30,2024-06-30 15:00:00-04:00,8,s:40~l:59~t:8,minnesota-lynx,Minnesota,LYNX,MIN,Minnesota Lynx,Lynx,266092,79bc43,https://a.espncdn.com/i/teamlogos/wnba/500/min.png,away,70,True,23,9,34,38.0,25,65,0,15,78.0,14,18,9,6,11,0,0,25.0,6,24,40,0,18,18,19,s:40~l:59~t:19,chicago-sky,Chicago,Sky,CHI,Chicago Sky,Sky,5091cd,ffd520,https://a.espncdn.com/i/teamlogos/wnba/500/chi.png,62,11,24,15
401620324,2024,2,2024-06-30,2024-06-30 15:00:00-04:00,19,s:40~l:59~t:19,chicago-sky,Chicago,SKY,CHI,Chicago Sky,Sky,5091cd,ffd520,https://a.espncdn.com/i/teamlogos/wnba/500/chi.png,home,62,False,14,3,28,30.0,25,82,0,21,50.0,7,14,10,16,9,0,0,28.0,5,18,44,0,14,14,8,s:40~l:59~t:8,minnesota-lynx,Minnesota,Lynx,MIN,Minnesota Lynx,Lynx,266092,79bc43,https://a.espncdn.com/i/teamlogos/wnba/500/min.png,70,8,36,14
401620323,2024,2,2024-06-30,2024-06-30 13:00:00-04:00,20,s:40~l:59~t:20,atlanta-dream,Atlanta,DREAM,ATL,Atlanta Dream,Dream,e31837,5091cc,https://a.espncdn.com/i/teamlogos/wnba/500/atl.png,away,75,False,16,2,33,48.0,29,60,0,15,85.0,11,13,16,4,2,3,0,35.0,6,17,37,0,18,15,9,s:40~l:59~t:9,new-york-liberty,New York,Liberty,NY,New York Liberty,Liberty,86cebc,000000,https://a.espncdn.com/i/teamlogos/wnba/500/ny.png,81,12,36,22
401620325,2024,2,2024-06-30,2024-06-30 15:00:00-04:00,11,s:40~l:59~t:11,phoenix-mercury,Phoenix,MERCURY,PHX,Phoenix Mercury,Mercury,3c286e,fa4b0a,https://a.espncdn.com/i/teamlogos/wnba/500/phx.png,home,82,False,18,1,22,40.0,27,68,1,25,83.0,20,24,15,6,9,1,3,29.0,8,28,28,3,13,12,5,s:40~l:59~t:5,indiana-fever,Indiana,Fever,IND,Indiana Fever,Fever,002d62,e03a3e,https://a.espncdn.com/i/teamlogos/wnba/500/ind.png,88,5,30,19
401620323,2024,2,2024-06-30,2024-06-30 13:00:00-04:00,9,s:40~l:59~t:9,new-york-liberty,New York,LIBERTY,NY,New York Liberty,Liberty,86cebc,000000,https://a.espncdn.com/i/teamlogos/wnba/500/ny.png,home,81,True,25,2,23,39.0,28,71,0,14,75.0,12,16,11,5,8,2,0,33.0,13,39,28,0,7,5,20,s:40~l:59~t:20,atlanta-dream,Atlanta,Dream,ATL,Atlanta Dream,Dream,e31837,5091cc,https://a.espncdn.com/i/teamlogos/wnba/500/atl.png,75,7,28,8
401620325,2024,2,2024-06-30,2024-06-30 15:00:00-04:00,5,s:40~l:59~t:5,indiana-fever,Indiana,FEVER,IND,Indiana Fever,Fever,002d62,e03a3e,https://a.espncdn.com/i/teamlogos/wnba/500/ind.png,away,88,True,20,2,33,44.0,28,63,1,24,77.0,24,31,10,9,5,2,2,29.0,8,28,42,2,16,14,11,s:40~l:59~t:11,phoenix-mercury,Phoenix,Mercury,PHX,Phoenix Mercury,Mercury,3c286e,fa4b0a,https://a.espncdn.com/i/teamlogos/wnba/500/phx.png,82,20,34,15
401620327,2024,2,2024-07-01,2024-07-01 22:00:00-04:00,14,s:40~l:59~t:14,seattle-storm,Seattle,STORM,SEA,Seattle Storm,Storm,2c5235,fee11a,https://a.espncdn.com/i/teamlogos/wnba/500/sea.png,home,95,True,22,3,22,45.0,32,71,0,17,85.0,23,27,31,11,11,0,0,32.0,8,25,33,0,14,14,3,s:40~l:59~t:3,dallas-wings,Dallas,Wings,DAL,Dallas Wings,Wings,002b5c,c4d600,https://a.espncdn.com/guid/34946ff8-281e-c57d-bb76-37fb1ebe3ec6/logos/default.png,71,14,40,11
401620327,2024,2,2024-07-01,2024-07-01 22:00:00-04:00,3,s:40~l:59~t:3,dallas-wings,Dallas,WINGS,DAL,Dallas Wings,Wings,002b5c,c4d600,https://a.espncdn.com/guid/34946ff8-281e-c57d-bb76-37fb1ebe3ec6/logos/default.png,away,71,False,18,2,23,42.0,26,62,1,19,79.0,15,19,5,8,11,3,2,24.0,4,17,31,2,18,15,14,s:40~l:59~t:14,seattle-storm,Seattle,Storm,SEA,Seattle Storm,Storm,2c5235,fee11a,https://a.espncdn.com/i/teamlogos/wnba/500/sea.png,95,4,38,24
401620326,2024,2,2024-07-01,2024-07-01 22:00:00-04:00,11,s:40~l:59~t:11,phoenix-mercury,Phoenix,MERCURY,PHX,Phoenix Mercury,Mercury,3c286e,fa4b0a,https://a.espncdn.com/i/teamlogos/wnba/500/phx.png,home,72,False,19,2,16,43.0,26,60,0,20,94.0,17,18,4,2,5,2,0,18.0,3,17,18,0,8,6,18,s:40~l:59~t:18,connecticut-sun,Connecticut,Sun,CON,Connecticut Sun,Sun,f05023,0a2240,https://a.espncdn.com/guid/7c72e7ee-5064-b766-2b39-95b57e3d9a08/logos/default.png,83,2,42,10
401620326,2024,2,2024-07-01,2024-07-01 22:00:00-04:00,18,s:40~l:59~t:18,connecticut-sun,Connecticut,SUN,CON,Connecticut Sun,Sun,f05023,0a2240,https://a.espncdn.com/guid/7c72e7ee-5064-b766-2b39-95b57e3d9a08/logos/default.png,away,83,True,17,3,25,47.0,28,59,0,15,96.0,22,23,13,12,2,3,0,25.0,5,20,37,0,14,11,11,s:40~l:59~t:11,phoenix-mercury,Phoenix,Mercury,PHX,Phoenix Mercury,Mercury,3c286e,fa4b0a,https://a.espncdn.com/i/teamlogos/wnba/500/phx.png,72,8,36,14
401620330,2024,2,2024-07-02,2024-07-02 21:30:00-04:00,5,s:40~l:59~t:5,indiana-fever,Indiana,FEVER,IND,Indiana Fever,Fever,002d62,e03a3e,https://a.espncdn.com/i/teamlogos/wnba/500/ind.png,away,69,False,19,4,31,36.0,28,77,0,18,54.0,7,13,2,13,5,1,0,23.0,6,26,44,0,16,15,17,s:40~l:59~t:17,las-vegas-aces,Las Vegas,Aces,LV,Las Vegas Aces,Aces,a7a8aa,000000,https://a.espncdn.com/i/teamlogos/wnba/500/lv.png,88,8,38,19
401620331,2024,2,2024-07-02,2024-07-02 22:00:00-04:00,6,s:40~l:59~t:6,los-angeles-sparks,Los Angeles,SPARKS,LA,Los Angeles Sparks,Sparks,552583,fdb927,https://a.espncdn.com/i/teamlogos/wnba/500/la.png,home,80,False,22,1,25,47.0,28,60,0,22,61.0,11,18,14,7,5,1,0,43.0,13,30,32,0,15,14,16,s:40~l:59~t:16,washington-mystics,Washington,Mystics,WSH,Washington Mystics,Mystics,e03a3e,002b5c,https://a.espncdn.com/i/teamlogos/wnba/500/wsh.png,82,9,30,18
401620330,2024,2,2024-07-02,2024-07-02 21:30:00-04:00,17,s:40~l:59~t:17,las-vegas-aces,Las Vegas,ACES,LV,Las Vegas Aces,Aces,a7a8aa,000000,https://a.espncdn.com/i/teamlogos/wnba/500/lv.png,home,88,True,24,7,31,45.0,32,71,0,15,88.0,15,17,19,7,7,0,0,36.0,9,25,38,0,10,10,5,s:40~l:59~t:5,indiana-fever,Indiana,Fever,IND,Indiana Fever,Fever,002d62,e03a3e,https://a.espncdn.com/i/teamlogos/wnba/500/ind.png,69,11,32,6
401620331,2024,2,2024-07-02,2024-07-02 22:00:00-04:00,16,s:40~l:59~t:16,washington-mystics,Washington,MYSTICS,WSH,Washington Mystics,Mystics,e03a3e,002b5c,https://a.espncdn.com/i/teamlogos/wnba/500/wsh.png,away,82,True,22,2,26,48.0,32,67,0,16,60.0,6,10,5,6,5,0,0,46.0,12,26,32,0,12,12,6,s:40~l:59~t:6,los-angeles-sparks,Los Angeles,Sparks,LA,Los Angeles Sparks,Sparks,552583,fdb927,https://a.espncdn.com/i/teamlogos/wnba/500/la.png,80,9,36,18
401620328,2024,2,2024-07-02,2024-07-02 19:00:00-04:00,9,s:40~l:59~t:9,new-york-liberty,New York,LIBERTY,NY,New York Liberty,Liberty,86cebc,000000,https://a.espncdn.com/i/teamlogos/wnba/500/ny.png,home,76,True,17,5,35,37.0,28,75,0,11,81.0,13,16,11,10,6,2,1,22.0,7,32,45,1,10,8,8,s:40~l:59~t:8,minnesota-lynx,Minnesota,Lynx,MIN,Minnesota Lynx,Lynx,266092,79bc43,https://a.espncdn.com/i/teamlogos/wnba/500/min.png,67,10,38,6
401620329,2024,2,2024-07-02,2024-07-02 19:00:00-04:00,19,s:40~l:59~t:19,chicago-sky,Chicago,SKY,CHI,Chicago Sky,Sky,5091cd,ffd520,https://a.espncdn.com/i/teamlogos/wnba/500/chi.png,away,85,True,20,4,24,47.0,33,70,0,17,72.0,13,18,8,10,6,1,0,43.0,6,14,34,0,11,10,20,s:40~l:59~t:20,atlanta-dream,Atlanta,Dream,ATL,Atlanta Dream,Dream,e31837,5091cc,https://a.espncdn.com/i/teamlogos/wnba/500/atl.png,77,12,44,13
401620329,2024,2,2024-07-02,2024-07-02 19:00:00-04:00,20,s:40~l:59~t:20,atlanta-dream,Atlanta,DREAM,ATL,Atlanta Dream,Dream,e31837,5091cc,https://a.espncdn.com/i/teamlogos/wnba/500/atl.png,home,77,False,27,2,26,44.0,30,68,0,17,63.0,10,16,6,11,6,0,0,32.0,7,22,37,0,18,18,19,s:40~l:59~t:19,chicago-sky,Chicago,Sky,CHI,Chicago Sky,Sky,5091cd,ffd520,https://a.espncdn.com/i/teamlogos/wnba/500/chi.png,85,13,36,22
401620328,2024,2,2024-07-02,2024-07-02 19:00:00-04:00,8,s:40~l:59~t:8,minnesota-lynx,Minnesota,LYNX,MIN,Minnesota Lynx,Lynx,266092,79bc43,https://a.espncdn.com/i/teamlogos/wnba/500/min.png,away,67,False,23,2,31,39.0,26,67,0,13,70.0,7,10,7,6,4,2,0,30.0,8,27,37,0,11,9,9,s:40~l:59~t:9,new-york-liberty,New York,Liberty,NY,New York Liberty,Liberty,86cebc,000000,https://a.espncdn.com/i/teamlogos/wnba/500/ny.png,76,2,32,7
401620332,2024,2,2024-07-03,2024-07-03 20:00:00-04:00,3,s:40~l:59~t:3,dallas-wings,Dallas,WINGS,DAL,Dallas Wings,Wings,002b5c,c4d600,https://a.espncdn.com/guid/34946ff8-281e-c57d-bb76-37fb1ebe3ec6/logos/default.png,home,96,False,20,2,21,49.0,33,67,0,20,74.0,25,34,2,13,6,1,0,29.0,5,17,34,0,11,10,11,s:40~l:59~t:11,phoenix-mercury,Phoenix,Mercury,PHX,Phoenix Mercury,Mercury,3c286e,fa4b0a,https://a.espncdn.com/i/teamlogos/wnba/500/phx.png,104,11,42,18
401620332,2024,2,2024-07-03,2024-07-03 20:00:00-04:00,11,s:40~l:59~t:11,phoenix-mercury,Phoenix,MERCURY,PHX,Phoenix Mercury,Mercury,3c286e,fa4b0a,https://a.espncdn.com/i/teamlogos/wnba/500/phx.png,away,104,True,22,3,19,55.0,36,65,0,23,91.0,21,23,18,5,6,0,1,48.0,11,23,24,1,9,9,3,s:40~l:59~t:3,dallas-wings,Dallas,Wings,DAL,Dallas Wings,Wings,002b5c,c4d600,https://a.espncdn.com/guid/34946ff8-281e-c57d-bb76-37fb1ebe3ec6/logos/default.png,96,5,36,18
401620334,2024,2,2024-07-04,2024-07-04 22:00:00-04:00,17,s:40~l:59~t:17,las-vegas-aces,Las Vegas,ACES,LV,Las Vegas Aces,Aces,a7a8aa,000000,https://a.espncdn.com/i/teamlogos/wnba/500/lv.png,home,98,True,31,3,32,59.0,38,64,0,20,100.0,11,11,32,4,8,1,0,48.0,11,23,36,0,19,18,16,s:40~l:59~t:16,washington-mystics,Washington,Mystics,WSH,Washington Mystics,Mystics,e03a3e,002b5c,https://a.espncdn.com/i/teamlogos/wnba/500/wsh.png,77,19,46,19
401620334,2024,2,2024-07-04,2024-07-04 22:00:00-04:00,16,s:40~l:59~t:16,washington-mystics,Washington,MYSTICS,WSH,Washington Mystics,Mystics,e03a3e,002b5c,https://a.espncdn.com/i/teamlogos/wnba/500/wsh.png,away,77,False,23,4,20,39.0,27,70,0,9,70.0,14,20,3,8,8,0,2,41.0,9,22,28,2,15,15,17,s:40~l:59~t:17,las-vegas-aces,Las Vegas,Aces,LV,Las Vegas Aces,Aces,a7a8aa,000000,https://a.espncdn.com/i/teamlogos/wnba/500/lv.png,98,9,24,16
401620333,2024,2,2024-07-04,2024-07-04 20:00:00-04:00,8,s:40~l:59~t:8,minnesota-lynx,Minnesota,LYNX,MIN,Minnesota Lynx,Lynx,266092,79bc43,https://a.espncdn.com/i/teamlogos/wnba/500/min.png,home,73,False,23,4,21,45.0,28,62,0,17,44.0,4,9,10,7,8,0,0,52.0,13,25,28,0,18,18,18,s:40~l:59~t:18,connecticut-sun,Connecticut,Sun,CON,Connecticut Sun,Sun,f05023,0a2240,https://a.espncdn.com/guid/7c72e7ee-5064-b766-2b39-95b57e3d9a08/logos/default.png,78,10,20,26
401620333,2024,2,2024-07-04,2024-07-04 20:00:00-04:00,18,s:40~l:59~t:18,connecticut-sun,Connecticut,SUN,CON,Connecticut Sun,Sun,f05023,0a2240,https://a.espncdn.com/guid/7c72e7ee-5064-b766-2b39-95b57e3d9a08/logos/default.png,away,78,True,23,4,27,45.0,30,66,0,10,92.0,12,13,11,8,10,2,0,40.0,6,15,35,0,16,14,8,s:40~l:59~t:8,minnesota-lynx,Minnesota,Lynx,MIN,Minnesota Lynx,Lynx,266092,79bc43,https://a.espncdn.com/i/teamlogos/wnba/500/min.png,73,9,30,22
401620335,2024,2,2024-07-05,2024-07-05 19:30:00-04:00,3,s:40~l:59~t:3,dallas-wings,Dallas,WINGS,DAL,Dallas Wings,Wings,002b5c,c4d600,https://a.espncdn.com/guid/34946ff8-281e-c57d-bb76-37fb1ebe3ec6/logos/default.png,home,85,True,21,5,20,45.0,31,69,0,16,73.0,16,22,7,7,16,1,2,33.0,7,21,27,2,19,18,20,s:40~l:59~t:20,atlanta-dream,Atlanta,Dream,ATL,Atlanta Dream,Dream,e31837,5091cc,https://a.espncdn.com/i/teamlogos/wnba/500/atl.png,82,11,38,14
401620335,2024,2,2024-07-05,2024-07-05 19:30:00-04:00,20,s:40~l:59~t:20,atlanta-dream,Atlanta,DREAM,ATL,Atlanta Dream,Dream,e31837,5091cc,https://a.espncdn.com/i/teamlogos/wnba/500/atl.png,away,82,False,23,6,24,56.0,34,61,0,21,67.0,12,18,4,6,8,1,1,33.0,2,6,30,1,29,28,3,s:40~l:59~t:3,dallas-wings,Dallas,Wings,DAL,Dallas Wings,Wings,002b5c,c4d600,https://a.espncdn.com/guid/34946ff8-281e-c57d-bb76-37fb1ebe3ec6/logos/default.png,85,12,56,38
401620337,2024,2,2024-07-05,2024-07-05 22:00:00-04:00,14,s:40~l:59~t:14,seattle-storm,Seattle,STORM,SEA,Seattle Storm,Storm,2c5235,fee11a,https://a.espncdn.com/i/teamlogos/wnba/500/sea.png,home,84,False,24,9,19,45.0,30,66,0,17,81.0,21,26,8,8,7,2,0,16.0,3,19,27,0,15,13,19,s:40~l:59~t:19,chicago-sky,Chicago,Sky,CHI,Chicago Sky,Sky,5091cd,ffd520,https://a.espncdn.com/i/teamlogos/wnba/500/chi.png,88,21,46,17
401620337,2024,2,2024-07-05,2024-07-05 22:00:00-04:00,19,s:40~l:59~t:19,chicago-sky,Chicago,SKY,CHI,Chicago Sky,Sky,5091cd,ffd520,https://a.espncdn.com/i/teamlogos/wnba/500/chi.png,away,88,True,21,5,23,47.0,34,72,1,22,71.0,15,21,9,14,7,3,0,36.0,5,14,37,0,14,11,14,s:40~l:59~t:14,seattle-storm,Seattle,Storm,SEA,Seattle Storm,Storm,2c5235,fee11a,https://a.espncdn.com/i/teamlogos/wnba/500/sea.png,84,9,50,15
401620336,2024,2,2024-07-05,2024-07-05 22:00:00-04:00,6,s:40~l:59~t:6,los-angeles-sparks,Los Angeles,SPARKS,LA,Los Angeles Sparks,Sparks,552583,fdb927,https://a.espncdn.com/i/teamlogos/wnba/500/la.png,home,98,True,23,3,28,37.0,32,86,0,16,72.0,23,32,15,11,6,0,1,35.0,11,31,39,1,3,3,17,s:40~l:59~t:17,las-vegas-aces,Las Vegas,Aces,LV,Las Vegas Aces,Aces,a7a8aa,000000,https://a.espncdn.com/i/teamlogos/wnba/500/lv.png,93,7,40,5
401620336,2024,2,2024-07-05,2024-07-05 22:00:00-04:00,17,s:40~l:59~t:17,las-vegas-aces,Las Vegas,ACES,LV,Las Vegas Aces,Aces,a7a8aa,000000,https://a.espncdn.com/i/teamlogos/wnba/500/lv.png,away,93,False,24,8,40,48.0,32,67,0,29,91.0,20,22,7,3,1,1,1,38.0,9,24,43,1,12,11,6,s:40~l:59~t:6,los-angeles-sparks,Los Angeles,Sparks,LA,Los Angeles Sparks,Sparks,552583,fdb927,https://a.espncdn.com/i/teamlogos/wnba/500/la.png,98,13,36,17
401620339,2024,2,2024-07-06,2024-07-06 20:00:00-04:00,16,s:40~l:59~t:16,washington-mystics,Washington,MYSTICS,WSH,Washington Mystics,Mystics,e03a3e,002b5c,https://a.espncdn.com/i/teamlogos/wnba/500/wsh.png,away,67,False,19,1,26,42.0,25,60,0,14,77.0,10,13,7,6,7,0,0,25.0,7,28,32,0,18,18,8,s:40~l:59~t:8,minnesota-lynx,Minnesota,Lynx,MIN,Minnesota Lynx,Lynx,266092,79bc43,https://a.espncdn.com/i/teamlogos/wnba/500/min.png,74,12,24,17
401620338,2024,2,2024-07-06,2024-07-06 13:00:00-04:00,5,s:40~l:59~t:5,indiana-fever,Indiana,FEVER,IND,Indiana Fever,Fever,002d62,e03a3e,https://a.espncdn.com/i/teamlogos/wnba/500/ind.png,home,83,True,20,2,34,48.0,32,67,0,15,86.0,12,14,12,7,6,5,0,29.0,7,24,41,0,15,10,9,s:40~l:59~t:9,new-york-liberty,New York,Liberty,NY,New York Liberty,Liberty,86cebc,000000,https://a.espncdn.com/i/teamlogos/wnba/500/ny.png,78,9,42,17
401620338,2024,2,2024-07-06,2024-07-06 13:00:00-04:00,9,s:40~l:59~t:9,new-york-liberty,New York,LIBERTY,NY,New York Liberty,Liberty,86cebc,000000,https://a.espncdn.com/i/teamlogos/wnba/500/ny.png,away,78,False,20,1,23,41.0,29,71,0,11,63.0,10,16,11,8,7,1,1,24.0,10,42,31,1,10,9,5,s:40~l:59~t:5,indiana-fever,Indiana,Fever,IND,Indiana Fever,Fever,002d62,e03a3e,https://a.espncdn.com/i/teamlogos/wnba/500/ind.png,83,14,30,12
401620339,2024,2,2024-07-06,2024-07-06 20:00:00-04:00,8,s:40~l:59~t:8,minnesota-lynx,Minnesota,LYNX,MIN,Minnesota Lynx,Lynx,266092,79bc43,https://a.espncdn.com/i/teamlogos/wnba/500/min.png,home,74,True,20,3,25,39.0,27,70,0,17,71.0,10,14,14,13,9,1,0,36.0,10,28,38,0,14,13,16,s:40~l:59~t:16,washington-mystics,Washington,Mystics,WSH,Washington Mystics,Mystics,e03a3e,002b5c,https://a.espncdn.com/i/teamlogos/wnba/500/wsh.png,67,15,22,15
401620340,2024,2,2024-07-07,2024-07-07 13:00:00-04:00,18,s:40~l:59~t:18,connecticut-sun,Connecticut,SUN,CON,Connecticut Sun,Sun,f05023,0a2240,https://a.espncdn.com/guid/7c72e7ee-5064-b766-2b39-95b57e3d9a08/logos/default.png,home,80,True,20,3,25,44.0,28,64,1,14,74.0,14,19,20,11,4,2,0,43.0,10,23,36,0,9,7,20,s:40~l:59~t:20,atlanta-dream,Atlanta,Dream,ATL,Atlanta Dream,Dream,e31837,5091cc,https://a.espncdn.com/i/teamlogos/wnba/500/atl.png,67,5,26,14
401620340,2024,2,2024-07-07,2024-07-07 13:00:00-04:00,20,s:40~l:59~t:20,atlanta-dream,Atlanta,DREAM,ATL,Atlanta Dream,Dream,e31837,5091cc,https://a.espncdn.com/i/teamlogos/wnba/500/atl.png,away,67,False,16,4,22,41.0,24,59,0,18,79.0,15,19,4,9,4,3,0,40.0,4,10,31,0,13,10,18,s:40~l:59~t:18,connecticut-sun,Connecticut,Sun,CON,Connecticut Sun,Sun,f05023,0a2240,https://a.espncdn.com/guid/7c72e7ee-5064-b766-2b39-95b57e3d9a08/logos/default.png,80,6,28,14
401620341,2024,2,2024-07-07,2024-07-07 15:30:00-04:00,17,s:40~l:59~t:17,las-vegas-aces,Las Vegas,ACES,LV,Las Vegas Aces,Aces,a7a8aa,000000,https://a.espncdn.com/i/teamlogos/wnba/500/lv.png,home,104,True,23,6,30,46.0,37,81,0,14,84.0,16,19,22,10,6,0,2,39.0,14,36,40,2,9,9,3,s:40~l:59~t:3,dallas-wings,Dallas,Wings,DAL,Dallas Wings,Wings,002b5c,c4d600,https://a.espncdn.com/guid/34946ff8-281e-c57d-bb76-37fb1ebe3ec6/logos/default.png,85,11,38,8
401620341,2024,2,2024-07-07,2024-07-07 15:30:00-04:00,3,s:40~l:59~t:3,dallas-wings,Dallas,WINGS,DAL,Dallas Wings,Wings,002b5c,c4d600,https://a.espncdn.com/guid/34946ff8-281e-c57d-bb76-37fb1ebe3ec6/logos/default.png,away,85,False,19,4,28,46.0,35,76,0,18,69.0,9,13,4,9,6,0,1,30.0,6,20,37,1,13,13,17,s:40~l:59~t:17,las-vegas-aces,Las Vegas,Aces,LV,Las Vegas Aces,Aces,a7a8aa,000000,https://a.espncdn.com/i/teamlogos/wnba/500/lv.png,104,11,46,18
401620342,2024,2,2024-07-07,2024-07-07 18:00:00-04:00,14,s:40~l:59~t:14,seattle-storm,Seattle,STORM,SEA,Seattle Storm,Storm,2c5235,fee11a,https://a.espncdn.com/i/teamlogos/wnba/500/sea.png,home,84,True,24,7,29,42.0,29,69,0,15,83.0,20,24,15,7,4,1,0,32.0,6,19,36,0,11,10,19,s:40~l:59~t:19,chicago-sky,Chicago,Sky,CHI,Chicago Sky,Sky,5091cd,ffd520,https://a.espncdn.com/i/teamlogos/wnba/500/chi.png,71,14,42,10
401620342,2024,2,2024-07-07,2024-07-07 18:00:00-04:00,19,s:40~l:59~t:19,chicago-sky,Chicago,SKY,CHI,Chicago Sky,Sky,5091cd,ffd520,https://a.espncdn.com/i/teamlogos/wnba/500/chi.png,away,71,False,20,9,27,37.0,29,78,1,18,83.0,10,12,10,11,8,3,1,21.0,3,14,38,1,13,10,14,s:40~l:59~t:14,seattle-storm,Seattle,Storm,SEA,Seattle Storm,Storm,2c5235,fee11a,https://a.espncdn.com/i/teamlogos/wnba/500/sea.png,84,17,46,13
401620343,2024,2,2024-07-07,2024-07-07 19:00:00-04:00,6,s:40~l:59~t:6,los-angeles-sparks,Los Angeles,SPARKS,LA,Los Angeles Sparks,Sparks,552583,fdb927,https://a.espncdn.com/i/teamlogos/wnba/500/la.png,home,78,False,25,2,19,39.0,29,75,0,24,79.0,15,19,3,10,6,1,0,21.0,5,24,29,0,10,9,11,s:40~l:59~t:11,phoenix-mercury,Phoenix,Mercury,PHX,Phoenix Mercury,Mercury,3c286e,fa4b0a,https://a.espncdn.com/i/teamlogos/wnba/500/phx.png,84,2,44,15
401620343,2024,2,2024-07-07,2024-07-07 19:00:00-04:00,11,s:40~l:59~t:11,phoenix-mercury,Phoenix,MERCURY,PHX,Phoenix Mercury,Mercury,3c286e,fa4b0a,https://a.espncdn.com/i/teamlogos/wnba/500/phx.png,away,84,True,16,5,31,46.0,27,59,0,23,82.0,23,28,10,7,3,0,0,33.0,7,21,38,0,16,16,6,s:40~l:59~t:6,los-angeles-sparks,Los Angeles,Sparks,LA,Los Angeles Sparks,Sparks,552583,fdb927,https://a.espncdn.com/i/teamlogos/wnba/500/la.png,78,4,30,17
401620344,2024,2,2024-07-09,2024-07-09 22:00:00-04:00,6,s:40~l:59~t:6,los-angeles-sparks,Los Angeles,SPARKS,LA,Los Angeles Sparks,Sparks,552583,fdb927,https://a.espncdn.com/i/teamlogos/wnba/500/la.png,home,67,False,17,5,25,41.0,23,56,0,20,95.0,18,19,0,4,3,2,0,15.0,3,20,29,0,20,18,8,s:40~l:59~t:8,minnesota-lynx,Minnesota,Lynx,MIN,Minnesota Lynx,Lynx,266092,79bc43,https://a.espncdn.com/i/teamlogos/wnba/500/min.png,82,7,36,22
401620344,2024,2,2024-07-09,2024-07-09 22:00:00-04:00,8,s:40~l:59~t:8,minnesota-lynx,Minnesota,LYNX,MIN,Minnesota Lynx,Lynx,266092,79bc43,https://a.espncdn.com/i/teamlogos/wnba/500/min.png,away,82,True,23,3,23,49.0,32,65,0,22,90.0,9,10,25,4,11,5,0,50.0,9,18,27,0,14,9,6,s:40~l:59~t:6,los-angeles-sparks,Los Angeles,Sparks,LA,Los Angeles Sparks,Sparks,552583,fdb927,https://a.espncdn.com/i/teamlogos/wnba/500/la.png,67,14,34,6
401620346,2024,2,2024-07-10,2024-07-10 12:00:00-04:00,16,s:40~l:59~t:16,washington-mystics,Washington,MYSTICS,WSH,Washington Mystics,Mystics,e03a3e,002b5c,https://a.espncdn.com/i/teamlogos/wnba/500/wsh.png,away,89,True,23,3,21,44.0,33,75,0,18,84.0,16,19,22,10,8,0,0,35.0,7,20,31,0,16,16,5,s:40~l:59~t:5,indiana-fever,Indiana,Fever,IND,Indiana Fever,Fever,002d62,e03a3e,https://a.espncdn.com/i/teamlogos/wnba/500/ind.png,84,9,38,21
401620347,2024,2,2024-07-10,2024-07-10 12:00:00-04:00,20,s:40~l:59~t:20,atlanta-dream,Atlanta,DREAM,ATL,Atlanta Dream,Dream,e31837,5091cc,https://a.espncdn.com/i/teamlogos/wnba/500/atl.png,away,69,False,19,5,31,41.0,28,69,0,11,69.0,11,16,6,5,6,2,1,20.0,2,10,36,1,16,14,19,s:40~l:59~t:19,chicago-sky,Chicago,Sky,CHI,Chicago Sky,Sky,5091cd,ffd520,https://a.espncdn.com/i/teamlogos/wnba/500/chi.png,78,9,40,21
401620348,2024,2,2024-07-10,2024-07-10 15:00:00-04:00,14,s:40~l:59~t:14,seattle-storm,Seattle,STORM,SEA,Seattle Storm,Storm,2c5235,fee11a,https://a.espncdn.com/i/teamlogos/wnba/500/sea.png,home,79,False,19,1,30,40.0,31,77,0,14,88.0,14,16,8,10,4,0,1,18.0,3,17,40,1,13,13,17,s:40~l:59~t:17,las-vegas-aces,Las Vegas,Aces,LV,Las Vegas Aces,Aces,a7a8aa,000000,https://a.espncdn.com/i/teamlogos/wnba/500/lv.png,84,10,46,16
401620345,2024,2,2024-07-10,2024-07-10 11:00:00-04:00,9,s:40~l:59~t:9,new-york-liberty,New York,LIBERTY,NY,New York Liberty,Liberty,86cebc,000000,https://a.espncdn.com/i/teamlogos/wnba/500/ny.png,away,71,True,22,6,32,49.0,28,57,0,17,75.0,12,16,14,1,5,1,0,23.0,3,13,33,0,10,9,18,s:40~l:59~t:18,connecticut-sun,Connecticut,Sun,CON,Connecticut Sun,Sun,f05023,0a2240,https://a.espncdn.com/guid/7c72e7ee-5064-b766-2b39-95b57e3d9a08/logos/default.png,68,9,40,14
401620345,2024,2,2024-07-10,2024-07-10 11:00:00-04:00,18,s:40~l:59~t:18,connecticut-sun,Connecticut,SUN,CON,Connecticut Sun,Sun,f05023,0a2240,https://a.espncdn.com/guid/7c72e7ee-5064-b766-2b39-95b57e3d9a08/logos/default.png,home,68,False,19,2,28,36.0,24,67,0,16,88.0,14,16,1,7,1,1,0,35.0,6,17,35,0,10,9,9,s:40~l:59~t:9,new-york-liberty,New York,Liberty,NY,New York Liberty,Liberty,86cebc,000000,https://a.espncdn.com/i/teamlogos/wnba/500/ny.png,71,9,26,14
401620347,2024,2,2024-07-10,2024-07-10 12:00:00-04:00,19,s:40~l:59~t:19,chicago-sky,Chicago,SKY,CHI,Chicago Sky,Sky,5091cd,ffd520,https://a.espncdn.com/i/teamlogos/wnba/500/chi.png,home,78,True,22,8,35,43.0,32,74,0,13,62.0,8,13,9,8,11,1,0,35.0,6,17,43,0,11,10,20,s:40~l:59~t:20,atlanta-dream,Atlanta,Dream,ATL,Atlanta Dream,Dream,e31837,5091cc,https://a.espncdn.com/i/teamlogos/wnba/500/atl.png,69,15,44,11
401620348,2024,2,2024-07-10,2024-07-10 15:00:00-04:00,17,s:40~l:59~t:17,las-vegas-aces,Las Vegas,ACES,LV,Las Vegas Aces,Aces,a7a8aa,000000,https://a.espncdn.com/i/teamlogos/wnba/500/lv.png,away,84,True,21,5,34,43.0,30,70,0,14,95.0,19,20,9,4,7,1,0,22.0,5,23,38,0,10,9,14,s:40~l:59~t:14,seattle-storm,Seattle,Storm,SEA,Seattle Storm,Storm,2c5235,fee11a,https://a.espncdn.com/i/teamlogos/wnba/500/sea.png,79,12,36,14
401620346,2024,2,2024-07-10,2024-07-10 12:00:00-04:00,5,s:40~l:59~t:5,indiana-fever,Indiana,FEVER,IND,Indiana Fever,Fever,002d62,e03a3e,https://a.espncdn.com/i/teamlogos/wnba/500/ind.png,home,84,False,18,7,27,53.0,31,58,0,21,82.0,14,17,5,2,9,2,0,32.0,8,25,29,0,23,21,16,s:40~l:59~t:16,washington-mystics,Washington,Mystics,WSH,Washington Mystics,Mystics,e03a3e,002b5c,https://a.espncdn.com/i/teamlogos/wnba/500/wsh.png,89,26,42,23
401620349,2024,2,2024-07-10,2024-07-10 15:30:00-04:00,3,s:40~l:59~t:3,dallas-wings,Dallas,WINGS,DAL,Dallas Wings,Wings,002b5c,c4d600,https://a.espncdn.com/guid/34946ff8-281e-c57d-bb76-37fb1ebe3ec6/logos/default.png,away,84,False,25,1,19,50.0,32,64,1,18,72.0,13,18,11,7,5,1,1,37.0,7,19,26,1,15,14,11,s:40~l:59~t:11,phoenix-mercury,Phoenix,Mercury,PHX,Phoenix Mercury,Mercury,3c286e,fa4b0a,https://a.espncdn.com/i/teamlogos/wnba/500/phx.png,100,10,38,16
401620349,2024,2,2024-07-10,2024-07-10 15:30:00-04:00,11,s:40~l:59~t:11,phoenix-mercury,Phoenix,MERCURY,PHX,Phoenix Mercury,Mercury,3c286e,fa4b0a,https://a.espncdn.com/i/teamlogos/wnba/500/phx.png,home,100,True,24,6,18,59.0,36,61,0,19,86.0,19,22,24,4,8,2,0,43.0,9,21,22,0,13,11,3,s:40~l:59~t:3,dallas-wings,Dallas,Wings,DAL,Dallas Wings,Wings,002b5c,c4d600,https://a.espncdn.com/guid/34946ff8-281e-c57d-bb76-37fb1ebe3ec6/logos/default.png,84,7,48,18
401620350,2024,2,2024-07-11,2024-07-11 19:00:00-04:00,9,s:40~l:59~t:9,new-york-liberty,New York,LIBERTY,NY,New York Liberty,Liberty,86cebc,000000,https://a.espncdn.com/i/teamlogos/wnba/500/ny.png,home,91,True,25,8,26,48.0,30,63,0,9,90.0,18,20,15,4,8,1,0,57.0,13,23,30,0,8,7,19,s:40~l:59~t:19,chicago-sky,Chicago,Sky,CHI,Chicago Sky,Sky,5091cd,ffd520,https://a.espncdn.com/i/teamlogos/wnba/500/chi.png,76,17,28,10
401620350,2024,2,2024-07-11,2024-07-11 19:00:00-04:00,19,s:40~l:59~t:19,chicago-sky,Chicago,SKY,CHI,Chicago Sky,Sky,5091cd,ffd520,https://a.espncdn.com/i/teamlogos/wnba/500/chi.png,away,76,False,23,1,26,46.0,34,74,0,18,57.0,4,7,13,10,3,1,0,40.0,4,10,36,0,13,12,9,s:40~l:59~t:9,new-york-liberty,New York,Liberty,NY,New York Liberty,Liberty,86cebc,000000,https://a.espncdn.com/i/teamlogos/wnba/500/ny.png,91,2,56,21
401620352,2024,2,2024-07-12,2024-07-12 19:30:00-04:00,5,s:40~l:59~t:5,indiana-fever,Indiana,FEVER,IND,Indiana Fever,Fever,002d62,e03a3e,https://a.espncdn.com/i/teamlogos/wnba/500/ind.png,home,95,True,23,6,27,48.0,39,81,0,16,79.0,11,14,31,15,8,2,0,19.0,6,31,42,0,18,16,11,s:40~l:59~t:11,phoenix-mercury,Phoenix,Mercury,PHX,Phoenix Mercury,Mercury,3c286e,fa4b0a,https://a.espncdn.com/i/teamlogos/wnba/500/phx.png,86,6,60,22
401620352,2024,2,2024-07-12,2024-07-12 19:30:00-04:00,11,s:40~l:59~t:11,phoenix-mercury,Phoenix,MERCURY,PHX,Phoenix Mercury,Mercury,3c286e,fa4b0a,https://a.espncdn.com/i/teamlogos/wnba/500/phx.png,away,86,False,18,6,23,41.0,29,70,0,15,78.0,18,23,0,7,7,0,1,34.0,10,29,30,1,11,11,5,s:40~l:59~t:5,indiana-fever,Indiana,Fever,IND,Indiana Fever,Fever,002d62,e03a3e,https://a.espncdn.com/i/teamlogos/wnba/500/ind.png,95,2,28,11
401620351,2024,2,2024-07-12,2024-07-12 19:30:00-04:00,20,s:40~l:59~t:20,atlanta-dream,Atlanta,DREAM,ATL,Atlanta Dream,Dream,e31837,5091cc,https://a.espncdn.com/i/teamlogos/wnba/500/atl.png,home,70,False,16,4,35,38.0,29,77,0,14,67.0,10,15,3,12,4,1,0,11.0,2,19,47,0,15,14,17,s:40~l:59~t:17,las-vegas-aces,Las Vegas,Aces,LV,Las Vegas Aces,Aces,a7a8aa,000000,https://a.espncdn.com/i/teamlogos/wnba/500/lv.png,84,12,42,20
401620351,2024,2,2024-07-12,2024-07-12 19:30:00-04:00,17,s:40~l:59~t:17,las-vegas-aces,Las Vegas,ACES,LV,Las Vegas Aces,Aces,a7a8aa,000000,https://a.espncdn.com/i/teamlogos/wnba/500/lv.png,away,84,True,22,7,33,41.0,29,70,0,14,82.0,14,17,17,3,8,1,0,41.0,12,29,36,0,10,9,20,s:40~l:59~t:20,atlanta-dream,Atlanta,Dream,ATL,Atlanta Dream,Dream,e31837,5091cc,https://a.espncdn.com/i/teamlogos/wnba/500/atl.png,70,22,16,13
401620353,2024,2,2024-07-12,2024-07-12 22:00:00-04:00,14,s:40~l:59~t:14,seattle-storm,Seattle,STORM,SEA,Seattle Storm,Storm,2c5235,fee11a,https://a.espncdn.com/i/teamlogos/wnba/500/sea.png,home,91,True,29,3,29,46.0,33,71,0,17,94.0,16,17,28,10,8,0,0,35.0,9,26,39,0,11,11,8,s:40~l:59~t:8,minnesota-lynx,Minnesota,Lynx,MIN,Minnesota Lynx,Lynx,266092,79bc43,https://a.espncdn.com/i/teamlogos/wnba/500/min.png,63,8,26,18
401620353,2024,2,2024-07-12,2024-07-12 22:00:00-04:00,8,s:40~l:59~t:8,minnesota-lynx,Minnesota,LYNX,MIN,Minnesota Lynx,Lynx,266092,79bc43,https://a.espncdn.com/i/teamlogos/wnba/500/min.png,away,63,False,14,3,23,31.0,19,62,0,17,78.0,18,23,7,8,8,1,0,23.0,7,30,31,0,16,15,14,s:40~l:59~t:14,seattle-storm,Seattle,Storm,SEA,Seattle Storm,Storm,2c5235,fee11a,https://a.espncdn.com/i/teamlogos/wnba/500/sea.png,91,7,18,13
401620355,2024,2,2024-07-13,2024-07-13 15:30:00-04:00,3,s:40~l:59~t:3,dallas-wings,Dallas,WINGS,DAL,Dallas Wings,Wings,002b5c,c4d600,https://a.espncdn.com/guid/34946ff8-281e-c57d-bb76-37fb1ebe3ec6/logos/default.png,home,81,False,18,8,23,44.0,31,71,0,20,78.0,14,18,7,10,6,1,0,31.0,5,16,33,0,17,16,6,s:40~l:59~t:6,los-angeles-sparks,Los Angeles,Sparks,LA,Los Angeles Sparks,Sparks,552583,fdb927,https://a.espncdn.com/i/teamlogos/wnba/500/la.png,87,12,44,14
401620355,2024,2,2024-07-13,2024-07-13 15:30:00-04:00,6,s:40~l:59~t:6,los-angeles-sparks,Los Angeles,SPARKS,LA,Los Angeles Sparks,Sparks,552583,fdb927,https://a.espncdn.com/i/teamlogos/wnba/500/la.png,away,87,True,24,4,24,50.0,35,70,0,17,79.0,11,14,11,5,11,1,0,43.0,6,14,29,0,13,12,3,s:40~l:59~t:3,dallas-wings,Dallas,Wings,DAL,Dallas Wings,Wings,002b5c,c4d600,https://a.espncdn.com/guid/34946ff8-281e-c57d-bb76-37fb1ebe3ec6/logos/default.png,81,15,54,10
401620354,2024,2,2024-07-13,2024-07-13 13:00:00-04:00,19,s:40~l:59~t:19,chicago-sky,Chicago,SKY,CHI,Chicago Sky,Sky,5091cd,ffd520,https://a.espncdn.com/i/teamlogos/wnba/500/chi.png,home,67,False,15,2,29,41.0,28,69,0,16,100.0,4,4,7,12,4,3,3,47.0,7,15,41,3,17,14,9,s:40~l:59~t:9,new-york-liberty,New York,Liberty,NY,New York Liberty,Liberty,86cebc,000000,https://a.espncdn.com/i/teamlogos/wnba/500/ny.png,81,13,34,11
401620354,2024,2,2024-07-13,2024-07-13 13:00:00-04:00,9,s:40~l:59~t:9,new-york-liberty,New York,LIBERTY,NY,New York Liberty,Liberty,86cebc,000000,https://a.espncdn.com/i/teamlogos/wnba/500/ny.png,away,81,True,21,6,24,42.0,30,71,0,11,71.0,10,14,14,4,7,0,0,31.0,11,36,28,0,5,5,19,s:40~l:59~t:19,chicago-sky,Chicago,Sky,CHI,Chicago Sky,Sky,5091cd,ffd520,https://a.espncdn.com/i/teamlogos/wnba/500/chi.png,67,10,36,2
401620356,2024,2,2024-07-14,2024-07-14 13:00:00-04:00,18,s:40~l:59~t:18,connecticut-sun,Connecticut,SUN,CON,Connecticut Sun,Sun,f05023,0a2240,https://a.espncdn.com/guid/7c72e7ee-5064-b766-2b39-95b57e3d9a08/logos/default.png,home,96,True,26,3,28,47.0,37,78,1,12,57.0,12,21,29,16,9,0,0,38.0,10,26,44,0,7,7,11,s:40~l:59~t:11,phoenix-mercury,Phoenix,Mercury,PHX,Phoenix Mercury,Mercury,3c286e,fa4b0a,https://a.espncdn.com/i/teamlogos/wnba/500/phx.png,69,9,38,5
401620356,2024,2,2024-07-14,2024-07-14 13:00:00-04:00,11,s:40~l:59~t:11,phoenix-mercury,Phoenix,MERCURY,PHX,Phoenix Mercury,Mercury,3c286e,fa4b0a,https://a.espncdn.com/i/teamlogos/wnba/500/phx.png,away,69,False,16,8,22,41.0,28,69,0,13,60.0,6,10,9,11,3,2,0,28.0,7,25,33,0,17,15,18,s:40~l:59~t:18,connecticut-sun,Connecticut,Sun,CON,Connecticut Sun,Sun,f05023,0a2240,https://a.espncdn.com/guid/7c72e7ee-5064-b766-2b39-95b57e3d9a08/logos/default.png,96,1,38,21
401620357,2024,2,2024-07-14,2024-07-14 15:00:00-04:00,16,s:40~l:59~t:16,washington-mystics,Washington,MYSTICS,WSH,Washington Mystics,Mystics,e03a3e,002b5c,https://a.espncdn.com/i/teamlogos/wnba/500/wsh.png,home,77,False,21,3,26,42.0,29,69,0,19,54.0,7,13,15,5,7,1,0,57.0,12,21,31,0,13,12,17,s:40~l:59~t:17,las-vegas-aces,Las Vegas,Aces,LV,Las Vegas Aces,Aces,a7a8aa,000000,https://a.espncdn.com/i/teamlogos/wnba/500/lv.png,89,2,26,15
401620357,2024,2,2024-07-14,2024-07-14 15:00:00-04:00,17,s:40~l:59~t:17,las-vegas-aces,Las Vegas,ACES,LV,Las Vegas Aces,Aces,a7a8aa,000000,https://a.espncdn.com/i/teamlogos/wnba/500/lv.png,away,89,True,24,7,33,49.0,34,70,0,13,76.0,13,17,12,8,7,0,1,32.0,8,25,41,1,12,12,16,s:40~l:59~t:16,washington-mystics,Washington,Mystics,WSH,Washington Mystics,Mystics,e03a3e,002b5c,https://a.espncdn.com/i/teamlogos/wnba/500/wsh.png,77,9,40,7
401620359,2024,2,2024-07-14,2024-07-14 16:00:00-04:00,8,s:40~l:59~t:8,minnesota-lynx,Minnesota,LYNX,MIN,Minnesota Lynx,Lynx,266092,79bc43,https://a.espncdn.com/i/teamlogos/wnba/500/min.png,home,74,False,20,3,23,39.0,27,70,0,16,90.0,9,10,8,11,5,0,1,35.0,11,31,34,1,14,14,5,s:40~l:59~t:5,indiana-fever,Indiana,Fever,IND,Indiana Fever,Fever,002d62,e03a3e,https://a.espncdn.com/i/teamlogos/wnba/500/ind.png,81,9,20,15
401620359,2024,2,2024-07-14,2024-07-14 16:00:00-04:00,5,s:40~l:59~t:5,indiana-fever,Indiana,FEVER,IND,Indiana Fever,Fever,002d62,e03a3e,https://a.espncdn.com/i/teamlogos/wnba/500/ind.png,away,81,True,19,5,24,44.0,31,70,0,11,92.0,11,12,7,10,6,1,1,28.0,8,29,34,1,13,12,8,s:40~l:59~t:8,minnesota-lynx,Minnesota,Lynx,MIN,Minnesota Lynx,Lynx,266092,79bc43,https://a.espncdn.com/i/teamlogos/wnba/500/min.png,74,0,40,17
401620358,2024,2,2024-07-14,2024-07-14 18:00:00-04:00,14,s:40~l:59~t:14,seattle-storm,Seattle,STORM,SEA,Seattle Storm,Storm,2c5235,fee11a,https://a.espncdn.com/i/teamlogos/wnba/500/sea.png,home,81,True,27,7,25,40.0,30,75,0,11,89.0,16,18,14,10,13,1,0,18.0,5,28,35,0,12,11,20,s:40~l:59~t:20,atlanta-dream,Atlanta,Dream,ATL,Atlanta Dream,Dream,e31837,5091cc,https://a.espncdn.com/i/teamlogos/wnba/500/atl.png,70,12,38,15
401620358,2024,2,2024-07-14,2024-07-14 18:00:00-04:00,20,s:40~l:59~t:20,atlanta-dream,Atlanta,DREAM,ATL,Atlanta Dream,Dream,e31837,5091cc,https://a.espncdn.com/i/teamlogos/wnba/500/atl.png,away,70,False,18,5,26,38.0,28,73,0,15,73.0,11,15,3,13,9,1,1,18.0,3,17,39,1,17,16,14,s:40~l:59~t:14,seattle-storm,Seattle,Storm,SEA,Seattle Storm,Storm,2c5235,fee11a,https://a.espncdn.com/i/teamlogos/wnba/500/sea.png,81,2,40,18
401620363,2024,2,2024-07-16,2024-07-16 22:00:00-04:00,17,s:40~l:59~t:17,las-vegas-aces,Las Vegas,ACES,LV,Las Vegas Aces,Aces,a7a8aa,000000,https://a.espncdn.com/i/teamlogos/wnba/500/lv.png,home,85,False,17,7,23,47.0,31,66,0,14,82.0,18,22,1,3,11,1,0,28.0,5,18,26,0,13,12,19,s:40~l:59~t:19,chicago-sky,Chicago,Sky,CHI,Chicago Sky,Sky,5091cd,ffd520,https://a.espncdn.com/i/teamlogos/wnba/500/chi.png,93,15,36,16
401620363,2024,2,2024-07-16,2024-07-16 22:00:00-04:00,19,s:40~l:59~t:19,chicago-sky,Chicago,SKY,CHI,Chicago Sky,Sky,5091cd,ffd520,https://a.espncdn.com/i/teamlogos/wnba/500/chi.png,away,93,True,20,2,28,49.0,35,72,0,16,86.0,19,22,21,7,9,1,0,31.0,4,13,35,0,14,13,17,s:40~l:59~t:17,las-vegas-aces,Las Vegas,Aces,LV,Las Vegas Aces,Aces,a7a8aa,000000,https://a.espncdn.com/i/teamlogos/wnba/500/lv.png,85,9,50,18
401620362,2024,2,2024-07-16,2024-07-16 19:00:00-04:00,18,s:40~l:59~t:18,connecticut-sun,Connecticut,SUN,CON,Connecticut Sun,Sun,f05023,0a2240,https://a.espncdn.com/guid/7c72e7ee-5064-b766-2b39-95b57e3d9a08/logos/default.png,away,74,False,17,4,23,42.0,28,66,0,15,73.0,16,22,0,8,11,1,1,11.0,2,18,31,1,14,13,9,s:40~l:59~t:9,new-york-liberty,New York,Liberty,NY,New York Liberty,Liberty,86cebc,000000,https://a.espncdn.com/i/teamlogos/wnba/500/ny.png,82,10,40,16
401620361,2024,2,2024-07-16,2024-07-16 15:30:00-04:00,14,s:40~l:59~t:14,seattle-storm,Seattle,STORM,SEA,Seattle Storm,Storm,2c5235,fee11a,https://a.espncdn.com/i/teamlogos/wnba/500/sea.png,away,89,True,21,6,23,46.0,31,68,0,17,77.0,20,26,12,12,11,1,1,30.0,7,23,35,1,14,13,6,s:40~l:59~t:6,los-angeles-sparks,Los Angeles,Sparks,LA,Los Angeles Sparks,Sparks,552583,fdb927,https://a.espncdn.com/i/teamlogos/wnba/500/la.png,83,10,42,13
401620360,2024,2,2024-07-16,2024-07-16 11:30:00-04:00,16,s:40~l:59~t:16,washington-mystics,Washington,MYSTICS,WSH,Washington Mystics,Mystics,e03a3e,002b5c,https://a.espncdn.com/i/teamlogos/wnba/500/wsh.png,home,87,False,28,1,25,46.0,33,72,0,19,85.0,11,13,8,8,5,1,1,30.0,10,33,33,1,13,12,11,s:40~l:59~t:11,phoenix-mercury,Phoenix,Mercury,PHX,Phoenix Mercury,Mercury,3c286e,fa4b0a,https://a.espncdn.com/i/teamlogos/wnba/500/phx.png,96,5,32,23
401620361,2024,2,2024-07-16,2024-07-16 15:30:00-04:00,6,s:40~l:59~t:6,los-angeles-sparks,Los Angeles,SPARKS,LA,Los Angeles Sparks,Sparks,552583,fdb927,https://a.espncdn.com/i/teamlogos/wnba/500/la.png,home,83,False,20,3,25,41.0,28,69,0,23,77.0,17,22,7,12,5,1,1,38.0,10,26,37,1,16,15,14,s:40~l:59~t:14,seattle-storm,Seattle,Storm,SEA,Seattle Storm,Storm,2c5235,fee11a,https://a.espncdn.com/i/teamlogos/wnba/500/sea.png,89,7,36,12
401620360,2024,2,2024-07-16,2024-07-16 11:30:00-04:00,11,s:40~l:59~t:11,phoenix-mercury,Phoenix,MERCURY,PHX,Phoenix Mercury,Mercury,3c286e,fa4b0a,https://a.espncdn.com/i/teamlogos/wnba/500/phx.png,away,96,True,22,6,25,54.0,35,65,1,14,86.0,18,21,12,6,8,0,1,44.0,8,18,31,1,9,9,16,s:40~l:59~t:16,washington-mystics,Washington,Mystics,WSH,Washington Mystics,Mystics,e03a3e,002b5c,https://a.espncdn.com/i/teamlogos/wnba/500/wsh.png,87,9,40,10
401620362,2024,2,2024-07-16,2024-07-16 19:00:00-04:00,9,s:40~l:59~t:9,new-york-liberty,New York,LIBERTY,NY,New York Liberty,Liberty,86cebc,000000,https://a.espncdn.com/i/teamlogos/wnba/500/ny.png,home,82,True,19,4,24,44.0,26,59,0,15,95.0,19,20,10,6,10,3,1,41.0,11,27,30,1,21,18,18,s:40~l:59~t:18,connecticut-sun,Connecticut,Sun,CON,Connecticut Sun,Sun,f05023,0a2240,https://a.espncdn.com/guid/7c72e7ee-5064-b766-2b39-95b57e3d9a08/logos/default.png,74,16,26,21
401620364,2024,2,2024-07-17,2024-07-17 13:00:00-04:00,8,s:40~l:59~t:8,minnesota-lynx,Minnesota,LYNX,MIN,Minnesota Lynx,Lynx,266092,79bc43,https://a.espncdn.com/i/teamlogos/wnba/500/min.png,home,86,True,25,2,21,39.0,29,75,0,16,74.0,17,23,7,11,10,2,0,37.0,11,30,32,0,9,7,20,s:40~l:59~t:20,atlanta-dream,Atlanta,Dream,ATL,Atlanta Dream,Dream,e31837,5091cc,https://a.espncdn.com/i/teamlogos/wnba/500/atl.png,79,18,26,8
401620364,2024,2,2024-07-17,2024-07-17 13:00:00-04:00,20,s:40~l:59~t:20,atlanta-dream,Atlanta,DREAM,ATL,Atlanta Dream,Dream,e31837,5091cc,https://a.espncdn.com/i/teamlogos/wnba/500/atl.png,away,79,False,18,4,28,49.0,29,59,0,19,76.0,16,21,7,5,5,1,0,33.0,5,15,33,0,17,16,8,s:40~l:59~t:8,minnesota-lynx,Minnesota,Lynx,MIN,Minnesota Lynx,Lynx,266092,79bc43,https://a.espncdn.com/i/teamlogos/wnba/500/min.png,86,11,38,15
401620365,2024,2,2024-07-17,2024-07-17 19:30:00-04:00,3,s:40~l:59~t:3,dallas-wings,Dallas,WINGS,DAL,Dallas Wings,Wings,002b5c,c4d600,https://a.espncdn.com/guid/34946ff8-281e-c57d-bb76-37fb1ebe3ec6/logos/default.png,home,101,True,28,4,23,51.0,39,76,0,18,78.0,14,18,16,6,10,1,0,45.0,9,20,29,0,11,10,5,s:40~l:59~t:5,indiana-fever,Indiana,Fever,IND,Indiana Fever,Fever,002d62,e03a3e,https://a.espncdn.com/i/teamlogos/wnba/500/ind.png,93,22,50,17
401620365,2024,2,2024-07-17,2024-07-17 19:30:00-04:00,5,s:40~l:59~t:5,indiana-fever,Indiana,FEVER,IND,Indiana Fever,Fever,002d62,e03a3e,https://a.espncdn.com/i/teamlogos/wnba/500/ind.png,away,93,False,26,7,26,54.0,38,71,0,15,65.0,11,17,6,9,2,1,0,24.0,6,25,35,0,18,17,3,s:40~l:59~t:3,dallas-wings,Dallas,Wings,DAL,Dallas Wings,Wings,002b5c,c4d600,https://a.espncdn.com/guid/34946ff8-281e-c57d-bb76-37fb1ebe3ec6/logos/default.png,101,14,62,28
401620458,2024,2,2024-07-20,2024-07-20 20:30:00-04:00,96,s:40~l:59~t:96,team-wnba,Team WNBA,TEAM WNBA,WNBASTARS,Team WNBA,Team WNBA,,,https://a.espncdn.com/i/teamlogos/wnba/500/wnbastars.png,home,117,True,31,3,29,50.0,44,88,0,13,85.0,17,20,20,9,14,0,0,33.0,12,36,38,0,8,8,97,s:40~l:59~t:97,team-usa,Team USA,Team USA,USA,Team USA,Team USA,,,https://a.espncdn.com/i/teamlogos/wnba/500/usa.png,109,16,52,10
401620458,2024,2,2024-07-20,2024-07-20 20:30:00-04:00,97,s:40~l:59~t:97,team-usa,Team USA,TEAM USA,USA,Team USA,Team USA,,,https://a.espncdn.com/i/teamlogos/wnba/500/usa.png,away,109,False,34,3,34,51.0,41,81,0,13,94.0,15,16,6,9,8,0,0,36.0,12,33,43,0,14,14,96,s:40~l:59~t:96,team-wnba,Team WNBA,Team WNBA,WNBASTARS,Team WNBA,Team WNBA,,,https://a.espncdn.com/i/teamlogos/wnba/500/wnbastars.png,117,10,50,15
401620368,2024,2,2024-08-15,2024-08-15 21:00:00-04:00,9,s:40~l:59~t:9,new-york-liberty,New York,LIBERTY,NY,New York Liberty,Liberty,86cebc,000000,https://a.espncdn.com/i/teamlogos/wnba/500/ny.png,away,103,True,31,5,31,53.0,39,73,0,17,77.0,10,13,40,7,13,2,0,50.0,15,30,38,0,15,13,6,s:40~l:59~t:6,los-angeles-sparks,Los Angeles,Sparks,LA,Los Angeles Sparks,Sparks,552583,fdb927,https://a.espncdn.com/i/teamlogos/wnba/500/la.png,68,17,40,13
401620368,2024,2,2024-08-15,2024-08-15 21:00:00-04:00,6,s:40~l:59~t:6,los-angeles-sparks,Los Angeles,SPARKS,LA,Los Angeles Sparks,Sparks,552583,fdb927,https://a.espncdn.com/i/teamlogos/wnba/500/la.png,home,68,False,16,4,22,36.0,23,64,0,10,80.0,16,20,0,7,6,0,0,33.0,6,18,29,0,20,20,9,s:40~l:59~t:9,new-york-liberty,New York,Liberty,NY,New York Liberty,Liberty,86cebc,000000,https://a.espncdn.com/i/teamlogos/wnba/500/ny.png,103,12,28,21
401620366,2024,2,2024-08-15,2024-08-15 20:00:00-04:00,19,s:40~l:59~t:19,chicago-sky,Chicago,SKY,CHI,Chicago Sky,Sky,5091cd,ffd520,https://a.espncdn.com/i/teamlogos/wnba/500/chi.png,home,65,False,14,3,18,37.0,27,73,0,20,50.0,7,14,0,15,7,1,1,21.0,4,19,33,1,12,11,11,s:40~l:59~t:11,phoenix-mercury,Phoenix,Mercury,PHX,Phoenix Mercury,Mercury,3c286e,fa4b0a,https://a.espncdn.com/i/teamlogos/wnba/500/phx.png,85,6,38,19
401620367,2024,2,2024-08-15,2024-08-15 20:00:00-04:00,8,s:40~l:59~t:8,minnesota-lynx,Minnesota,LYNX,MIN,Minnesota Lynx,Lynx,266092,79bc43,https://a.espncdn.com/i/teamlogos/wnba/500/min.png,home,79,True,16,1,36,40.0,28,70,0,18,79.0,15,19,11,4,9,1,0,31.0,8,26,40,0,14,13,16,s:40~l:59~t:16,washington-mystics,Washington,Mystics,WSH,Washington Mystics,Mystics,e03a3e,002b5c,https://a.espncdn.com/i/teamlogos/wnba/500/wsh.png,68,6,30,9
401620366,2024,2,2024-08-15,2024-08-15 20:00:00-04:00,11,s:40~l:59~t:11,phoenix-mercury,Phoenix,MERCURY,PHX,Phoenix Mercury,Mercury,3c286e,fa4b0a,https://a.espncdn.com/i/teamlogos/wnba/500/phx.png,away,85,True,26,10,29,56.0,33,59,0,18,64.0,7,11,28,5,5,1,3,52.0,12,23,34,3,13,12,19,s:40~l:59~t:19,chicago-sky,Chicago,Sky,CHI,Chicago Sky,Sky,5091cd,ffd520,https://a.espncdn.com/i/teamlogos/wnba/500/chi.png,65,11,34,11
401620367,2024,2,2024-08-15,2024-08-15 20:00:00-04:00,16,s:40~l:59~t:16,washington-mystics,Washington,MYSTICS,WSH,Washington Mystics,Mystics,e03a3e,002b5c,https://a.espncdn.com/i/teamlogos/wnba/500/wsh.png,away,68,False,19,5,29,38.0,24,64,0,18,68.0,13,19,6,3,8,0,1,28.0,7,25,32,1,16,16,8,s:40~l:59~t:8,minnesota-lynx,Minnesota,Lynx,MIN,Minnesota Lynx,Lynx,266092,79bc43,https://a.espncdn.com/i/teamlogos/wnba/500/min.png,79,8,30,20
401620371,2024,2,2024-08-16,2024-08-16 21:30:00-04:00,18,s:40~l:59~t:18,connecticut-sun,Connecticut,SUN,CON,Connecticut Sun,Sun,f05023,0a2240,https://a.espncdn.com/guid/7c72e7ee-5064-b766-2b39-95b57e3d9a08/logos/default.png,away,109,True,30,3,23,58.0,38,66,0,22,79.0,22,28,25,3,9,0,0,55.0,11,20,26,0,15,15,3,s:40~l:59~t:3,dallas-wings,Dallas,Wings,DAL,Dallas Wings,Wings,002b5c,c4d600,https://a.espncdn.com/guid/34946ff8-281e-c57d-bb76-37fb1ebe3ec6/logos/default.png,91,9,46,17
401620370,2024,2,2024-08-16,2024-08-16 19:30:00-04:00,5,s:40~l:59~t:5,indiana-fever,Indiana,FEVER,IND,Indiana Fever,Fever,002d62,e03a3e,https://a.espncdn.com/i/teamlogos/wnba/500/ind.png,home,98,True,23,4,31,46.0,34,74,0,17,94.0,16,17,28,8,4,1,1,39.0,14,36,39,1,11,10,11,s:40~l:59~t:11,phoenix-mercury,Phoenix,Mercury,PHX,Phoenix Mercury,Mercury,3c286e,fa4b0a,https://a.espncdn.com/i/teamlogos/wnba/500/phx.png,89,7,34,14
401620370,2024,2,2024-08-16,2024-08-16 19:30:00-04:00,11,s:40~l:59~t:11,phoenix-mercury,Phoenix,MERCURY,PHX,Phoenix Mercury,Mercury,3c286e,fa4b0a,https://a.espncdn.com/i/teamlogos/wnba/500/phx.png,away,89,False,16,3,28,42.0,25,60,0,17,89.0,25,28,1,3,7,0,3,39.0,14,36,31,3,11,11,5,s:40~l:59~t:5,indiana-fever,Indiana,Fever,IND,Indiana Fever,Fever,002d62,e03a3e,https://a.espncdn.com/i/teamlogos/wnba/500/ind.png,98,8,10,11
401620369,2024,2,2024-08-16,2024-08-16 19:30:00-04:00,20,s:40~l:59~t:20,atlanta-dream,Atlanta,DREAM,ATL,Atlanta Dream,Dream,e31837,5091cc,https://a.espncdn.com/i/teamlogos/wnba/500/atl.png,home,83,True,13,4,28,48.0,30,63,0,15,74.0,17,23,6,9,9,1,0,35.0,6,17,37,0,20,19,14,s:40~l:59~t:14,seattle-storm,Seattle,Storm,SEA,Seattle Storm,Storm,2c5235,fee11a,https://a.espncdn.com/i/teamlogos/wnba/500/sea.png,81,7,40,28
401620369,2024,2,2024-08-16,2024-08-16 19:30:00-04:00,14,s:40~l:59~t:14,seattle-storm,Seattle,STORM,SEA,Seattle Storm,Storm,2c5235,fee11a,https://a.espncdn.com/i/teamlogos/wnba/500/sea.png,away,81,False,14,2,21,46.0,32,70,0,18,92.0,11,12,14,6,10,0,0,27.0,6,22,27,0,14,14,20,s:40~l:59~t:20,atlanta-dream,Atlanta,Dream,ATL,Atlanta Dream,Dream,e31837,5091cc,https://a.espncdn.com/i/teamlogos/wnba/500/atl.png,83,10,44,14
401620371,2024,2,2024-08-16,2024-08-16 21:30:00-04:00,3,s:40~l:59~t:3,dallas-wings,Dallas,WINGS,DAL,Dallas Wings,Wings,002b5c,c4d600,https://a.espncdn.com/guid/34946ff8-281e-c57d-bb76-37fb1ebe3ec6/logos/default.png,home,91,False,19,4,21,44.0,29,66,0,23,72.0,23,32,8,15,12,1,3,42.0,10,24,36,3,21,20,18,s:40~l:59~t:18,connecticut-sun,Connecticut,Sun,CON,Connecticut Sun,Sun,f05023,0a2240,https://a.espncdn.com/guid/7c72e7ee-5064-b766-2b39-95b57e3d9a08/logos/default.png,109,10,32,23
401620374,2024,2,2024-08-17,2024-08-17 17:00:00-04:00,19,s:40~l:59~t:19,chicago-sky,Chicago,SKY,CHI,Chicago Sky,Sky,5091cd,ffd520,https://a.espncdn.com/i/teamlogos/wnba/500/chi.png,away,90,True,20,5,30,49.0,35,72,0,19,67.0,16,24,7,12,4,2,1,44.0,4,9,42,1,14,12,6,s:40~l:59~t:6,los-angeles-sparks,Los Angeles,Sparks,LA,Los Angeles Sparks,Sparks,552583,fdb927,https://a.espncdn.com/i/teamlogos/wnba/500/la.png,86,6,50,20
401620373,2024,2,2024-08-17,2024-08-17 16:00:00-04:00,9,s:40~l:59~t:9,new-york-liberty,New York,LIBERTY,NY,New York Liberty,Liberty,86cebc,000000,https://a.espncdn.com/i/teamlogos/wnba/500/ny.png,away,79,True,15,5,33,41.0,30,74,0,16,92.0,11,12,16,13,7,2,0,26.0,8,31,46,0,14,12,17,s:40~l:59~t:17,las-vegas-aces,Las Vegas,Aces,LV,Las Vegas Aces,Aces,a7a8aa,000000,https://a.espncdn.com/i/teamlogos/wnba/500/lv.png,67,4,36,14
401620374,2024,2,2024-08-17,2024-08-17 17:00:00-04:00,6,s:40~l:59~t:6,los-angeles-sparks,Los Angeles,SPARKS,LA,Los Angeles Sparks,Sparks,552583,fdb927,https://a.espncdn.com/i/teamlogos/wnba/500/la.png,home,86,False,23,4,23,39.0,29,74,0,23,73.0,19,26,10,10,6,2,0,33.0,9,27,33,0,10,8,19,s:40~l:59~t:19,chicago-sky,Chicago,Sky,CHI,Chicago Sky,Sky,5091cd,ffd520,https://a.espncdn.com/i/teamlogos/wnba/500/chi.png,90,8,34,19
401620372,2024,2,2024-08-17,2024-08-17 14:00:00-04:00,8,s:40~l:59~t:8,minnesota-lynx,Minnesota,LYNX,MIN,Minnesota Lynx,Lynx,266092,79bc43,https://a.espncdn.com/i/teamlogos/wnba/500/min.png,away,99,True,26,1,24,58.0,37,64,1,21,70.0,14,20,27,7,11,0,0,52.0,11,21,31,0,15,15,16,s:40~l:59~t:16,washington-mystics,Washington,Mystics,WSH,Washington Mystics,Mystics,e03a3e,002b5c,https://a.espncdn.com/i/teamlogos/wnba/500/wsh.png,83,10,36,14
401620373,2024,2,2024-08-17,2024-08-17 16:00:00-04:00,17,s:40~l:59~t:17,las-vegas-aces,Las Vegas,ACES,LV,Las Vegas Aces,Aces,a7a8aa,000000,https://a.espncdn.com/i/teamlogos/wnba/500/lv.png,home,67,False,14,7,28,37.0,24,65,0,18,91.0,10,11,11,2,10,0,0,29.0,9,31,30,0,10,10,9,s:40~l:59~t:9,new-york-liberty,New York,Liberty,NY,New York Liberty,Liberty,86cebc,000000,https://a.espncdn.com/i/teamlogos/wnba/500/ny.png,79,9,24,8
401620372,2024,2,2024-08-17,2024-08-17 14:00:00-04:00,16,s:40~l:59~t:16,washington-mystics,Washington,MYSTICS,WSH,Washington Mystics,Mystics,e03a3e,002b5c,https://a.espncdn.com/i/teamlogos/wnba/500/wsh.png,home,83,False,26,3,20,48.0,29,60,0,19,70.0,16,23,6,5,9,1,0,39.0,9,23,25,0,18,17,8,s:40~l:59~t:8,minnesota-lynx,Minnesota,Lynx,MIN,Minnesota Lynx,Lynx,266092,79bc43,https://a.espncdn.com/i/teamlogos/wnba/500/min.png,99,10,26,22
401620375,2024,2,2024-08-18,2024-08-18 15:00:00-04:00,20,s:40~l:59~t:20,atlanta-dream,Atlanta,DREAM,ATL,Atlanta Dream,Dream,e31837,5091cc,https://a.espncdn.com/i/teamlogos/wnba/500/atl.png,home,82,True,18,0,27,41.0,26,63,0,19,81.0,25,31,12,7,9,0,1,31.0,5,16,34,1,11,11,18,s:40~l:59~t:18,connecticut-sun,Connecticut,Sun,CON,Connecticut Sun,Sun,f05023,0a2240,https://a.espncdn.com/guid/7c72e7ee-5064-b766-2b39-95b57e3d9a08/logos/default.png,70,14,28,9
401620375,2024,2,2024-08-18,2024-08-18 15:00:00-04:00,18,s:40~l:59~t:18,connecticut-sun,Connecticut,SUN,CON,Connecticut Sun,Sun,f05023,0a2240,https://a.espncdn.com/guid/7c72e7ee-5064-b766-2b39-95b57e3d9a08/logos/default.png,away,70,False,16,4,29,35.0,23,65,0,28,91.0,20,22,5,11,8,0,1,25.0,4,16,40,1,17,17,20,s:40~l:59~t:20,atlanta-dream,Atlanta,Dream,ATL,Atlanta Dream,Dream,e31837,5091cc,https://a.espncdn.com/i/teamlogos/wnba/500/atl.png,82,10,30,18
401620377,2024,2,2024-08-18,2024-08-18 15:30:00-04:00,5,s:40~l:59~t:5,indiana-fever,Indiana,FEVER,IND,Indiana Fever,Fever,002d62,e03a3e,https://a.espncdn.com/i/teamlogos/wnba/500/ind.png,home,92,True,22,5,34,47.0,34,73,0,15,64.0,9,14,19,9,6,2,1,48.0,15,31,43,1,13,11,14,s:40~l:59~t:14,seattle-storm,Seattle,Storm,SEA,Seattle Storm,Storm,2c5235,fee11a,https://a.espncdn.com/i/teamlogos/wnba/500/sea.png,75,13,32,12
401620377,2024,2,2024-08-18,2024-08-18 15:30:00-04:00,14,s:40~l:59~t:14,seattle-storm,Seattle,STORM,SEA,Seattle Storm,Storm,2c5235,fee11a,https://a.espncdn.com/i/teamlogos/wnba/500/sea.png,away,75,False,15,6,27,39.0,28,72,0,12,75.0,12,16,7,5,6,0,0,33.0,7,21,32,0,12,12,5,s:40~l:59~t:5,indiana-fever,Indiana,Fever,IND,Indiana Fever,Fever,002d62,e03a3e,https://a.espncdn.com/i/teamlogos/wnba/500/ind.png,92,9,30,17
401620376,2024,2,2024-08-18,2024-08-18 18:00:00-04:00,17,s:40~l:59~t:17,las-vegas-aces,Las Vegas,ACES,LV,Las Vegas Aces,Aces,a7a8aa,000000,https://a.espncdn.com/i/teamlogos/wnba/500/lv.png,home,87,True,14,5,32,49.0,30,61,0,14,83.0,19,23,19,1,15,1,1,44.0,8,18,33,1,18,17,6,s:40~l:59~t:6,los-angeles-sparks,Los Angeles,Sparks,LA,Los Angeles Sparks,Sparks,552583,fdb927,https://a.espncdn.com/i/teamlogos/wnba/500/la.png,71,5,34,14
401620376,2024,2,2024-08-18,2024-08-18 18:00:00-04:00,6,s:40~l:59~t:6,los-angeles-sparks,Los Angeles,SPARKS,LA,Los Angeles Sparks,Sparks,552583,fdb927,https://a.espncdn.com/i/teamlogos/wnba/500/la.png,away,71,False,16,4,30,40.0,25,62,0,21,71.0,15,21,3,3,10,0,0,26.0,6,23,33,0,21,21,17,s:40~l:59~t:17,las-vegas-aces,Las Vegas,Aces,LV,Las Vegas Aces,Aces,a7a8aa,000000,https://a.espncdn.com/i/teamlogos/wnba/500/lv.png,87,17,34,19
401620378,2024,2,2024-08-18,2024-08-18 21:00:00-04:00,11,s:40~l:59~t:11,phoenix-mercury,Phoenix,MERCURY,PHX,Phoenix Mercury,Mercury,3c286e,fa4b0a,https://a.espncdn.com/i/teamlogos/wnba/500/phx.png,home,86,True,21,4,32,45.0,28,62,1,19,74.0,23,31,21,9,5,1,0,30.0,7,23,41,0,11,10,19,s:40~l:59~t:19,chicago-sky,Chicago,Sky,CHI,Chicago Sky,Sky,5091cd,ffd520,https://a.espncdn.com/i/teamlogos/wnba/500/chi.png,68,11,34,6
401620378,2024,2,2024-08-18,2024-08-18 21:00:00-04:00,19,s:40~l:59~t:19,chicago-sky,Chicago,SKY,CHI,Chicago Sky,Sky,5091cd,ffd520,https://a.espncdn.com/i/teamlogos/wnba/500/chi.png,away,68,False,20,1,27,36.0,28,78,0,20,57.0,12,21,2,17,5,2,1,0.0,0,14,44,1,11,9,11,s:40~l:59~t:11,phoenix-mercury,Phoenix,Mercury,PHX,Phoenix Mercury,Mercury,3c286e,fa4b0a,https://a.espncdn.com/i/teamlogos/wnba/500/phx.png,86,6,38,13
401620379,2024,2,2024-08-20,2024-08-20 19:00:00-04:00,6,s:40~l:59~t:6,los-angeles-sparks,Los Angeles,SPARKS,LA,Los Angeles Sparks,Sparks,552583,fdb927,https://a.espncdn.com/i/teamlogos/wnba/500/la.png,away,61,False,15,6,34,39.0,26,66,1,14,70.0,7,10,5,8,8,1,1,11.0,2,19,42,1,22,21,18,s:40~l:59~t:18,connecticut-sun,Connecticut,Sun,CON,Connecticut Sun,Sun,f05023,0a2240,https://a.espncdn.com/guid/7c72e7ee-5064-b766-2b39-95b57e3d9a08/logos/default.png,69,8,40,20
401620379,2024,2,2024-08-20,2024-08-20 19:00:00-04:00,18,s:40~l:59~t:18,connecticut-sun,Connecticut,SUN,CON,Connecticut Sun,Sun,f05023,0a2240,https://a.espncdn.com/guid/7c72e7ee-5064-b766-2b39-95b57e3d9a08/logos/default.png,home,69,True,21,4,26,38.0,28,73,0,14,47.0,8,17,11,10,12,2,1,31.0,5,16,36,1,12,10,6,s:40~l:59~t:6,los-angeles-sparks,Los Angeles,Sparks,LA,Los Angeles Sparks,Sparks,552583,fdb927,https://a.espncdn.com/i/teamlogos/wnba/500/la.png,61,15,42,6
401620380,2024,2,2024-08-20,2024-08-20 19:00:00-04:00,3,s:40~l:59~t:3,dallas-wings,Dallas,WINGS,DAL,Dallas Wings,Wings,002b5c,c4d600,https://a.espncdn.com/guid/34946ff8-281e-c57d-bb76-37fb1ebe3ec6/logos/default.png,away,74,False,20,2,19,38.0,25,66,0,21,65.0,15,23,2,9,7,0,0,43.0,9,21,28,0,18,18,9,s:40~l:59~t:9,new-york-liberty,New York,Liberty,NY,New York Liberty,Liberty,86cebc,000000,https://a.espncdn.com/i/teamlogos/wnba/500/ny.png,94,4,20,24
401620381,2024,2,2024-08-20,2024-08-20 19:00:00-04:00,14,s:40~l:59~t:14,seattle-storm,Seattle,STORM,SEA,Seattle Storm,Storm,2c5235,fee11a,https://a.espncdn.com/i/teamlogos/wnba/500/sea.png,away,83,True,15,6,29,39.0,27,70,0,16,87.0,26,30,14,9,10,0,0,13.0,3,23,38,0,16,16,16,s:40~l:59~t:16,washington-mystics,Washington,Mystics,WSH,Washington Mystics,Mystics,e03a3e,002b5c,https://a.espncdn.com/i/teamlogos/wnba/500/wsh.png,77,7,38,11
401620381,2024,2,2024-08-20,2024-08-20 19:00:00-04:00,16,s:40~l:59~t:16,washington-mystics,Washington,MYSTICS,WSH,Washington Mystics,Mystics,e03a3e,002b5c,https://a.espncdn.com/i/teamlogos/wnba/500/wsh.png,home,77,False,19,3,29,39.0,28,72,0,25,68.0,13,19,5,12,9,0,1,33.0,8,24,41,1,22,22,14,s:40~l:59~t:14,seattle-storm,Seattle,Storm,SEA,Seattle Storm,Storm,2c5235,fee11a,https://a.espncdn.com/i/teamlogos/wnba/500/sea.png,83,2,28,29
401620380,2024,2,2024-08-20,2024-08-20 19:00:00-04:00,9,s:40~l:59~t:9,new-york-liberty,New York,LIBERTY,NY,New York Liberty,Liberty,86cebc,000000,https://a.espncdn.com/i/teamlogos/wnba/500/ny.png,home,94,True,25,2,33,46.0,34,74,0,19,75.0,18,24,22,14,7,2,0,29.0,8,28,47,0,17,15,3,s:40~l:59~t:3,dallas-wings,Dallas,Wings,DAL,Dallas Wings,Wings,002b5c,c4d600,https://a.espncdn.com/guid/34946ff8-281e-c57d-bb76-37fb1ebe3ec6/logos/default.png,74,14,44,17
401620382,2024,2,2024-08-21,2024-08-21 19:30:00-04:00,20,s:40~l:59~t:20,atlanta-dream,Atlanta,DREAM,ATL,Atlanta Dream,Dream,e31837,5091cc,https://a.espncdn.com/i/teamlogos/wnba/500/atl.png,home,72,True,17,1,31,34.0,25,73,0,15,81.0,13,16,15,16,3,1,1,29.0,9,31,47,1,9,8,11,s:40~l:59~t:11,phoenix-mercury,Phoenix,Mercury,PHX,Phoenix Mercury,Mercury,3c286e,fa4b0a,https://a.espncdn.com/i/teamlogos/wnba/500/phx.png,63,9,26,11
401620382,2024,2,2024-08-21,2024-08-21 19:30:00-04:00,11,s:40~l:59~t:11,phoenix-mercury,Phoenix,MERCURY,PHX,Phoenix Mercury,Mercury,3c286e,fa4b0a,https://a.espncdn.com/i/teamlogos/wnba/500/phx.png,away,63,False,15,3,30,39.0,24,61,0,16,90.0,9,10,2,3,4,1,0,32.0,6,19,33,0,12,11,20,s:40~l:59~t:20,atlanta-dream,Atlanta,Dream,ATL,Atlanta Dream,Dream,e31837,5091cc,https://a.espncdn.com/i/teamlogos/wnba/500/atl.png,72,4,30,14
401620383,2024,2,2024-08-21,2024-08-21 21:30:00-04:00,17,s:40~l:59~t:17,las-vegas-aces,Las Vegas,ACES,LV,Las Vegas Aces,Aces,a7a8aa,000000,https://a.espncdn.com/i/teamlogos/wnba/500/lv.png,home,87,False,22,2,19,46.0,33,71,0,19,67.0,8,12,2,9,7,0,0,43.0,13,30,28,0,9,9,8,s:40~l:59~t:8,minnesota-lynx,Minnesota,Lynx,MIN,Minnesota Lynx,Lynx,266092,79bc43,https://a.espncdn.com/i/teamlogos/wnba/500/min.png,98,9,36,13
401620383,2024,2,2024-08-21,2024-08-21 21:30:00-04:00,8,s:40~l:59~t:8,minnesota-lynx,Minnesota,LYNX,MIN,Minnesota Lynx,Lynx,266092,79bc43,https://a.espncdn.com/i/teamlogos/wnba/500/min.png,away,98,True,28,3,25,59.0,38,64,0,17,79.0,11,14,15,6,4,2,0,58.0,11,19,31,0,12,10,17,s:40~l:59~t:17,las-vegas-aces,Las Vegas,Aces,LV,Las Vegas Aces,Aces,a7a8aa,000000,https://a.espncdn.com/i/teamlogos/wnba/500/lv.png,87,7,28,12
401620384,2024,2,2024-08-22,2024-08-22 19:00:00-04:00,9,s:40~l:59~t:9,new-york-liberty,New York,LIBERTY,NY,New York Liberty,Liberty,86cebc,000000,https://a.espncdn.com/i/teamlogos/wnba/500/ny.png,home,79,True,21,2,29,35.0,27,77,0,15,78.0,18,23,9,17,11,1,0,24.0,7,29,46,0,11,10,3,s:40~l:59~t:3,dallas-wings,Dallas,Wings,DAL,Dallas Wings,Wings,002b5c,c4d600,https://a.espncdn.com/guid/34946ff8-281e-c57d-bb76-37fb1ebe3ec6/logos/default.png,71,10,38,6
401620384,2024,2,2024-08-22,2024-08-22 19:00:00-04:00,3,s:40~l:59~t:3,dallas-wings,Dallas,WINGS,DAL,Dallas Wings,Wings,002b5c,c4d600,https://a.espncdn.com/guid/34946ff8-281e-c57d-bb76-37fb1ebe3ec6/logos/default.png,away,71,False,17,6,30,43.0,30,69,0,20,69.0,9,13,3,8,4,1,1,15.0,2,13,38,1,15,14,9,s:40~l:59~t:9,new-york-liberty,New York,Liberty,NY,New York Liberty,Liberty,86cebc,000000,https://a.espncdn.com/i/teamlogos/wnba/500/ny.png,79,14,46,16
401620388,2024,2,2024-08-23,2024-08-23 21:30:00-04:00,17,s:40~l:59~t:17,las-vegas-aces,Las Vegas,ACES,LV,Las Vegas Aces,Aces,a7a8aa,000000,https://a.espncdn.com/i/teamlogos/wnba/500/lv.png,away,74,False,17,1,16,46.0,26,57,0,21,83.0,15,18,5,1,7,2,1,37.0,7,19,17,1,20,18,8,s:40~l:59~t:8,minnesota-lynx,Minnesota,Lynx,MIN,Minnesota Lynx,Lynx,266092,79bc43,https://a.espncdn.com/i/teamlogos/wnba/500/min.png,87,0,34,18
401620388,2024,2,2024-08-23,2024-08-23 21:30:00-04:00,8,s:40~l:59~t:8,minnesota-lynx,Minnesota,LYNX,MIN,Minnesota Lynx,Lynx,266092,79bc43,https://a.espncdn.com/i/teamlogos/wnba/500/min.png,home,87,True,22,2,30,51.0,31,61,0,21,83.0,15,18,17,7,12,2,0,38.0,10,26,37,0,21,19,17,s:40~l:59~t:17,las-vegas-aces,Las Vegas,Aces,LV,Las Vegas Aces,Aces,a7a8aa,000000,https://a.espncdn.com/i/teamlogos/wnba/500/lv.png,74,8,26,12
401620385,2024,2,2024-08-23,2024-08-23 19:30:00-04:00,11,s:40~l:59~t:11,phoenix-mercury,Phoenix,MERCURY,PHX,Phoenix Mercury,Mercury,3c286e,fa4b0a,https://a.espncdn.com/i/teamlogos/wnba/500/phx.png,away,82,True,23,5,29,48.0,32,66,1,17,75.0,12,16,11,7,4,0,0,35.0,6,17,36,0,12,12,20,s:40~l:59~t:20,atlanta-dream,Atlanta,Dream,ATL,Atlanta Dream,Dream,e31837,5091cc,https://a.espncdn.com/i/teamlogos/wnba/500/atl.png,80,7,40,13
401620386,2024,2,2024-08-23,2024-08-23 19:30:00-04:00,19,s:40~l:59~t:19,chicago-sky,Chicago,SKY,CHI,Chicago Sky,Sky,5091cd,ffd520,https://a.espncdn.com/i/teamlogos/wnba/500/chi.png,away,80,False,18,4,32,45.0,29,65,1,23,86.0,19,22,7,10,7,3,0,33.0,3,9,42,0,19,16,18,s:40~l:59~t:18,connecticut-sun,Connecticut,Sun,CON,Connecticut Sun,Sun,f05023,0a2240,https://a.espncdn.com/guid/7c72e7ee-5064-b766-2b39-95b57e3d9a08/logos/default.png,82,17,42,27
401620386,2024,2,2024-08-23,2024-08-23 19:30:00-04:00,18,s:40~l:59~t:18,connecticut-sun,Connecticut,SUN,CON,Connecticut Sun,Sun,f05023,0a2240,https://a.espncdn.com/guid/7c72e7ee-5064-b766-2b39-95b57e3d9a08/logos/default.png,home,82,True,18,6,21,37.0,25,68,0,21,72.0,26,36,10,9,12,0,0,24.0,6,25,30,0,10,10,19,s:40~l:59~t:19,chicago-sky,Chicago,Sky,CHI,Chicago Sky,Sky,5091cd,ffd520,https://a.espncdn.com/i/teamlogos/wnba/500/chi.png,80,18,34,12
401620385,2024,2,2024-08-23,2024-08-23 19:30:00-04:00,20,s:40~l:59~t:20,atlanta-dream,Atlanta,DREAM,ATL,Atlanta Dream,Dream,e31837,5091cc,https://a.espncdn.com/i/teamlogos/wnba/500/atl.png,home,80,False,19,5,27,39.0,29,74,0,15,86.0,12,14,0,9,7,2,0,33.0,10,30,36,0,10,8,11,s:40~l:59~t:11,phoenix-mercury,Phoenix,Mercury,PHX,Phoenix Mercury,Mercury,3c286e,fa4b0a,https://a.espncdn.com/i/teamlogos/wnba/500/phx.png,82,9,32,11
401620387,2024,2,2024-08-23,2024-08-23 19:30:00-04:00,16,s:40~l:59~t:16,washington-mystics,Washington,MYSTICS,WSH,Washington Mystics,Mystics,e03a3e,002b5c,https://a.espncdn.com/i/teamlogos/wnba/500/wsh.png,home,80,True,23,5,28,45.0,33,73,0,13,64.0,9,14,11,8,13,0,2,22.0,5,23,36,2,14,14,6,s:40~l:59~t:6,los-angeles-sparks,Los Angeles,Sparks,LA,Los Angeles Sparks,Sparks,552583,fdb927,https://a.espncdn.com/i/teamlogos/wnba/500/la.png,74,11,40,11
401620387,2024,2,2024-08-23,2024-08-23 19:30:00-04:00,6,s:40~l:59~t:6,los-angeles-sparks,Los Angeles,SPARKS,LA,Los Angeles Sparks,Sparks,552583,fdb927,https://a.espncdn.com/i/teamlogos/wnba/500/la.png,away,74,False,18,3,29,37.0,28,75,0,11,80.0,12,15,5,8,12,0,0,22.0,6,27,37,0,18,18,16,s:40~l:59~t:16,washington-mystics,Washington,Mystics,WSH,Washington Mystics,Mystics,e03a3e,002b5c,https://a.espncdn.com/i/teamlogos/wnba/500/wsh.png,80,9,36,17
401620389,2024,2,2024-08-24,2024-08-24 19:00:00-04:00,18,s:40~l:59~t:18,connecticut-sun,Connecticut,SUN,CON,Connecticut Sun,Sun,f05023,0a2240,https://a.espncdn.com/guid/7c72e7ee-5064-b766-2b39-95b57e3d9a08/logos/default.png,away,72,True,20,3,29,42.0,30,72,1,11,59.0,10,17,13,8,7,1,1,15.0,2,13,37,1,10,9,9,s:40~l:59~t:9,new-york-liberty,New York,Liberty,NY,New York Liberty,Liberty,86cebc,000000,https://a.espncdn.com/i/teamlogos/wnba/500/ny.png,64,13,46,11
401620390,2024,2,2024-08-24,2024-08-24 20:00:00-04:00,8,s:40~l:59~t:8,minnesota-lynx,Minnesota,LYNX,MIN,Minnesota Lynx,Lynx,266092,79bc43,https://a.espncdn.com/i/teamlogos/wnba/500/min.png,home,90,True,27,4,19,51.0,33,65,0,14,65.0,13,20,15,8,8,0,0,41.0,11,27,27,0,10,10,5,s:40~l:59~t:5,indiana-fever,Indiana,Fever,IND,Indiana Fever,Fever,002d62,e03a3e,https://a.espncdn.com/i/teamlogos/wnba/500/ind.png,80,6,30,14
401620390,2024,2,2024-08-24,2024-08-24 20:00:00-04:00,5,s:40~l:59~t:5,indiana-fever,Indiana,FEVER,IND,Indiana Fever,Fever,002d62,e03a3e,https://a.espncdn.com/i/teamlogos/wnba/500/ind.png,away,80,False,16,1,25,43.0,33,76,0,16,88.0,7,8,2,15,5,1,0,24.0,7,29,40,0,16,15,8,s:40~l:59~t:8,minnesota-lynx,Minnesota,Lynx,MIN,Minnesota Lynx,Lynx,266092,79bc43,https://a.espncdn.com/i/teamlogos/wnba/500/min.png,90,4,44,16
401620389,2024,2,2024-08-24,2024-08-24 19:00:00-04:00,9,s:40~l:59~t:9,new-york-liberty,New York,LIBERTY,NY,New York Liberty,Liberty,86cebc,000000,https://a.espncdn.com/i/teamlogos/wnba/500/ny.png,home,64,False,19,7,33,37.0,24,65,0,15,75.0,9,12,8,11,6,1,2,22.0,7,32,44,2,19,18,18,s:40~l:59~t:18,connecticut-sun,Connecticut,Sun,CON,Connecticut Sun,Sun,f05023,0a2240,https://a.espncdn.com/guid/7c72e7ee-5064-b766-2b39-95b57e3d9a08/logos/default.png,72,7,28,21
401620391,2024,2,2024-08-25,2024-08-25 12:00:00-04:00,19,s:40~l:59~t:19,chicago-sky,Chicago,SKY,CHI,Chicago Sky,Sky,5091cd,ffd520,https://a.espncdn.com/i/teamlogos/wnba/500/chi.png,home,75,False,17,9,32,37.0,30,82,0,14,67.0,8,12,7,15,1,0,1,47.0,7,15,47,1,10,10,17,s:40~l:59~t:17,las-vegas-aces,Las Vegas,Aces,LV,Las Vegas Aces,Aces,a7a8aa,000000,https://a.espncdn.com/i/teamlogos/wnba/500/lv.png,77,8,34,15
401620391,2024,2,2024-08-25,2024-08-25 12:00:00-04:00,17,s:40~l:59~t:17,las-vegas-aces,Las Vegas,ACES,LV,Las Vegas Aces,Aces,a7a8aa,000000,https://a.espncdn.com/i/teamlogos/wnba/500/lv.png,away,77,True,18,6,35,38.0,31,81,0,15,90.0,9,10,13,9,6,1,1,25.0,6,24,44,1,4,3,19,s:40~l:59~t:19,chicago-sky,Chicago,Sky,CHI,Chicago Sky,Sky,5091cd,ffd520,https://a.espncdn.com/i/teamlogos/wnba/500/chi.png,75,14,40,7
401620392,2024,2,2024-08-25,2024-08-25 16:00:00-04:00,3,s:40~l:59~t:3,dallas-wings,Dallas,WINGS,DAL,Dallas Wings,Wings,002b5c,c4d600,https://a.espncdn.com/guid/34946ff8-281e-c57d-bb76-37fb1ebe3ec6/logos/default.png,home,113,True,21,2,21,53.0,40,76,0,19,86.0,25,29,3,13,9,0,0,36.0,8,22,34,0,9,9,6,s:40~l:59~t:6,los-angeles-sparks,Los Angeles,Sparks,LA,Los Angeles Sparks,Sparks,552583,fdb927,https://a.espncdn.com/i/teamlogos/wnba/500/la.png,110,12,56,11
401620392,2024,2,2024-08-25,2024-08-25 16:00:00-04:00,6,s:40~l:59~t:6,los-angeles-sparks,Los Angeles,SPARKS,LA,Los Angeles Sparks,Sparks,552583,fdb927,https://a.espncdn.com/i/teamlogos/wnba/500/la.png,away,110,False,29,5,18,60.0,39,65,0,20,77.0,20,26,22,3,5,0,0,50.0,12,24,21,0,13,13,3,s:40~l:59~t:3,dallas-wings,Dallas,Wings,DAL,Dallas Wings,Wings,002b5c,c4d600,https://a.espncdn.com/guid/34946ff8-281e-c57d-bb76-37fb1ebe3ec6/logos/default.png,113,13,46,17
401620394,2024,2,2024-08-26,2024-08-26 22:00:00-04:00,9,s:40~l:59~t:9,new-york-liberty,New York,LIBERTY,NY,New York Liberty,Liberty,86cebc,000000,https://a.espncdn.com/i/teamlogos/wnba/500/ny.png,away,84,True,21,3,26,41.0,29,70,0,10,88.0,14,16,17,6,12,2,0,41.0,12,29,32,0,15,13,11,s:40~l:59~t:11,phoenix-mercury,Phoenix,Mercury,PHX,Phoenix Mercury,Mercury,3c286e,fa4b0a,https://a.espncdn.com/i/teamlogos/wnba/500/phx.png,70,11,30,12
401620394,2024,2,2024-08-26,2024-08-26 22:00:00-04:00,11,s:40~l:59~t:11,phoenix-mercury,Phoenix,MERCURY,PHX,Phoenix Mercury,Mercury,3c286e,fa4b0a,https://a.espncdn.com/i/teamlogos/wnba/500/phx.png,home,70,False,15,4,24,46.0,31,67,0,15,75.0,3,4,2,7,7,2,0,23.0,5,22,31,0,22,20,9,s:40~l:59~t:9,new-york-liberty,New York,Liberty,NY,New York Liberty,Liberty,86cebc,000000,https://a.espncdn.com/i/teamlogos/wnba/500/ny.png,84,21,46,28
401620395,2024,2,2024-08-26,2024-08-26 22:00:00-04:00,16,s:40~l:59~t:16,washington-mystics,Washington,MYSTICS,WSH,Washington Mystics,Mystics,e03a3e,002b5c,https://a.espncdn.com/i/teamlogos/wnba/500/wsh.png,away,74,True,17,5,33,44.0,30,68,0,18,83.0,5,6,9,9,5,1,2,31.0,9,29,42,2,19,18,14,s:40~l:59~t:14,seattle-storm,Seattle,Storm,SEA,Seattle Storm,Storm,2c5235,fee11a,https://a.espncdn.com/i/teamlogos/wnba/500/sea.png,72,17,36,17
401620393,2024,2,2024-08-26,2024-08-26 19:30:00-04:00,20,s:40~l:59~t:20,atlanta-dream,Atlanta,DREAM,ATL,Atlanta Dream,Dream,e31837,5091cc,https://a.espncdn.com/i/teamlogos/wnba/500/atl.png,home,79,False,18,5,28,37.0,27,73,0,14,83.0,15,18,0,10,5,1,1,34.0,10,29,38,1,11,10,5,s:40~l:59~t:5,indiana-fever,Indiana,Fever,IND,Indiana Fever,Fever,002d62,e03a3e,https://a.espncdn.com/i/teamlogos/wnba/500/ind.png,84,6,28,11
401620395,2024,2,2024-08-26,2024-08-26 22:00:00-04:00,14,s:40~l:59~t:14,seattle-storm,Seattle,STORM,SEA,Seattle Storm,Storm,2c5235,fee11a,https://a.espncdn.com/i/teamlogos/wnba/500/sea.png,home,72,False,20,5,24,38.0,28,74,0,12,82.0,9,11,6,9,12,0,0,29.0,7,24,33,0,12,12,16,s:40~l:59~t:16,washington-mystics,Washington,Mystics,WSH,Washington Mystics,Mystics,e03a3e,002b5c,https://a.espncdn.com/i/teamlogos/wnba/500/wsh.png,74,8,38,11
401620393,2024,2,2024-08-26,2024-08-26 19:30:00-04:00,5,s:40~l:59~t:5,indiana-fever,Indiana,FEVER,IND,Indiana Fever,Fever,002d62,e03a3e,https://a.espncdn.com/i/teamlogos/wnba/500/ind.png,away,84,True,18,3,32,41.0,31,76,1,18,80.0,12,15,18,11,8,0,0,37.0,10,27,43,0,13,13,20,s:40~l:59~t:20,atlanta-dream,Atlanta,Dream,ATL,Atlanta Dream,Dream,e31837,5091cc,https://a.espncdn.com/i/teamlogos/wnba/500/atl.png,79,11,34,16
401620396,2024,2,2024-08-27,2024-08-27 20:00:00-04:00,3,s:40~l:59~t:3,dallas-wings,Dallas,WINGS,DAL,Dallas Wings,Wings,002b5c,c4d600,https://a.espncdn.com/guid/34946ff8-281e-c57d-bb76-37fb1ebe3ec6/logos/default.png,home,93,True,22,4,27,48.0,36,75,1,26,79.0,15,19,3,13,4,1,0,29.0,6,21,40,0,12,11,17,s:40~l:59~t:17,las-vegas-aces,Las Vegas,Aces,LV,Las Vegas Aces,Aces,a7a8aa,000000,https://a.espncdn.com/i/teamlogos/wnba/500/lv.png,90,7,42,15
401620396,2024,2,2024-08-27,2024-08-27 20:00:00-04:00,17,s:40~l:59~t:17,las-vegas-aces,Las Vegas,ACES,LV,Las Vegas Aces,Aces,a7a8aa,000000,https://a.espncdn.com/i/teamlogos/wnba/500/lv.png,away,90,False,15,6,22,50.0,31,62,0,18,77.0,23,30,13,4,6,0,0,26.0,5,19,26,0,8,8,3,s:40~l:59~t:3,dallas-wings,Dallas,Wings,DAL,Dallas Wings,Wings,002b5c,c4d600,https://a.espncdn.com/guid/34946ff8-281e-c57d-bb76-37fb1ebe3ec6/logos/default.png,93,18,32,10
401620400,2024,2,2024-08-28,2024-08-28 22:00:00-04:00,11,s:40~l:59~t:11,phoenix-mercury,Phoenix,MERCURY,PHX,Phoenix Mercury,Mercury,3c286e,fa4b0a,https://a.espncdn.com/i/teamlogos/wnba/500/phx.png,home,76,False,15,3,24,38.0,26,68,0,15,74.0,17,23,2,13,7,0,3,30.0,7,23,37,3,19,19,8,s:40~l:59~t:8,minnesota-lynx,Minnesota,Lynx,MIN,Minnesota Lynx,Lynx,266092,79bc43,https://a.espncdn.com/i/teamlogos/wnba/500/min.png,89,4,30,25
401620399,2024,2,2024-08-28,2024-08-28 22:00:00-04:00,9,s:40~l:59~t:9,new-york-liberty,New York,LIBERTY,NY,New York Liberty,Liberty,86cebc,000000,https://a.espncdn.com/i/teamlogos/wnba/500/ny.png,away,88,False,25,5,25,51.0,32,63,0,22,74.0,14,19,1,7,4,1,0,36.0,10,28,32,0,20,19,6,s:40~l:59~t:6,los-angeles-sparks,Los Angeles,Sparks,LA,Los Angeles Sparks,Sparks,552583,fdb927,https://a.espncdn.com/i/teamlogos/wnba/500/la.png,94,4,44,29
401620399,2024,2,2024-08-28,2024-08-28 22:00:00-04:00,6,s:40~l:59~t:6,los-angeles-sparks,Los Angeles,SPARKS,LA,Los Angeles Sparks,Sparks,552583,fdb927,https://a.espncdn.com/i/teamlogos/wnba/500/la.png,home,94,True,24,4,23,51.0,35,68,0,16,73.0,16,22,14,5,12,2,0,38.0,8,21,28,0,12,10,9,s:40~l:59~t:9,new-york-liberty,New York,Liberty,NY,New York Liberty,Liberty,86cebc,000000,https://a.espncdn.com/i/teamlogos/wnba/500/ny.png,88,17,48,11
401620400,2024,2,2024-08-28,2024-08-28 22:00:00-04:00,8,s:40~l:59~t:8,minnesota-lynx,Minnesota,LYNX,MIN,Minnesota Lynx,Lynx,266092,79bc43,https://a.espncdn.com/i/teamlogos/wnba/500/min.png,away,89,True,25,4,27,46.0,33,72,0,16,75.0,12,16,23,12,9,1,1,42.0,11,26,39,1,15,14,11,s:40~l:59~t:11,phoenix-mercury,Phoenix,Mercury,PHX,Phoenix Mercury,Mercury,3c286e,fa4b0a,https://a.espncdn.com/i/teamlogos/wnba/500/phx.png,76,18,28,15
401620401,2024,2,2024-08-28,2024-08-28 22:00:00-04:00,20,s:40~l:59~t:20,atlanta-dream,Atlanta,DREAM,ATL,Atlanta Dream,Dream,e31837,5091cc,https://a.espncdn.com/i/teamlogos/wnba/500/atl.png,away,81,False,23,5,29,44.0,32,73,0,17,92.0,11,12,4,7,5,1,1,29.0,6,21,36,1,14,13,14,s:40~l:59~t:14,seattle-storm,Seattle,Storm,SEA,Seattle Storm,Storm,2c5235,fee11a,https://a.espncdn.com/i/teamlogos/wnba/500/sea.png,85,2,46,17
401620398,2024,2,2024-08-28,2024-08-28 20:00:00-04:00,16,s:40~l:59~t:16,washington-mystics,Washington,MYSTICS,WSH,Washington Mystics,Mystics,e03a3e,002b5c,https://a.espncdn.com/i/teamlogos/wnba/500/wsh.png,away,74,True,19,6,18,44.0,29,66,0,13,62.0,8,13,12,7,10,1,0,38.0,8,21,25,0,13,12,19,s:40~l:59~t:19,chicago-sky,Chicago,Sky,CHI,Chicago Sky,Sky,5091cd,ffd520,https://a.espncdn.com/i/teamlogos/wnba/500/chi.png,70,14,34,14
401620398,2024,2,2024-08-28,2024-08-28 20:00:00-04:00,19,s:40~l:59~t:19,chicago-sky,Chicago,SKY,CHI,Chicago Sky,Sky,5091cd,ffd520,https://a.espncdn.com/i/teamlogos/wnba/500/chi.png,home,70,False,19,4,26,47.0,27,58,0,17,73.0,11,15,7,10,2,2,0,36.0,5,14,36,0,23,21,16,s:40~l:59~t:16,washington-mystics,Washington,Mystics,WSH,Washington Mystics,Mystics,e03a3e,002b5c,https://a.espncdn.com/i/teamlogos/wnba/500/wsh.png,74,2,42,21
401620397,2024,2,2024-08-28,2024-08-28 19:00:00-04:00,18,s:40~l:59~t:18,connecticut-sun,Connecticut,SUN,CON,Connecticut Sun,Sun,f05023,0a2240,https://a.espncdn.com/guid/7c72e7ee-5064-b766-2b39-95b57e3d9a08/logos/default.png,away,80,False,19,4,23,45.0,30,66,0,13,71.0,12,17,6,4,14,2,0,33.0,8,24,27,0,16,14,5,s:40~l:59~t:5,indiana-fever,Indiana,Fever,IND,Indiana Fever,Fever,002d62,e03a3e,https://a.espncdn.com/i/teamlogos/wnba/500/ind.png,84,25,38,21
401620397,2024,2,2024-08-28,2024-08-28 19:00:00-04:00,5,s:40~l:59~t:5,indiana-fever,Indiana,FEVER,IND,Indiana Fever,Fever,002d62,e03a3e,https://a.espncdn.com/i/teamlogos/wnba/500/ind.png,home,84,True,20,5,27,47.0,31,66,0,17,82.0,9,11,9,8,5,1,1,43.0,13,30,35,1,20,19,18,s:40~l:59~t:18,connecticut-sun,Connecticut,Sun,CON,Connecticut Sun,Sun,f05023,0a2240,https://a.espncdn.com/guid/7c72e7ee-5064-b766-2b39-95b57e3d9a08/logos/default.png,80,5,28,20
401620401,2024,2,2024-08-28,2024-08-28 22:00:00-04:00,14,s:40~l:59~t:14,seattle-storm,Seattle,STORM,SEA,Seattle Storm,Storm,2c5235,fee11a,https://a.espncdn.com/i/teamlogos/wnba/500/sea.png,home,85,True,19,5,32,43.0,31,72,1,12,83.0,15,18,13,5,6,1,0,47.0,8,17,37,0,8,7,20,s:40~l:59~t:20,atlanta-dream,Atlanta,Dream,ATL,Atlanta Dream,Dream,e31837,5091cc,https://a.espncdn.com/i/teamlogos/wnba/500/atl.png,81,13,34,6
401620403,2024,2,2024-08-30,2024-08-30 19:30:00-04:00,3,s:40~l:59~t:3,dallas-wings,Dallas,WINGS,DAL,Dallas Wings,Wings,002b5c,c4d600,https://a.espncdn.com/guid/34946ff8-281e-c57d-bb76-37fb1ebe3ec6/logos/default.png,home,94,True,21,3,27,48.0,40,83,0,13,64.0,7,11,20,11,10,0,1,39.0,7,18,38,1,8,8,8,s:40~l:59~t:8,minnesota-lynx,Minnesota,Lynx,MIN,Minnesota Lynx,Lynx,266092,79bc43,https://a.espncdn.com/i/teamlogos/wnba/500/min.png,76,15,50,5
401620403,2024,2,2024-08-30,2024-08-30 19:30:00-04:00,8,s:40~l:59~t:8,minnesota-lynx,Minnesota,LYNX,MIN,Minnesota Lynx,Lynx,266092,79bc43,https://a.espncdn.com/i/teamlogos/wnba/500/min.png,away,76,False,20,5,27,40.0,27,68,0,14,92.0,12,13,2,5,4,2,0,29.0,10,35,32,0,16,14,3,s:40~l:59~t:3,dallas-wings,Dallas,Wings,DAL,Dallas Wings,Wings,002b5c,c4d600,https://a.espncdn.com/guid/34946ff8-281e-c57d-bb76-37fb1ebe3ec6/logos/default.png,94,6,20,25
401620402,2024,2,2024-08-30,2024-08-30 19:30:00-04:00,19,s:40~l:59~t:19,chicago-sky,Chicago,SKY,CHI,Chicago Sky,Sky,5091cd,ffd520,https://a.espncdn.com/i/teamlogos/wnba/500/chi.png,home,81,False,24,1,29,40.0,29,72,2,21,67.0,14,21,13,13,6,2,1,36.0,9,25,42,1,15,13,5,s:40~l:59~t:5,indiana-fever,Indiana,Fever,IND,Indiana Fever,Fever,002d62,e03a3e,https://a.espncdn.com/i/teamlogos/wnba/500/ind.png,100,10,30,25
401620402,2024,2,2024-08-30,2024-08-30 19:30:00-04:00,5,s:40~l:59~t:5,indiana-fever,Indiana,FEVER,IND,Indiana Fever,Fever,002d62,e03a3e,https://a.espncdn.com/i/teamlogos/wnba/500/ind.png,away,100,True,26,5,26,48.0,32,66,0,22,79.0,23,29,27,5,9,0,1,45.0,13,29,31,1,11,11,19,s:40~l:59~t:19,chicago-sky,Chicago,Sky,CHI,Chicago Sky,Sky,5091cd,ffd520,https://a.espncdn.com/i/teamlogos/wnba/500/chi.png,81,17,28,5
401620405,2024,2,2024-08-30,2024-08-30 22:00:00-04:00,14,s:40~l:59~t:14,seattle-storm,Seattle,STORM,SEA,Seattle Storm,Storm,2c5235,fee11a,https://a.espncdn.com/i/teamlogos/wnba/500/sea.png,home,85,False,19,3,11,46.0,33,71,0,19,93.0,14,15,7,6,9,0,0,22.0,5,23,17,0,5,5,9,s:40~l:59~t:9,new-york-liberty,New York,Liberty,NY,New York Liberty,Liberty,86cebc,000000,https://a.espncdn.com/i/teamlogos/wnba/500/ny.png,98,11,48,7
401620405,2024,2,2024-08-30,2024-08-30 22:00:00-04:00,9,s:40~l:59~t:9,new-york-liberty,New York,LIBERTY,NY,New York Liberty,Liberty,86cebc,000000,https://a.espncdn.com/i/teamlogos/wnba/500/ny.png,away,98,True,23,2,28,51.0,34,67,0,12,90.0,18,20,13,17,4,2,0,46.0,12,26,45,0,18,16,14,s:40~l:59~t:14,seattle-storm,Seattle,Storm,SEA,Seattle Storm,Storm,2c5235,fee11a,https://a.espncdn.com/i/teamlogos/wnba/500/sea.png,85,8,42,24
401620404,2024,2,2024-08-30,2024-08-30 22:00:00-04:00,17,s:40~l:59~t:17,las-vegas-aces,Las Vegas,ACES,LV,Las Vegas Aces,Aces,a7a8aa,000000,https://a.espncdn.com/i/teamlogos/wnba/500/lv.png,home,83,True,19,8,31,45.0,31,69,0,13,69.0,11,16,12,8,4,1,0,34.0,10,29,39,0,6,5,20,s:40~l:59~t:20,atlanta-dream,Atlanta,Dream,ATL,Atlanta Dream,Dream,e31837,5091cc,https://a.espncdn.com/i/teamlogos/wnba/500/atl.png,72,7,34,6
401620404,2024,2,2024-08-30,2024-08-30 22:00:00-04:00,20,s:40~l:59~t:20,atlanta-dream,Atlanta,DREAM,ATL,Atlanta Dream,Dream,e31837,5091cc,https://a.espncdn.com/i/teamlogos/wnba/500/atl.png,away,72,False,16,3,31,37.0,26,71,0,13,69.0,9,13,4,10,4,1,0,38.0,11,29,41,0,10,9,17,s:40~l:59~t:17,las-vegas-aces,Las Vegas,Aces,LV,Las Vegas Aces,Aces,a7a8aa,000000,https://a.espncdn.com/i/teamlogos/wnba/500/lv.png,83,8,24,14
401620406,2024,2,2024-08-31,2024-08-31 15:00:00-04:00,16,s:40~l:59~t:16,washington-mystics,Washington,MYSTICS,WSH,Washington Mystics,Mystics,e03a3e,002b5c,https://a.espncdn.com/i/teamlogos/wnba/500/wsh.png,home,85,False,23,3,19,48.0,30,63,0,20,73.0,11,15,2,6,8,2,0,47.0,14,30,25,0,18,16,18,s:40~l:59~t:18,connecticut-sun,Connecticut,Sun,CON,Connecticut Sun,Sun,f05023,0a2240,https://a.espncdn.com/guid/7c72e7ee-5064-b766-2b39-95b57e3d9a08/logos/default.png,96,8,26,26
401620406,2024,2,2024-08-31,2024-08-31 15:00:00-04:00,18,s:40~l:59~t:18,connecticut-sun,Connecticut,SUN,CON,Connecticut Sun,Sun,f05023,0a2240,https://a.espncdn.com/guid/7c72e7ee-5064-b766-2b39-95b57e3d9a08/logos/default.png,away,96,True,23,3,24,50.0,30,60,0,15,100.0,22,22,20,5,10,1,0,61.0,14,23,29,0,17,16,16,s:40~l:59~t:16,washington-mystics,Washington,Mystics,WSH,Washington Mystics,Mystics,e03a3e,002b5c,https://a.espncdn.com/i/teamlogos/wnba/500/wsh.png,85,16,28,18
401620407,2024,2,2024-09-01,2024-09-01 13:00:00-04:00,14,s:40~l:59~t:14,seattle-storm,Seattle,STORM,SEA,Seattle Storm,Storm,2c5235,fee11a,https://a.espncdn.com/i/teamlogos/wnba/500/sea.png,away,86,False,22,3,22,42.0,30,71,0,25,92.0,22,24,2,9,9,0,0,19.0,4,21,31,0,12,12,18,s:40~l:59~t:18,connecticut-sun,Connecticut,Sun,CON,Connecticut Sun,Sun,f05023,0a2240,https://a.espncdn.com/guid/7c72e7ee-5064-b766-2b39-95b57e3d9a08/logos/default.png,93,8,42,12
401620408,2024,2,2024-09-01,2024-09-01 15:00:00-04:00,8,s:40~l:59~t:8,minnesota-lynx,Minnesota,LYNX,MIN,Minnesota Lynx,Lynx,266092,79bc43,https://a.espncdn.com/i/teamlogos/wnba/500/min.png,home,79,True,23,2,15,46.0,32,70,0,15,83.0,10,12,13,9,10,0,1,23.0,5,22,24,1,10,10,19,s:40~l:59~t:19,chicago-sky,Chicago,Sky,CHI,Chicago Sky,Sky,5091cd,ffd520,https://a.espncdn.com/i/teamlogos/wnba/500/chi.png,74,14,26,10
401620408,2024,2,2024-09-01,2024-09-01 15:00:00-04:00,19,s:40~l:59~t:19,chicago-sky,Chicago,SKY,CHI,Chicago Sky,Sky,5091cd,ffd520,https://a.espncdn.com/i/teamlogos/wnba/500/chi.png,away,74,False,15,1,27,46.0,27,59,0,18,95.0,18,19,0,11,5,0,1,22.0,2,9,38,1,21,21,8,s:40~l:59~t:8,minnesota-lynx,Minnesota,Lynx,MIN,Minnesota Lynx,Lynx,266092,79bc43,https://a.espncdn.com/i/teamlogos/wnba/500/min.png,79,10,42,27
401620411,2024,2,2024-09-01,2024-09-01 16:00:00-04:00,11,s:40~l:59~t:11,phoenix-mercury,Phoenix,MERCURY,PHX,Phoenix Mercury,Mercury,3c286e,fa4b0a,https://a.espncdn.com/i/teamlogos/wnba/500/phx.png,home,79,False,23,2,20,48.0,29,61,0,14,78.0,14,18,2,4,9,0,3,32.0,7,22,24,3,15,15,17,s:40~l:59~t:17,las-vegas-aces,Las Vegas,Aces,LV,Las Vegas Aces,Aces,a7a8aa,000000,https://a.espncdn.com/i/teamlogos/wnba/500/lv.png,97,12,34,21
401620411,2024,2,2024-09-01,2024-09-01 16:00:00-04:00,17,s:40~l:59~t:17,las-vegas-aces,Las Vegas,ACES,LV,Las Vegas Aces,Aces,a7a8aa,000000,https://a.espncdn.com/i/teamlogos/wnba/500/lv.png,away,97,True,32,2,29,56.0,37,66,0,15,80.0,12,15,34,6,10,1,0,34.0,11,32,35,0,14,13,11,s:40~l:59~t:11,phoenix-mercury,Phoenix,Mercury,PHX,Phoenix Mercury,Mercury,3c286e,fa4b0a,https://a.espncdn.com/i/teamlogos/wnba/500/phx.png,79,14,44,16
401620409,2024,2,2024-09-01,2024-09-01 16:00:00-04:00,3,s:40~l:59~t:3,dallas-wings,Dallas,WINGS,DAL,Dallas Wings,Wings,002b5c,c4d600,https://a.espncdn.com/guid/34946ff8-281e-c57d-bb76-37fb1ebe3ec6/logos/default.png,home,93,False,22,2,26,39.0,29,74,1,18,81.0,22,27,9,8,8,0,1,42.0,13,31,34,1,13,13,5,s:40~l:59~t:5,indiana-fever,Indiana,Fever,IND,Indiana Fever,Fever,002d62,e03a3e,https://a.espncdn.com/i/teamlogos/wnba/500/ind.png,100,14,24,7
401620409,2024,2,2024-09-01,2024-09-01 16:00:00-04:00,5,s:40~l:59~t:5,indiana-fever,Indiana,FEVER,IND,Indiana Fever,Fever,002d62,e03a3e,https://a.espncdn.com/i/teamlogos/wnba/500/ind.png,away,100,True,24,9,29,53.0,37,70,0,21,88.0,15,17,8,9,7,0,0,50.0,11,22,38,0,20,20,3,s:40~l:59~t:3,dallas-wings,Dallas,Wings,DAL,Dallas Wings,Wings,002b5c,c4d600,https://a.espncdn.com/guid/34946ff8-281e-c57d-bb76-37fb1ebe3ec6/logos/default.png,93,13,38,24
401620410,2024,2,2024-09-01,2024-09-01 19:00:00-04:00,6,s:40~l:59~t:6,los-angeles-sparks,Los Angeles,SPARKS,LA,Los Angeles Sparks,Sparks,552583,fdb927,https://a.espncdn.com/i/teamlogos/wnba/500/la.png,home,62,False,14,2,24,37.0,23,62,0,14,72.0,13,18,0,7,5,0,0,14.0,3,21,31,0,9,9,20,s:40~l:59~t:20,atlanta-dream,Atlanta,Dream,ATL,Atlanta Dream,Dream,e31837,5091cc,https://a.espncdn.com/i/teamlogos/wnba/500/atl.png,80,8,36,9
401620410,2024,2,2024-09-01,2024-09-01 19:00:00-04:00,20,s:40~l:59~t:20,atlanta-dream,Atlanta,DREAM,ATL,Atlanta Dream,Dream,e31837,5091cc,https://a.espncdn.com/i/teamlogos/wnba/500/atl.png,away,80,True,22,3,29,46.0,32,70,0,17,69.0,9,13,27,13,4,0,0,41.0,7,17,42,0,9,9,6,s:40~l:59~t:6,los-angeles-sparks,Los Angeles,Sparks,LA,Los Angeles Sparks,Sparks,552583,fdb927,https://a.espncdn.com/i/teamlogos/wnba/500/la.png,62,10,38,12
401620407,2024,2,2024-09-01,2024-09-01 13:00:00-04:00,18,s:40~l:59~t:18,connecticut-sun,Connecticut,SUN,CON,Connecticut Sun,Sun,f05023,0a2240,https://a.espncdn.com/guid/7c72e7ee-5064-b766-2b39-95b57e3d9a08/logos/default.png,home,93,True,19,7,23,54.0,32,59,0,18,68.0,26,38,13,9,7,1,1,33.0,3,9,32,1,15,14,14,s:40~l:59~t:14,seattle-storm,Seattle,Storm,SEA,Seattle Storm,Storm,2c5235,fee11a,https://a.espncdn.com/i/teamlogos/wnba/500/sea.png,86,10,56,15
401620414,2024,2,2024-09-03,2024-09-03 22:00:00-04:00,19,s:40~l:59~t:19,chicago-sky,Chicago,SKY,CHI,Chicago Sky,Sky,5091cd,ffd520,https://a.espncdn.com/i/teamlogos/wnba/500/chi.png,away,71,False,16,2,23,42.0,25,60,0,18,74.0,14,19,2,6,8,1,0,39.0,7,18,29,0,18,17,17,s:40~l:59~t:17,las-vegas-aces,Las Vegas,Aces,LV,Las Vegas Aces,Aces,a7a8aa,000000,https://a.espncdn.com/i/teamlogos/wnba/500/lv.png,90,8,28,19
401620414,2024,2,2024-09-03,2024-09-03 22:00:00-04:00,17,s:40~l:59~t:17,las-vegas-aces,Las Vegas,ACES,LV,Las Vegas Aces,Aces,a7a8aa,000000,https://a.espncdn.com/i/teamlogos/wnba/500/lv.png,home,90,True,25,6,26,52.0,32,61,0,15,86.0,18,21,21,5,12,1,0,33.0,8,24,31,0,13,12,19,s:40~l:59~t:19,chicago-sky,Chicago,Sky,CHI,Chicago Sky,Sky,5091cd,ffd520,https://a.espncdn.com/i/teamlogos/wnba/500/chi.png,71,12,36,13
401620415,2024,2,2024-09-03,2024-09-03 22:00:00-04:00,20,s:40~l:59~t:20,atlanta-dream,Atlanta,DREAM,ATL,Atlanta Dream,Dream,e31837,5091cc,https://a.espncdn.com/i/teamlogos/wnba/500/atl.png,away,66,False,15,4,22,35.0,24,68,0,19,79.0,11,14,0,7,7,1,1,28.0,7,25,29,1,14,13,11,s:40~l:59~t:11,phoenix-mercury,Phoenix,Mercury,PHX,Phoenix Mercury,Mercury,3c286e,fa4b0a,https://a.espncdn.com/i/teamlogos/wnba/500/phx.png,74,8,26,8
401620412,2024,2,2024-09-03,2024-09-03 19:00:00-04:00,14,s:40~l:59~t:14,seattle-storm,Seattle,STORM,SEA,Seattle Storm,Storm,2c5235,fee11a,https://a.espncdn.com/i/teamlogos/wnba/500/sea.png,away,71,True,22,8,28,47.0,29,62,0,19,67.0,10,15,11,3,8,2,0,18.0,3,17,31,0,15,13,18,s:40~l:59~t:18,connecticut-sun,Connecticut,Sun,CON,Connecticut Sun,Sun,f05023,0a2240,https://a.espncdn.com/guid/7c72e7ee-5064-b766-2b39-95b57e3d9a08/logos/default.png,64,12,40,18
401620413,2024,2,2024-09-03,2024-09-03 20:00:00-04:00,16,s:40~l:59~t:16,washington-mystics,Washington,MYSTICS,WSH,Washington Mystics,Mystics,e03a3e,002b5c,https://a.espncdn.com/i/teamlogos/wnba/500/wsh.png,away,90,True,22,6,21,40.0,31,77,0,18,94.0,16,17,16,12,5,2,0,40.0,12,30,33,0,11,9,3,s:40~l:59~t:3,dallas-wings,Dallas,Wings,DAL,Dallas Wings,Wings,002b5c,c4d600,https://a.espncdn.com/guid/34946ff8-281e-c57d-bb76-37fb1ebe3ec6/logos/default.png,86,12,24,8
401620413,2024,2,2024-09-03,2024-09-03 20:00:00-04:00,3,s:40~l:59~t:3,dallas-wings,Dallas,WINGS,DAL,Dallas Wings,Wings,002b5c,c4d600,https://a.espncdn.com/guid/34946ff8-281e-c57d-bb76-37fb1ebe3ec6/logos/default.png,home,86,False,22,7,28,43.0,31,72,0,18,77.0,20,26,1,16,3,1,1,22.0,4,18,44,1,14,13,16,s:40~l:59~t:16,washington-mystics,Washington,Mystics,WSH,Washington Mystics,Mystics,e03a3e,002b5c,https://a.espncdn.com/i/teamlogos/wnba/500/wsh.png,90,8,48,13
401620412,2024,2,2024-09-03,2024-09-03 19:00:00-04:00,18,s:40~l:59~t:18,connecticut-sun,Connecticut,SUN,CON,Connecticut Sun,Sun,f05023,0a2240,https://a.espncdn.com/guid/7c72e7ee-5064-b766-2b39-95b57e3d9a08/logos/default.png,home,64,False,18,3,23,41.0,24,58,0,14,65.0,11,17,12,7,7,0,1,33.0,5,15,30,1,15,15,14,s:40~l:59~t:14,seattle-storm,Seattle,Storm,SEA,Seattle Storm,Storm,2c5235,fee11a,https://a.espncdn.com/i/teamlogos/wnba/500/sea.png,71,6,34,17
401620415,2024,2,2024-09-03,2024-09-03 22:00:00-04:00,11,s:40~l:59~t:11,phoenix-mercury,Phoenix,MERCURY,PHX,Phoenix Mercury,Mercury,3c286e,fa4b0a,https://a.espncdn.com/i/teamlogos/wnba/500/phx.png,home,74,True,18,4,26,42.0,23,55,0,15,85.0,22,26,16,7,7,2,0,24.0,6,25,33,0,19,17,20,s:40~l:59~t:20,atlanta-dream,Atlanta,Dream,ATL,Atlanta Dream,Dream,e31837,5091cc,https://a.espncdn.com/i/teamlogos/wnba/500/atl.png,66,8,18,20
401620416,2024,2,2024-09-04,2024-09-04 19:00:00-04:00,5,s:40~l:59~t:5,indiana-fever,Indiana,FEVER,IND,Indiana Fever,Fever,002d62,e03a3e,https://a.espncdn.com/i/teamlogos/wnba/500/ind.png,home,93,True,18,4,32,49.0,33,67,0,15,83.0,20,24,9,8,5,1,0,32.0,7,22,40,0,19,18,6,s:40~l:59~t:6,los-angeles-sparks,Los Angeles,Sparks,LA,Los Angeles Sparks,Sparks,552583,fdb927,https://a.espncdn.com/i/teamlogos/wnba/500/la.png,86,9,46,19
401620416,2024,2,2024-09-04,2024-09-04 19:00:00-04:00,6,s:40~l:59~t:6,los-angeles-sparks,Los Angeles,SPARKS,LA,Los Angeles Sparks,Sparks,552583,fdb927,https://a.espncdn.com/i/teamlogos/wnba/500/la.png,away,86,False,17,3,22,40.0,31,77,0,19,82.0,14,17,6,6,9,1,0,37.0,10,27,28,0,13,12,5,s:40~l:59~t:5,indiana-fever,Indiana,Fever,IND,Indiana Fever,Fever,002d62,e03a3e,https://a.espncdn.com/i/teamlogos/wnba/500/ind.png,93,13,40,16
401620417,2024,2,2024-09-05,2024-09-05 19:00:00-04:00,14,s:40~l:59~t:14,seattle-storm,Seattle,STORM,SEA,Seattle Storm,Storm,2c5235,fee11a,https://a.espncdn.com/i/teamlogos/wnba/500/sea.png,away,70,False,16,6,25,43.0,30,70,0,10,67.0,4,6,4,8,5,1,0,30.0,6,20,33,0,14,13,9,s:40~l:59~t:9,new-york-liberty,New York,Liberty,NY,New York Liberty,Liberty,86cebc,000000,https://a.espncdn.com/i/teamlogos/wnba/500/ny.png,77,2,30,10
401620418,2024,2,2024-09-05,2024-09-05 22:00:00-04:00,11,s:40~l:59~t:11,phoenix-mercury,Phoenix,MERCURY,PHX,Phoenix Mercury,Mercury,3c286e,fa4b0a,https://a.espncdn.com/i/teamlogos/wnba/500/phx.png,home,77,False,22,5,24,40.0,27,68,0,13,82.0,14,17,3,9,4,0,0,30.0,9,30,33,0,17,17,16,s:40~l:59~t:16,washington-mystics,Washington,Mystics,WSH,Washington Mystics,Mystics,e03a3e,002b5c,https://a.espncdn.com/i/teamlogos/wnba/500/wsh.png,90,4,26,22
401620418,2024,2,2024-09-05,2024-09-05 22:00:00-04:00,16,s:40~l:59~t:16,washington-mystics,Washington,MYSTICS,WSH,Washington Mystics,Mystics,e03a3e,002b5c,https://a.espncdn.com/i/teamlogos/wnba/500/wsh.png,away,90,True,25,5,25,53.0,36,68,0,17,80.0,4,5,25,5,10,0,0,50.0,14,28,30,0,12,12,11,s:40~l:59~t:11,phoenix-mercury,Phoenix,Mercury,PHX,Phoenix Mercury,Mercury,3c286e,fa4b0a,https://a.espncdn.com/i/teamlogos/wnba/500/phx.png,77,10,28,6
401620417,2024,2,2024-09-05,2024-09-05 19:00:00-04:00,9,s:40~l:59~t:9,new-york-liberty,New York,LIBERTY,NY,New York Liberty,Liberty,86cebc,000000,https://a.espncdn.com/i/teamlogos/wnba/500/ny.png,home,77,True,24,10,28,39.0,27,70,0,11,85.0,11,13,11,10,8,3,0,44.0,12,27,38,0,15,12,14,s:40~l:59~t:14,seattle-storm,Seattle,Storm,SEA,Seattle Storm,Storm,2c5235,fee11a,https://a.espncdn.com/i/teamlogos/wnba/500/sea.png,70,19,26,15
401620421,2024,2,2024-09-06,2024-09-06 19:30:00-04:00,5,s:40~l:59~t:5,indiana-fever,Indiana,FEVER,IND,Indiana Fever,Fever,002d62,e03a3e,https://a.espncdn.com/i/teamlogos/wnba/500/ind.png,home,88,False,19,3,24,43.0,32,75,0,22,85.0,11,13,11,12,3,0,1,45.0,13,29,36,1,14,14,8,s:40~l:59~t:8,minnesota-lynx,Minnesota,Lynx,MIN,Minnesota Lynx,Lynx,266092,79bc43,https://a.espncdn.com/i/teamlogos/wnba/500/min.png,99,17,34,15
401620420,2024,2,2024-09-06,2024-09-06 19:30:00-04:00,18,s:40~l:59~t:18,connecticut-sun,Connecticut,SUN,CON,Connecticut Sun,Sun,f05023,0a2240,https://a.espncdn.com/guid/7c72e7ee-5064-b766-2b39-95b57e3d9a08/logos/default.png,home,67,False,16,4,28,45.0,25,56,0,19,82.0,14,17,15,5,10,1,1,19.0,3,16,33,1,19,18,17,s:40~l:59~t:17,las-vegas-aces,Las Vegas,Aces,LV,Las Vegas Aces,Aces,a7a8aa,000000,https://a.espncdn.com/i/teamlogos/wnba/500/lv.png,72,9,36,16
401620420,2024,2,2024-09-06,2024-09-06 19:30:00-04:00,17,s:40~l:59~t:17,las-vegas-aces,Las Vegas,ACES,LV,Las Vegas Aces,Aces,a7a8aa,000000,https://a.espncdn.com/i/teamlogos/wnba/500/lv.png,away,72,True,17,2,26,38.0,25,65,0,16,84.0,16,19,5,7,9,1,0,30.0,6,20,33,0,15,14,18,s:40~l:59~t:18,connecticut-sun,Connecticut,Sun,CON,Connecticut Sun,Sun,f05023,0a2240,https://a.espncdn.com/guid/7c72e7ee-5064-b766-2b39-95b57e3d9a08/logos/default.png,67,10,32,12
401620419,2024,2,2024-09-06,2024-09-06 19:30:00-04:00,20,s:40~l:59~t:20,atlanta-dream,Atlanta,DREAM,ATL,Atlanta Dream,Dream,e31837,5091cc,https://a.espncdn.com/i/teamlogos/wnba/500/atl.png,home,107,True,24,3,23,50.0,39,78,0,18,66.0,21,32,11,14,7,1,0,32.0,8,25,37,0,10,9,3,s:40~l:59~t:3,dallas-wings,Dallas,Wings,DAL,Dallas Wings,Wings,002b5c,c4d600,https://a.espncdn.com/guid/34946ff8-281e-c57d-bb76-37fb1ebe3ec6/logos/default.png,96,10,50,12
401620419,2024,2,2024-09-06,2024-09-06 19:30:00-04:00,3,s:40~l:59~t:3,dallas-wings,Dallas,WINGS,DAL,Dallas Wings,Wings,002b5c,c4d600,https://a.espncdn.com/guid/34946ff8-281e-c57d-bb76-37fb1ebe3ec6/logos/default.png,away,96,False,26,3,23,49.0,35,71,0,24,82.0,18,22,16,10,5,0,0,40.0,8,20,33,0,18,18,20,s:40~l:59~t:20,atlanta-dream,Atlanta,Dream,ATL,Atlanta Dream,Dream,e31837,5091cc,https://a.espncdn.com/i/teamlogos/wnba/500/atl.png,107,18,38,26
401620422,2024,2,2024-09-06,2024-09-06 21:30:00-04:00,19,s:40~l:59~t:19,chicago-sky,Chicago,SKY,CHI,Chicago Sky,Sky,5091cd,ffd520,https://a.espncdn.com/i/teamlogos/wnba/500/chi.png,home,92,True,24,5,28,51.0,36,70,0,18,93.0,13,14,18,7,9,1,0,44.0,7,16,35,0,14,13,6,s:40~l:59~t:6,los-angeles-sparks,Los Angeles,Sparks,LA,Los Angeles Sparks,Sparks,552583,fdb927,https://a.espncdn.com/i/teamlogos/wnba/500/la.png,78,10,48,18
401620422,2024,2,2024-09-06,2024-09-06 21:30:00-04:00,6,s:40~l:59~t:6,los-angeles-sparks,Los Angeles,SPARKS,LA,Los Angeles Sparks,Sparks,552583,fdb927,https://a.espncdn.com/i/teamlogos/wnba/500/la.png,away,78,False,23,4,20,44.0,29,66,0,18,75.0,15,20,8,6,9,1,0,25.0,5,20,26,0,14,13,19,s:40~l:59~t:19,chicago-sky,Chicago,Sky,CHI,Chicago Sky,Sky,5091cd,ffd520,https://a.espncdn.com/i/teamlogos/wnba/500/chi.png,92,23,44,12
401620421,2024,2,2024-09-06,2024-09-06 19:30:00-04:00,8,s:40~l:59~t:8,minnesota-lynx,Minnesota,LYNX,MIN,Minnesota Lynx,Lynx,266092,79bc43,https://a.espncdn.com/i/teamlogos/wnba/500/min.png,away,99,True,25,4,27,45.0,33,73,0,16,80.0,20,25,13,10,7,1,0,41.0,13,32,37,0,10,9,5,s:40~l:59~t:5,indiana-fever,Indiana,Fever,IND,Indiana Fever,Fever,002d62,e03a3e,https://a.espncdn.com/i/teamlogos/wnba/500/ind.png,88,6,34,10
401620423,2024,2,2024-09-07,2024-09-07 21:00:00-04:00,14,s:40~l:59~t:14,seattle-storm,Seattle,STORM,SEA,Seattle Storm,Storm,2c5235,fee11a,https://a.espncdn.com/i/teamlogos/wnba/500/sea.png,home,90,True,26,3,31,43.0,36,84,0,11,86.0,6,7,24,15,8,0,1,38.0,12,32,46,1,6,6,11,s:40~l:59~t:11,phoenix-mercury,Phoenix,Mercury,PHX,Phoenix Mercury,Mercury,3c286e,fa4b0a,https://a.espncdn.com/i/teamlogos/wnba/500/phx.png,66,5,40,5
401620423,2024,2,2024-09-07,2024-09-07 21:00:00-04:00,11,s:40~l:59~t:11,phoenix-mercury,Phoenix,MERCURY,PHX,Phoenix Mercury,Mercury,3c286e,fa4b0a,https://a.espncdn.com/i/teamlogos/wnba/500/phx.png,away,66,False,20,4,27,36.0,24,66,0,11,89.0,8,9,3,7,4,0,0,34.0,10,29,34,0,13,13,14,s:40~l:59~t:14,seattle-storm,Seattle,Storm,SEA,Seattle Storm,Storm,2c5235,fee11a,https://a.espncdn.com/i/teamlogos/wnba/500/sea.png,90,4,24,7
401620425,2024,2,2024-09-08,2024-09-08 16:00:00-04:00,20,s:40~l:59~t:20,atlanta-dream,Atlanta,DREAM,ATL,Atlanta Dream,Dream,e31837,5091cc,https://a.espncdn.com/i/teamlogos/wnba/500/atl.png,away,100,False,19,5,23,41.0,39,94,0,21,72.0,13,18,16,15,8,0,0,35.0,9,26,38,0,8,8,5,s:40~l:59~t:5,indiana-fever,Indiana,Fever,IND,Indiana Fever,Fever,002d62,e03a3e,https://a.espncdn.com/i/teamlogos/wnba/500/ind.png,104,7,50,9
401620424,2024,2,2024-09-08,2024-09-08 15:00:00-04:00,16,s:40~l:59~t:16,washington-mystics,Washington,MYSTICS,WSH,Washington Mystics,Mystics,e03a3e,002b5c,https://a.espncdn.com/i/teamlogos/wnba/500/wsh.png,home,71,False,19,3,27,41.0,29,70,0,15,67.0,2,3,6,8,6,2,0,34.0,11,32,35,0,16,14,8,s:40~l:59~t:8,minnesota-lynx,Minnesota,Lynx,MIN,Minnesota Lynx,Lynx,266092,79bc43,https://a.espncdn.com/i/teamlogos/wnba/500/min.png,78,7,26,21
401620424,2024,2,2024-09-08,2024-09-08 15:00:00-04:00,8,s:40~l:59~t:8,minnesota-lynx,Minnesota,LYNX,MIN,Minnesota Lynx,Lynx,266092,79bc43,https://a.espncdn.com/i/teamlogos/wnba/500/min.png,away,78,True,19,1,31,41.0,27,66,0,11,100.0,17,17,7,7,7,0,0,29.0,7,24,38,0,16,16,16,s:40~l:59~t:16,washington-mystics,Washington,Mystics,WSH,Washington Mystics,Mystics,e03a3e,002b5c,https://a.espncdn.com/i/teamlogos/wnba/500/wsh.png,71,7,28,13
401620426,2024,2,2024-09-08,2024-09-08 16:00:00-04:00,9,s:40~l:59~t:9,new-york-liberty,New York,LIBERTY,NY,New York Liberty,Liberty,86cebc,000000,https://a.espncdn.com/i/teamlogos/wnba/500/ny.png,home,75,True,21,5,29,39.0,27,69,0,13,73.0,16,22,20,10,8,0,0,21.0,5,24,39,0,11,11,17,s:40~l:59~t:17,las-vegas-aces,Las Vegas,Aces,LV,Las Vegas Aces,Aces,a7a8aa,000000,https://a.espncdn.com/i/teamlogos/wnba/500/lv.png,71,7,36,14
401620426,2024,2,2024-09-08,2024-09-08 16:00:00-04:00,17,s:40~l:59~t:17,las-vegas-aces,Las Vegas,ACES,LV,Las Vegas Aces,Aces,a7a8aa,000000,https://a.espncdn.com/i/teamlogos/wnba/500/lv.png,away,71,False,18,4,25,36.0,23,64,0,23,100.0,10,10,8,2,7,1,0,45.0,15,33,27,0,12,11,9,s:40~l:59~t:9,new-york-liberty,New York,Liberty,NY,New York Liberty,Liberty,86cebc,000000,https://a.espncdn.com/i/teamlogos/wnba/500/ny.png,75,10,16,13
401620425,2024,2,2024-09-08,2024-09-08 16:00:00-04:00,5,s:40~l:59~t:5,indiana-fever,Indiana,FEVER,IND,Indiana Fever,Fever,002d62,e03a3e,https://a.espncdn.com/i/teamlogos/wnba/500/ind.png,home,104,True,23,4,30,54.0,37,68,0,19,80.0,20,25,5,7,5,2,0,40.0,10,25,37,0,19,17,20,s:40~l:59~t:20,atlanta-dream,Atlanta,Dream,ATL,Atlanta Dream,Dream,e31837,5091cc,https://a.espncdn.com/i/teamlogos/wnba/500/atl.png,100,12,40,9
401620427,2024,2,2024-09-08,2024-09-08 18:00:00-04:00,19,s:40~l:59~t:19,chicago-sky,Chicago,SKY,CHI,Chicago Sky,Sky,5091cd,ffd520,https://a.espncdn.com/i/teamlogos/wnba/500/chi.png,home,92,True,19,4,30,50.0,35,70,0,18,74.0,17,23,26,8,6,2,0,38.0,5,13,38,0,14,12,3,s:40~l:59~t:3,dallas-wings,Dallas,Wings,DAL,Dallas Wings,Wings,002b5c,c4d600,https://a.espncdn.com/guid/34946ff8-281e-c57d-bb76-37fb1ebe3ec6/logos/default.png,77,23,46,8
401620427,2024,2,2024-09-08,2024-09-08 18:00:00-04:00,3,s:40~l:59~t:3,dallas-wings,Dallas,WINGS,DAL,Dallas Wings,Wings,002b5c,c4d600,https://a.espncdn.com/guid/34946ff8-281e-c57d-bb76-37fb1ebe3ec6/logos/default.png,away,77,False,21,4,21,41.0,30,74,0,21,74.0,14,19,0,13,6,0,1,20.0,3,15,34,1,14,14,19,s:40~l:59~t:19,chicago-sky,Chicago,Sky,CHI,Chicago Sky,Sky,5091cd,ffd520,https://a.espncdn.com/i/teamlogos/wnba/500/chi.png,92,14,42,17
401620428,2024,2,2024-09-08,2024-09-08 21:00:00-04:00,6,s:40~l:59~t:6,los-angeles-sparks,Los Angeles,SPARKS,LA,Los Angeles Sparks,Sparks,552583,fdb927,https://a.espncdn.com/i/teamlogos/wnba/500/la.png,home,67,False,15,2,24,41.0,22,54,0,20,80.0,16,20,7,4,5,1,0,50.0,7,14,28,0,20,19,18,s:40~l:59~t:18,connecticut-sun,Connecticut,Sun,CON,Connecticut Sun,Sun,f05023,0a2240,https://a.espncdn.com/guid/7c72e7ee-5064-b766-2b39-95b57e3d9a08/logos/default.png,79,2,24,21
401620428,2024,2,2024-09-08,2024-09-08 21:00:00-04:00,18,s:40~l:59~t:18,connecticut-sun,Connecticut,SUN,CON,Connecticut Sun,Sun,f05023,0a2240,https://a.espncdn.com/guid/7c72e7ee-5064-b766-2b39-95b57e3d9a08/logos/default.png,away,79,True,22,5,25,46.0,32,69,0,16,56.0,9,16,12,8,9,3,0,33.0,6,18,33,0,14,11,6,s:40~l:59~t:6,los-angeles-sparks,Los Angeles,Sparks,LA,Los Angeles Sparks,Sparks,552583,fdb927,https://a.espncdn.com/i/teamlogos/wnba/500/la.png,67,12,50,7
401620431,2024,2,2024-09-10,2024-09-10 22:00:00-04:00,18,s:40~l:59~t:18,connecticut-sun,Connecticut,SUN,CON,Connecticut Sun,Sun,f05023,0a2240,https://a.espncdn.com/guid/7c72e7ee-5064-b766-2b39-95b57e3d9a08/logos/default.png,away,86,True,24,7,30,53.0,33,62,0,17,86.0,12,14,28,3,8,0,0,38.0,8,21,33,0,13,13,6,s:40~l:59~t:6,los-angeles-sparks,Los Angeles,Sparks,LA,Los Angeles Sparks,Sparks,552583,fdb927,https://a.espncdn.com/i/teamlogos/wnba/500/la.png,66,26,48,14
401620431,2024,2,2024-09-10,2024-09-10 22:00:00-04:00,6,s:40~l:59~t:6,los-angeles-sparks,Los Angeles,SPARKS,LA,Los Angeles Sparks,Sparks,552583,fdb927,https://a.espncdn.com/i/teamlogos/wnba/500/la.png,home,66,False,19,0,22,39.0,26,67,0,14,67.0,8,12,8,5,9,0,0,32.0,6,19,27,0,15,15,18,s:40~l:59~t:18,connecticut-sun,Connecticut,Sun,CON,Connecticut Sun,Sun,f05023,0a2240,https://a.espncdn.com/guid/7c72e7ee-5064-b766-2b39-95b57e3d9a08/logos/default.png,86,10,36,22
401620430,2024,2,2024-09-10,2024-09-10 20:00:00-04:00,3,s:40~l:59~t:3,dallas-wings,Dallas,WINGS,DAL,Dallas Wings,Wings,002b5c,c4d600,https://a.espncdn.com/guid/34946ff8-281e-c57d-bb76-37fb1ebe3ec6/logos/default.png,home,91,False,24,4,23,47.0,34,72,0,13,89.0,17,19,0,5,3,0,0,25.0,6,24,28,0,11,11,9,s:40~l:59~t:9,new-york-liberty,New York,Liberty,NY,New York Liberty,Liberty,86cebc,000000,https://a.espncdn.com/i/teamlogos/wnba/500/ny.png,105,13,44,15
401620430,2024,2,2024-09-10,2024-09-10 20:00:00-04:00,9,s:40~l:59~t:9,new-york-liberty,New York,LIBERTY,NY,New York Liberty,Liberty,86cebc,000000,https://a.espncdn.com/i/teamlogos/wnba/500/ny.png,away,105,True,33,3,25,54.0,38,70,0,20,93.0,13,14,25,5,5,0,0,55.0,16,29,30,0,11,11,3,s:40~l:59~t:3,dallas-wings,Dallas,Wings,DAL,Dallas Wings,Wings,002b5c,c4d600,https://a.espncdn.com/guid/34946ff8-281e-c57d-bb76-37fb1ebe3ec6/logos/default.png,91,9,34,9
401620429,2024,2,2024-09-10,2024-09-10 19:30:00-04:00,20,s:40~l:59~t:20,atlanta-dream,Atlanta,DREAM,ATL,Atlanta Dream,Dream,e31837,5091cc,https://a.espncdn.com/i/teamlogos/wnba/500/atl.png,home,64,False,12,3,27,30.0,21,70,0,11,89.0,17,19,2,10,8,0,1,28.0,5,18,37,1,10,10,8,s:40~l:59~t:8,minnesota-lynx,Minnesota,Lynx,MIN,Minnesota Lynx,Lynx,266092,79bc43,https://a.espncdn.com/i/teamlogos/wnba/500/min.png,76,8,26,9
401620429,2024,2,2024-09-10,2024-09-10 19:30:00-04:00,8,s:40~l:59~t:8,minnesota-lynx,Minnesota,LYNX,MIN,Minnesota Lynx,Lynx,266092,79bc43,https://a.espncdn.com/i/teamlogos/wnba/500/min.png,away,76,True,24,4,33,50.0,32,64,0,17,56.0,5,9,14,4,7,1,0,35.0,7,20,37,0,11,10,20,s:40~l:59~t:20,atlanta-dream,Atlanta,Dream,ATL,Atlanta Dream,Dream,e31837,5091cc,https://a.espncdn.com/i/teamlogos/wnba/500/atl.png,64,10,40,4
401620432,2024,2,2024-09-11,2024-09-11 19:00:00-04:00,5,s:40~l:59~t:5,indiana-fever,Indiana,FEVER,IND,Indiana Fever,Fever,002d62,e03a3e,https://a.espncdn.com/i/teamlogos/wnba/500/ind.png,home,75,False,15,3,27,40.0,29,73,0,19,63.0,10,16,7,7,4,0,0,27.0,7,26,34,0,14,14,17,s:40~l:59~t:17,las-vegas-aces,Las Vegas,Aces,LV,Las Vegas Aces,Aces,a7a8aa,000000,https://a.espncdn.com/i/teamlogos/wnba/500/lv.png,86,6,40,13
401620432,2024,2,2024-09-11,2024-09-11 19:00:00-04:00,17,s:40~l:59~t:17,las-vegas-aces,Las Vegas,ACES,LV,Las Vegas Aces,Aces,a7a8aa,000000,https://a.espncdn.com/i/teamlogos/wnba/500/lv.png,away,86,True,20,6,28,44.0,31,70,0,14,82.0,14,17,12,6,6,2,1,45.0,10,22,34,1,10,8,5,s:40~l:59~t:5,indiana-fever,Indiana,Fever,IND,Indiana Fever,Fever,002d62,e03a3e,https://a.espncdn.com/i/teamlogos/wnba/500/ind.png,75,7,24,4
401620433,2024,2,2024-09-11,2024-09-11 20:00:00-04:00,19,s:40~l:59~t:19,chicago-sky,Chicago,SKY,CHI,Chicago Sky,Sky,5091cd,ffd520,https://a.espncdn.com/i/teamlogos/wnba/500/chi.png,home,58,False,17,4,21,36.0,25,70,0,20,64.0,7,11,0,11,7,1,0,13.0,1,8,32,0,16,15,16,s:40~l:59~t:16,washington-mystics,Washington,Mystics,WSH,Washington Mystics,Mystics,e03a3e,002b5c,https://a.espncdn.com/i/teamlogos/wnba/500/wsh.png,89,2,30,19
401620433,2024,2,2024-09-11,2024-09-11 20:00:00-04:00,16,s:40~l:59~t:16,washington-mystics,Washington,MYSTICS,WSH,Washington Mystics,Mystics,e03a3e,002b5c,https://a.espncdn.com/i/teamlogos/wnba/500/wsh.png,away,89,True,28,7,28,50.0,34,68,0,13,71.0,12,17,31,9,9,2,0,39.0,9,23,37,0,13,11,19,s:40~l:59~t:19,chicago-sky,Chicago,Sky,CHI,Chicago Sky,Sky,5091cd,ffd520,https://a.espncdn.com/i/teamlogos/wnba/500/chi.png,58,14,36,11
401620434,2024,2,2024-09-11,2024-09-11 22:00:00-04:00,6,s:40~l:59~t:6,los-angeles-sparks,Los Angeles,SPARKS,LA,Los Angeles Sparks,Sparks,552583,fdb927,https://a.espncdn.com/i/teamlogos/wnba/500/la.png,home,82,False,21,3,32,49.0,32,65,0,12,73.0,11,15,13,6,5,0,1,41.0,7,17,38,1,13,13,14,s:40~l:59~t:14,seattle-storm,Seattle,Storm,SEA,Seattle Storm,Storm,2c5235,fee11a,https://a.espncdn.com/i/teamlogos/wnba/500/sea.png,90,9,48,14
401620434,2024,2,2024-09-11,2024-09-11 22:00:00-04:00,14,s:40~l:59~t:14,seattle-storm,Seattle,STORM,SEA,Seattle Storm,Storm,2c5235,fee11a,https://a.espncdn.com/i/teamlogos/wnba/500/sea.png,away,90,True,22,10,24,47.0,33,70,0,13,95.0,18,19,9,3,11,0,0,32.0,6,19,27,0,6,6,6,s:40~l:59~t:6,los-angeles-sparks,Los Angeles,Sparks,LA,Los Angeles Sparks,Sparks,552583,fdb927,https://a.espncdn.com/i/teamlogos/wnba/500/la.png,82,13,40,3
401620435,2024,2,2024-09-12,2024-09-12 20:00:00-04:00,3,s:40~l:59~t:3,dallas-wings,Dallas,WINGS,DAL,Dallas Wings,Wings,002b5c,c4d600,https://a.espncdn.com/guid/34946ff8-281e-c57d-bb76-37fb1ebe3ec6/logos/default.png,home,67,False,17,2,24,37.0,26,71,0,23,69.0,11,16,0,9,4,2,0,22.0,4,18,33,0,17,15,9,s:40~l:59~t:9,new-york-liberty,New York,Liberty,NY,New York Liberty,Liberty,86cebc,000000,https://a.espncdn.com/i/teamlogos/wnba/500/ny.png,99,11,38,20
401620435,2024,2,2024-09-12,2024-09-12 20:00:00-04:00,9,s:40~l:59~t:9,new-york-liberty,New York,LIBERTY,NY,New York Liberty,Liberty,86cebc,000000,https://a.espncdn.com/i/teamlogos/wnba/500/ny.png,away,99,True,25,4,32,48.0,33,69,0,13,81.0,21,26,32,8,10,0,0,40.0,12,30,40,0,10,10,3,s:40~l:59~t:3,dallas-wings,Dallas,Wings,DAL,Dallas Wings,Wings,002b5c,c4d600,https://a.espncdn.com/guid/34946ff8-281e-c57d-bb76-37fb1ebe3ec6/logos/default.png,67,30,38,11
401620436,2024,2,2024-09-13,2024-09-13 19:30:00-04:00,20,s:40~l:59~t:20,atlanta-dream,Atlanta,DREAM,ATL,Atlanta Dream,Dream,e31837,5091cc,https://a.espncdn.com/i/teamlogos/wnba/500/atl.png,home,69,False,14,3,24,29.0,21,73,0,19,88.0,22,25,10,17,12,2,0,25.0,5,20,41,0,16,14,16,s:40~l:59~t:16,washington-mystics,Washington,Mystics,WSH,Washington Mystics,Mystics,e03a3e,002b5c,https://a.espncdn.com/i/teamlogos/wnba/500/wsh.png,72,13,30,15
401620440,2024,2,2024-09-13,2024-09-13 22:00:00-04:00,18,s:40~l:59~t:18,connecticut-sun,Connecticut,SUN,CON,Connecticut Sun,Sun,f05023,0a2240,https://a.espncdn.com/guid/7c72e7ee-5064-b766-2b39-95b57e3d9a08/logos/default.png,away,88,True,23,5,30,44.0,33,75,0,14,82.0,14,17,28,8,2,1,0,31.0,8,26,38,0,8,7,11,s:40~l:59~t:11,phoenix-mercury,Phoenix,Mercury,PHX,Phoenix Mercury,Mercury,3c286e,fa4b0a,https://a.espncdn.com/i/teamlogos/wnba/500/phx.png,69,9,40,2
401620440,2024,2,2024-09-13,2024-09-13 22:00:00-04:00,11,s:40~l:59~t:11,phoenix-mercury,Phoenix,MERCURY,PHX,Phoenix Mercury,Mercury,3c286e,fa4b0a,https://a.espncdn.com/i/teamlogos/wnba/500/phx.png,home,69,False,19,7,27,38.0,27,72,1,16,82.0,9,11,3,6,4,3,1,18.0,6,33,33,1,10,7,18,s:40~l:59~t:18,connecticut-sun,Connecticut,Sun,CON,Connecticut Sun,Sun,f05023,0a2240,https://a.espncdn.com/guid/7c72e7ee-5064-b766-2b39-95b57e3d9a08/logos/default.png,88,6,34,17
401620436,2024,2,2024-09-13,2024-09-13 19:30:00-04:00,16,s:40~l:59~t:16,washington-mystics,Washington,MYSTICS,WSH,Washington Mystics,Mystics,e03a3e,002b5c,https://a.espncdn.com/i/teamlogos/wnba/500/wsh.png,away,72,True,17,6,25,43.0,26,60,0,18,80.0,12,15,11,8,8,3,0,38.0,8,21,33,0,20,17,20,s:40~l:59~t:20,atlanta-dream,Atlanta,Dream,ATL,Atlanta Dream,Dream,e31837,5091cc,https://a.espncdn.com/i/teamlogos/wnba/500/atl.png,69,9,36,17
401620437,2024,2,2024-09-13,2024-09-13 19:30:00-04:00,17,s:40~l:59~t:17,las-vegas-aces,Las Vegas,ACES,LV,Las Vegas Aces,Aces,a7a8aa,000000,https://a.espncdn.com/i/teamlogos/wnba/500/lv.png,away,78,True,22,4,30,40.0,28,70,0,18,72.0,13,18,13,1,7,0,0,30.0,9,30,31,0,9,9,5,s:40~l:59~t:5,indiana-fever,Indiana,Fever,IND,Indiana Fever,Fever,002d62,e03a3e,https://a.espncdn.com/i/teamlogos/wnba/500/ind.png,74,5,26,8
401620439,2024,2,2024-09-13,2024-09-13 19:30:00-04:00,8,s:40~l:59~t:8,minnesota-lynx,Minnesota,LYNX,MIN,Minnesota Lynx,Lynx,266092,79bc43,https://a.espncdn.com/i/teamlogos/wnba/500/min.png,home,83,True,25,4,32,45.0,33,73,0,14,90.0,9,10,20,7,8,1,0,31.0,8,26,39,0,11,10,19,s:40~l:59~t:19,chicago-sky,Chicago,Sky,CHI,Chicago Sky,Sky,5091cd,ffd520,https://a.espncdn.com/i/teamlogos/wnba/500/chi.png,66,14,24,15
401620438,2024,2,2024-09-13,2024-09-13 19:30:00-04:00,14,s:40~l:59~t:14,seattle-storm,Seattle,STORM,SEA,Seattle Storm,Storm,2c5235,fee11a,https://a.espncdn.com/i/teamlogos/wnba/500/sea.png,away,83,True,23,4,27,46.0,34,74,0,14,100.0,10,10,13,5,11,1,0,24.0,5,21,32,0,17,16,3,s:40~l:59~t:3,dallas-wings,Dallas,Wings,DAL,Dallas Wings,Wings,002b5c,c4d600,https://a.espncdn.com/guid/34946ff8-281e-c57d-bb76-37fb1ebe3ec6/logos/default.png,81,33,48,14
401620438,2024,2,2024-09-13,2024-09-13 19:30:00-04:00,3,s:40~l:59~t:3,dallas-wings,Dallas,WINGS,DAL,Dallas Wings,Wings,002b5c,c4d600,https://a.espncdn.com/guid/34946ff8-281e-c57d-bb76-37fb1ebe3ec6/logos/default.png,home,81,False,20,3,27,38.0,30,78,0,12,89.0,17,19,21,15,9,1,0,22.0,4,18,42,0,19,18,14,s:40~l:59~t:14,seattle-storm,Seattle,Storm,SEA,Seattle Storm,Storm,2c5235,fee11a,https://a.espncdn.com/i/teamlogos/wnba/500/sea.png,83,14,48,27
401620439,2024,2,2024-09-13,2024-09-13 19:30:00-04:00,19,s:40~l:59~t:19,chicago-sky,Chicago,SKY,CHI,Chicago Sky,Sky,5091cd,ffd520,https://a.espncdn.com/i/teamlogos/wnba/500/chi.png,away,66,False,17,6,25,37.0,25,68,0,12,71.0,12,17,9,9,4,0,0,24.0,4,17,34,0,12,12,8,s:40~l:59~t:8,minnesota-lynx,Minnesota,Lynx,MIN,Minnesota Lynx,Lynx,266092,79bc43,https://a.espncdn.com/i/teamlogos/wnba/500/min.png,83,2,30,15
401620437,2024,2,2024-09-13,2024-09-13 19:30:00-04:00,5,s:40~l:59~t:5,indiana-fever,Indiana,FEVER,IND,Indiana Fever,Fever,002d62,e03a3e,https://a.espncdn.com/i/teamlogos/wnba/500/ind.png,home,74,False,17,2,32,45.0,28,62,0,16,55.0,11,20,2,3,5,0,1,30.0,7,23,35,1,15,15,17,s:40~l:59~t:17,las-vegas-aces,Las Vegas,Aces,LV,Las Vegas Aces,Aces,a7a8aa,000000,https://a.espncdn.com/i/teamlogos/wnba/500/lv.png,78,11,34,9
401620444,2024,2,2024-09-15,2024-09-15 18:00:00-04:00,11,s:40~l:59~t:11,phoenix-mercury,Phoenix,MERCURY,PHX,Phoenix Mercury,Mercury,3c286e,fa4b0a,https://a.espncdn.com/i/teamlogos/wnba/500/phx.png,away,93,True,29,2,27,55.0,36,66,0,15,71.0,12,17,6,3,4,0,0,38.0,9,24,30,0,8,8,19,s:40~l:59~t:19,chicago-sky,Chicago,Sky,CHI,Chicago Sky,Sky,5091cd,ffd520,https://a.espncdn.com/i/teamlogos/wnba/500/chi.png,88,6,44,12
401620444,2024,2,2024-09-15,2024-09-15 18:00:00-04:00,19,s:40~l:59~t:19,chicago-sky,Chicago,SKY,CHI,Chicago Sky,Sky,5091cd,ffd520,https://a.espncdn.com/i/teamlogos/wnba/500/chi.png,home,88,False,26,3,26,44.0,32,72,0,16,67.0,10,15,8,11,4,0,0,56.0,14,25,37,0,7,7,11,s:40~l:59~t:11,phoenix-mercury,Phoenix,Mercury,PHX,Phoenix Mercury,Mercury,3c286e,fa4b0a,https://a.espncdn.com/i/teamlogos/wnba/500/phx.png,93,6,30,5
401620445,2024,2,2024-09-15,2024-09-15 18:00:00-04:00,18,s:40~l:59~t:18,connecticut-sun,Connecticut,SUN,CON,Connecticut Sun,Sun,f05023,0a2240,https://a.espncdn.com/guid/7c72e7ee-5064-b766-2b39-95b57e3d9a08/logos/default.png,away,71,False,20,3,27,42.0,27,64,0,11,65.0,11,17,2,7,2,2,0,32.0,6,19,34,0,10,8,17,s:40~l:59~t:17,las-vegas-aces,Las Vegas,Aces,LV,Las Vegas Aces,Aces,a7a8aa,000000,https://a.espncdn.com/i/teamlogos/wnba/500/lv.png,84,4,30,6
401620445,2024,2,2024-09-15,2024-09-15 18:00:00-04:00,17,s:40~l:59~t:17,las-vegas-aces,Las Vegas,ACES,LV,Las Vegas Aces,Aces,a7a8aa,000000,https://a.espncdn.com/i/teamlogos/wnba/500/lv.png,home,84,True,24,4,29,49.0,35,71,0,14,67.0,4,6,21,4,5,1,0,42.0,10,24,33,0,7,6,18,s:40~l:59~t:18,connecticut-sun,Connecticut,Sun,CON,Connecticut Sun,Sun,f05023,0a2240,https://a.espncdn.com/guid/7c72e7ee-5064-b766-2b39-95b57e3d9a08/logos/default.png,71,7,38,6
401620446,2024,2,2024-09-15,2024-09-15 18:00:00-04:00,6,s:40~l:59~t:6,los-angeles-sparks,Los Angeles,SPARKS,LA,Los Angeles Sparks,Sparks,552583,fdb927,https://a.espncdn.com/i/teamlogos/wnba/500/la.png,away,87,False,18,1,23,45.0,33,73,0,16,90.0,18,20,2,13,13,0,2,19.0,3,16,36,2,16,16,14,s:40~l:59~t:14,seattle-storm,Seattle,Storm,SEA,Seattle Storm,Storm,2c5235,fee11a,https://a.espncdn.com/i/teamlogos/wnba/500/sea.png,90,14,58,25
401620446,2024,2,2024-09-15,2024-09-15 18:00:00-04:00,14,s:40~l:59~t:14,seattle-storm,Seattle,STORM,SEA,Seattle Storm,Storm,2c5235,fee11a,https://a.espncdn.com/i/teamlogos/wnba/500/sea.png,home,90,True,19,3,21,46.0,33,71,0,17,86.0,19,22,16,11,13,1,1,23.0,5,22,32,1,16,15,6,s:40~l:59~t:6,los-angeles-sparks,Los Angeles,Sparks,LA,Los Angeles Sparks,Sparks,552583,fdb927,https://a.espncdn.com/i/teamlogos/wnba/500/la.png,87,7,48,25
401620441,2024,2,2024-09-15,2024-09-15 15:00:00-04:00,3,s:40~l:59~t:3,dallas-wings,Dallas,WINGS,DAL,Dallas Wings,Wings,002b5c,c4d600,https://a.espncdn.com/guid/34946ff8-281e-c57d-bb76-37fb1ebe3ec6/logos/default.png,away,109,False,28,3,22,57.0,42,74,1,23,93.0,14,15,12,11,7,0,2,46.0,11,24,33,2,13,13,5,s:40~l:59~t:5,indiana-fever,Indiana,Fever,IND,Indiana Fever,Fever,002d62,e03a3e,https://a.espncdn.com/i/teamlogos/wnba/500/ind.png,110,20,54,20
401620442,2024,2,2024-09-15,2024-09-15 15:00:00-04:00,8,s:40~l:59~t:8,minnesota-lynx,Minnesota,LYNX,MIN,Minnesota Lynx,Lynx,266092,79bc43,https://a.espncdn.com/i/teamlogos/wnba/500/min.png,away,88,True,26,3,27,53.0,35,66,0,18,82.0,9,11,26,9,6,1,0,50.0,9,18,36,0,16,15,9,s:40~l:59~t:9,new-york-liberty,New York,Liberty,NY,New York Liberty,Liberty,86cebc,000000,https://a.espncdn.com/i/teamlogos/wnba/500/ny.png,79,7,26,21
401620442,2024,2,2024-09-15,2024-09-15 15:00:00-04:00,9,s:40~l:59~t:9,new-york-liberty,New York,LIBERTY,NY,New York Liberty,Liberty,86cebc,000000,https://a.espncdn.com/i/teamlogos/wnba/500/ny.png,home,79,False,17,5,21,39.0,27,69,1,15,74.0,17,23,3,14,8,1,0,29.0,8,28,35,0,12,11,8,s:40~l:59~t:8,minnesota-lynx,Minnesota,Lynx,MIN,Minnesota Lynx,Lynx,266092,79bc43,https://a.espncdn.com/i/teamlogos/wnba/500/min.png,88,16,34,17
401620443,2024,2,2024-09-15,2024-09-15 15:00:00-04:00,20,s:40~l:59~t:20,atlanta-dream,Atlanta,DREAM,ATL,Atlanta Dream,Dream,e31837,5091cc,https://a.espncdn.com/i/teamlogos/wnba/500/atl.png,away,76,True,16,1,28,39.0,26,66,0,20,80.0,20,25,12,7,13,3,0,17.0,4,24,35,0,18,15,16,s:40~l:59~t:16,washington-mystics,Washington,Mystics,WSH,Washington Mystics,Mystics,e03a3e,002b5c,https://a.espncdn.com/i/teamlogos/wnba/500/wsh.png,73,6,22,20
401620443,2024,2,2024-09-15,2024-09-15 15:00:00-04:00,16,s:40~l:59~t:16,washington-mystics,Washington,MYSTICS,WSH,Washington Mystics,Mystics,e03a3e,002b5c,https://a.espncdn.com/i/teamlogos/wnba/500/wsh.png,home,73,False,14,3,22,39.0,23,59,0,21,81.0,17,21,3,4,6,2,1,32.0,10,31,26,1,20,18,20,s:40~l:59~t:20,atlanta-dream,Atlanta,Dream,ATL,Atlanta Dream,Dream,e31837,5091cc,https://a.espncdn.com/i/teamlogos/wnba/500/atl.png,76,6,20,22
401620441,2024,2,2024-09-15,2024-09-15 15:00:00-04:00,5,s:40~l:59~t:5,indiana-fever,Indiana,FEVER,IND,Indiana Fever,Fever,002d62,e03a3e,https://a.espncdn.com/i/teamlogos/wnba/500/ind.png,home,110,True,21,4,16,50.0,38,76,0,16,86.0,18,21,9,10,5,1,1,47.0,16,34,26,1,10,9,3,s:40~l:59~t:3,dallas-wings,Dallas,Wings,DAL,Dallas Wings,Wings,002b5c,c4d600,https://a.espncdn.com/guid/34946ff8-281e-c57d-bb76-37fb1ebe3ec6/logos/default.png,109,2,32,18
401620450,2024,2,2024-09-17,2024-09-17 22:30:00-04:00,6,s:40~l:59~t:6,los-angeles-sparks,Los Angeles,SPARKS,LA,Los Angeles Sparks,Sparks,552583,fdb927,https://a.espncdn.com/i/teamlogos/wnba/500/la.png,home,81,False,16,3,26,34.0,28,83,0,18,80.0,16,20,10,23,5,2,2,27.0,9,33,49,2,20,18,11,s:40~l:59~t:11,phoenix-mercury,Phoenix,Mercury,PHX,Phoenix Mercury,Mercury,3c286e,fa4b0a,https://a.espncdn.com/i/teamlogos/wnba/500/phx.png,85,7,34,31
401620449,2024,2,2024-09-17,2024-09-17 19:30:00-04:00,19,s:40~l:59~t:19,chicago-sky,Chicago,SKY,CHI,Chicago Sky,Sky,5091cd,ffd520,https://a.espncdn.com/i/teamlogos/wnba/500/chi.png,away,70,False,13,2,23,41.0,25,61,0,24,88.0,14,16,3,6,1,1,0,33.0,6,18,29,0,14,13,20,s:40~l:59~t:20,atlanta-dream,Atlanta,Dream,ATL,Atlanta Dream,Dream,e31837,5091cc,https://a.espncdn.com/i/teamlogos/wnba/500/atl.png,86,4,34,13
401620451,2024,2,2024-09-17,2024-09-17 22:00:00-04:00,17,s:40~l:59~t:17,las-vegas-aces,Las Vegas,ACES,LV,Las Vegas Aces,Aces,a7a8aa,000000,https://a.espncdn.com/i/teamlogos/wnba/500/lv.png,away,85,True,18,2,28,53.0,32,60,0,11,86.0,12,14,18,3,5,2,0,45.0,9,20,31,0,11,9,14,s:40~l:59~t:14,seattle-storm,Seattle,Storm,SEA,Seattle Storm,Storm,2c5235,fee11a,https://a.espncdn.com/i/teamlogos/wnba/500/sea.png,72,4,38,10
401620451,2024,2,2024-09-17,2024-09-17 22:00:00-04:00,14,s:40~l:59~t:14,seattle-storm,Seattle,STORM,SEA,Seattle Storm,Storm,2c5235,fee11a,https://a.espncdn.com/i/teamlogos/wnba/500/sea.png,home,72,False,21,1,25,48.0,30,63,0,16,91.0,10,11,1,4,7,0,0,22.0,2,9,29,0,11,11,17,s:40~l:59~t:17,las-vegas-aces,Las Vegas,Aces,LV,Las Vegas Aces,Aces,a7a8aa,000000,https://a.espncdn.com/i/teamlogos/wnba/500/lv.png,85,9,42,8
401620449,2024,2,2024-09-17,2024-09-17 19:30:00-04:00,20,s:40~l:59~t:20,atlanta-dream,Atlanta,DREAM,ATL,Atlanta Dream,Dream,e31837,5091cc,https://a.espncdn.com/i/teamlogos/wnba/500/atl.png,home,86,True,19,4,28,48.0,30,62,0,14,70.0,21,30,18,7,9,2,1,33.0,5,15,35,1,9,7,19,s:40~l:59~t:19,chicago-sky,Chicago,Sky,CHI,Chicago Sky,Sky,5091cd,ffd520,https://a.espncdn.com/i/teamlogos/wnba/500/chi.png,70,6,46,11
401620450,2024,2,2024-09-17,2024-09-17 22:30:00-04:00,11,s:40~l:59~t:11,phoenix-mercury,Phoenix,MERCURY,PHX,Phoenix Mercury,Mercury,3c286e,fa4b0a,https://a.espncdn.com/i/teamlogos/wnba/500/phx.png,away,85,True,22,9,18,47.0,30,64,0,19,82.0,18,22,15,7,11,2,2,25.0,7,28,25,2,12,10,6,s:40~l:59~t:6,los-angeles-sparks,Los Angeles,Sparks,LA,Los Angeles Sparks,Sparks,552583,fdb927,https://a.espncdn.com/i/teamlogos/wnba/500/la.png,81,8,34,8
401620447,2024,2,2024-09-17,2024-09-17 19:00:00-04:00,18,s:40~l:59~t:18,connecticut-sun,Connecticut,SUN,CON,Connecticut Sun,Sun,f05023,0a2240,https://a.espncdn.com/guid/7c72e7ee-5064-b766-2b39-95b57e3d9a08/logos/default.png,home,76,False,21,6,23,45.0,30,66,0,13,82.0,9,11,5,8,9,0,0,35.0,7,20,31,0,16,16,8,s:40~l:59~t:8,minnesota-lynx,Minnesota,Lynx,MIN,Minnesota Lynx,Lynx,266092,79bc43,https://a.espncdn.com/i/teamlogos/wnba/500/min.png,78,11,46,16
401620448,2024,2,2024-09-17,2024-09-17 19:00:00-04:00,16,s:40~l:59~t:16,washington-mystics,Washington,MYSTICS,WSH,Washington Mystics,Mystics,e03a3e,002b5c,https://a.espncdn.com/i/teamlogos/wnba/500/wsh.png,home,71,False,16,4,26,38.0,23,61,0,14,84.0,16,19,3,3,4,1,0,35.0,9,26,29,0,17,16,9,s:40~l:59~t:9,new-york-liberty,New York,Liberty,NY,New York Liberty,Liberty,86cebc,000000,https://a.espncdn.com/i/teamlogos/wnba/500/ny.png,87,5,18,25
401620447,2024,2,2024-09-17,2024-09-17 19:00:00-04:00,8,s:40~l:59~t:8,minnesota-lynx,Minnesota,LYNX,MIN,Minnesota Lynx,Lynx,266092,79bc43,https://a.espncdn.com/i/teamlogos/wnba/500/min.png,away,78,True,22,7,25,47.0,30,64,1,12,92.0,12,13,12,6,7,2,0,43.0,6,14,31,0,15,13,18,s:40~l:59~t:18,connecticut-sun,Connecticut,Sun,CON,Connecticut Sun,Sun,f05023,0a2240,https://a.espncdn.com/guid/7c72e7ee-5064-b766-2b39-95b57e3d9a08/logos/default.png,76,5,28,19
401620448,2024,2,2024-09-17,2024-09-17 19:00:00-04:00,9,s:40~l:59~t:9,new-york-liberty,New York,LIBERTY,NY,New York Liberty,Liberty,86cebc,000000,https://a.espncdn.com/i/teamlogos/wnba/500/ny.png,away,87,True,24,5,33,45.0,34,75,0,25,73.0,11,15,22,12,9,1,1,26.0,8,31,45,1,12,11,16,s:40~l:59~t:16,washington-mystics,Washington,Mystics,WSH,Washington Mystics,Mystics,e03a3e,002b5c,https://a.espncdn.com/i/teamlogos/wnba/500/wsh.png,71,6,50,7
401620456,2024,2,2024-09-19,2024-09-19 22:00:00-04:00,3,s:40~l:59~t:3,dallas-wings,Dallas,WINGS,DAL,Dallas Wings,Wings,002b5c,c4d600,https://a.espncdn.com/guid/34946ff8-281e-c57d-bb76-37fb1ebe3ec6/logos/default.png,away,84,False,17,2,26,43.0,30,70,0,12,79.0,15,19,4,7,7,0,0,45.0,9,20,33,0,13,13,17,s:40~l:59~t:17,las-vegas-aces,Las Vegas,Aces,LV,Las Vegas Aces,Aces,a7a8aa,000000,https://a.espncdn.com/i/teamlogos/wnba/500/lv.png,98,17,36,26
401620456,2024,2,2024-09-19,2024-09-19 22:00:00-04:00,17,s:40~l:59~t:17,las-vegas-aces,Las Vegas,ACES,LV,Las Vegas Aces,Aces,a7a8aa,000000,https://a.espncdn.com/i/teamlogos/wnba/500/lv.png,home,98,True,22,7,28,47.0,35,75,0,15,81.0,13,16,22,10,8,2,0,41.0,15,37,38,0,13,11,3,s:40~l:59~t:3,dallas-wings,Dallas,Wings,DAL,Dallas Wings,Wings,002b5c,c4d600,https://a.espncdn.com/guid/34946ff8-281e-c57d-bb76-37fb1ebe3ec6/logos/default.png,84,12,38,17
401620457,2024,2,2024-09-19,2024-09-19 22:00:00-04:00,11,s:40~l:59~t:11,phoenix-mercury,Phoenix,MERCURY,PHX,Phoenix Mercury,Mercury,3c286e,fa4b0a,https://a.espncdn.com/i/teamlogos/wnba/500/phx.png,home,70,False,19,1,27,38.0,24,63,0,12,70.0,16,23,0,6,8,2,0,23.0,6,26,33,0,13,11,14,s:40~l:59~t:14,seattle-storm,Seattle,Storm,SEA,Seattle Storm,Storm,2c5235,fee11a,https://a.espncdn.com/i/teamlogos/wnba/500/sea.png,89,3,28,19
401620455,2024,2,2024-09-19,2024-09-19 20:00:00-04:00,6,s:40~l:59~t:6,los-angeles-sparks,Los Angeles,SPARKS,LA,Los Angeles Sparks,Sparks,552583,fdb927,https://a.espncdn.com/i/teamlogos/wnba/500/la.png,away,68,True,18,4,31,42.0,25,59,0,12,89.0,8,9,19,5,5,2,0,32.0,10,31,36,0,20,18,8,s:40~l:59~t:8,minnesota-lynx,Minnesota,Lynx,MIN,Minnesota Lynx,Lynx,266092,79bc43,https://a.espncdn.com/i/teamlogos/wnba/500/min.png,51,6,30,22
401620455,2024,2,2024-09-19,2024-09-19 20:00:00-04:00,8,s:40~l:59~t:8,minnesota-lynx,Minnesota,LYNX,MIN,Minnesota Lynx,Lynx,266092,79bc43,https://a.espncdn.com/i/teamlogos/wnba/500/min.png,home,51,False,11,2,22,29.0,16,56,0,11,75.0,12,16,3,6,8,1,0,30.0,7,23,28,0,18,17,6,s:40~l:59~t:6,los-angeles-sparks,Los Angeles,Sparks,LA,Los Angeles Sparks,Sparks,552583,fdb927,https://a.espncdn.com/i/teamlogos/wnba/500/la.png,68,9,14,19
401620452,2024,2,2024-09-19,2024-09-19 19:00:00-04:00,19,s:40~l:59~t:19,chicago-sky,Chicago,SKY,CHI,Chicago Sky,Sky,5091cd,ffd520,https://a.espncdn.com/i/teamlogos/wnba/500/chi.png,away,54,False,16,10,18,34.0,21,62,0,19,67.0,6,9,2,6,5,1,0,29.0,6,21,24,0,16,15,18,s:40~l:59~t:18,connecticut-sun,Connecticut,Sun,CON,Connecticut Sun,Sun,f05023,0a2240,https://a.espncdn.com/guid/7c72e7ee-5064-b766-2b39-95b57e3d9a08/logos/default.png,87,0,24,25
401620457,2024,2,2024-09-19,2024-09-19 22:00:00-04:00,14,s:40~l:59~t:14,seattle-storm,Seattle,STORM,SEA,Seattle Storm,Storm,2c5235,fee11a,https://a.espncdn.com/i/teamlogos/wnba/500/sea.png,away,89,True,27,2,30,45.0,35,78,0,18,75.0,6,8,24,11,5,1,0,36.0,13,36,41,0,11,10,11,s:40~l:59~t:11,phoenix-mercury,Phoenix,Mercury,PHX,Phoenix Mercury,Mercury,3c286e,fa4b0a,https://a.espncdn.com/i/teamlogos/wnba/500/phx.png,70,10,34,11
401620453,2024,2,2024-09-19,2024-09-19 19:00:00-04:00,20,s:40~l:59~t:20,atlanta-dream,Atlanta,DREAM,ATL,Atlanta Dream,Dream,e31837,5091cc,https://a.espncdn.com/i/teamlogos/wnba/500/atl.png,away,78,True,22,2,26,50.0,31,62,0,16,69.0,11,16,20,9,8,3,0,38.0,5,13,35,0,17,14,9,s:40~l:59~t:9,new-york-liberty,New York,Liberty,NY,New York Liberty,Liberty,86cebc,000000,https://a.espncdn.com/i/teamlogos/wnba/500/ny.png,67,7,46,17
401620453,2024,2,2024-09-19,2024-09-19 19:00:00-04:00,9,s:40~l:59~t:9,new-york-liberty,New York,LIBERTY,NY,New York Liberty,Liberty,86cebc,000000,https://a.espncdn.com/i/teamlogos/wnba/500/ny.png,home,67,False,17,6,19,40.0,24,60,0,16,65.0,11,17,5,9,8,0,0,47.0,8,17,28,0,17,17,20,s:40~l:59~t:20,atlanta-dream,Atlanta,Dream,ATL,Atlanta Dream,Dream,e31837,5091cc,https://a.espncdn.com/i/teamlogos/wnba/500/atl.png,78,14,24,19
401620454,2024,2,2024-09-19,2024-09-19 19:00:00-04:00,5,s:40~l:59~t:5,indiana-fever,Indiana,FEVER,IND,Indiana Fever,Fever,002d62,e03a3e,https://a.espncdn.com/i/teamlogos/wnba/500/ind.png,away,91,False,28,0,29,53.0,34,64,0,14,87.0,13,15,18,3,9,1,1,50.0,10,20,32,1,17,16,16,s:40~l:59~t:16,washington-mystics,Washington,Mystics,WSH,Washington Mystics,Mystics,e03a3e,002b5c,https://a.espncdn.com/i/teamlogos/wnba/500/wsh.png,92,7,40,13
401620454,2024,2,2024-09-19,2024-09-19 19:00:00-04:00,16,s:40~l:59~t:16,washington-mystics,Washington,MYSTICS,WSH,Washington Mystics,Mystics,e03a3e,002b5c,https://a.espncdn.com/i/teamlogos/wnba/500/wsh.png,home,92,True,23,1,22,46.0,33,71,0,18,93.0,14,15,17,8,9,0,0,35.0,12,34,30,0,14,14,5,s:40~l:59~t:5,indiana-fever,Indiana,Fever,IND,Indiana Fever,Fever,002d62,e03a3e,https://a.espncdn.com/i/teamlogos/wnba/500/ind.png,91,10,38,11
401620452,2024,2,2024-09-19,2024-09-19 19:00:00-04:00,18,s:40~l:59~t:18,connecticut-sun,Connecticut,SUN,CON,Connecticut Sun,Sun,f05023,0a2240,https://a.espncdn.com/guid/7c72e7ee-5064-b766-2b39-95b57e3d9a08/logos/default.png,home,87,True,24,9,28,50.0,35,70,0,11,85.0,11,13,34,9,7,1,4,43.0,6,14,37,4,11,10,19,s:40~l:59~t:19,chicago-sky,Chicago,Sky,CHI,Chicago Sky,Sky,5091cd,ffd520,https://a.espncdn.com/i/teamlogos/wnba/500/chi.png,54,17,42,12
401721256,2024,3,2024-09-22,2024-09-22 22:00:00-04:00,14,s:40~l:59~t:14,seattle-storm,Seattle,STORM,SEA,Seattle Storm,Storm,2c5235,fee11a,https://a.espncdn.com/i/teamlogos/wnba/500/sea.png,away,67,False,15,4,30,37.0,25,68,1,9,100.0,13,13,11,10,5,1,0,25.0,4,16,40,0,14,13,17,s:40~l:59~t:17,las-vegas-aces,Las Vegas,Aces,LV,Las Vegas Aces,Aces,a7a8aa,000000,https://a.espncdn.com/i/teamlogos/wnba/500/lv.png,78,11,30,12
401721256,2024,3,2024-09-22,2024-09-22 22:00:00-04:00,17,s:40~l:59~t:17,las-vegas-aces,Las Vegas,ACES,LV,Las Vegas Aces,Aces,a7a8aa,000000,https://a.espncdn.com/i/teamlogos/wnba/500/lv.png,home,78,True,16,7,27,43.0,30,69,0,11,100.0,11,11,11,6,9,1,1,39.0,7,18,33,1,9,8,14,s:40~l:59~t:14,seattle-storm,Seattle,Storm,SEA,Seattle Storm,Storm,2c5235,fee11a,https://a.espncdn.com/i/teamlogos/wnba/500/sea.png,67,11,40,10
401721261,2024,3,2024-09-22,2024-09-22 17:00:00-04:00,11,s:40~l:59~t:11,phoenix-mercury,Phoenix,MERCURY,PHX,Phoenix Mercury,Mercury,3c286e,fa4b0a,https://a.espncdn.com/i/teamlogos/wnba/500/phx.png,away,95,False,19,5,24,50.0,37,74,0,21,64.0,7,11,4,7,8,0,0,52.0,14,27,31,0,11,11,8,s:40~l:59~t:8,minnesota-lynx,Minnesota,Lynx,MIN,Minnesota Lynx,Lynx,266092,79bc43,https://a.espncdn.com/i/teamlogos/wnba/500/min.png,102,12,32,12
401721261,2024,3,2024-09-22,2024-09-22 17:00:00-04:00,8,s:40~l:59~t:8,minnesota-lynx,Minnesota,LYNX,MIN,Minnesota Lynx,Lynx,266092,79bc43,https://a.espncdn.com/i/teamlogos/wnba/500/min.png,home,102,True,30,4,25,49.0,34,69,0,13,96.0,24,25,23,6,8,0,0,42.0,10,24,31,0,10,10,11,s:40~l:59~t:11,phoenix-mercury,Phoenix,Mercury,PHX,Phoenix Mercury,Mercury,3c286e,fa4b0a,https://a.espncdn.com/i/teamlogos/wnba/500/phx.png,95,13,36,17
401721253,2024,3,2024-09-22,2024-09-22 15:00:00-04:00,5,s:40~l:59~t:5,indiana-fever,Indiana,FEVER,IND,Indiana Fever,Fever,002d62,e03a3e,https://a.espncdn.com/i/teamlogos/wnba/500/ind.png,away,69,False,23,5,23,40.0,27,67,0,15,75.0,9,12,2,6,8,1,2,21.0,6,28,29,2,14,13,18,s:40~l:59~t:18,connecticut-sun,Connecticut,Sun,CON,Connecticut Sun,Sun,f05023,0a2240,https://a.espncdn.com/guid/7c72e7ee-5064-b766-2b39-95b57e3d9a08/logos/default.png,93,9,36,16
401721255,2024,3,2024-09-22,2024-09-22 13:00:00-04:00,20,s:40~l:59~t:20,atlanta-dream,Atlanta,DREAM,ATL,Atlanta Dream,Dream,e31837,5091cc,https://a.espncdn.com/i/teamlogos/wnba/500/atl.png,away,69,False,16,5,26,40.0,27,68,0,14,63.0,12,19,0,10,9,2,0,19.0,3,16,36,0,16,14,9,s:40~l:59~t:9,new-york-liberty,New York,Liberty,NY,New York Liberty,Liberty,86cebc,000000,https://a.espncdn.com/i/teamlogos/wnba/500/ny.png,83,14,38,18
401721255,2024,3,2024-09-22,2024-09-22 13:00:00-04:00,9,s:40~l:59~t:9,new-york-liberty,New York,LIBERTY,NY,New York Liberty,Liberty,86cebc,000000,https://a.espncdn.com/i/teamlogos/wnba/500/ny.png,home,83,True,22,5,31,43.0,29,67,0,18,94.0,17,18,22,6,10,1,0,35.0,8,23,37,0,15,14,20,s:40~l:59~t:20,atlanta-dream,Atlanta,Dream,ATL,Atlanta Dream,Dream,e31837,5091cc,https://a.espncdn.com/i/teamlogos/wnba/500/atl.png,69,11,28,14
401721253,2024,3,2024-09-22,2024-09-22 15:00:00-04:00,18,s:40~l:59~t:18,connecticut-sun,Connecticut,SUN,CON,Connecticut Sun,Sun,f05023,0a2240,https://a.espncdn.com/guid/7c72e7ee-5064-b766-2b39-95b57e3d9a08/logos/default.png,home,93,True,27,6,28,49.0,36,73,0,11,80.0,12,15,26,8,6,1,0,50.0,9,18,36,0,11,10,5,s:40~l:59~t:5,indiana-fever,Indiana,Fever,IND,Indiana Fever,Fever,002d62,e03a3e,https://a.espncdn.com/i/teamlogos/wnba/500/ind.png,69,18,50,8
401721262,2024,3,2024-09-24,2024-09-24 21:30:00-04:00,14,s:40~l:59~t:14,seattle-storm,Seattle,STORM,SEA,Seattle Storm,Storm,2c5235,fee11a,https://a.espncdn.com/i/teamlogos/wnba/500/sea.png,away,76,False,18,3,23,39.0,29,75,0,14,77.0,10,13,1,7,11,1,0,35.0,8,23,30,0,5,4,17,s:40~l:59~t:17,las-vegas-aces,Las Vegas,Aces,LV,Las Vegas Aces,Aces,a7a8aa,000000,https://a.espncdn.com/i/teamlogos/wnba/500/lv.png,83,6,34,4
401721258,2024,3,2024-09-24,2024-09-24 19:30:00-04:00,9,s:40~l:59~t:9,new-york-liberty,New York,LIBERTY,NY,New York Liberty,Liberty,86cebc,000000,https://a.espncdn.com/i/teamlogos/wnba/500/ny.png,home,91,True,24,3,20,49.0,35,71,0,12,93.0,13,14,11,11,6,0,0,33.0,8,24,31,0,9,9,20,s:40~l:59~t:20,atlanta-dream,Atlanta,Dream,ATL,Atlanta Dream,Dream,e31837,5091cc,https://a.espncdn.com/i/teamlogos/wnba/500/atl.png,82,4,46,11
401721258,2024,3,2024-09-24,2024-09-24 19:30:00-04:00,20,s:40~l:59~t:20,atlanta-dream,Atlanta,DREAM,ATL,Atlanta Dream,Dream,e31837,5091cc,https://a.espncdn.com/i/teamlogos/wnba/500/atl.png,away,82,False,22,4,22,54.0,35,65,0,14,56.0,5,9,11,8,3,3,0,37.0,7,19,30,0,14,11,9,s:40~l:59~t:9,new-york-liberty,New York,Liberty,NY,New York Liberty,Liberty,86cebc,000000,https://a.espncdn.com/i/teamlogos/wnba/500/ny.png,91,9,42,18
401721262,2024,3,2024-09-24,2024-09-24 21:30:00-04:00,17,s:40~l:59~t:17,las-vegas-aces,Las Vegas,ACES,LV,Las Vegas Aces,Aces,a7a8aa,000000,https://a.espncdn.com/i/teamlogos/wnba/500/lv.png,home,83,True,23,4,35,47.0,31,66,0,13,88.0,14,16,16,10,3,1,0,32.0,7,22,45,0,16,15,14,s:40~l:59~t:14,seattle-storm,Seattle,Storm,SEA,Seattle Storm,Storm,2c5235,fee11a,https://a.espncdn.com/i/teamlogos/wnba/500/sea.png,76,9,42,15
401721260,2024,3,2024-09-25,2024-09-25 21:30:00-04:00,8,s:40~l:59~t:8,minnesota-lynx,Minnesota,LYNX,MIN,Minnesota Lynx,Lynx,266092,79bc43,https://a.espncdn.com/i/teamlogos/wnba/500/min.png,home,101,True,28,2,20,51.0,34,67,0,14,85.0,23,27,18,5,6,0,3,38.0,10,26,25,3,7,7,11,s:40~l:59~t:11,phoenix-mercury,Phoenix,Mercury,PHX,Phoenix Mercury,Mercury,3c286e,fa4b0a,https://a.espncdn.com/i/teamlogos/wnba/500/phx.png,88,6,38,9
401721260,2024,3,2024-09-25,2024-09-25 21:30:00-04:00,11,s:40~l:59~t:11,phoenix-mercury,Phoenix,MERCURY,PHX,Phoenix Mercury,Mercury,3c286e,fa4b0a,https://a.espncdn.com/i/teamlogos/wnba/500/phx.png,away,88,False,25,3,24,51.0,35,68,1,26,71.0,10,14,8,7,3,1,1,31.0,8,26,31,1,15,14,8,s:40~l:59~t:8,minnesota-lynx,Minnesota,Lynx,MIN,Minnesota Lynx,Lynx,266092,79bc43,https://a.espncdn.com/i/teamlogos/wnba/500/min.png,101,4,46,24
401721254,2024,3,2024-09-25,2024-09-25 19:30:00-04:00,18,s:40~l:59~t:18,connecticut-sun,Connecticut,SUN,CON,Connecticut Sun,Sun,f05023,0a2240,https://a.espncdn.com/guid/7c72e7ee-5064-b766-2b39-95b57e3d9a08/logos/default.png,home,87,True,25,4,20,42.0,30,72,0,11,96.0,22,23,11,9,6,1,0,26.0,5,19,29,0,8,7,5,s:40~l:59~t:5,indiana-fever,Indiana,Fever,IND,Indiana Fever,Fever,002d62,e03a3e,https://a.espncdn.com/i/teamlogos/wnba/500/ind.png,81,9,40,7
401721254,2024,3,2024-09-25,2024-09-25 19:30:00-04:00,5,s:40~l:59~t:5,indiana-fever,Indiana,FEVER,IND,Indiana Fever,Fever,002d62,e03a3e,https://a.espncdn.com/i/teamlogos/wnba/500/ind.png,away,81,False,21,3,30,43.0,33,76,0,20,78.0,7,9,9,13,4,3,0,27.0,8,30,43,0,16,13,18,s:40~l:59~t:18,connecticut-sun,Connecticut,Sun,CON,Connecticut Sun,Sun,f05023,0a2240,https://a.espncdn.com/guid/7c72e7ee-5064-b766-2b39-95b57e3d9a08/logos/default.png,87,19,48,14
401724938,2024,3,2024-09-29,2024-09-29 15:00:00-04:00,9,s:40~l:59~t:9,new-york-liberty,New York,LIBERTY,NY,New York Liberty,Liberty,86cebc,000000,https://a.espncdn.com/i/teamlogos/wnba/500/ny.png,home,87,True,22,4,28,50.0,30,60,0,16,83.0,19,23,18,3,10,1,0,42.0,8,19,31,0,15,14,17,s:40~l:59~t:17,las-vegas-aces,Las Vegas,Aces,LV,Las Vegas Aces,Aces,a7a8aa,000000,https://a.espncdn.com/i/teamlogos/wnba/500/lv.png,77,16,42,15
401724938,2024,3,2024-09-29,2024-09-29 15:00:00-04:00,17,s:40~l:59~t:17,las-vegas-aces,Las Vegas,ACES,LV,Las Vegas Aces,Aces,a7a8aa,000000,https://a.espncdn.com/i/teamlogos/wnba/500/lv.png,away,77,False,19,4,20,43.0,29,67,0,15,80.0,12,15,0,2,4,1,0,28.0,7,25,22,0,11,10,9,s:40~l:59~t:9,new-york-liberty,New York,Liberty,NY,New York Liberty,Liberty,86cebc,000000,https://a.espncdn.com/i/teamlogos/wnba/500/ny.png,87,6,38,11
401725075,2024,3,2024-09-29,2024-09-29 20:30:00-04:00,8,s:40~l:59~t:8,minnesota-lynx,Minnesota,LYNX,MIN,Minnesota Lynx,Lynx,266092,79bc43,https://a.espncdn.com/i/teamlogos/wnba/500/min.png,home,70,False,16,7,25,42.0,27,65,0,10,85.0,11,13,6,7,8,2,0,25.0,5,20,32,0,13,11,18,s:40~l:59~t:18,connecticut-sun,Connecticut,Sun,CON,Connecticut Sun,Sun,f05023,0a2240,https://a.espncdn.com/guid/7c72e7ee-5064-b766-2b39-95b57e3d9a08/logos/default.png,73,5,32,16
401725075,2024,3,2024-09-29,2024-09-29 20:30:00-04:00,18,s:40~l:59~t:18,connecticut-sun,Connecticut,SUN,CON,Connecticut Sun,Sun,f05023,0a2240,https://a.espncdn.com/guid/7c72e7ee-5064-b766-2b39-95b57e3d9a08/logos/default.png,away,73,True,24,2,30,41.0,31,75,0,11,67.0,2,3,9,9,5,4,0,41.0,9,22,39,0,13,9,8,s:40~l:59~t:8,minnesota-lynx,Minnesota,Lynx,MIN,Minnesota Lynx,Lynx,266092,79bc43,https://a.espncdn.com/i/teamlogos/wnba/500/min.png,70,10,34,8
401724939,2024,3,2024-10-01,2024-10-01 19:30:00-04:00,9,s:40~l:59~t:9,new-york-liberty,New York,LIBERTY,NY,New York Liberty,Liberty,86cebc,000000,https://a.espncdn.com/i/teamlogos/wnba/500/ny.png,home,88,True,19,3,27,49.0,33,67,0,19,81.0,13,16,10,8,4,0,0,31.0,9,29,35,0,12,12,17,s:40~l:59~t:17,las-vegas-aces,Las Vegas,Aces,LV,Las Vegas Aces,Aces,a7a8aa,000000,https://a.espncdn.com/i/teamlogos/wnba/500/lv.png,84,12,44,14
401724939,2024,3,2024-10-01,2024-10-01 19:30:00-04:00,17,s:40~l:59~t:17,las-vegas-aces,Las Vegas,ACES,LV,Las Vegas Aces,Aces,a7a8aa,000000,https://a.espncdn.com/i/teamlogos/wnba/500/lv.png,away,84,False,23,2,20,43.0,30,69,0,22,63.0,12,19,8,9,3,1,0,44.0,12,27,29,0,13,12,9,s:40~l:59~t:9,new-york-liberty,New York,Liberty,NY,New York Liberty,Liberty,86cebc,000000,https://a.espncdn.com/i/teamlogos/wnba/500/ny.png,88,10,24,22
401725076,2024,3,2024-10-01,2024-10-01 21:30:00-04:00,8,s:40~l:59~t:8,minnesota-lynx,Minnesota,LYNX,MIN,Minnesota Lynx,Lynx,266092,79bc43,https://a.espncdn.com/i/teamlogos/wnba/500/min.png,home,77,True,17,5,24,45.0,28,62,0,17,93.0,13,14,15,11,5,0,1,42.0,8,19,35,1,15,15,18,s:40~l:59~t:18,connecticut-sun,Connecticut,Sun,CON,Connecticut Sun,Sun,f05023,0a2240,https://a.espncdn.com/guid/7c72e7ee-5064-b766-2b39-95b57e3d9a08/logos/default.png,70,9,30,15
401725076,2024,3,2024-10-01,2024-10-01 21:30:00-04:00,18,s:40~l:59~t:18,connecticut-sun,Connecticut,SUN,CON,Connecticut Sun,Sun,f05023,0a2240,https://a.espncdn.com/guid/7c72e7ee-5064-b766-2b39-95b57e3d9a08/logos/default.png,away,70,False,16,2,21,36.0,24,66,0,11,85.0,17,20,3,11,10,3,0,25.0,5,20,32,0,15,12,8,s:40~l:59~t:8,minnesota-lynx,Minnesota,Lynx,MIN,Minnesota Lynx,Lynx,266092,79bc43,https://a.espncdn.com/i/teamlogos/wnba/500/min.png,77,13,38,10
401725077,2024,3,2024-10-04,2024-10-04 19:30:00-04:00,18,s:40~l:59~t:18,connecticut-sun,Connecticut,SUN,CON,Connecticut Sun,Sun,f05023,0a2240,https://a.espncdn.com/guid/7c72e7ee-5064-b766-2b39-95b57e3d9a08/logos/default.png,home,81,False,21,1,20,41.0,30,73,0,15,78.0,18,23,2,13,3,0,0,15.0,3,20,33,0,11,11,8,s:40~l:59~t:8,minnesota-lynx,Minnesota,Lynx,MIN,Minnesota Lynx,Lynx,266092,79bc43,https://a.espncdn.com/i/teamlogos/wnba/500/min.png,90,3,44,15
401725077,2024,3,2024-10-04,2024-10-04 19:30:00-04:00,8,s:40~l:59~t:8,minnesota-lynx,Minnesota,LYNX,MIN,Minnesota Lynx,Lynx,266092,79bc43,https://a.espncdn.com/i/teamlogos/wnba/500/min.png,away,90,True,22,7,23,57.0,35,61,0,19,79.0,15,19,14,6,5,0,0,33.0,5,15,29,0,10,10,18,s:40~l:59~t:18,connecticut-sun,Connecticut,Sun,CON,Connecticut Sun,Sun,f05023,0a2240,https://a.espncdn.com/guid/7c72e7ee-5064-b766-2b39-95b57e3d9a08/logos/default.png,81,5,48,12
401724940,2024,3,2024-10-04,2024-10-04 21:30:00-04:00,17,s:40~l:59~t:17,las-vegas-aces,Las Vegas,ACES,LV,Las Vegas Aces,Aces,a7a8aa,000000,https://a.espncdn.com/i/teamlogos/wnba/500/lv.png,home,95,True,22,3,29,52.0,37,71,0,13,89.0,8,9,25,5,5,0,1,41.0,13,32,34,1,9,9,9,s:40~l:59~t:9,new-york-liberty,New York,Liberty,NY,New York Liberty,Liberty,86cebc,000000,https://a.espncdn.com/i/teamlogos/wnba/500/ny.png,81,8,42,6
401724940,2024,3,2024-10-04,2024-10-04 21:30:00-04:00,9,s:40~l:59~t:9,new-york-liberty,New York,LIBERTY,NY,New York Liberty,Liberty,86cebc,000000,https://a.espncdn.com/i/teamlogos/wnba/500/ny.png,away,81,False,21,4,27,39.0,26,67,0,10,89.0,17,19,4,8,5,0,1,41.0,12,29,35,1,12,12,17,s:40~l:59~t:17,las-vegas-aces,Las Vegas,Aces,LV,Las Vegas Aces,Aces,a7a8aa,000000,https://a.espncdn.com/i/teamlogos/wnba/500/lv.png,95,13,28,13
401725078,2024,3,2024-10-06,2024-10-06 17:00:00-04:00,8,s:40~l:59~t:8,minnesota-lynx,Minnesota,LYNX,MIN,Minnesota Lynx,Lynx,266092,79bc43,https://a.espncdn.com/i/teamlogos/wnba/500/min.png,away,82,False,22,4,24,47.0,28,60,0,22,89.0,16,18,10,3,5,0,0,38.0,10,26,27,0,13,13,18,s:40~l:59~t:18,connecticut-sun,Connecticut,Sun,CON,Connecticut Sun,Sun,f05023,0a2240,https://a.espncdn.com/guid/7c72e7ee-5064-b766-2b39-95b57e3d9a08/logos/default.png,92,2,30,13
401725078,2024,3,2024-10-06,2024-10-06 17:00:00-04:00,18,s:40~l:59~t:18,connecticut-sun,Connecticut,SUN,CON,Connecticut Sun,Sun,f05023,0a2240,https://a.espncdn.com/guid/7c72e7ee-5064-b766-2b39-95b57e3d9a08/logos/default.png,home,92,True,19,3,25,54.0,36,67,0,17,86.0,12,14,15,4,9,0,0,53.0,8,15,29,0,9,9,8,s:40~l:59~t:8,minnesota-lynx,Minnesota,Lynx,MIN,Minnesota Lynx,Lynx,266092,79bc43,https://a.espncdn.com/i/teamlogos/wnba/500/min.png,82,6,50,12
401724941,2024,3,2024-10-06,2024-10-06 15:00:00-04:00,17,s:40~l:59~t:17,las-vegas-aces,Las Vegas,ACES,LV,Las Vegas Aces,Aces,a7a8aa,000000,https://a.espncdn.com/i/teamlogos/wnba/500/lv.png,home,62,False,16,7,23,33.0,21,64,0,15,72.0,13,18,3,4,7,1,0,23.0,7,30,27,0,8,7,9,s:40~l:59~t:9,new-york-liberty,New York,Liberty,NY,New York Liberty,Liberty,86cebc,000000,https://a.espncdn.com/i/teamlogos/wnba/500/ny.png,76,7,28,8
401724941,2024,3,2024-10-06,2024-10-06 15:00:00-04:00,9,s:40~l:59~t:9,new-york-liberty,New York,LIBERTY,NY,New York Liberty,Liberty,86cebc,000000,https://a.espncdn.com/i/teamlogos/wnba/500/ny.png,away,76,True,14,5,35,39.0,28,71,0,20,91.0,10,11,18,13,5,2,0,42.0,10,24,48,0,14,12,17,s:40~l:59~t:17,las-vegas-aces,Las Vegas,Aces,LV,Las Vegas Aces,Aces,a7a8aa,000000,https://a.espncdn.com/i/teamlogos/wnba/500/lv.png,62,4,30,14
401725079,2024,3,2024-10-08,2024-10-08 20:00:00-04:00,18,s:40~l:59~t:18,connecticut-sun,Connecticut,SUN,CON,Connecticut Sun,Sun,f05023,0a2240,https://a.espncdn.com/guid/7c72e7ee-5064-b766-2b39-95b57e3d9a08/logos/default.png,away,77,False,11,6,22,38.0,25,65,0,17,86.0,19,22,5,13,6,1,1,35.0,8,23,35,1,19,18,8,s:40~l:59~t:8,minnesota-lynx,Minnesota,Lynx,MIN,Minnesota Lynx,Lynx,266092,79bc43,https://a.espncdn.com/i/teamlogos/wnba/500/min.png,88,8,26,22
401725079,2024,3,2024-10-08,2024-10-08 20:00:00-04:00,8,s:40~l:59~t:8,minnesota-lynx,Minnesota,LYNX,MIN,Minnesota Lynx,Lynx,266092,79bc43,https://a.espncdn.com/i/teamlogos/wnba/500/min.png,home,88,True,23,9,21,49.0,34,69,0,14,67.0,10,15,24,8,7,1,1,38.0,10,26,29,1,13,12,18,s:40~l:59~t:18,connecticut-sun,Connecticut,Sun,CON,Connecticut Sun,Sun,f05023,0a2240,https://a.espncdn.com/guid/7c72e7ee-5064-b766-2b39-95b57e3d9a08/logos/default.png,77,8,40,8
401726988,2024,3,2024-10-10,2024-10-10 20:00:00-04:00,8,s:40~l:59~t:8,minnesota-lynx,Minnesota,LYNX,MIN,Minnesota Lynx,Lynx,266092,79bc43,https://a.espncdn.com/i/teamlogos/wnba/500/min.png,away,95,True,20,9,27,51.0,36,71,0,16,93.0,14,15,4,5,8,2,0,41.0,9,22,32,0,12,10,9,s:40~l:59~t:9,new-york-liberty,New York,Liberty,NY,New York Liberty,Liberty,86cebc,000000,https://a.espncdn.com/i/teamlogos/wnba/500/ny.png,93,17,42,15
401726988,2024,3,2024-10-10,2024-10-10 20:00:00-04:00,9,s:40~l:59~t:9,new-york-liberty,New York,LIBERTY,NY,New York Liberty,Liberty,86cebc,000000,https://a.espncdn.com/i/teamlogos/wnba/500/ny.png,home,93,False,21,4,24,38.0,34,90,0,14,86.0,12,14,18,20,5,4,0,39.0,13,33,44,0,15,11,8,s:40~l:59~t:8,minnesota-lynx,Minnesota,Lynx,MIN,Minnesota Lynx,Lynx,266092,79bc43,https://a.espncdn.com/i/teamlogos/wnba/500/min.png,95,19,36,17
401726989,2024,3,2024-10-13,2024-10-13 15:00:00-04:00,8,s:40~l:59~t:8,minnesota-lynx,Minnesota,LYNX,MIN,Minnesota Lynx,Lynx,266092,79bc43,https://a.espncdn.com/i/teamlogos/wnba/500/min.png,away,66,False,20,0,22,45.0,27,60,0,15,86.0,6,7,0,4,8,0,0,30.0,6,20,26,0,19,19,9,s:40~l:59~t:9,new-york-liberty,New York,Liberty,NY,New York Liberty,Liberty,86cebc,000000,https://a.espncdn.com/i/teamlogos/wnba/500/ny.png,80,13,34,26
401726989,2024,3,2024-10-13,2024-10-13 15:00:00-04:00,9,s:40~l:59~t:9,new-york-liberty,New York,LIBERTY,NY,New York Liberty,Liberty,86cebc,000000,https://a.espncdn.com/i/teamlogos/wnba/500/ny.png,home,80,True,17,2,25,48.0,29,61,1,15,79.0,11,14,17,10,12,2,0,46.0,11,24,35,0,18,16,8,s:40~l:59~t:8,minnesota-lynx,Minnesota,Lynx,MIN,Minnesota Lynx,Lynx,266092,79bc43,https://a.espncdn.com/i/teamlogos/wnba/500/min.png,66,19,28,17
401726990,2024,3,2024-10-16,2024-10-16 20:00:00-04:00,8,s:40~l:59~t:8,minnesota-lynx,Minnesota,LYNX,MIN,Minnesota Lynx,Lynx,266092,79bc43,https://a.espncdn.com/i/teamlogos/wnba/500/min.png,home,77,False,20,1,25,39.0,29,75,0,18,83.0,10,12,15,7,12,2,0,43.0,9,21,32,0,12,10,9,s:40~l:59~t:9,new-york-liberty,New York,Liberty,NY,New York Liberty,Liberty,86cebc,000000,https://a.espncdn.com/i/teamlogos/wnba/500/ny.png,80,11,28,8
401726990,2024,3,2024-10-16,2024-10-16 20:00:00-04:00,9,s:40~l:59~t:9,new-york-liberty,New York,LIBERTY,NY,New York Liberty,Liberty,86cebc,000000,https://a.espncdn.com/i/teamlogos/wnba/500/ny.png,away,80,True,18,9,27,46.0,28,61,0,13,100.0,14,14,4,6,8,2,0,40.0,10,25,33,0,18,16,8,s:40~l:59~t:8,minnesota-lynx,Minnesota,Lynx,MIN,Minnesota Lynx,Lynx,266092,79bc43,https://a.espncdn.com/i/teamlogos/wnba/500/min.png,77,5,28,18
401726991,2024,3,2024-10-18,2024-10-18 20:00:00-04:00,8,s:40~l:59~t:8,minnesota-lynx,Minnesota,LYNX,MIN,Minnesota Lynx,Lynx,266092,79bc43,https://a.espncdn.com/i/teamlogos/wnba/500/min.png,home,82,True,20,1,26,45.0,29,65,0,9,75.0,15,20,5,5,10,1,0,39.0,9,23,31,0,13,12,9,s:40~l:59~t:9,new-york-liberty,New York,Liberty,NY,New York Liberty,Liberty,86cebc,000000,https://a.espncdn.com/i/teamlogos/wnba/500/ny.png,80,11,26,10
401726991,2024,3,2024-10-18,2024-10-18 20:00:00-04:00,9,s:40~l:59~t:9,new-york-liberty,New York,LIBERTY,NY,New York Liberty,Liberty,86cebc,000000,https://a.espncdn.com/i/teamlogos/wnba/500/ny.png,away,80,False,18,3,31,44.0,31,71,0,14,100.0,9,9,6,9,7,1,0,39.0,9,23,40,0,16,15,8,s:40~l:59~t:8,minnesota-lynx,Minnesota,Lynx,MIN,Minnesota Lynx,Lynx,266092,79bc43,https://a.espncdn.com/i/teamlogos/wnba/500/min.png,82,12,38,19
401726992,2024,3,2024-10-20,2024-10-20 20:00:00-04:00,9,s:40~l:59~t:9,new-york-liberty,New York,LIBERTY,NY,New York Liberty,Liberty,86cebc,000000,https://a.espncdn.com/i/teamlogos/wnba/500/ny.png,home,67,True,15,6,35,31.0,22,72,0,17,84.0,21,25,5,9,9,0,0,9.0,2,23,44,0,12,12,8,s:40~l:59~t:8,minnesota-lynx,Minnesota,Lynx,MIN,Minnesota Lynx,Lynx,266092,79bc43,https://a.espncdn.com/i/teamlogos/wnba/500/min.png,62,4,38,2
401726992,2024,3,2024-10-20,2024-10-20 20:00:00-04:00,8,s:40~l:59~t:8,minnesota-lynx,Minnesota,LYNX,MIN,Minnesota Lynx,Lynx,266092,79bc43,https://a.espncdn.com/i/teamlogos/wnba/500/min.png,away,62,False,16,4,29,37.0,26,70,0,21,88.0,7,8,12,4,6,1,0,16.0,3,19,33,0,17,16,9,s:40~l:59~t:9,new-york-liberty,New York,Liberty,NY,New York Liberty,Liberty,86cebc,000000,https://a.espncdn.com/i/teamlogos/wnba/500/ny.png,67,2,44,10
